-- MySQL dump 10.13  Distrib 5.7.22, for Linux (x86_64)
--
-- Host: localhost    Database: dmmcplanning
-- ------------------------------------------------------
-- Server version	5.7.22-0ubuntu0.16.04.1

/*!40101 SET @OLD_CHARACTER_SET_CLIENT=@@CHARACTER_SET_CLIENT */;
/*!40101 SET @OLD_CHARACTER_SET_RESULTS=@@CHARACTER_SET_RESULTS */;
/*!40101 SET @OLD_COLLATION_CONNECTION=@@COLLATION_CONNECTION */;
/*!40101 SET NAMES utf8 */;
/*!40103 SET @OLD_TIME_ZONE=@@TIME_ZONE */;
/*!40103 SET TIME_ZONE='+00:00' */;
/*!40014 SET @OLD_UNIQUE_CHECKS=@@UNIQUE_CHECKS, UNIQUE_CHECKS=0 */;
/*!40014 SET @OLD_FOREIGN_KEY_CHECKS=@@FOREIGN_KEY_CHECKS, FOREIGN_KEY_CHECKS=0 */;
/*!40101 SET @OLD_SQL_MODE=@@SQL_MODE, SQL_MODE='NO_AUTO_VALUE_ON_ZERO' */;
/*!40111 SET @OLD_SQL_NOTES=@@SQL_NOTES, SQL_NOTES=0 */;

--
-- Table structure for table `com_vtiger_workflow_activatedonce`
--

DROP TABLE IF EXISTS `com_vtiger_workflow_activatedonce`;
/*!40101 SET @saved_cs_client     = @@character_set_client */;
/*!40101 SET character_set_client = utf8 */;
CREATE TABLE `com_vtiger_workflow_activatedonce` (
  `workflow_id` int(11) NOT NULL,
  `entity_id` int(11) NOT NULL,
  PRIMARY KEY (`workflow_id`,`entity_id`)
) ENGINE=InnoDB DEFAULT CHARSET=latin1;
/*!40101 SET character_set_client = @saved_cs_client */;

--
-- Dumping data for table `com_vtiger_workflow_activatedonce`
--

LOCK TABLES `com_vtiger_workflow_activatedonce` WRITE;
/*!40000 ALTER TABLE `com_vtiger_workflow_activatedonce` DISABLE KEYS */;
/*!40000 ALTER TABLE `com_vtiger_workflow_activatedonce` ENABLE KEYS */;
UNLOCK TABLES;

--
-- Table structure for table `com_vtiger_workflow_tasktypes`
--

DROP TABLE IF EXISTS `com_vtiger_workflow_tasktypes`;
/*!40101 SET @saved_cs_client     = @@character_set_client */;
/*!40101 SET character_set_client = utf8 */;
CREATE TABLE `com_vtiger_workflow_tasktypes` (
  `id` int(11) NOT NULL,
  `tasktypename` varchar(255) NOT NULL,
  `label` varchar(255) DEFAULT NULL,
  `classname` varchar(255) DEFAULT NULL,
  `classpath` varchar(255) DEFAULT NULL,
  `templatepath` varchar(255) DEFAULT NULL,
  `modules` varchar(500) DEFAULT NULL,
  `sourcemodule` varchar(255) DEFAULT NULL
) ENGINE=InnoDB DEFAULT CHARSET=latin1;
/*!40101 SET character_set_client = @saved_cs_client */;

--
-- Dumping data for table `com_vtiger_workflow_tasktypes`
--

LOCK TABLES `com_vtiger_workflow_tasktypes` WRITE;
/*!40000 ALTER TABLE `com_vtiger_workflow_tasktypes` DISABLE KEYS */;
INSERT INTO `com_vtiger_workflow_tasktypes` VALUES (1,'VTEmailTask','Send Mail','VTEmailTask','modules/com_vtiger_workflow/tasks/VTEmailTask.inc','com_vtiger_workflow/taskforms/VTEmailTask.tpl','{\"include\":[],\"exclude\":[]}',''),(2,'VTEntityMethodTask','Invoke Custom Function','VTEntityMethodTask','modules/com_vtiger_workflow/tasks/VTEntityMethodTask.inc','com_vtiger_workflow/taskforms/VTEntityMethodTask.tpl','{\"include\":[],\"exclude\":[]}',''),(3,'VTCreateTodoTask','Create Todo','VTCreateTodoTask','modules/com_vtiger_workflow/tasks/VTCreateTodoTask.inc','com_vtiger_workflow/taskforms/VTCreateTodoTask.tpl','{\"include\":[\"Leads\",\"Accounts\",\"Potentials\",\"Contacts\",\"HelpDesk\",\"Campaigns\",\"Quotes\",\"PurchaseOrder\",\"SalesOrder\",\"Invoice\"],\"exclude\":[\"Calendar\",\"FAQ\",\"Events\"]}',''),(4,'VTCreateEventTask','Create Event','VTCreateEventTask','modules/com_vtiger_workflow/tasks/VTCreateEventTask.inc','com_vtiger_workflow/taskforms/VTCreateEventTask.tpl','{\"include\":[\"Leads\",\"Accounts\",\"Potentials\",\"Contacts\",\"HelpDesk\",\"Campaigns\"],\"exclude\":[\"Calendar\",\"FAQ\",\"Events\"]}',''),(5,'VTUpdateFieldsTask','Update Fields','VTUpdateFieldsTask','modules/com_vtiger_workflow/tasks/VTUpdateFieldsTask.inc','com_vtiger_workflow/taskforms/VTUpdateFieldsTask.tpl','{\"include\":[],\"exclude\":[]}',''),(6,'VTCreateEntityTask','Create Entity','VTCreateEntityTask','modules/com_vtiger_workflow/tasks/VTCreateEntityTask.inc','com_vtiger_workflow/taskforms/VTCreateEntityTask.tpl','{\"include\":[],\"exclude\":[]}',''),(7,'VTSMSTask','SMS Task','VTSMSTask','modules/com_vtiger_workflow/tasks/VTSMSTask.inc','com_vtiger_workflow/taskforms/VTSMSTask.tpl','{\"include\":[],\"exclude\":[]}','SMSNotifier');
/*!40000 ALTER TABLE `com_vtiger_workflow_tasktypes` ENABLE KEYS */;
UNLOCK TABLES;

--
-- Table structure for table `com_vtiger_workflow_tasktypes_seq`
--

DROP TABLE IF EXISTS `com_vtiger_workflow_tasktypes_seq`;
/*!40101 SET @saved_cs_client     = @@character_set_client */;
/*!40101 SET character_set_client = utf8 */;
CREATE TABLE `com_vtiger_workflow_tasktypes_seq` (
  `id` int(11) NOT NULL
) ENGINE=InnoDB DEFAULT CHARSET=latin1;
/*!40101 SET character_set_client = @saved_cs_client */;

--
-- Dumping data for table `com_vtiger_workflow_tasktypes_seq`
--

LOCK TABLES `com_vtiger_workflow_tasktypes_seq` WRITE;
/*!40000 ALTER TABLE `com_vtiger_workflow_tasktypes_seq` DISABLE KEYS */;
INSERT INTO `com_vtiger_workflow_tasktypes_seq` VALUES (7);
/*!40000 ALTER TABLE `com_vtiger_workflow_tasktypes_seq` ENABLE KEYS */;
UNLOCK TABLES;

--
-- Table structure for table `com_vtiger_workflows`
--

DROP TABLE IF EXISTS `com_vtiger_workflows`;
/*!40101 SET @saved_cs_client     = @@character_set_client */;
/*!40101 SET character_set_client = utf8 */;
CREATE TABLE `com_vtiger_workflows` (
  `workflow_id` int(11) NOT NULL AUTO_INCREMENT,
  `module_name` varchar(100) DEFAULT NULL,
  `summary` varchar(400) NOT NULL,
  `test` text,
  `execution_condition` int(11) NOT NULL,
  `defaultworkflow` int(1) DEFAULT NULL,
  `type` varchar(255) DEFAULT NULL,
  `filtersavedinnew` int(1) DEFAULT NULL,
  `schtypeid` int(10) DEFAULT NULL,
  `schdayofmonth` varchar(100) DEFAULT NULL,
  `schdayofweek` varchar(100) DEFAULT NULL,
  `schannualdates` varchar(100) DEFAULT NULL,
  `schtime` varchar(50) DEFAULT NULL,
  `nexttrigger_time` datetime DEFAULT NULL,
  PRIMARY KEY (`workflow_id`),
  UNIQUE KEY `com_vtiger_workflows_idx` (`workflow_id`)
) ENGINE=InnoDB AUTO_INCREMENT=34 DEFAULT CHARSET=latin1;
/*!40101 SET character_set_client = @saved_cs_client */;

--
-- Dumping data for table `com_vtiger_workflows`
--

LOCK TABLES `com_vtiger_workflows` WRITE;
/*!40000 ALTER TABLE `com_vtiger_workflows` DISABLE KEYS */;
INSERT INTO `com_vtiger_workflows` VALUES (1,'Invoice','UpdateInventoryProducts On Every Save','[{\"fieldname\":\"subject\",\"operation\":\"does not contain\",\"value\":\"`!`\"}]',3,1,'basic',5,NULL,NULL,NULL,NULL,NULL,NULL),(2,'Accounts','Send Email to user when Notifyowner is True','[{\"fieldname\":\"notify_owner\",\"operation\":\"is\",\"value\":\"true:boolean\"}]',2,1,'basic',5,NULL,NULL,NULL,NULL,NULL,NULL),(3,'Contacts','Send Email to user when Notifyowner is True','[{\"fieldname\":\"notify_owner\",\"operation\":\"is\",\"value\":\"true:boolean\"}]',2,1,'basic',5,NULL,NULL,NULL,NULL,NULL,NULL),(4,'Contacts','Send Email to user when Portal User is True','[{\"fieldname\":\"portal\",\"operation\":\"is\",\"value\":\"true:boolean\"}]',2,1,'basic',5,NULL,NULL,NULL,NULL,NULL,NULL),(5,'Potentials','Send Email to users on Potential creation',NULL,1,1,'basic',5,NULL,NULL,NULL,NULL,NULL,NULL),(6,'Contacts','Workflow for Contact Creation or Modification','',3,1,'basic',5,NULL,NULL,NULL,NULL,NULL,NULL),(7,'HelpDesk','Ticket Creation From Portal : Send Email to Record Owner and Contact','[{\"fieldname\":\"from_portal\",\"operation\":\"is\",\"value\":1,\"valuetype\":\"rawtext\",\"joincondition\":\"and\",\"groupjoin\":\"and\",\"groupid\":0},{\"fieldname\":\"from_portal\",\"operation\":\"is\",\"value\":\"1\",\"valuetype\":\"rawtext\",\"joincondition\":\"\",\"groupjoin\":\"and\",\"groupid\":\"0\"}]',1,1,'basic',6,NULL,NULL,NULL,NULL,NULL,NULL),(9,'HelpDesk','Send Email to Contact on Ticket Update','[{\"fieldname\":\"(contact_id : (Contacts) emailoptout)\",\"operation\":\"is\",\"value\":\"0\",\"valuetype\":\"rawtext\",\"joincondition\":\"and\",\"groupjoin\":\"and\",\"groupid\":\"0\"},{\"fieldname\":\"from_portal\",\"operation\":\"is\",\"value\":0,\"valuetype\":\"rawtext\",\"joincondition\":\"and\",\"groupjoin\":\"and\",\"groupid\":0},{\"fieldname\":\"ticketstatus\",\"operation\":\"has changed to\",\"value\":\"Closed\",\"valuetype\":\"rawtext\",\"joincondition\":\"or\",\"groupjoin\":\"and\",\"groupid\":\"1\"},{\"fieldname\":\"solution\",\"operation\":\"has changed\",\"value\":\"\",\"valuetype\":\"\",\"joincondition\":\"or\",\"groupjoin\":\"and\",\"groupid\":\"1\"},{\"fieldname\":\"description\",\"operation\":\"has changed\",\"value\":\"\",\"valuetype\":\"\",\"joincondition\":\"or\",\"groupjoin\":\"and\",\"groupid\":\"1\"}]',3,1,'basic',6,NULL,NULL,NULL,NULL,NULL,NULL),(10,'Events','Workflow for Events when Send Notification is True','[{\"fieldname\":\"sendnotification\",\"operation\":\"is\",\"value\":\"true:boolean\"}]',3,1,'basic',5,NULL,NULL,NULL,NULL,NULL,NULL),(11,'Calendar','Workflow for Calendar Todos when Send Notification is True','[{\"fieldname\":\"sendnotification\",\"operation\":\"is\",\"value\":\"true:boolean\"}]',3,1,'basic',5,NULL,NULL,NULL,NULL,NULL,NULL),(12,'Potentials','Calculate or Update forecast amount','',3,1,'basic',5,NULL,NULL,NULL,NULL,NULL,NULL),(13,'Events','Workflow for Events when Send Notification is True','[{\"fieldname\":\"sendnotification\",\"operation\":\"is\",\"value\":\"true:boolean\"}]',3,1,'basic',5,NULL,NULL,NULL,NULL,NULL,NULL),(14,'Calendar','Workflow for Calendar Todos when Send Notification is True','[{\"fieldname\":\"sendnotification\",\"operation\":\"is\",\"value\":\"true:boolean\"}]',3,1,'basic',5,NULL,NULL,NULL,NULL,NULL,NULL),(15,'HelpDesk','Comment Added From CRM : Send Email to Organization','[{\"fieldname\":\"_VT_add_comment\",\"operation\":\"is added\",\"value\":\"\",\"valuetype\":\"rawtext\",\"joincondition\":\"\",\"groupjoin\":\"and\",\"groupid\":\"0\"},{\"fieldname\":\"from_portal\",\"operation\":\"is\",\"value\":\"0\",\"valuetype\":\"rawtext\",\"joincondition\":\"\",\"groupjoin\":\"and\",\"groupid\":\"0\"},{\"fieldname\":\"(parent_id : (Accounts) emailoptout)\",\"operation\":\"is\",\"value\":\"0\",\"valuetype\":\"rawtext\",\"joincondition\":\"and\",\"groupjoin\":\"and\",\"groupid\":\"0\"}]',3,1,'basic',6,NULL,NULL,NULL,NULL,NULL,NULL),(16,'PurchaseOrder','Update Inventory Products On Every Save',NULL,3,1,'basic',5,NULL,NULL,NULL,NULL,NULL,NULL),(17,'HelpDesk','Comment Added From Portal : Send Email to Record Owner','[{\"fieldname\":\"_VT_add_comment\",\"operation\":\"is added\",\"value\":\"\",\"valuetype\":\"rawtext\",\"joincondition\":\"\",\"groupjoin\":\"and\",\"groupid\":\"0\"},{\"fieldname\":\"from_portal\",\"operation\":\"is\",\"value\":\"1\",\"valuetype\":\"rawtext\",\"joincondition\":\"\",\"groupjoin\":\"and\",\"groupid\":\"0\"}]',3,1,'basic',6,NULL,NULL,NULL,NULL,NULL,NULL),(18,'HelpDesk','Comment Added From CRM : Send Email to Contact, where Contact is not a Portal User','[{\"fieldname\":\"(contact_id : (Contacts) portal)\",\"operation\":\"is\",\"value\":\"0\",\"valuetype\":\"rawtext\",\"joincondition\":\"and\",\"groupjoin\":\"and\",\"groupid\":\"0\"},{\"fieldname\":\"_VT_add_comment\",\"operation\":\"is added\",\"value\":\"\",\"valuetype\":\"rawtext\",\"joincondition\":\"\",\"groupjoin\":\"and\",\"groupid\":\"0\"},{\"fieldname\":\"from_portal\",\"operation\":\"is\",\"value\":\"0\",\"valuetype\":\"rawtext\",\"joincondition\":\"\",\"groupjoin\":\"and\",\"groupid\":\"0\"},{\"fieldname\":\"(contact_id : (Contacts) emailoptout)\",\"operation\":\"is\",\"value\":\"0\",\"valuetype\":\"rawtext\",\"joincondition\":\"and\",\"groupjoin\":\"and\",\"groupid\":\"0\"}]',3,1,'basic',6,NULL,NULL,NULL,NULL,NULL,NULL),(19,'HelpDesk','Comment Added From CRM : Send Email to Contact, where Contact is Portal User','[{\"fieldname\":\"(contact_id : (Contacts) portal)\",\"operation\":\"is\",\"value\":\"1\",\"valuetype\":\"rawtext\",\"joincondition\":\"and\",\"groupjoin\":\"and\",\"groupid\":\"0\"},{\"fieldname\":\"_VT_add_comment\",\"operation\":\"is added\",\"value\":\"\",\"valuetype\":\"rawtext\",\"joincondition\":\"\",\"groupjoin\":\"and\",\"groupid\":\"0\"},{\"fieldname\":\"from_portal\",\"operation\":\"is\",\"value\":\"0\",\"valuetype\":\"rawtext\",\"joincondition\":\"\",\"groupjoin\":\"and\",\"groupid\":\"0\"},{\"fieldname\":\"(contact_id : (Contacts) emailoptout)\",\"operation\":\"is\",\"value\":\"0\",\"valuetype\":\"rawtext\",\"joincondition\":\"and\",\"groupjoin\":\"and\",\"groupid\":\"0\"}]',3,1,'basic',6,NULL,NULL,NULL,NULL,NULL,NULL),(20,'HelpDesk','Send Email to Record Owner on Ticket Update','[{\"fieldname\":\"from_portal\",\"operation\":\"is\",\"value\":0,\"valuetype\":\"rawtext\",\"joincondition\":\"and\",\"groupjoin\":\"and\",\"groupid\":0},{\"fieldname\":\"ticketstatus\",\"operation\":\"has changed to\",\"value\":\"Closed\",\"valuetype\":\"rawtext\",\"joincondition\":\"or\",\"groupjoin\":\"and\",\"groupid\":\"1\"},{\"fieldname\":\"solution\",\"operation\":\"has changed\",\"value\":\"\",\"valuetype\":\"\",\"joincondition\":\"or\",\"groupjoin\":\"and\",\"groupid\":\"1\"},{\"fieldname\":\"assigned_user_id\",\"operation\":\"has changed\",\"value\":\"\",\"valuetype\":\"\",\"joincondition\":\"or\",\"groupjoin\":\"and\",\"groupid\":\"1\"},{\"fieldname\":\"description\",\"operation\":\"has changed\",\"value\":\"\",\"valuetype\":\"\",\"joincondition\":\"or\",\"groupjoin\":\"and\",\"groupid\":\"1\"}]',3,1,'basic',6,NULL,NULL,NULL,NULL,NULL,NULL),(21,'HelpDesk','Ticket Creation From CRM : Send Email to Record Owner','[{\"fieldname\":\"from_portal\",\"operation\":\"is\",\"value\":\"0\",\"valuetype\":\"rawtext\",\"joincondition\":\"\",\"groupjoin\":\"and\",\"groupid\":\"0\"}]',1,1,'basic',6,NULL,NULL,NULL,NULL,NULL,NULL),(22,'HelpDesk','Send Email to Organization on Ticket Update','[{\"fieldname\":\"(parent_id : (Accounts) emailoptout)\",\"operation\":\"is\",\"value\":\"0\",\"valuetype\":\"rawtext\",\"joincondition\":\"and\",\"groupjoin\":\"and\",\"groupid\":\"0\"},{\"fieldname\":\"from_portal\",\"operation\":\"is\",\"value\":0,\"valuetype\":\"rawtext\",\"joincondition\":\"and\",\"groupjoin\":\"and\",\"groupid\":0},{\"fieldname\":\"ticketstatus\",\"operation\":\"has changed to\",\"value\":\"Closed\",\"valuetype\":\"rawtext\",\"joincondition\":\"or\",\"groupjoin\":\"and\",\"groupid\":\"1\"},{\"fieldname\":\"solution\",\"operation\":\"has changed\",\"value\":\"\",\"valuetype\":\"\",\"joincondition\":\"or\",\"groupjoin\":\"and\",\"groupid\":\"1\"},{\"fieldname\":\"description\",\"operation\":\"has changed\",\"value\":\"\",\"valuetype\":\"\",\"joincondition\":\"or\",\"groupjoin\":\"and\",\"groupid\":\"1\"}]',3,1,'basic',6,NULL,NULL,NULL,NULL,NULL,NULL),(23,'HelpDesk','Ticket Creation From CRM : Send Email to Organization','[{\"fieldname\":\"(parent_id : (Accounts) emailoptout)\",\"operation\":\"is\",\"value\":\"0\",\"valuetype\":\"rawtext\",\"joincondition\":\"and\",\"groupjoin\":\"and\",\"groupid\":\"0\"},{\"fieldname\":\"from_portal\",\"operation\":\"is\",\"value\":\"0\",\"valuetype\":\"rawtext\",\"joincondition\":\"\",\"groupjoin\":\"and\",\"groupid\":\"0\"}]',1,1,'basic',6,NULL,NULL,NULL,NULL,NULL,NULL),(24,'HelpDesk','Ticket Creation From CRM : Send Email to Contact','[{\"fieldname\":\"(contact_id : (Contacts) emailoptout)\",\"operation\":\"is\",\"value\":\"0\",\"valuetype\":\"rawtext\",\"joincondition\":\"and\",\"groupjoin\":\"and\",\"groupid\":\"0\"},{\"fieldname\":\"from_portal\",\"operation\":\"is\",\"value\":\"0\",\"valuetype\":\"rawtext\",\"joincondition\":\"\",\"groupjoin\":\"and\",\"groupid\":\"0\"}]',1,1,'basic',6,NULL,NULL,NULL,NULL,NULL,NULL),(26,'Resubmission','Update Parent Status','[]',1,NULL,'basic',6,0,'0','0','0','0','0000-00-00 00:00:00'),(27,'StreetLine','Update Parent Status','[]',1,NULL,'basic',6,0,'0','0','0','0','0000-00-00 00:00:00'),(28,'Blockplan','Update Parent Status','[]',1,NULL,'basic',6,0,'0','0','0','0','0000-00-00 00:00:00'),(29,'BuildingPlan','Update Parent Status','[]',1,NULL,'basic',6,0,'0','0','0','0','0000-00-00 00:00:00'),(30,'Assesments','Set file Number','[]',1,NULL,'basic',6,0,'0','0','0','0','0000-00-00 00:00:00'),(31,'NameChanges','Set file Number','[]',1,NULL,'basic',6,0,'0','0','0','0','0000-00-00 00:00:00'),(32,'NatureOfChanges','Set file Number','[]',1,NULL,'basic',6,0,'0','0','0','0','0000-00-00 00:00:00'),(33,'AssesmentNumber','Set file Number','[]',1,NULL,'basic',6,0,'0','0','0','0','0000-00-00 00:00:00');
/*!40000 ALTER TABLE `com_vtiger_workflows` ENABLE KEYS */;
UNLOCK TABLES;

--
-- Table structure for table `com_vtiger_workflows_seq`
--

DROP TABLE IF EXISTS `com_vtiger_workflows_seq`;
/*!40101 SET @saved_cs_client     = @@character_set_client */;
/*!40101 SET character_set_client = utf8 */;
CREATE TABLE `com_vtiger_workflows_seq` (
  `id` int(11) NOT NULL
) ENGINE=InnoDB DEFAULT CHARSET=latin1;
/*!40101 SET character_set_client = @saved_cs_client */;

--
-- Dumping data for table `com_vtiger_workflows_seq`
--

LOCK TABLES `com_vtiger_workflows_seq` WRITE;
/*!40000 ALTER TABLE `com_vtiger_workflows_seq` DISABLE KEYS */;
INSERT INTO `com_vtiger_workflows_seq` VALUES (33);
/*!40000 ALTER TABLE `com_vtiger_workflows_seq` ENABLE KEYS */;
UNLOCK TABLES;

--
-- Table structure for table `com_vtiger_workflowtask_queue`
--

DROP TABLE IF EXISTS `com_vtiger_workflowtask_queue`;
/*!40101 SET @saved_cs_client     = @@character_set_client */;
/*!40101 SET character_set_client = utf8 */;
CREATE TABLE `com_vtiger_workflowtask_queue` (
  `task_id` int(11) DEFAULT NULL,
  `entity_id` varchar(100) DEFAULT NULL,
  `do_after` int(11) DEFAULT NULL,
  `task_contents` text
) ENGINE=InnoDB DEFAULT CHARSET=latin1;
/*!40101 SET character_set_client = @saved_cs_client */;

--
-- Dumping data for table `com_vtiger_workflowtask_queue`
--

LOCK TABLES `com_vtiger_workflowtask_queue` WRITE;
/*!40000 ALTER TABLE `com_vtiger_workflowtask_queue` DISABLE KEYS */;
INSERT INTO `com_vtiger_workflowtask_queue` VALUES (6,'12x4',0,'{\"fromEmail\":\"sutharsan@radus28.com\",\"fromName\":\"admin\",\"toEmail\":\"sutharsan@radus28.com\",\"ccEmail\":\"\",\"bccEmail\":\"\",\"subject\":\"Regarding Contact Assignment\",\"content\":\"An Contact has been assigned to you on vtigerCRM<br>Details of Contact are :<br><br>Contact Id:<b>CON1<\\/b><br>LastName:<b>Lead last<\\/b><br>FirstName:<b>Test Lead<\\/b><br>Lead Source:<b><\\/b><br>Department:<b><\\/b><br>Description:<b><\\/b><br><br><br>And <b>CustomerPortal Login Details<\\/b> is sent to the EmailID :-<br><br>Thank You<br>Admin\"}'),(6,'12x4',0,'{\"fromEmail\":\"sutharsan@radus28.com\",\"fromName\":\"admin\",\"toEmail\":\"sutharsan@radus28.com\",\"ccEmail\":\"\",\"bccEmail\":\"\",\"subject\":\"Regarding Contact Assignment\",\"content\":\"An Contact has been assigned to you on vtigerCRM<br>Details of Contact are :<br><br>Contact Id:<b>CON1<\\/b><br>LastName:<b>Lead last<\\/b><br>FirstName:<b>Test Lead<\\/b><br>Lead Source:<b><\\/b><br>Department:<b><\\/b><br>Description:<b><\\/b><br><br><br>And <b>CustomerPortal Login Details<\\/b> is sent to the EmailID :-<br><br>Thank You<br>Admin\"}');
/*!40000 ALTER TABLE `com_vtiger_workflowtask_queue` ENABLE KEYS */;
UNLOCK TABLES;

--
-- Table structure for table `com_vtiger_workflowtasks`
--

DROP TABLE IF EXISTS `com_vtiger_workflowtasks`;
/*!40101 SET @saved_cs_client     = @@character_set_client */;
/*!40101 SET character_set_client = utf8 */;
CREATE TABLE `com_vtiger_workflowtasks` (
  `task_id` int(11) NOT NULL AUTO_INCREMENT,
  `workflow_id` int(11) DEFAULT NULL,
  `summary` varchar(400) NOT NULL,
  `task` text,
  PRIMARY KEY (`task_id`),
  UNIQUE KEY `com_vtiger_workflowtasks_idx` (`task_id`)
) ENGINE=InnoDB AUTO_INCREMENT=37 DEFAULT CHARSET=latin1;
/*!40101 SET character_set_client = @saved_cs_client */;

--
-- Dumping data for table `com_vtiger_workflowtasks`
--

LOCK TABLES `com_vtiger_workflowtasks` WRITE;
/*!40000 ALTER TABLE `com_vtiger_workflowtasks` DISABLE KEYS */;
INSERT INTO `com_vtiger_workflowtasks` VALUES (1,1,'','O:18:\"VTEntityMethodTask\":6:{s:18:\"executeImmediately\";b:1;s:10:\"workflowId\";i:1;s:7:\"summary\";s:0:\"\";s:6:\"active\";b:1;s:10:\"methodName\";s:15:\"UpdateInventory\";s:2:\"id\";i:1;}'),(2,2,'An account has been created ','O:11:\"VTEmailTask\":9:{s:18:\"executeImmediately\";s:0:\"\";s:10:\"workflowId\";s:1:\"2\";s:7:\"summary\";s:28:\"An account has been created \";s:6:\"active\";s:1:\"1\";s:10:\"methodName\";s:11:\"NotifyOwner\";s:9:\"recepient\";s:36:\"$(assigned_user_id : (Users) email1)\";s:7:\"subject\";s:26:\"Regarding Account Creation\";s:7:\"content\";s:301:\"An Account has been assigned to you on vtigerCRM<br>Details of account are :<br><br>AccountId:<b>$account_no</b><br>AccountName:<b>$accountname</b><br>Rating:<b>$rating</b><br>Industry:<b>$industry</b><br>AccountType:<b>$accounttype</b><br>Description:<b>$description</b><br><br><br>Thank You<br>Admin\";s:2:\"id\";s:1:\"2\";}'),(3,3,'An contact has been created ','O:11:\"VTEmailTask\":9:{s:18:\"executeImmediately\";s:0:\"\";s:10:\"workflowId\";s:1:\"3\";s:7:\"summary\";s:28:\"An contact has been created \";s:6:\"active\";s:1:\"1\";s:10:\"methodName\";s:11:\"NotifyOwner\";s:9:\"recepient\";s:36:\"$(assigned_user_id : (Users) email1)\";s:7:\"subject\";s:26:\"Regarding Contact Creation\";s:7:\"content\";s:305:\"An Contact has been assigned to you on vtigerCRM<br>Details of Contact are :<br><br>Contact Id:<b>$contact_no</b><br>LastName:<b>$lastname</b><br>FirstName:<b>$firstname</b><br>Lead Source:<b>$leadsource</b><br>Department:<b>$department</b><br>Description:<b>$description</b><br><br><br>Thank You<br>Admin\";s:2:\"id\";s:1:\"3\";}'),(4,4,'Email Customer Portal Login Details','O:18:\"VTEntityMethodTask\":6:{s:18:\"executeImmediately\";b:1;s:10:\"workflowId\";i:4;s:7:\"summary\";s:35:\"Email Customer Portal Login Details\";s:6:\"active\";b:1;s:10:\"methodName\";s:22:\"SendPortalLoginDetails\";s:2:\"id\";i:4;}'),(5,5,'An Potential has been created ','O:11:\"VTEmailTask\":8:{s:18:\"executeImmediately\";s:0:\"\";s:10:\"workflowId\";s:1:\"5\";s:7:\"summary\";s:30:\"An Potential has been created \";s:6:\"active\";s:1:\"1\";s:9:\"recepient\";s:36:\"$(assigned_user_id : (Users) email1)\";s:7:\"subject\";s:30:\"Regarding Potential Assignment\";s:7:\"content\";s:342:\"An Potential has been assigned to you on vtigerCRM<br>Details of Potential are :<br><br>Potential No:<b>$potential_no</b><br>Potential Name:<b>$potentialname</b><br>Amount:<b>$amount</b><br>Expected Close Date:<b>$closingdate ($_DATE_FORMAT_)</b><br>Type:<b>$opportunity_type</b><br><br><br>Description :$description<br><br>Thank You<br>Admin\";s:2:\"id\";s:1:\"5\";}'),(6,6,'An contact has been created ','O:11:\"VTEmailTask\":8:{s:18:\"executeImmediately\";s:0:\"\";s:10:\"workflowId\";s:1:\"6\";s:7:\"summary\";s:28:\"An contact has been created \";s:6:\"active\";s:1:\"1\";s:9:\"recepient\";s:36:\"$(assigned_user_id : (Users) email1)\";s:7:\"subject\";s:28:\"Regarding Contact Assignment\";s:7:\"content\";s:384:\"An Contact has been assigned to you on vtigerCRM<br>Details of Contact are :<br><br>Contact Id:<b>$contact_no</b><br>LastName:<b>$lastname</b><br>FirstName:<b>$firstname</b><br>Lead Source:<b>$leadsource</b><br>Department:<b>$department</b><br>Description:<b>$description</b><br><br><br>And <b>CustomerPortal Login Details</b> is sent to the EmailID :-$email<br><br>Thank You<br>Admin\";s:2:\"id\";s:1:\"6\";}'),(7,7,'Notify Related Contact when Ticket is created from Portal','O:11:\"VTEmailTask\":9:{s:18:\"executeImmediately\";s:1:\"0\";s:7:\"summary\";s:57:\"Notify Related Contact when Ticket is created from Portal\";s:6:\"active\";s:1:\"1\";s:2:\"id\";s:1:\"7\";s:10:\"workflowId\";s:1:\"7\";s:9:\"fromEmail\";s:93:\"$(general : (__VtigerMeta__) supportName)&lt;$(general : (__VtigerMeta__) supportEmailId)&gt;\";s:9:\"recepient\";s:33:\",$(contact_id : (Contacts) email)\";s:7:\"subject\";s:93:\"[From Portal] $ticket_no [ Ticket Id : $(general : (__VtigerMeta__) recordId) ] $ticket_title\";s:7:\"content\";s:161:\"Ticket No : $ticket_no<br>\r\n							  Ticket ID : $(general : (__VtigerMeta__) recordId)<br>\r\n							  Ticket Title : $ticket_title<br><br>\r\n							  $description\";}'),(10,9,'Send Email to Contact on Ticket Update','O:11:\"VTEmailTask\":9:{s:18:\"executeImmediately\";s:1:\"0\";s:7:\"summary\";s:38:\"Send Email to Contact on Ticket Update\";s:6:\"active\";s:1:\"1\";s:2:\"id\";s:2:\"10\";s:9:\"fromEmail\";s:93:\"$(general : (__VtigerMeta__) supportName)&lt;$(general : (__VtigerMeta__) supportEmailId)&gt;\";s:9:\"recepient\";s:33:\",$(contact_id : (Contacts) email)\";s:7:\"subject\";s:79:\"$ticket_no [ Ticket Id : $(general : (__VtigerMeta__) recordId) ] $ticket_title\";s:7:\"content\";s:636:\"Ticket ID : $(general : (__VtigerMeta__) recordId)<br>Ticket Title : $ticket_title<br><br>\r\n								Dear $(contact_id : (Contacts) lastname) $(contact_id : (Contacts) firstname),<br><br>\r\n								The Ticket is replied the details are :<br><br>\r\n								Ticket No : $ticket_no<br>\r\n								Status : $ticketstatus<br>\r\n								Category : $ticketcategories<br>\r\n								Severity : $ticketseverities<br>\r\n								Priority : $ticketpriorities<br><br>\r\n								Description : <br>$description<br><br>\r\n								Solution : <br>$solution<br>\r\n								The comments are : <br>\r\n								$allComments<br><br>\r\n								Regards<br>Support Administrator\";s:10:\"workflowId\";s:1:\"9\";}'),(13,12,'update forecast amount','O:18:\"VTUpdateFieldsTask\":6:{s:18:\"executeImmediately\";b:1;s:10:\"workflowId\";i:12;s:7:\"summary\";s:22:\"update forecast amount\";s:6:\"active\";b:1;s:19:\"field_value_mapping\";s:95:\"[{\"fieldname\":\"forecast_amount\",\"valuetype\":\"expression\",\"value\":\"amount * probability / 100\"}]\";s:2:\"id\";i:13;}'),(14,13,'Send Notification Email to Record Owner','O:11:\"VTEmailTask\":8:{s:18:\"executeImmediately\";s:0:\"\";s:10:\"workflowId\";s:2:\"13\";s:7:\"summary\";s:39:\"Send Notification Email to Record Owner\";s:6:\"active\";s:1:\"1\";s:9:\"recepient\";s:36:\"$(assigned_user_id : (Users) email1)\";s:7:\"subject\";s:17:\"Event :  $subject\";s:7:\"content\";s:771:\"$(assigned_user_id : (Users) last_name) $(assigned_user_id : (Users) first_name) ,<br/><b>Activity Notification Details:</b><br/>Subject             : $subject<br/>Start date and time : $date_start ($(general : (__VtigerMeta__) usertimezone))<br/>End date and time   : $due_date ($(general : (__VtigerMeta__) usertimezone)) <br/>Status              : $eventstatus <br/>Priority            : $taskpriority <br/>Related To          : $(parent_id : (Leads) lastname) $(parent_id : (Leads) firstname) $(parent_id : (Accounts) accountname) $(parent_id : (Potentials) potentialname) $(parent_id : (HelpDesk) ticket_title) $(parent_id : (Campaigns) campaignname) <br/>Contacts List       : $contact_id <br/>Location            : $location <br/>Description         : $description\";s:2:\"id\";s:2:\"14\";}'),(15,14,'Send Notification Email to Record Owner','O:11:\"VTEmailTask\":8:{s:18:\"executeImmediately\";s:0:\"\";s:10:\"workflowId\";s:2:\"14\";s:7:\"summary\";s:39:\"Send Notification Email to Record Owner\";s:6:\"active\";s:1:\"1\";s:9:\"recepient\";s:36:\"$(assigned_user_id : (Users) email1)\";s:7:\"subject\";s:16:\"Task :  $subject\";s:7:\"content\";s:689:\"$(assigned_user_id : (Users) last_name) $(assigned_user_id : (Users) first_name) ,<br/><b>Task Notification Details:</b><br/>Subject : $subject<br/>Start date and time : $date_start ($(general : (__VtigerMeta__) usertimezone))<br/>End date and time   : $due_date ($_DATE_FORMAT_) <br/>Status              : $taskstatus <br/>Priority            : $taskpriority <br/>Related To          : $(parent_id : (Leads) lastname) $(parent_id : (Leads) firstname) $(parent_id : (Accounts) accountname) $(parent_id : (Potentials) potentialname) $(parent_id : (HelpDesk) ticket_title) $(parent_id : (Campaigns) campaignname) <br/>Contacts List       : $contact_id <br/>Description         : $description\";s:2:\"id\";s:2:\"15\";}'),(18,16,'Update Inventory Products','O:18:\"VTEntityMethodTask\":6:{s:18:\"executeImmediately\";b:1;s:10:\"workflowId\";i:16;s:7:\"summary\";s:25:\"Update Inventory Products\";s:6:\"active\";b:1;s:10:\"methodName\";s:15:\"UpdateInventory\";s:2:\"id\";i:18;}'),(19,17,'Comment Added From Portal : Send Email to Record Owner','O:11:\"VTEmailTask\":9:{s:18:\"executeImmediately\";s:1:\"0\";s:7:\"summary\";s:54:\"Comment Added From Portal : Send Email to Record Owner\";s:6:\"active\";s:1:\"1\";s:2:\"id\";s:2:\"19\";s:10:\"workflowId\";s:2:\"17\";s:9:\"fromEmail\";s:112:\"$(contact_id : (Contacts) lastname) $(contact_id : (Contacts) firstname)&lt;$(contact_id : (Contacts) email)&gt;\";s:9:\"recepient\";s:37:\",$(assigned_user_id : (Users) email1)\";s:7:\"subject\";s:92:\"Respond to Ticket ID## $(general : (__VtigerMeta__) recordId) ## in Customer Portal - URGENT\";s:7:\"content\";s:329:\"Dear $(assigned_user_id : (Users) last_name) $(assigned_user_id : (Users) first_name),<br><br>\r\n								Customer has provided the following additional information to your reply:<br><br>\r\n								<b>$lastComment</b><br><br>\r\n								Kindly respond to above ticket at the earliest.<br><br>\r\n								Regards<br>Support Administrator\";}'),(20,18,'Comment Added From CRM : Send Email to Contact, where Contact is not a Portal User','O:11:\"VTEmailTask\":9:{s:18:\"executeImmediately\";s:1:\"0\";s:7:\"summary\";s:82:\"Comment Added From CRM : Send Email to Contact, where Contact is not a Portal User\";s:6:\"active\";s:1:\"1\";s:2:\"id\";s:2:\"20\";s:10:\"workflowId\";s:2:\"18\";s:9:\"fromEmail\";s:93:\"$(general : (__VtigerMeta__) supportName)&lt;$(general : (__VtigerMeta__) supportEmailId)&gt;\";s:9:\"recepient\";s:33:\",$(contact_id : (Contacts) email)\";s:7:\"subject\";s:79:\"$ticket_no [ Ticket Id : $(general : (__VtigerMeta__) recordId) ] $ticket_title\";s:7:\"content\";s:525:\"Dear $(contact_id : (Contacts) lastname) $(contact_id : (Contacts) firstname),<br><br>\r\n							The Ticket is replied the details are :<br><br>\r\n							Ticket No : $ticket_no<br>\r\n							Status : $ticketstatus<br>\r\n							Category : $ticketcategories<br>\r\n							Severity : $ticketseverities<br>\r\n							Priority : $ticketpriorities<br><br>\r\n							Description : <br>$description<br><br>\r\n							Solution : <br>$solution<br>\r\n							The comments are : <br>\r\n							$allComments<br><br>\r\n							Regards<br>Support Administrator\";}'),(21,19,'Comment Added From CRM : Send Email to Contact, where Contact is Portal User','O:11:\"VTEmailTask\":9:{s:18:\"executeImmediately\";s:1:\"0\";s:7:\"summary\";s:76:\"Comment Added From CRM : Send Email to Contact, where Contact is Portal User\";s:6:\"active\";s:1:\"1\";s:2:\"id\";s:2:\"21\";s:10:\"workflowId\";s:2:\"19\";s:9:\"fromEmail\";s:93:\"$(general : (__VtigerMeta__) supportName)&lt;$(general : (__VtigerMeta__) supportEmailId)&gt;\";s:9:\"recepient\";s:33:\",$(contact_id : (Contacts) email)\";s:7:\"subject\";s:79:\"$ticket_no [ Ticket Id : $(general : (__VtigerMeta__) recordId) ] $ticket_title\";s:7:\"content\";s:554:\"Ticket No : $ticket_no<br>\r\n										Ticket Id : $(general : (__VtigerMeta__) recordId)<br>\r\n										Subject : $ticket_title<br><br>\r\n										Dear $(contact_id : (Contacts) lastname) $(contact_id : (Contacts) firstname),<br><br>\r\n										There is a reply to <b>$ticket_title</b> in the \"Customer Portal\" at VTiger.\r\n										You can use the following link to view the replies made:<br>\r\n										<a href=\"$(general : (__VtigerMeta__) portaldetailviewurl)\">Ticket Details</a><br><br>\r\n										Thanks<br>$(general : (__VtigerMeta__) supportName)\";}'),(22,15,'Comment Added From CRM : Send Email to Organization','O:11:\"VTEmailTask\":9:{s:18:\"executeImmediately\";s:1:\"0\";s:7:\"summary\";s:51:\"Comment Added From CRM : Send Email to Organization\";s:6:\"active\";s:1:\"1\";s:2:\"id\";s:2:\"22\";s:10:\"workflowId\";s:2:\"15\";s:9:\"fromEmail\";s:93:\"$(general : (__VtigerMeta__) supportName)&lt;$(general : (__VtigerMeta__) supportEmailId)&gt;\";s:9:\"recepient\";s:34:\",$(parent_id : (Accounts) email1),\";s:7:\"subject\";s:79:\"$ticket_no [ Ticket Id : $(general : (__VtigerMeta__) recordId) ] $ticket_title\";s:7:\"content\";s:601:\"Ticket ID : $(general : (__VtigerMeta__) recordId)<br>Ticket Title : $ticket_title<br><br>\r\n								Dear $(parent_id : (Accounts) accountname),<br><br>\r\n								The Ticket is replied the details are :<br><br>\r\n								Ticket No : $ticket_no<br>\r\n								Status : $ticketstatus<br>\r\n								Category : $ticketcategories<br>\r\n								Severity : $ticketseverities<br>\r\n								Priority : $ticketpriorities<br><br>\r\n								Description : <br>$description<br><br>\r\n								Solution : <br>$solution<br>\r\n								The comments are : <br>\r\n								$allComments<br><br>\r\n								Regards<br>Support Administrator\";}'),(23,7,'Notify Record Owner when Ticket is created from Portal','O:11:\"VTEmailTask\":9:{s:18:\"executeImmediately\";s:1:\"0\";s:7:\"summary\";s:54:\"Notify Record Owner when Ticket is created from Portal\";s:6:\"active\";s:1:\"1\";s:2:\"id\";s:2:\"23\";s:10:\"workflowId\";s:1:\"7\";s:9:\"fromEmail\";s:124:\"$(contact_id : (Contacts) lastname) $(contact_id : (Contacts) firstname)&lt;$(general : (__VtigerMeta__) supportEmailId)&gt;\";s:9:\"recepient\";s:37:\",$(assigned_user_id : (Users) email1)\";s:7:\"subject\";s:93:\"[From Portal] $ticket_no [ Ticket Id : $(general : (__VtigerMeta__) recordId) ] $ticket_title\";s:7:\"content\";s:161:\"Ticket No : $ticket_no<br>\r\n							  Ticket ID : $(general : (__VtigerMeta__) recordId)<br>\r\n							  Ticket Title : $ticket_title<br><br>\r\n							  $description\";}'),(24,20,'Send Email to Record Owner on Ticket Update','O:11:\"VTEmailTask\":9:{s:18:\"executeImmediately\";s:1:\"0\";s:7:\"summary\";s:43:\"Send Email to Record Owner on Ticket Update\";s:6:\"active\";s:1:\"1\";s:2:\"id\";s:2:\"24\";s:10:\"workflowId\";s:2:\"20\";s:9:\"fromEmail\";s:93:\"$(general : (__VtigerMeta__) supportName)&lt;$(general : (__VtigerMeta__) supportEmailId)&gt;\";s:9:\"recepient\";s:37:\",$(assigned_user_id : (Users) email1)\";s:7:\"subject\";s:40:\"Ticket Number : $ticket_no $ticket_title\";s:7:\"content\";s:607:\"Ticket ID : $(general : (__VtigerMeta__) recordId)<br>Ticket Title : $ticket_title<br><br>\r\n								Dear $(assigned_user_id : (Users) last_name) $(assigned_user_id : (Users) first_name),<br><br>\r\n								The Ticket is replied the details are :<br><br>\r\n								Ticket No : $ticket_no<br>\r\n								Status : $ticketstatus<br>\r\n								Category : $ticketcategories<br>\r\n								Severity : $ticketseverities<br>\r\n								Priority : $ticketpriorities<br><br>\r\n								Description : <br>$description<br><br>\r\n								Solution : <br>$solution\r\n								$allComments<br><br>\r\n								Regards<br>Support Administrator\";}'),(25,21,'Ticket Creation From CRM : Send Email to Record Owner','O:11:\"VTEmailTask\":9:{s:18:\"executeImmediately\";s:1:\"0\";s:7:\"summary\";s:53:\"Ticket Creation From CRM : Send Email to Record Owner\";s:6:\"active\";s:1:\"1\";s:2:\"id\";s:2:\"25\";s:10:\"workflowId\";s:2:\"21\";s:9:\"fromEmail\";s:93:\"$(general : (__VtigerMeta__) supportName)&lt;$(general : (__VtigerMeta__) supportEmailId)&gt;\";s:9:\"recepient\";s:37:\",$(assigned_user_id : (Users) email1)\";s:7:\"subject\";s:40:\"Ticket Number : $ticket_no $ticket_title\";s:7:\"content\";s:607:\"Ticket ID : $(general : (__VtigerMeta__) recordId)<br>Ticket Title : $ticket_title<br><br>\r\n								Dear $(assigned_user_id : (Users) last_name) $(assigned_user_id : (Users) first_name),<br><br>\r\n								The Ticket is replied the details are :<br><br>\r\n								Ticket No : $ticket_no<br>\r\n								Status : $ticketstatus<br>\r\n								Category : $ticketcategories<br>\r\n								Severity : $ticketseverities<br>\r\n								Priority : $ticketpriorities<br><br>\r\n								Description : <br>$description<br><br>\r\n								Solution : <br>$solution\r\n								$allComments<br><br>\r\n								Regards<br>Support Administrator\";}'),(26,22,'Send Email to Organization on Ticket Update','O:11:\"VTEmailTask\":9:{s:18:\"executeImmediately\";s:1:\"0\";s:7:\"summary\";s:43:\"Send Email to Organization on Ticket Update\";s:6:\"active\";s:1:\"1\";s:2:\"id\";s:2:\"26\";s:9:\"fromEmail\";s:93:\"$(general : (__VtigerMeta__) supportName)&lt;$(general : (__VtigerMeta__) supportEmailId)&gt;\";s:9:\"recepient\";s:33:\",$(parent_id : (Accounts) email1)\";s:7:\"subject\";s:79:\"$ticket_no [ Ticket Id : $(general : (__VtigerMeta__) recordId) ] $ticket_title\";s:7:\"content\";s:601:\"Ticket ID : $(general : (__VtigerMeta__) recordId)<br>Ticket Title : $ticket_title<br><br>\r\n								Dear $(parent_id : (Accounts) accountname),<br><br>\r\n								The Ticket is replied the details are :<br><br>\r\n								Ticket No : $ticket_no<br>\r\n								Status : $ticketstatus<br>\r\n								Category : $ticketcategories<br>\r\n								Severity : $ticketseverities<br>\r\n								Priority : $ticketpriorities<br><br>\r\n								Description : <br>$description<br><br>\r\n								Solution : <br>$solution<br>\r\n								The comments are : <br>\r\n								$allComments<br><br>\r\n								Regards<br>Support Administrator\";s:10:\"workflowId\";s:2:\"22\";}'),(27,23,'Ticket Creation From CRM : Send Email to Organization','O:11:\"VTEmailTask\":9:{s:18:\"executeImmediately\";s:1:\"0\";s:7:\"summary\";s:53:\"Ticket Creation From CRM : Send Email to Organization\";s:6:\"active\";s:1:\"1\";s:2:\"id\";s:2:\"27\";s:9:\"fromEmail\";s:93:\"$(general : (__VtigerMeta__) supportName)&lt;$(general : (__VtigerMeta__) supportEmailId)&gt;\";s:9:\"recepient\";s:33:\",$(parent_id : (Accounts) email1)\";s:7:\"subject\";s:79:\"$ticket_no [ Ticket Id : $(general : (__VtigerMeta__) recordId) ] $ticket_title\";s:7:\"content\";s:601:\"Ticket ID : $(general : (__VtigerMeta__) recordId)<br>Ticket Title : $ticket_title<br><br>\r\n								Dear $(parent_id : (Accounts) accountname),<br><br>\r\n								The Ticket is replied the details are :<br><br>\r\n								Ticket No : $ticket_no<br>\r\n								Status : $ticketstatus<br>\r\n								Category : $ticketcategories<br>\r\n								Severity : $ticketseverities<br>\r\n								Priority : $ticketpriorities<br><br>\r\n								Description : <br>$description<br><br>\r\n								Solution : <br>$solution<br>\r\n								The comments are : <br>\r\n								$allComments<br><br>\r\n								Regards<br>Support Administrator\";s:10:\"workflowId\";s:2:\"23\";}'),(28,24,'Ticket Creation From CRM : Send Email to Contact','O:11:\"VTEmailTask\":9:{s:18:\"executeImmediately\";s:1:\"0\";s:7:\"summary\";s:48:\"Ticket Creation From CRM : Send Email to Contact\";s:6:\"active\";s:1:\"1\";s:2:\"id\";s:2:\"28\";s:9:\"fromEmail\";s:93:\"$(general : (__VtigerMeta__) supportName)&lt;$(general : (__VtigerMeta__) supportEmailId)&gt;\";s:9:\"recepient\";s:33:\",$(contact_id : (Contacts) email)\";s:7:\"subject\";s:79:\"$ticket_no [ Ticket Id : $(general : (__VtigerMeta__) recordId) ] $ticket_title\";s:7:\"content\";s:636:\"Ticket ID : $(general : (__VtigerMeta__) recordId)<br>Ticket Title : $ticket_title<br><br>\r\n								Dear $(contact_id : (Contacts) lastname) $(contact_id : (Contacts) firstname),<br><br>\r\n								The Ticket is replied the details are :<br><br>\r\n								Ticket No : $ticket_no<br>\r\n								Status : $ticketstatus<br>\r\n								Category : $ticketcategories<br>\r\n								Severity : $ticketseverities<br>\r\n								Priority : $ticketpriorities<br><br>\r\n								Description : <br>$description<br><br>\r\n								Solution : <br>$solution<br>\r\n								The comments are : <br>\r\n								$allComments<br><br>\r\n								Regards<br>Support Administrator\";s:10:\"workflowId\";s:2:\"24\";}'),(29,26,'Update Parent Status','O:18:\"VTEntityMethodTask\":7:{s:18:\"executeImmediately\";b:1;s:10:\"workflowId\";s:2:\"26\";s:7:\"summary\";s:20:\"Update Parent Status\";s:6:\"active\";b:1;s:7:\"trigger\";N;s:10:\"methodName\";s:12:\"updateStatus\";s:2:\"id\";i:29;}'),(30,27,'Update Parent Status','O:18:\"VTEntityMethodTask\":7:{s:18:\"executeImmediately\";b:1;s:10:\"workflowId\";s:2:\"27\";s:7:\"summary\";s:20:\"Update Parent Status\";s:6:\"active\";b:1;s:7:\"trigger\";N;s:10:\"methodName\";s:9:\"setFileno\";s:2:\"id\";i:30;}'),(31,28,'Update Parent Status','O:18:\"VTEntityMethodTask\":7:{s:18:\"executeImmediately\";b:1;s:10:\"workflowId\";s:2:\"28\";s:7:\"summary\";s:20:\"Update Parent Status\";s:6:\"active\";b:1;s:7:\"trigger\";N;s:10:\"methodName\";s:9:\"setFileno\";s:2:\"id\";i:31;}'),(32,29,'Update Parent Status','O:18:\"VTEntityMethodTask\":7:{s:18:\"executeImmediately\";b:1;s:10:\"workflowId\";s:2:\"29\";s:7:\"summary\";s:20:\"Update Parent Status\";s:6:\"active\";b:1;s:7:\"trigger\";N;s:10:\"methodName\";s:9:\"setFileno\";s:2:\"id\";i:32;}'),(33,30,'Set file Number','O:18:\"VTEntityMethodTask\":7:{s:18:\"executeImmediately\";b:1;s:10:\"workflowId\";s:2:\"30\";s:7:\"summary\";s:15:\"Set file Number\";s:6:\"active\";b:1;s:7:\"trigger\";N;s:10:\"methodName\";s:9:\"setFileno\";s:2:\"id\";i:33;}'),(34,31,'Set file Number','O:18:\"VTEntityMethodTask\":7:{s:18:\"executeImmediately\";b:1;s:10:\"workflowId\";s:2:\"31\";s:7:\"summary\";s:15:\"Set file Number\";s:6:\"active\";b:1;s:7:\"trigger\";N;s:10:\"methodName\";s:9:\"setFileno\";s:2:\"id\";i:34;}'),(35,32,'Set file Number','O:18:\"VTEntityMethodTask\":7:{s:18:\"executeImmediately\";b:1;s:10:\"workflowId\";s:2:\"32\";s:7:\"summary\";s:15:\"Set file Number\";s:6:\"active\";b:1;s:7:\"trigger\";N;s:10:\"methodName\";s:9:\"setFileno\";s:2:\"id\";i:35;}'),(36,33,'Set file Number','O:18:\"VTEntityMethodTask\":7:{s:18:\"executeImmediately\";b:1;s:10:\"workflowId\";s:2:\"33\";s:7:\"summary\";s:15:\"Set file Number\";s:6:\"active\";b:1;s:7:\"trigger\";N;s:10:\"methodName\";s:9:\"setFileno\";s:2:\"id\";i:36;}');
/*!40000 ALTER TABLE `com_vtiger_workflowtasks` ENABLE KEYS */;
UNLOCK TABLES;

--
-- Table structure for table `com_vtiger_workflowtasks_entitymethod`
--

DROP TABLE IF EXISTS `com_vtiger_workflowtasks_entitymethod`;
/*!40101 SET @saved_cs_client     = @@character_set_client */;
/*!40101 SET character_set_client = utf8 */;
CREATE TABLE `com_vtiger_workflowtasks_entitymethod` (
  `workflowtasks_entitymethod_id` int(11) NOT NULL,
  `module_name` varchar(100) DEFAULT NULL,
  `method_name` varchar(100) DEFAULT NULL,
  `function_path` varchar(400) DEFAULT NULL,
  `function_name` varchar(100) DEFAULT NULL,
  PRIMARY KEY (`workflowtasks_entitymethod_id`),
  UNIQUE KEY `com_vtiger_workflowtasks_entitymethod_idx` (`workflowtasks_entitymethod_id`)
) ENGINE=InnoDB DEFAULT CHARSET=latin1;
/*!40101 SET character_set_client = @saved_cs_client */;

--
-- Dumping data for table `com_vtiger_workflowtasks_entitymethod`
--

LOCK TABLES `com_vtiger_workflowtasks_entitymethod` WRITE;
/*!40000 ALTER TABLE `com_vtiger_workflowtasks_entitymethod` DISABLE KEYS */;
INSERT INTO `com_vtiger_workflowtasks_entitymethod` VALUES (1,'SalesOrder','UpdateInventory','include/InventoryHandler.php','handleInventoryProductRel'),(2,'Invoice','UpdateInventory','include/InventoryHandler.php','handleInventoryProductRel'),(3,'Contacts','SendPortalLoginDetails','modules/Contacts/ContactsHandler.php','Contacts_sendCustomerPortalLoginDetails'),(4,'HelpDesk','NotifyOnPortalTicketCreation','modules/HelpDesk/HelpDeskHandler.php','HelpDesk_nofifyOnPortalTicketCreation'),(5,'HelpDesk','NotifyOnPortalTicketComment','modules/HelpDesk/HelpDeskHandler.php','HelpDesk_notifyOnPortalTicketComment'),(6,'HelpDesk','NotifyOwnerOnTicketChange','modules/HelpDesk/HelpDeskHandler.php','HelpDesk_notifyOwnerOnTicketChange'),(7,'HelpDesk','NotifyParentOnTicketChange','modules/HelpDesk/HelpDeskHandler.php','HelpDesk_notifyParentOnTicketChange'),(8,'ModComments','CustomerCommentFromPortal','modules/ModComments/ModCommentsHandler.php','CustomerCommentFromPortal'),(9,'ModComments','TicketOwnerComments','modules/ModComments/ModCommentsHandler.php','TicketOwnerComments'),(10,'PurchaseOrder','UpdateInventory','include/InventoryHandler.php','handleInventoryProductRel'),(11,'Resubmission','updateStatus','customfunctions/Resubmission/updateStatus.php','updateStatus'),(12,'Blockplan','setFileno','customfunctions/Blockplan/setFileno.php','setFileno'),(13,'BuildingPlan','setFileno','customfunctions/BuildingPlan/setFileno.php','setFileno'),(14,'Streetline','setFileno','customfunctions/Streetline/setFileno.php','setFileno'),(15,'Assesments','setFileno','customfunctions/Assesments/setFileno.php','setFileno'),(16,'NameChanges','setFileno','customfunctions/NameChanges/setFileno.php','setFileno'),(17,'NatureOfChanges','setFileno','customfunctions/NatureOfChanges/setFileno.php','setFileno'),(18,'AssesmentNumber','setFileno','customfunctions/AssesmentNumber/setFileno.php','setFileno');
/*!40000 ALTER TABLE `com_vtiger_workflowtasks_entitymethod` ENABLE KEYS */;
UNLOCK TABLES;

--
-- Table structure for table `com_vtiger_workflowtasks_entitymethod_seq`
--

DROP TABLE IF EXISTS `com_vtiger_workflowtasks_entitymethod_seq`;
/*!40101 SET @saved_cs_client     = @@character_set_client */;
/*!40101 SET character_set_client = utf8 */;
CREATE TABLE `com_vtiger_workflowtasks_entitymethod_seq` (
  `id` int(11) NOT NULL
) ENGINE=InnoDB DEFAULT CHARSET=latin1;
/*!40101 SET character_set_client = @saved_cs_client */;

--
-- Dumping data for table `com_vtiger_workflowtasks_entitymethod_seq`
--

LOCK TABLES `com_vtiger_workflowtasks_entitymethod_seq` WRITE;
/*!40000 ALTER TABLE `com_vtiger_workflowtasks_entitymethod_seq` DISABLE KEYS */;
INSERT INTO `com_vtiger_workflowtasks_entitymethod_seq` VALUES (18);
/*!40000 ALTER TABLE `com_vtiger_workflowtasks_entitymethod_seq` ENABLE KEYS */;
UNLOCK TABLES;

--
-- Table structure for table `com_vtiger_workflowtasks_seq`
--

DROP TABLE IF EXISTS `com_vtiger_workflowtasks_seq`;
/*!40101 SET @saved_cs_client     = @@character_set_client */;
/*!40101 SET character_set_client = utf8 */;
CREATE TABLE `com_vtiger_workflowtasks_seq` (
  `id` int(11) NOT NULL
) ENGINE=InnoDB DEFAULT CHARSET=latin1;
/*!40101 SET character_set_client = @saved_cs_client */;

--
-- Dumping data for table `com_vtiger_workflowtasks_seq`
--

LOCK TABLES `com_vtiger_workflowtasks_seq` WRITE;
/*!40000 ALTER TABLE `com_vtiger_workflowtasks_seq` DISABLE KEYS */;
INSERT INTO `com_vtiger_workflowtasks_seq` VALUES (36);
/*!40000 ALTER TABLE `com_vtiger_workflowtasks_seq` ENABLE KEYS */;
UNLOCK TABLES;

--
-- Table structure for table `com_vtiger_workflowtemplates`
--

DROP TABLE IF EXISTS `com_vtiger_workflowtemplates`;
/*!40101 SET @saved_cs_client     = @@character_set_client */;
/*!40101 SET character_set_client = utf8 */;
CREATE TABLE `com_vtiger_workflowtemplates` (
  `template_id` int(11) NOT NULL AUTO_INCREMENT,
  `module_name` varchar(100) DEFAULT NULL,
  `title` varchar(400) DEFAULT NULL,
  `template` text,
  PRIMARY KEY (`template_id`)
) ENGINE=InnoDB DEFAULT CHARSET=latin1;
/*!40101 SET character_set_client = @saved_cs_client */;

--
-- Dumping data for table `com_vtiger_workflowtemplates`
--

LOCK TABLES `com_vtiger_workflowtemplates` WRITE;
/*!40000 ALTER TABLE `com_vtiger_workflowtemplates` DISABLE KEYS */;
/*!40000 ALTER TABLE `com_vtiger_workflowtemplates` ENABLE KEYS */;
UNLOCK TABLES;

--
-- Table structure for table `dmmc_file_numbers`
--

DROP TABLE IF EXISTS `dmmc_file_numbers`;
/*!40101 SET @saved_cs_client     = @@character_set_client */;
/*!40101 SET character_set_client = utf8 */;
CREATE TABLE `dmmc_file_numbers` (
  `id` smallint(6) NOT NULL AUTO_INCREMENT,
  `module` varchar(128) NOT NULL,
  `serial` int(16) NOT NULL,
  `year` smallint(6) NOT NULL,
  PRIMARY KEY (`id`)
) ENGINE=InnoDB AUTO_INCREMENT=8 DEFAULT CHARSET=latin1;
/*!40101 SET character_set_client = @saved_cs_client */;

--
-- Dumping data for table `dmmc_file_numbers`
--

LOCK TABLES `dmmc_file_numbers` WRITE;
/*!40000 ALTER TABLE `dmmc_file_numbers` DISABLE KEYS */;
INSERT INTO `dmmc_file_numbers` VALUES (1,'Blockplan',1,2018),(2,'BuildingPlan',5,2017),(3,'Streetline',3,2017),(4,'Assesments',5,2017),(5,'NameChanges',4,2017),(6,'NatureOfChanges',5,2017),(7,'AssesmentNumber',7,2017);
/*!40000 ALTER TABLE `dmmc_file_numbers` ENABLE KEYS */;
UNLOCK TABLES;

--
-- Table structure for table `vtiger_account`
--

DROP TABLE IF EXISTS `vtiger_account`;
/*!40101 SET @saved_cs_client     = @@character_set_client */;
/*!40101 SET character_set_client = utf8 */;
CREATE TABLE `vtiger_account` (
  `accountid` int(19) NOT NULL DEFAULT '0',
  `account_no` varchar(100) NOT NULL,
  `accountname` varchar(100) NOT NULL,
  `parentid` int(19) DEFAULT '0',
  `account_type` varchar(200) DEFAULT NULL,
  `industry` varchar(200) DEFAULT NULL,
  `annualrevenue` decimal(25,8) DEFAULT NULL,
  `rating` varchar(200) DEFAULT NULL,
  `ownership` varchar(50) DEFAULT NULL,
  `siccode` varchar(50) DEFAULT NULL,
  `tickersymbol` varchar(30) DEFAULT NULL,
  `phone` varchar(30) DEFAULT NULL,
  `otherphone` varchar(30) DEFAULT NULL,
  `email1` varchar(100) DEFAULT NULL,
  `email2` varchar(100) DEFAULT NULL,
  `website` varchar(100) DEFAULT NULL,
  `fax` varchar(30) DEFAULT NULL,
  `employees` int(10) DEFAULT '0',
  `emailoptout` varchar(3) DEFAULT '0',
  `notify_owner` varchar(3) DEFAULT '0',
  `isconvertedfromlead` varchar(3) DEFAULT '0',
  PRIMARY KEY (`accountid`),
  KEY `account_account_type_idx` (`account_type`),
  KEY `email_idx` (`email1`,`email2`)
) ENGINE=InnoDB DEFAULT CHARSET=latin1;
/*!40101 SET character_set_client = @saved_cs_client */;

--
-- Dumping data for table `vtiger_account`
--

LOCK TABLES `vtiger_account` WRITE;
/*!40000 ALTER TABLE `vtiger_account` DISABLE KEYS */;
INSERT INTO `vtiger_account` VALUES (3,'ACC1','Converted ORG',0,'','Apparel',0.00000000,'','','','','','','','','','',0,'0','0','1'),(5,'ACC2','Converted ORG 2',3,'','Apparel',0.00000000,'','','','','','','','','','',0,'0','0','0');
/*!40000 ALTER TABLE `vtiger_account` ENABLE KEYS */;
UNLOCK TABLES;

--
-- Table structure for table `vtiger_accountbillads`
--

DROP TABLE IF EXISTS `vtiger_accountbillads`;
/*!40101 SET @saved_cs_client     = @@character_set_client */;
/*!40101 SET character_set_client = utf8 */;
CREATE TABLE `vtiger_accountbillads` (
  `accountaddressid` int(19) NOT NULL DEFAULT '0',
  `bill_city` varchar(30) DEFAULT NULL,
  `bill_code` varchar(30) DEFAULT NULL,
  `bill_country` varchar(30) DEFAULT NULL,
  `bill_state` varchar(30) DEFAULT NULL,
  `bill_street` varchar(250) DEFAULT NULL,
  `bill_pobox` varchar(30) DEFAULT NULL,
  PRIMARY KEY (`accountaddressid`)
) ENGINE=InnoDB DEFAULT CHARSET=latin1;
/*!40101 SET character_set_client = @saved_cs_client */;

--
-- Dumping data for table `vtiger_accountbillads`
--

LOCK TABLES `vtiger_accountbillads` WRITE;
/*!40000 ALTER TABLE `vtiger_accountbillads` DISABLE KEYS */;
INSERT INTO `vtiger_accountbillads` VALUES (3,'','','','','',''),(5,'','','','','sdfsdf','3');
/*!40000 ALTER TABLE `vtiger_accountbillads` ENABLE KEYS */;
UNLOCK TABLES;

--
-- Table structure for table `vtiger_accountrating`
--

DROP TABLE IF EXISTS `vtiger_accountrating`;
/*!40101 SET @saved_cs_client     = @@character_set_client */;
/*!40101 SET character_set_client = utf8 */;
CREATE TABLE `vtiger_accountrating` (
  `accountratingid` int(19) NOT NULL AUTO_INCREMENT,
  `rating` varchar(200) NOT NULL,
  `sortorderid` int(19) NOT NULL DEFAULT '0',
  `presence` int(1) NOT NULL DEFAULT '1',
  PRIMARY KEY (`accountratingid`),
  UNIQUE KEY `accountrating_rating_idx` (`rating`)
) ENGINE=InnoDB DEFAULT CHARSET=latin1;
/*!40101 SET character_set_client = @saved_cs_client */;

--
-- Dumping data for table `vtiger_accountrating`
--

LOCK TABLES `vtiger_accountrating` WRITE;
/*!40000 ALTER TABLE `vtiger_accountrating` DISABLE KEYS */;
/*!40000 ALTER TABLE `vtiger_accountrating` ENABLE KEYS */;
UNLOCK TABLES;

--
-- Table structure for table `vtiger_accountscf`
--

DROP TABLE IF EXISTS `vtiger_accountscf`;
/*!40101 SET @saved_cs_client     = @@character_set_client */;
/*!40101 SET character_set_client = utf8 */;
CREATE TABLE `vtiger_accountscf` (
  `accountid` int(19) NOT NULL DEFAULT '0',
  PRIMARY KEY (`accountid`)
) ENGINE=InnoDB DEFAULT CHARSET=latin1;
/*!40101 SET character_set_client = @saved_cs_client */;

--
-- Dumping data for table `vtiger_accountscf`
--

LOCK TABLES `vtiger_accountscf` WRITE;
/*!40000 ALTER TABLE `vtiger_accountscf` DISABLE KEYS */;
INSERT INTO `vtiger_accountscf` VALUES (3),(5);
/*!40000 ALTER TABLE `vtiger_accountscf` ENABLE KEYS */;
UNLOCK TABLES;

--
-- Table structure for table `vtiger_accountshipads`
--

DROP TABLE IF EXISTS `vtiger_accountshipads`;
/*!40101 SET @saved_cs_client     = @@character_set_client */;
/*!40101 SET character_set_client = utf8 */;
CREATE TABLE `vtiger_accountshipads` (
  `accountaddressid` int(19) NOT NULL DEFAULT '0',
  `ship_city` varchar(30) DEFAULT NULL,
  `ship_code` varchar(30) DEFAULT NULL,
  `ship_country` varchar(30) DEFAULT NULL,
  `ship_state` varchar(30) DEFAULT NULL,
  `ship_pobox` varchar(30) DEFAULT NULL,
  `ship_street` varchar(250) DEFAULT NULL,
  PRIMARY KEY (`accountaddressid`)
) ENGINE=InnoDB DEFAULT CHARSET=latin1;
/*!40101 SET character_set_client = @saved_cs_client */;

--
-- Dumping data for table `vtiger_accountshipads`
--

LOCK TABLES `vtiger_accountshipads` WRITE;
/*!40000 ALTER TABLE `vtiger_accountshipads` DISABLE KEYS */;
INSERT INTO `vtiger_accountshipads` VALUES (3,'','','','','',''),(5,'','','','','','sdfsdf');
/*!40000 ALTER TABLE `vtiger_accountshipads` ENABLE KEYS */;
UNLOCK TABLES;

--
-- Table structure for table `vtiger_accounttype`
--

DROP TABLE IF EXISTS `vtiger_accounttype`;
/*!40101 SET @saved_cs_client     = @@character_set_client */;
/*!40101 SET character_set_client = utf8 */;
CREATE TABLE `vtiger_accounttype` (
  `accounttypeid` int(19) NOT NULL AUTO_INCREMENT,
  `accounttype` varchar(200) NOT NULL,
  `presence` int(1) NOT NULL DEFAULT '1',
  `picklist_valueid` int(19) NOT NULL DEFAULT '0',
  `sortorderid` int(11) DEFAULT NULL,
  PRIMARY KEY (`accounttypeid`),
  UNIQUE KEY `accounttype_accounttype_idx` (`accounttype`)
) ENGINE=InnoDB AUTO_INCREMENT=12 DEFAULT CHARSET=latin1;
/*!40101 SET character_set_client = @saved_cs_client */;

--
-- Dumping data for table `vtiger_accounttype`
--

LOCK TABLES `vtiger_accounttype` WRITE;
/*!40000 ALTER TABLE `vtiger_accounttype` DISABLE KEYS */;
INSERT INTO `vtiger_accounttype` VALUES (2,'Analyst',1,2,1),(3,'Competitor',1,3,2),(4,'Customer',1,4,3),(5,'Integrator',1,5,4),(6,'Investor',1,6,5),(7,'Partner',1,7,6),(8,'Press',1,8,7),(9,'Prospect',1,9,8),(10,'Reseller',1,10,9),(11,'Other',1,11,10);
/*!40000 ALTER TABLE `vtiger_accounttype` ENABLE KEYS */;
UNLOCK TABLES;

--
-- Table structure for table `vtiger_accounttype_seq`
--

DROP TABLE IF EXISTS `vtiger_accounttype_seq`;
/*!40101 SET @saved_cs_client     = @@character_set_client */;
/*!40101 SET character_set_client = utf8 */;
CREATE TABLE `vtiger_accounttype_seq` (
  `id` int(11) NOT NULL
) ENGINE=InnoDB DEFAULT CHARSET=latin1;
/*!40101 SET character_set_client = @saved_cs_client */;

--
-- Dumping data for table `vtiger_accounttype_seq`
--

LOCK TABLES `vtiger_accounttype_seq` WRITE;
/*!40000 ALTER TABLE `vtiger_accounttype_seq` DISABLE KEYS */;
INSERT INTO `vtiger_accounttype_seq` VALUES (11);
/*!40000 ALTER TABLE `vtiger_accounttype_seq` ENABLE KEYS */;
UNLOCK TABLES;

--
-- Table structure for table `vtiger_actionmapping`
--

DROP TABLE IF EXISTS `vtiger_actionmapping`;
/*!40101 SET @saved_cs_client     = @@character_set_client */;
/*!40101 SET character_set_client = utf8 */;
CREATE TABLE `vtiger_actionmapping` (
  `actionid` int(19) NOT NULL,
  `actionname` varchar(200) NOT NULL,
  `securitycheck` int(19) DEFAULT NULL,
  PRIMARY KEY (`actionid`,`actionname`)
) ENGINE=InnoDB DEFAULT CHARSET=latin1;
/*!40101 SET character_set_client = @saved_cs_client */;

--
-- Dumping data for table `vtiger_actionmapping`
--

LOCK TABLES `vtiger_actionmapping` WRITE;
/*!40000 ALTER TABLE `vtiger_actionmapping` DISABLE KEYS */;
INSERT INTO `vtiger_actionmapping` VALUES (0,'Save',0),(0,'SavePriceBook',1),(0,'SaveVendor',1),(1,'DetailViewAjax',1),(1,'EditView',0),(1,'PriceBookEditView',1),(1,'QuickCreate',1),(1,'VendorEditView',1),(2,'Delete',0),(2,'DeletePriceBook',1),(2,'DeleteVendor',1),(3,'index',0),(3,'Popup',1),(4,'DetailView',0),(4,'PriceBookDetailView',1),(4,'TagCloud',1),(4,'VendorDetailView',1),(5,'Import',0),(6,'Export',0),(8,'Merge',0),(9,'ConvertLead',0),(10,'DuplicatesHandling',0),(13,'Print',0);
/*!40000 ALTER TABLE `vtiger_actionmapping` ENABLE KEYS */;
UNLOCK TABLES;

--
-- Table structure for table `vtiger_activity`
--

DROP TABLE IF EXISTS `vtiger_activity`;
/*!40101 SET @saved_cs_client     = @@character_set_client */;
/*!40101 SET character_set_client = utf8 */;
CREATE TABLE `vtiger_activity` (
  `activityid` int(19) NOT NULL DEFAULT '0',
  `subject` varchar(100) NOT NULL,
  `semodule` varchar(20) DEFAULT NULL,
  `activitytype` varchar(200) NOT NULL,
  `date_start` date NOT NULL,
  `due_date` date DEFAULT NULL,
  `time_start` varchar(50) DEFAULT NULL,
  `time_end` varchar(50) DEFAULT NULL,
  `sendnotification` varchar(3) NOT NULL DEFAULT '0',
  `duration_hours` varchar(200) DEFAULT NULL,
  `duration_minutes` varchar(200) DEFAULT NULL,
  `status` varchar(200) DEFAULT NULL,
  `eventstatus` varchar(200) DEFAULT NULL,
  `priority` varchar(200) DEFAULT NULL,
  `location` varchar(150) DEFAULT NULL,
  `notime` varchar(3) NOT NULL DEFAULT '0',
  `visibility` varchar(50) NOT NULL DEFAULT 'all',
  `recurringtype` varchar(200) DEFAULT NULL,
  PRIMARY KEY (`activityid`),
  KEY `activity_activityid_subject_idx` (`activityid`,`subject`),
  KEY `activity_activitytype_date_start_idx` (`activitytype`,`date_start`),
  KEY `activity_date_start_due_date_idx` (`date_start`,`due_date`),
  KEY `activity_date_start_time_start_idx` (`date_start`,`time_start`),
  KEY `activity_eventstatus_idx` (`eventstatus`),
  KEY `activity_status_idx` (`status`)
) ENGINE=InnoDB DEFAULT CHARSET=latin1;
/*!40101 SET character_set_client = @saved_cs_client */;

--
-- Dumping data for table `vtiger_activity`
--

LOCK TABLES `vtiger_activity` WRITE;
/*!40000 ALTER TABLE `vtiger_activity` DISABLE KEYS */;
INSERT INTO `vtiger_activity` VALUES (66,'Field visit',NULL,'Call','2017-03-21','2017-03-21','02:30:00','02:35:00','0','0','5',NULL,'Planned','','','0','Public',''),(67,'Field visit',NULL,'Call','2017-03-19','2017-03-19','19:30:00','20:00:00','0','0','30',NULL,'Planned','','','0','Public',''),(68,'Valuation',NULL,'Task','2017-03-20','2017-03-20','04:00:00','','0','-413956','0','Pending Input','','','','0','Private','');
/*!40000 ALTER TABLE `vtiger_activity` ENABLE KEYS */;
UNLOCK TABLES;

--
-- Table structure for table `vtiger_activity_reminder`
--

DROP TABLE IF EXISTS `vtiger_activity_reminder`;
/*!40101 SET @saved_cs_client     = @@character_set_client */;
/*!40101 SET character_set_client = utf8 */;
CREATE TABLE `vtiger_activity_reminder` (
  `activity_id` int(11) NOT NULL,
  `reminder_time` int(11) NOT NULL,
  `reminder_sent` int(2) NOT NULL,
  `recurringid` int(19) NOT NULL,
  PRIMARY KEY (`activity_id`,`recurringid`)
) ENGINE=InnoDB DEFAULT CHARSET=latin1;
/*!40101 SET character_set_client = @saved_cs_client */;

--
-- Dumping data for table `vtiger_activity_reminder`
--

LOCK TABLES `vtiger_activity_reminder` WRITE;
/*!40000 ALTER TABLE `vtiger_activity_reminder` DISABLE KEYS */;
/*!40000 ALTER TABLE `vtiger_activity_reminder` ENABLE KEYS */;
UNLOCK TABLES;

--
-- Table structure for table `vtiger_activity_reminder_popup`
--

DROP TABLE IF EXISTS `vtiger_activity_reminder_popup`;
/*!40101 SET @saved_cs_client     = @@character_set_client */;
/*!40101 SET character_set_client = utf8 */;
CREATE TABLE `vtiger_activity_reminder_popup` (
  `reminderid` int(19) NOT NULL AUTO_INCREMENT,
  `semodule` varchar(100) NOT NULL,
  `recordid` int(19) NOT NULL,
  `date_start` date NOT NULL,
  `time_start` varchar(100) NOT NULL,
  `status` int(2) NOT NULL,
  PRIMARY KEY (`reminderid`)
) ENGINE=InnoDB DEFAULT CHARSET=latin1;
/*!40101 SET character_set_client = @saved_cs_client */;

--
-- Dumping data for table `vtiger_activity_reminder_popup`
--

LOCK TABLES `vtiger_activity_reminder_popup` WRITE;
/*!40000 ALTER TABLE `vtiger_activity_reminder_popup` DISABLE KEYS */;
/*!40000 ALTER TABLE `vtiger_activity_reminder_popup` ENABLE KEYS */;
UNLOCK TABLES;

--
-- Table structure for table `vtiger_activity_view`
--

DROP TABLE IF EXISTS `vtiger_activity_view`;
/*!40101 SET @saved_cs_client     = @@character_set_client */;
/*!40101 SET character_set_client = utf8 */;
CREATE TABLE `vtiger_activity_view` (
  `activity_viewid` int(19) NOT NULL AUTO_INCREMENT,
  `activity_view` varchar(200) NOT NULL,
  `sortorderid` int(19) NOT NULL DEFAULT '0',
  `presence` int(1) NOT NULL DEFAULT '1',
  PRIMARY KEY (`activity_viewid`)
) ENGINE=InnoDB AUTO_INCREMENT=5 DEFAULT CHARSET=latin1;
/*!40101 SET character_set_client = @saved_cs_client */;

--
-- Dumping data for table `vtiger_activity_view`
--

LOCK TABLES `vtiger_activity_view` WRITE;
/*!40000 ALTER TABLE `vtiger_activity_view` DISABLE KEYS */;
INSERT INTO `vtiger_activity_view` VALUES (1,'Today',0,1),(2,'This Week',1,1),(3,'This Month',2,1),(4,'This Year',3,1);
/*!40000 ALTER TABLE `vtiger_activity_view` ENABLE KEYS */;
UNLOCK TABLES;

--
-- Table structure for table `vtiger_activity_view_seq`
--

DROP TABLE IF EXISTS `vtiger_activity_view_seq`;
/*!40101 SET @saved_cs_client     = @@character_set_client */;
/*!40101 SET character_set_client = utf8 */;
CREATE TABLE `vtiger_activity_view_seq` (
  `id` int(11) NOT NULL
) ENGINE=InnoDB DEFAULT CHARSET=latin1;
/*!40101 SET character_set_client = @saved_cs_client */;

--
-- Dumping data for table `vtiger_activity_view_seq`
--

LOCK TABLES `vtiger_activity_view_seq` WRITE;
/*!40000 ALTER TABLE `vtiger_activity_view_seq` DISABLE KEYS */;
INSERT INTO `vtiger_activity_view_seq` VALUES (4);
/*!40000 ALTER TABLE `vtiger_activity_view_seq` ENABLE KEYS */;
UNLOCK TABLES;

--
-- Table structure for table `vtiger_activitycf`
--

DROP TABLE IF EXISTS `vtiger_activitycf`;
/*!40101 SET @saved_cs_client     = @@character_set_client */;
/*!40101 SET character_set_client = utf8 */;
CREATE TABLE `vtiger_activitycf` (
  `activityid` int(19) NOT NULL DEFAULT '0',
  PRIMARY KEY (`activityid`)
) ENGINE=InnoDB DEFAULT CHARSET=latin1;
/*!40101 SET character_set_client = @saved_cs_client */;

--
-- Dumping data for table `vtiger_activitycf`
--

LOCK TABLES `vtiger_activitycf` WRITE;
/*!40000 ALTER TABLE `vtiger_activitycf` DISABLE KEYS */;
INSERT INTO `vtiger_activitycf` VALUES (66),(67),(68);
/*!40000 ALTER TABLE `vtiger_activitycf` ENABLE KEYS */;
UNLOCK TABLES;

--
-- Table structure for table `vtiger_activityproductrel`
--

DROP TABLE IF EXISTS `vtiger_activityproductrel`;
/*!40101 SET @saved_cs_client     = @@character_set_client */;
/*!40101 SET character_set_client = utf8 */;
CREATE TABLE `vtiger_activityproductrel` (
  `activityid` int(19) NOT NULL DEFAULT '0',
  `productid` int(19) NOT NULL DEFAULT '0',
  PRIMARY KEY (`activityid`,`productid`),
  KEY `activityproductrel_activityid_idx` (`activityid`),
  KEY `activityproductrel_productid_idx` (`productid`)
) ENGINE=InnoDB DEFAULT CHARSET=latin1;
/*!40101 SET character_set_client = @saved_cs_client */;

--
-- Dumping data for table `vtiger_activityproductrel`
--

LOCK TABLES `vtiger_activityproductrel` WRITE;
/*!40000 ALTER TABLE `vtiger_activityproductrel` DISABLE KEYS */;
/*!40000 ALTER TABLE `vtiger_activityproductrel` ENABLE KEYS */;
UNLOCK TABLES;

--
-- Table structure for table `vtiger_activitytype`
--

DROP TABLE IF EXISTS `vtiger_activitytype`;
/*!40101 SET @saved_cs_client     = @@character_set_client */;
/*!40101 SET character_set_client = utf8 */;
CREATE TABLE `vtiger_activitytype` (
  `activitytypeid` int(19) NOT NULL AUTO_INCREMENT,
  `activitytype` varchar(200) NOT NULL,
  `presence` int(1) NOT NULL DEFAULT '1',
  `picklist_valueid` int(19) NOT NULL DEFAULT '0',
  `sortorderid` int(11) DEFAULT NULL,
  PRIMARY KEY (`activitytypeid`),
  UNIQUE KEY `activitytype_activitytype_idx` (`activitytype`)
) ENGINE=InnoDB AUTO_INCREMENT=4 DEFAULT CHARSET=latin1;
/*!40101 SET character_set_client = @saved_cs_client */;

--
-- Dumping data for table `vtiger_activitytype`
--

LOCK TABLES `vtiger_activitytype` WRITE;
/*!40000 ALTER TABLE `vtiger_activitytype` DISABLE KEYS */;
INSERT INTO `vtiger_activitytype` VALUES (1,'Call',0,12,0),(2,'Meeting',0,13,1),(3,'Mobile Call',0,295,1);
/*!40000 ALTER TABLE `vtiger_activitytype` ENABLE KEYS */;
UNLOCK TABLES;

--
-- Table structure for table `vtiger_activitytype_seq`
--

DROP TABLE IF EXISTS `vtiger_activitytype_seq`;
/*!40101 SET @saved_cs_client     = @@character_set_client */;
/*!40101 SET character_set_client = utf8 */;
CREATE TABLE `vtiger_activitytype_seq` (
  `id` int(11) NOT NULL
) ENGINE=InnoDB DEFAULT CHARSET=latin1;
/*!40101 SET character_set_client = @saved_cs_client */;

--
-- Dumping data for table `vtiger_activitytype_seq`
--

LOCK TABLES `vtiger_activitytype_seq` WRITE;
/*!40000 ALTER TABLE `vtiger_activitytype_seq` DISABLE KEYS */;
INSERT INTO `vtiger_activitytype_seq` VALUES (3);
/*!40000 ALTER TABLE `vtiger_activitytype_seq` ENABLE KEYS */;
UNLOCK TABLES;

--
-- Table structure for table `vtiger_announcement`
--

DROP TABLE IF EXISTS `vtiger_announcement`;
/*!40101 SET @saved_cs_client     = @@character_set_client */;
/*!40101 SET character_set_client = utf8 */;
CREATE TABLE `vtiger_announcement` (
  `creatorid` int(19) NOT NULL,
  `announcement` text,
  `title` varchar(255) DEFAULT NULL,
  `time` timestamp NOT NULL DEFAULT CURRENT_TIMESTAMP ON UPDATE CURRENT_TIMESTAMP,
  PRIMARY KEY (`creatorid`),
  KEY `announcement_creatorid_idx` (`creatorid`)
) ENGINE=InnoDB DEFAULT CHARSET=latin1;
/*!40101 SET character_set_client = @saved_cs_client */;

--
-- Dumping data for table `vtiger_announcement`
--

LOCK TABLES `vtiger_announcement` WRITE;
/*!40000 ALTER TABLE `vtiger_announcement` DISABLE KEYS */;
/*!40000 ALTER TABLE `vtiger_announcement` ENABLE KEYS */;
UNLOCK TABLES;

--
-- Table structure for table `vtiger_application_category`
--

DROP TABLE IF EXISTS `vtiger_application_category`;
/*!40101 SET @saved_cs_client     = @@character_set_client */;
/*!40101 SET character_set_client = utf8 */;
CREATE TABLE `vtiger_application_category` (
  `application_categoryid` int(11) NOT NULL AUTO_INCREMENT,
  `application_category` varchar(200) NOT NULL,
  `presence` int(1) NOT NULL DEFAULT '1',
  `picklist_valueid` int(11) NOT NULL DEFAULT '0',
  `sortorderid` int(11) DEFAULT '0',
  PRIMARY KEY (`application_categoryid`)
) ENGINE=InnoDB AUTO_INCREMENT=13 DEFAULT CHARSET=utf8;
/*!40101 SET character_set_client = @saved_cs_client */;

--
-- Dumping data for table `vtiger_application_category`
--

LOCK TABLES `vtiger_application_category` WRITE;
/*!40000 ALTER TABLE `vtiger_application_category` DISABLE KEYS */;
INSERT INTO `vtiger_application_category` VALUES (7,'New building / house',1,518,7),(8,'Dividing building / house',1,519,8),(9,'Merge building / house',1,520,9),(10,'Under construction',1,521,10),(11,'Un authorized residents',1,522,11),(12,'Bare lands',1,523,12);
/*!40000 ALTER TABLE `vtiger_application_category` ENABLE KEYS */;
UNLOCK TABLES;

--
-- Table structure for table `vtiger_application_category_seq`
--

DROP TABLE IF EXISTS `vtiger_application_category_seq`;
/*!40101 SET @saved_cs_client     = @@character_set_client */;
/*!40101 SET character_set_client = utf8 */;
CREATE TABLE `vtiger_application_category_seq` (
  `id` int(11) NOT NULL
) ENGINE=InnoDB DEFAULT CHARSET=utf8mb4;
/*!40101 SET character_set_client = @saved_cs_client */;

--
-- Dumping data for table `vtiger_application_category_seq`
--

LOCK TABLES `vtiger_application_category_seq` WRITE;
/*!40000 ALTER TABLE `vtiger_application_category_seq` DISABLE KEYS */;
INSERT INTO `vtiger_application_category_seq` VALUES (12);
/*!40000 ALTER TABLE `vtiger_application_category_seq` ENABLE KEYS */;
UNLOCK TABLES;

--
-- Table structure for table `vtiger_application_status`
--

DROP TABLE IF EXISTS `vtiger_application_status`;
/*!40101 SET @saved_cs_client     = @@character_set_client */;
/*!40101 SET character_set_client = utf8 */;
CREATE TABLE `vtiger_application_status` (
  `application_statusid` int(11) NOT NULL AUTO_INCREMENT,
  `application_status` varchar(200) NOT NULL,
  `presence` int(1) NOT NULL DEFAULT '1',
  `picklist_valueid` int(11) NOT NULL DEFAULT '0',
  `sortorderid` int(11) DEFAULT '0',
  PRIMARY KEY (`application_statusid`)
) ENGINE=InnoDB AUTO_INCREMENT=39 DEFAULT CHARSET=utf8;
/*!40101 SET character_set_client = @saved_cs_client */;

--
-- Dumping data for table `vtiger_application_status`
--

LOCK TABLES `vtiger_application_status` WRITE;
/*!40000 ALTER TABLE `vtiger_application_status` DISABLE KEYS */;
INSERT INTO `vtiger_application_status` VALUES (26,'Inspection',1,536,1),(27,'Approval  VI',1,537,6),(28,'Rejected  Chief VI',1,538,11),(29,'Proceedings  VI',1,539,2),(30,'Approval  Accountant',1,540,8),(31,'Approval  Chief VI',1,541,7),(32,'Proceddings  Accountant',1,542,4),(33,'Rejected  Commissioner',1,543,13),(34,'Rejected  VI',1,544,10),(35,'Rejected  Accountant',1,545,12),(36,'Approval  Commissioner',1,546,9),(37,'Proceedings  Commissioner',1,547,5),(38,'Proceedings  Chief VI',1,548,3);
/*!40000 ALTER TABLE `vtiger_application_status` ENABLE KEYS */;
UNLOCK TABLES;

--
-- Table structure for table `vtiger_application_status_seq`
--

DROP TABLE IF EXISTS `vtiger_application_status_seq`;
/*!40101 SET @saved_cs_client     = @@character_set_client */;
/*!40101 SET character_set_client = utf8 */;
CREATE TABLE `vtiger_application_status_seq` (
  `id` int(11) NOT NULL
) ENGINE=InnoDB DEFAULT CHARSET=utf8mb4;
/*!40101 SET character_set_client = @saved_cs_client */;

--
-- Dumping data for table `vtiger_application_status_seq`
--

LOCK TABLES `vtiger_application_status_seq` WRITE;
/*!40000 ALTER TABLE `vtiger_application_status_seq` DISABLE KEYS */;
INSERT INTO `vtiger_application_status_seq` VALUES (38);
/*!40000 ALTER TABLE `vtiger_application_status_seq` ENABLE KEYS */;
UNLOCK TABLES;

--
-- Table structure for table `vtiger_application_type`
--

DROP TABLE IF EXISTS `vtiger_application_type`;
/*!40101 SET @saved_cs_client     = @@character_set_client */;
/*!40101 SET character_set_client = utf8 */;
CREATE TABLE `vtiger_application_type` (
  `application_typeid` int(11) NOT NULL AUTO_INCREMENT,
  `application_type` varchar(200) NOT NULL,
  `presence` int(1) NOT NULL DEFAULT '1',
  `picklist_valueid` int(11) NOT NULL DEFAULT '0',
  `sortorderid` int(11) DEFAULT '0',
  PRIMARY KEY (`application_typeid`)
) ENGINE=InnoDB AUTO_INCREMENT=7 DEFAULT CHARSET=utf8;
/*!40101 SET character_set_client = @saved_cs_client */;

--
-- Dumping data for table `vtiger_application_type`
--

LOCK TABLES `vtiger_application_type` WRITE;
/*!40000 ALTER TABLE `vtiger_application_type` DISABLE KEYS */;
INSERT INTO `vtiger_application_type` VALUES (5,'Permanant',1,516,2),(6,'Proposed',1,517,1);
/*!40000 ALTER TABLE `vtiger_application_type` ENABLE KEYS */;
UNLOCK TABLES;

--
-- Table structure for table `vtiger_application_type_seq`
--

DROP TABLE IF EXISTS `vtiger_application_type_seq`;
/*!40101 SET @saved_cs_client     = @@character_set_client */;
/*!40101 SET character_set_client = utf8 */;
CREATE TABLE `vtiger_application_type_seq` (
  `id` int(11) NOT NULL
) ENGINE=InnoDB DEFAULT CHARSET=utf8mb4;
/*!40101 SET character_set_client = @saved_cs_client */;

--
-- Dumping data for table `vtiger_application_type_seq`
--

LOCK TABLES `vtiger_application_type_seq` WRITE;
/*!40000 ALTER TABLE `vtiger_application_type_seq` DISABLE KEYS */;
INSERT INTO `vtiger_application_type_seq` VALUES (6);
/*!40000 ALTER TABLE `vtiger_application_type_seq` ENABLE KEYS */;
UNLOCK TABLES;

--
-- Table structure for table `vtiger_ass_build_draughtsman`
--

DROP TABLE IF EXISTS `vtiger_ass_build_draughtsman`;
/*!40101 SET @saved_cs_client     = @@character_set_client */;
/*!40101 SET character_set_client = utf8 */;
CREATE TABLE `vtiger_ass_build_draughtsman` (
  `ass_build_draughtsmanid` int(11) NOT NULL AUTO_INCREMENT,
  `ass_build_draughtsman` varchar(200) NOT NULL,
  `presence` int(1) NOT NULL DEFAULT '1',
  `picklist_valueid` int(11) NOT NULL DEFAULT '0',
  `sortorderid` int(11) DEFAULT '0',
  PRIMARY KEY (`ass_build_draughtsmanid`)
) ENGINE=InnoDB AUTO_INCREMENT=2 DEFAULT CHARSET=utf8;
/*!40101 SET character_set_client = @saved_cs_client */;

--
-- Dumping data for table `vtiger_ass_build_draughtsman`
--

LOCK TABLES `vtiger_ass_build_draughtsman` WRITE;
/*!40000 ALTER TABLE `vtiger_ass_build_draughtsman` DISABLE KEYS */;
INSERT INTO `vtiger_ass_build_draughtsman` VALUES (1,'Draughtsman Test ',1,327,1);
/*!40000 ALTER TABLE `vtiger_ass_build_draughtsman` ENABLE KEYS */;
UNLOCK TABLES;

--
-- Table structure for table `vtiger_ass_build_draughtsman_seq`
--

DROP TABLE IF EXISTS `vtiger_ass_build_draughtsman_seq`;
/*!40101 SET @saved_cs_client     = @@character_set_client */;
/*!40101 SET character_set_client = utf8 */;
CREATE TABLE `vtiger_ass_build_draughtsman_seq` (
  `id` int(11) NOT NULL
) ENGINE=MyISAM DEFAULT CHARSET=utf8 COLLATE=utf8_unicode_ci;
/*!40101 SET character_set_client = @saved_cs_client */;

--
-- Dumping data for table `vtiger_ass_build_draughtsman_seq`
--

LOCK TABLES `vtiger_ass_build_draughtsman_seq` WRITE;
/*!40000 ALTER TABLE `vtiger_ass_build_draughtsman_seq` DISABLE KEYS */;
INSERT INTO `vtiger_ass_build_draughtsman_seq` VALUES (1);
/*!40000 ALTER TABLE `vtiger_ass_build_draughtsman_seq` ENABLE KEYS */;
UNLOCK TABLES;

--
-- Table structure for table `vtiger_ass_build_plan_engineer`
--

DROP TABLE IF EXISTS `vtiger_ass_build_plan_engineer`;
/*!40101 SET @saved_cs_client     = @@character_set_client */;
/*!40101 SET character_set_client = utf8 */;
CREATE TABLE `vtiger_ass_build_plan_engineer` (
  `ass_build_plan_engineerid` int(11) NOT NULL AUTO_INCREMENT,
  `ass_build_plan_engineer` varchar(200) NOT NULL,
  `presence` int(1) NOT NULL DEFAULT '1',
  `picklist_valueid` int(11) NOT NULL DEFAULT '0',
  `sortorderid` int(11) DEFAULT '0',
  PRIMARY KEY (`ass_build_plan_engineerid`)
) ENGINE=InnoDB AUTO_INCREMENT=2 DEFAULT CHARSET=utf8;
/*!40101 SET character_set_client = @saved_cs_client */;

--
-- Dumping data for table `vtiger_ass_build_plan_engineer`
--

LOCK TABLES `vtiger_ass_build_plan_engineer` WRITE;
/*!40000 ALTER TABLE `vtiger_ass_build_plan_engineer` DISABLE KEYS */;
INSERT INTO `vtiger_ass_build_plan_engineer` VALUES (1,'Engineer Testing Planning',1,329,1);
/*!40000 ALTER TABLE `vtiger_ass_build_plan_engineer` ENABLE KEYS */;
UNLOCK TABLES;

--
-- Table structure for table `vtiger_ass_build_plan_engineer_seq`
--

DROP TABLE IF EXISTS `vtiger_ass_build_plan_engineer_seq`;
/*!40101 SET @saved_cs_client     = @@character_set_client */;
/*!40101 SET character_set_client = utf8 */;
CREATE TABLE `vtiger_ass_build_plan_engineer_seq` (
  `id` int(11) NOT NULL
) ENGINE=MyISAM DEFAULT CHARSET=utf8 COLLATE=utf8_unicode_ci;
/*!40101 SET character_set_client = @saved_cs_client */;

--
-- Dumping data for table `vtiger_ass_build_plan_engineer_seq`
--

LOCK TABLES `vtiger_ass_build_plan_engineer_seq` WRITE;
/*!40000 ALTER TABLE `vtiger_ass_build_plan_engineer_seq` DISABLE KEYS */;
INSERT INTO `vtiger_ass_build_plan_engineer_seq` VALUES (1);
/*!40000 ALTER TABLE `vtiger_ass_build_plan_engineer_seq` ENABLE KEYS */;
UNLOCK TABLES;

--
-- Table structure for table `vtiger_ass_build_tech_officer`
--

DROP TABLE IF EXISTS `vtiger_ass_build_tech_officer`;
/*!40101 SET @saved_cs_client     = @@character_set_client */;
/*!40101 SET character_set_client = utf8 */;
CREATE TABLE `vtiger_ass_build_tech_officer` (
  `ass_build_tech_officerid` int(11) NOT NULL AUTO_INCREMENT,
  `ass_build_tech_officer` varchar(200) NOT NULL,
  `presence` int(1) NOT NULL DEFAULT '1',
  `picklist_valueid` int(11) NOT NULL DEFAULT '0',
  `sortorderid` int(11) DEFAULT '0',
  PRIMARY KEY (`ass_build_tech_officerid`)
) ENGINE=InnoDB AUTO_INCREMENT=4 DEFAULT CHARSET=utf8;
/*!40101 SET character_set_client = @saved_cs_client */;

--
-- Dumping data for table `vtiger_ass_build_tech_officer`
--

LOCK TABLES `vtiger_ass_build_tech_officer` WRITE;
/*!40000 ALTER TABLE `vtiger_ass_build_tech_officer` DISABLE KEYS */;
INSERT INTO `vtiger_ass_build_tech_officer` VALUES (3,'Technical Officer Test TO',1,362,2);
/*!40000 ALTER TABLE `vtiger_ass_build_tech_officer` ENABLE KEYS */;
UNLOCK TABLES;

--
-- Table structure for table `vtiger_ass_build_tech_officer_seq`
--

DROP TABLE IF EXISTS `vtiger_ass_build_tech_officer_seq`;
/*!40101 SET @saved_cs_client     = @@character_set_client */;
/*!40101 SET character_set_client = utf8 */;
CREATE TABLE `vtiger_ass_build_tech_officer_seq` (
  `id` int(11) NOT NULL
) ENGINE=MyISAM DEFAULT CHARSET=utf8 COLLATE=utf8_unicode_ci;
/*!40101 SET character_set_client = @saved_cs_client */;

--
-- Dumping data for table `vtiger_ass_build_tech_officer_seq`
--

LOCK TABLES `vtiger_ass_build_tech_officer_seq` WRITE;
/*!40000 ALTER TABLE `vtiger_ass_build_tech_officer_seq` DISABLE KEYS */;
INSERT INTO `vtiger_ass_build_tech_officer_seq` VALUES (3);
/*!40000 ALTER TABLE `vtiger_ass_build_tech_officer_seq` ENABLE KEYS */;
UNLOCK TABLES;

--
-- Table structure for table `vtiger_ass_street_draughtsman`
--

DROP TABLE IF EXISTS `vtiger_ass_street_draughtsman`;
/*!40101 SET @saved_cs_client     = @@character_set_client */;
/*!40101 SET character_set_client = utf8 */;
CREATE TABLE `vtiger_ass_street_draughtsman` (
  `ass_street_draughtsmanid` int(11) NOT NULL AUTO_INCREMENT,
  `ass_street_draughtsman` varchar(200) NOT NULL,
  `presence` int(1) NOT NULL DEFAULT '1',
  `picklist_valueid` int(11) NOT NULL DEFAULT '0',
  `sortorderid` int(11) DEFAULT '0',
  PRIMARY KEY (`ass_street_draughtsmanid`)
) ENGINE=InnoDB AUTO_INCREMENT=2 DEFAULT CHARSET=utf8;
/*!40101 SET character_set_client = @saved_cs_client */;

--
-- Dumping data for table `vtiger_ass_street_draughtsman`
--

LOCK TABLES `vtiger_ass_street_draughtsman` WRITE;
/*!40000 ALTER TABLE `vtiger_ass_street_draughtsman` DISABLE KEYS */;
INSERT INTO `vtiger_ass_street_draughtsman` VALUES (1,'Draughtsman Test ',1,346,1);
/*!40000 ALTER TABLE `vtiger_ass_street_draughtsman` ENABLE KEYS */;
UNLOCK TABLES;

--
-- Table structure for table `vtiger_ass_street_draughtsman_seq`
--

DROP TABLE IF EXISTS `vtiger_ass_street_draughtsman_seq`;
/*!40101 SET @saved_cs_client     = @@character_set_client */;
/*!40101 SET character_set_client = utf8 */;
CREATE TABLE `vtiger_ass_street_draughtsman_seq` (
  `id` int(11) NOT NULL
) ENGINE=MyISAM DEFAULT CHARSET=utf8 COLLATE=utf8_unicode_ci;
/*!40101 SET character_set_client = @saved_cs_client */;

--
-- Dumping data for table `vtiger_ass_street_draughtsman_seq`
--

LOCK TABLES `vtiger_ass_street_draughtsman_seq` WRITE;
/*!40000 ALTER TABLE `vtiger_ass_street_draughtsman_seq` DISABLE KEYS */;
INSERT INTO `vtiger_ass_street_draughtsman_seq` VALUES (1);
/*!40000 ALTER TABLE `vtiger_ass_street_draughtsman_seq` ENABLE KEYS */;
UNLOCK TABLES;

--
-- Table structure for table `vtiger_ass_street_plan_engineer`
--

DROP TABLE IF EXISTS `vtiger_ass_street_plan_engineer`;
/*!40101 SET @saved_cs_client     = @@character_set_client */;
/*!40101 SET character_set_client = utf8 */;
CREATE TABLE `vtiger_ass_street_plan_engineer` (
  `ass_street_plan_engineerid` int(11) NOT NULL AUTO_INCREMENT,
  `ass_street_plan_engineer` varchar(200) NOT NULL,
  `presence` int(1) NOT NULL DEFAULT '1',
  `picklist_valueid` int(11) NOT NULL DEFAULT '0',
  `sortorderid` int(11) DEFAULT '0',
  PRIMARY KEY (`ass_street_plan_engineerid`)
) ENGINE=InnoDB AUTO_INCREMENT=2 DEFAULT CHARSET=utf8;
/*!40101 SET character_set_client = @saved_cs_client */;

--
-- Dumping data for table `vtiger_ass_street_plan_engineer`
--

LOCK TABLES `vtiger_ass_street_plan_engineer` WRITE;
/*!40000 ALTER TABLE `vtiger_ass_street_plan_engineer` DISABLE KEYS */;
INSERT INTO `vtiger_ass_street_plan_engineer` VALUES (1,'Engineer Testing Planning',1,347,1);
/*!40000 ALTER TABLE `vtiger_ass_street_plan_engineer` ENABLE KEYS */;
UNLOCK TABLES;

--
-- Table structure for table `vtiger_ass_street_plan_engineer_seq`
--

DROP TABLE IF EXISTS `vtiger_ass_street_plan_engineer_seq`;
/*!40101 SET @saved_cs_client     = @@character_set_client */;
/*!40101 SET character_set_client = utf8 */;
CREATE TABLE `vtiger_ass_street_plan_engineer_seq` (
  `id` int(11) NOT NULL
) ENGINE=MyISAM DEFAULT CHARSET=utf8 COLLATE=utf8_unicode_ci;
/*!40101 SET character_set_client = @saved_cs_client */;

--
-- Dumping data for table `vtiger_ass_street_plan_engineer_seq`
--

LOCK TABLES `vtiger_ass_street_plan_engineer_seq` WRITE;
/*!40000 ALTER TABLE `vtiger_ass_street_plan_engineer_seq` DISABLE KEYS */;
INSERT INTO `vtiger_ass_street_plan_engineer_seq` VALUES (1);
/*!40000 ALTER TABLE `vtiger_ass_street_plan_engineer_seq` ENABLE KEYS */;
UNLOCK TABLES;

--
-- Table structure for table `vtiger_assaigned_draughtsman`
--

DROP TABLE IF EXISTS `vtiger_assaigned_draughtsman`;
/*!40101 SET @saved_cs_client     = @@character_set_client */;
/*!40101 SET character_set_client = utf8 */;
CREATE TABLE `vtiger_assaigned_draughtsman` (
  `assaigned_draughtsmanid` int(11) NOT NULL AUTO_INCREMENT,
  `assaigned_draughtsman` varchar(200) NOT NULL,
  `presence` int(1) NOT NULL DEFAULT '1',
  `picklist_valueid` int(11) NOT NULL DEFAULT '0',
  `sortorderid` int(11) DEFAULT '0',
  PRIMARY KEY (`assaigned_draughtsmanid`)
) ENGINE=InnoDB AUTO_INCREMENT=2 DEFAULT CHARSET=utf8;
/*!40101 SET character_set_client = @saved_cs_client */;

--
-- Dumping data for table `vtiger_assaigned_draughtsman`
--

LOCK TABLES `vtiger_assaigned_draughtsman` WRITE;
/*!40000 ALTER TABLE `vtiger_assaigned_draughtsman` DISABLE KEYS */;
INSERT INTO `vtiger_assaigned_draughtsman` VALUES (1,'Draughsman Test',1,331,1);
/*!40000 ALTER TABLE `vtiger_assaigned_draughtsman` ENABLE KEYS */;
UNLOCK TABLES;

--
-- Table structure for table `vtiger_assaigned_draughtsman_seq`
--

DROP TABLE IF EXISTS `vtiger_assaigned_draughtsman_seq`;
/*!40101 SET @saved_cs_client     = @@character_set_client */;
/*!40101 SET character_set_client = utf8 */;
CREATE TABLE `vtiger_assaigned_draughtsman_seq` (
  `id` int(11) NOT NULL
) ENGINE=MyISAM DEFAULT CHARSET=utf8 COLLATE=utf8_unicode_ci;
/*!40101 SET character_set_client = @saved_cs_client */;

--
-- Dumping data for table `vtiger_assaigned_draughtsman_seq`
--

LOCK TABLES `vtiger_assaigned_draughtsman_seq` WRITE;
/*!40000 ALTER TABLE `vtiger_assaigned_draughtsman_seq` DISABLE KEYS */;
INSERT INTO `vtiger_assaigned_draughtsman_seq` VALUES (1);
/*!40000 ALTER TABLE `vtiger_assaigned_draughtsman_seq` ENABLE KEYS */;
UNLOCK TABLES;

--
-- Table structure for table `vtiger_assesmentnumber`
--

DROP TABLE IF EXISTS `vtiger_assesmentnumber`;
/*!40101 SET @saved_cs_client     = @@character_set_client */;
/*!40101 SET character_set_client = utf8 */;
CREATE TABLE `vtiger_assesmentnumber` (
  `assesmentnumberid` int(11) NOT NULL DEFAULT '0',
  `assesment_number_no` varchar(32) DEFAULT NULL,
  `fullname` varchar(128) DEFAULT NULL,
  `phone` varchar(128) DEFAULT NULL,
  `existing_assesment_no` varchar(100) DEFAULT NULL,
  `application_type` varchar(100) DEFAULT NULL,
  `application_category` varchar(100) DEFAULT NULL,
  `application_file_number` varchar(100) DEFAULT NULL,
  `application_status` varchar(100) DEFAULT NULL,
  `street` varchar(100) DEFAULT NULL,
  `city` varchar(100) DEFAULT NULL,
  `ward_no` varchar(100) DEFAULT NULL,
  `lot_no` varchar(100) DEFAULT NULL,
  `date_of_inspection` date DEFAULT NULL,
  `valuation_inspector_name` varchar(100) DEFAULT NULL,
  `comments_of_accountant` varchar(100) DEFAULT NULL,
  `comments_of_commissioner` varchar(100) DEFAULT NULL,
  `LBL_APPROVED_DATE` date DEFAULT NULL,
  `approval_assesment_number` varchar(100) DEFAULT NULL,
  `property_owner_name` varchar(100) DEFAULT NULL,
  `address` varchar(100) DEFAULT NULL,
  PRIMARY KEY (`assesmentnumberid`)
) ENGINE=InnoDB DEFAULT CHARSET=utf8;
/*!40101 SET character_set_client = @saved_cs_client */;

--
-- Dumping data for table `vtiger_assesmentnumber`
--

LOCK TABLES `vtiger_assesmentnumber` WRITE;
/*!40000 ALTER TABLE `vtiger_assesmentnumber` DISABLE KEYS */;
INSERT INTO `vtiger_assesmentnumber` VALUES (41,'','Test','055643733','Test','Permanant','New building / house','Test34525','Inspection','Test','Test','Test','Test','2017-03-09','Valuation Inspector 01','TestTestTestTestTest','TestTestTestTest','2017-03-30','Test435',NULL,NULL),(42,'ASSE1','Jeganathan Sutharsan','1124455','56/7w','','New building / house','-','Inspection','perera','','','','2017-03-14','Valuation Inspector 01','','',NULL,'',NULL,NULL),(43,'ASSE2','Test JU','055643733','Test','Permanant','New building / house','Test34525','Inspection','Test','Test','Test','Test','2017-03-09','Valuation Inspector 01','TestTestTestTestTest','TestTestTestTest','2017-03-30','Test435',NULL,NULL),(57,'ASSE3','Justharusan','','101','Permanant','','DMMC/FN/CVC/M//1/101//2017','','','','','',NULL,'','','',NULL,'',NULL,NULL),(58,'ASSE4','Sutharsan','','101','Permanant','','DMMC/FN/CVC/M//2/101/Seastr/2017','','Seastr','','','',NULL,'','','',NULL,'',NULL,NULL),(60,'ASSE5','A J Tharsan','1124454250','56/8','Permanant','New building / house','DMMC/FN/CVC/M//3/56/8/Malwatha/2017','Inspection','Malwatha','','','',NULL,'Valuation Inspector 01','','',NULL,'',NULL,NULL),(69,'ASSE6','Jeganathan Sutharsan','114555666','5/8','Permanant','New building / house','DMMC/FN/CVC/M//4/5/8/IBC/2017','Inspection','IBC','Colombo','45','23',NULL,'Valuation Inspector II','','',NULL,'',NULL,'fafasf'),(70,'ASSE7','M . M . Soheil','009456789','','Permanant','New building / house','DMMC/FN/CVC/M//5//34/2,  Charles Place/2017','Inspection','34/2,  Charles Place','Dehiwela','33','22','2017-05-02','Valuation Inspector 01','','',NULL,'',NULL,NULL),(72,'ASSE8','Test','','','','','DMMC/FN/CVC/M//6//11/2017','','11',NULL,'','',NULL,'','','',NULL,'',NULL,'Colombo 06');
/*!40000 ALTER TABLE `vtiger_assesmentnumber` ENABLE KEYS */;
UNLOCK TABLES;

--
-- Table structure for table `vtiger_assesmentnumbercf`
--

DROP TABLE IF EXISTS `vtiger_assesmentnumbercf`;
/*!40101 SET @saved_cs_client     = @@character_set_client */;
/*!40101 SET character_set_client = utf8 */;
CREATE TABLE `vtiger_assesmentnumbercf` (
  `assesmentnumberid` int(11) NOT NULL,
  PRIMARY KEY (`assesmentnumberid`)
) ENGINE=InnoDB DEFAULT CHARSET=utf8;
/*!40101 SET character_set_client = @saved_cs_client */;

--
-- Dumping data for table `vtiger_assesmentnumbercf`
--

LOCK TABLES `vtiger_assesmentnumbercf` WRITE;
/*!40000 ALTER TABLE `vtiger_assesmentnumbercf` DISABLE KEYS */;
INSERT INTO `vtiger_assesmentnumbercf` VALUES (41),(42),(43),(57),(58),(60),(69),(70),(72);
/*!40000 ALTER TABLE `vtiger_assesmentnumbercf` ENABLE KEYS */;
UNLOCK TABLES;

--
-- Table structure for table `vtiger_assesments`
--

DROP TABLE IF EXISTS `vtiger_assesments`;
/*!40101 SET @saved_cs_client     = @@character_set_client */;
/*!40101 SET character_set_client = utf8 */;
CREATE TABLE `vtiger_assesments` (
  `assesmentsid` int(11) NOT NULL DEFAULT '0',
  `assesment_no` varchar(128) DEFAULT NULL,
  `file_number` varchar(128) DEFAULT NULL,
  `existing_assesment_no` varchar(100) DEFAULT NULL,
  `assesment_type` varchar(100) DEFAULT NULL,
  `assesment_category` varchar(100) DEFAULT NULL,
  `assesment_status` varchar(100) DEFAULT NULL,
  `street` varchar(100) DEFAULT NULL,
  `city` varchar(100) DEFAULT NULL,
  `ward_no` varchar(100) DEFAULT NULL,
  `lot_no` varchar(100) DEFAULT NULL,
  `date_of_inspection` date DEFAULT NULL,
  `ass_val_inspector_name` varchar(100) DEFAULT NULL,
  `comments_of_accountant` varchar(255) DEFAULT NULL,
  `comments_of_commissioner` varchar(255) DEFAULT NULL,
  `LBL_APPROVED_DATE` date DEFAULT NULL,
  `approval_assesment_number` varchar(100) DEFAULT NULL,
  `address` varchar(100) DEFAULT NULL,
  PRIMARY KEY (`assesmentsid`)
) ENGINE=InnoDB DEFAULT CHARSET=utf8;
/*!40101 SET character_set_client = @saved_cs_client */;

--
-- Dumping data for table `vtiger_assesments`
--

LOCK TABLES `vtiger_assesments` WRITE;
/*!40000 ALTER TABLE `vtiger_assesments` DISABLE KEYS */;
INSERT INTO `vtiger_assesments` VALUES (45,'','Test','Test','Proposed','Existing','Inspection','Test','TestTestTest','Test','Test','2017-03-15','Valuation Inspector 01','Test','Test','2017-04-06','Test',NULL),(49,'','DMMC/FN/CVC/BA/01/53/2/5/2017','53','','Existing','','','','','',NULL,'','','',NULL,'',NULL),(50,'ASS1','DMMC/FN/CVC/BA/1/125/Manning place/2017','125','','New','','Manning place','','','',NULL,'','','',NULL,'',NULL),(51,'ASS2','DMMC/FN/CVC/BA/2/17/1/kpk/2017','17/1','','New','','kpk','','','',NULL,'','','',NULL,'',NULL),(65,'ASS3','DMMC/FN/CVC/BA/3/65/Peterson/2017','65','Proposed','','','Peterson','','','',NULL,'Valuation Inspector 01','','',NULL,'','Colombo'),(75,'ASS4','DMMC/FN/CVC/BA/4///2017','','','','','',NULL,'','',NULL,'','','',NULL,'','Colombo 06');
/*!40000 ALTER TABLE `vtiger_assesments` ENABLE KEYS */;
UNLOCK TABLES;

--
-- Table structure for table `vtiger_assesmentscf`
--

DROP TABLE IF EXISTS `vtiger_assesmentscf`;
/*!40101 SET @saved_cs_client     = @@character_set_client */;
/*!40101 SET character_set_client = utf8 */;
CREATE TABLE `vtiger_assesmentscf` (
  `assesmentsid` int(11) NOT NULL,
  PRIMARY KEY (`assesmentsid`)
) ENGINE=InnoDB DEFAULT CHARSET=utf8;
/*!40101 SET character_set_client = @saved_cs_client */;

--
-- Dumping data for table `vtiger_assesmentscf`
--

LOCK TABLES `vtiger_assesmentscf` WRITE;
/*!40000 ALTER TABLE `vtiger_assesmentscf` DISABLE KEYS */;
INSERT INTO `vtiger_assesmentscf` VALUES (45),(49),(50),(51),(65),(75);
/*!40000 ALTER TABLE `vtiger_assesmentscf` ENABLE KEYS */;
UNLOCK TABLES;

--
-- Table structure for table `vtiger_assets`
--

DROP TABLE IF EXISTS `vtiger_assets`;
/*!40101 SET @saved_cs_client     = @@character_set_client */;
/*!40101 SET character_set_client = utf8 */;
CREATE TABLE `vtiger_assets` (
  `assetsid` int(11) NOT NULL,
  `asset_no` varchar(30) NOT NULL,
  `account` int(19) DEFAULT NULL,
  `product` int(19) NOT NULL,
  `serialnumber` varchar(200) DEFAULT NULL,
  `datesold` date DEFAULT NULL,
  `dateinservice` date DEFAULT NULL,
  `assetstatus` varchar(200) DEFAULT 'In Service',
  `tagnumber` varchar(300) DEFAULT NULL,
  `invoiceid` int(19) DEFAULT NULL,
  `shippingmethod` varchar(200) DEFAULT NULL,
  `shippingtrackingnumber` varchar(200) DEFAULT NULL,
  `assetname` varchar(100) DEFAULT NULL,
  `contact` int(19) DEFAULT NULL,
  PRIMARY KEY (`assetsid`),
  CONSTRAINT `fk_1_vtiger_assets` FOREIGN KEY (`assetsid`) REFERENCES `vtiger_crmentity` (`crmid`) ON DELETE CASCADE
) ENGINE=InnoDB DEFAULT CHARSET=utf8;
/*!40101 SET character_set_client = @saved_cs_client */;

--
-- Dumping data for table `vtiger_assets`
--

LOCK TABLES `vtiger_assets` WRITE;
/*!40000 ALTER TABLE `vtiger_assets` DISABLE KEYS */;
/*!40000 ALTER TABLE `vtiger_assets` ENABLE KEYS */;
UNLOCK TABLES;

--
-- Table structure for table `vtiger_assetscf`
--

DROP TABLE IF EXISTS `vtiger_assetscf`;
/*!40101 SET @saved_cs_client     = @@character_set_client */;
/*!40101 SET character_set_client = utf8 */;
CREATE TABLE `vtiger_assetscf` (
  `assetsid` int(19) NOT NULL,
  PRIMARY KEY (`assetsid`)
) ENGINE=InnoDB DEFAULT CHARSET=utf8;
/*!40101 SET character_set_client = @saved_cs_client */;

--
-- Dumping data for table `vtiger_assetscf`
--

LOCK TABLES `vtiger_assetscf` WRITE;
/*!40000 ALTER TABLE `vtiger_assetscf` DISABLE KEYS */;
/*!40000 ALTER TABLE `vtiger_assetscf` ENABLE KEYS */;
UNLOCK TABLES;

--
-- Table structure for table `vtiger_assetstatus`
--

DROP TABLE IF EXISTS `vtiger_assetstatus`;
/*!40101 SET @saved_cs_client     = @@character_set_client */;
/*!40101 SET character_set_client = utf8 */;
CREATE TABLE `vtiger_assetstatus` (
  `assetstatusid` int(11) NOT NULL AUTO_INCREMENT,
  `assetstatus` varchar(200) NOT NULL,
  `presence` int(1) NOT NULL DEFAULT '1',
  `picklist_valueid` int(11) NOT NULL DEFAULT '0',
  `sortorderid` int(11) DEFAULT '0',
  PRIMARY KEY (`assetstatusid`)
) ENGINE=InnoDB AUTO_INCREMENT=3 DEFAULT CHARSET=utf8;
/*!40101 SET character_set_client = @saved_cs_client */;

--
-- Dumping data for table `vtiger_assetstatus`
--

LOCK TABLES `vtiger_assetstatus` WRITE;
/*!40000 ALTER TABLE `vtiger_assetstatus` DISABLE KEYS */;
INSERT INTO `vtiger_assetstatus` VALUES (1,'In Service',1,286,1),(2,'Out-of-service',1,287,2);
/*!40000 ALTER TABLE `vtiger_assetstatus` ENABLE KEYS */;
UNLOCK TABLES;

--
-- Table structure for table `vtiger_assetstatus_seq`
--

DROP TABLE IF EXISTS `vtiger_assetstatus_seq`;
/*!40101 SET @saved_cs_client     = @@character_set_client */;
/*!40101 SET character_set_client = utf8 */;
CREATE TABLE `vtiger_assetstatus_seq` (
  `id` int(11) NOT NULL
) ENGINE=InnoDB DEFAULT CHARSET=latin1;
/*!40101 SET character_set_client = @saved_cs_client */;

--
-- Dumping data for table `vtiger_assetstatus_seq`
--

LOCK TABLES `vtiger_assetstatus_seq` WRITE;
/*!40000 ALTER TABLE `vtiger_assetstatus_seq` DISABLE KEYS */;
INSERT INTO `vtiger_assetstatus_seq` VALUES (2);
/*!40000 ALTER TABLE `vtiger_assetstatus_seq` ENABLE KEYS */;
UNLOCK TABLES;

--
-- Table structure for table `vtiger_assigned_planing_engineer`
--

DROP TABLE IF EXISTS `vtiger_assigned_planing_engineer`;
/*!40101 SET @saved_cs_client     = @@character_set_client */;
/*!40101 SET character_set_client = utf8 */;
CREATE TABLE `vtiger_assigned_planing_engineer` (
  `assigned_planing_engineerid` int(11) NOT NULL AUTO_INCREMENT,
  `assigned_planing_engineer` varchar(200) NOT NULL,
  `presence` int(1) NOT NULL DEFAULT '1',
  `picklist_valueid` int(11) NOT NULL DEFAULT '0',
  `sortorderid` int(11) DEFAULT '0',
  PRIMARY KEY (`assigned_planing_engineerid`)
) ENGINE=InnoDB AUTO_INCREMENT=2 DEFAULT CHARSET=utf8;
/*!40101 SET character_set_client = @saved_cs_client */;

--
-- Dumping data for table `vtiger_assigned_planing_engineer`
--

LOCK TABLES `vtiger_assigned_planing_engineer` WRITE;
/*!40000 ALTER TABLE `vtiger_assigned_planing_engineer` DISABLE KEYS */;
INSERT INTO `vtiger_assigned_planing_engineer` VALUES (1,'Engineer Test',1,333,1);
/*!40000 ALTER TABLE `vtiger_assigned_planing_engineer` ENABLE KEYS */;
UNLOCK TABLES;

--
-- Table structure for table `vtiger_assigned_planing_engineer_seq`
--

DROP TABLE IF EXISTS `vtiger_assigned_planing_engineer_seq`;
/*!40101 SET @saved_cs_client     = @@character_set_client */;
/*!40101 SET character_set_client = utf8 */;
CREATE TABLE `vtiger_assigned_planing_engineer_seq` (
  `id` int(11) NOT NULL
) ENGINE=MyISAM DEFAULT CHARSET=utf8 COLLATE=utf8_unicode_ci;
/*!40101 SET character_set_client = @saved_cs_client */;

--
-- Dumping data for table `vtiger_assigned_planing_engineer_seq`
--

LOCK TABLES `vtiger_assigned_planing_engineer_seq` WRITE;
/*!40000 ALTER TABLE `vtiger_assigned_planing_engineer_seq` DISABLE KEYS */;
INSERT INTO `vtiger_assigned_planing_engineer_seq` VALUES (1);
/*!40000 ALTER TABLE `vtiger_assigned_planing_engineer_seq` ENABLE KEYS */;
UNLOCK TABLES;

--
-- Table structure for table `vtiger_assigned_technical_officer`
--

DROP TABLE IF EXISTS `vtiger_assigned_technical_officer`;
/*!40101 SET @saved_cs_client     = @@character_set_client */;
/*!40101 SET character_set_client = utf8 */;
CREATE TABLE `vtiger_assigned_technical_officer` (
  `assigned_technical_officerid` int(11) NOT NULL AUTO_INCREMENT,
  `assigned_technical_officer` varchar(200) NOT NULL,
  `presence` int(1) NOT NULL DEFAULT '1',
  `picklist_valueid` int(11) NOT NULL DEFAULT '0',
  `sortorderid` int(11) DEFAULT '0',
  PRIMARY KEY (`assigned_technical_officerid`)
) ENGINE=InnoDB AUTO_INCREMENT=2 DEFAULT CHARSET=utf8;
/*!40101 SET character_set_client = @saved_cs_client */;

--
-- Dumping data for table `vtiger_assigned_technical_officer`
--

LOCK TABLES `vtiger_assigned_technical_officer` WRITE;
/*!40000 ALTER TABLE `vtiger_assigned_technical_officer` DISABLE KEYS */;
INSERT INTO `vtiger_assigned_technical_officer` VALUES (1,'Technical Officer Test',1,332,1);
/*!40000 ALTER TABLE `vtiger_assigned_technical_officer` ENABLE KEYS */;
UNLOCK TABLES;

--
-- Table structure for table `vtiger_assigned_technical_officer_seq`
--

DROP TABLE IF EXISTS `vtiger_assigned_technical_officer_seq`;
/*!40101 SET @saved_cs_client     = @@character_set_client */;
/*!40101 SET character_set_client = utf8 */;
CREATE TABLE `vtiger_assigned_technical_officer_seq` (
  `id` int(11) NOT NULL
) ENGINE=MyISAM DEFAULT CHARSET=utf8 COLLATE=utf8_unicode_ci;
/*!40101 SET character_set_client = @saved_cs_client */;

--
-- Dumping data for table `vtiger_assigned_technical_officer_seq`
--

LOCK TABLES `vtiger_assigned_technical_officer_seq` WRITE;
/*!40000 ALTER TABLE `vtiger_assigned_technical_officer_seq` DISABLE KEYS */;
INSERT INTO `vtiger_assigned_technical_officer_seq` VALUES (1);
/*!40000 ALTER TABLE `vtiger_assigned_technical_officer_seq` ENABLE KEYS */;
UNLOCK TABLES;

--
-- Table structure for table `vtiger_asterisk`
--

DROP TABLE IF EXISTS `vtiger_asterisk`;
/*!40101 SET @saved_cs_client     = @@character_set_client */;
/*!40101 SET character_set_client = utf8 */;
CREATE TABLE `vtiger_asterisk` (
  `server` varchar(30) DEFAULT NULL,
  `port` varchar(30) DEFAULT NULL,
  `username` varchar(50) DEFAULT NULL,
  `password` varchar(50) DEFAULT NULL,
  `version` varchar(50) DEFAULT NULL
) ENGINE=InnoDB DEFAULT CHARSET=latin1;
/*!40101 SET character_set_client = @saved_cs_client */;

--
-- Dumping data for table `vtiger_asterisk`
--

LOCK TABLES `vtiger_asterisk` WRITE;
/*!40000 ALTER TABLE `vtiger_asterisk` DISABLE KEYS */;
/*!40000 ALTER TABLE `vtiger_asterisk` ENABLE KEYS */;
UNLOCK TABLES;

--
-- Table structure for table `vtiger_asteriskextensions`
--

DROP TABLE IF EXISTS `vtiger_asteriskextensions`;
/*!40101 SET @saved_cs_client     = @@character_set_client */;
/*!40101 SET character_set_client = utf8 */;
CREATE TABLE `vtiger_asteriskextensions` (
  `userid` int(11) DEFAULT NULL,
  `asterisk_extension` varchar(50) DEFAULT NULL,
  `use_asterisk` varchar(3) DEFAULT NULL
) ENGINE=InnoDB DEFAULT CHARSET=latin1;
/*!40101 SET character_set_client = @saved_cs_client */;

--
-- Dumping data for table `vtiger_asteriskextensions`
--

LOCK TABLES `vtiger_asteriskextensions` WRITE;
/*!40000 ALTER TABLE `vtiger_asteriskextensions` DISABLE KEYS */;
INSERT INTO `vtiger_asteriskextensions` VALUES (1,NULL,NULL),(5,NULL,NULL),(6,NULL,NULL),(7,NULL,NULL),(8,NULL,NULL),(9,NULL,NULL),(10,NULL,NULL),(11,NULL,NULL),(12,NULL,NULL),(13,NULL,NULL),(14,NULL,NULL),(15,NULL,NULL),(16,NULL,NULL);
/*!40000 ALTER TABLE `vtiger_asteriskextensions` ENABLE KEYS */;
UNLOCK TABLES;

--
-- Table structure for table `vtiger_asteriskincomingcalls`
--

DROP TABLE IF EXISTS `vtiger_asteriskincomingcalls`;
/*!40101 SET @saved_cs_client     = @@character_set_client */;
/*!40101 SET character_set_client = utf8 */;
CREATE TABLE `vtiger_asteriskincomingcalls` (
  `from_number` varchar(50) DEFAULT NULL,
  `from_name` varchar(50) DEFAULT NULL,
  `to_number` varchar(50) DEFAULT NULL,
  `callertype` varchar(30) DEFAULT NULL,
  `flag` int(19) DEFAULT NULL,
  `timer` int(19) DEFAULT NULL,
  `refuid` varchar(255) DEFAULT NULL
) ENGINE=InnoDB DEFAULT CHARSET=latin1;
/*!40101 SET character_set_client = @saved_cs_client */;

--
-- Dumping data for table `vtiger_asteriskincomingcalls`
--

LOCK TABLES `vtiger_asteriskincomingcalls` WRITE;
/*!40000 ALTER TABLE `vtiger_asteriskincomingcalls` DISABLE KEYS */;
/*!40000 ALTER TABLE `vtiger_asteriskincomingcalls` ENABLE KEYS */;
UNLOCK TABLES;

--
-- Table structure for table `vtiger_asteriskincomingevents`
--

DROP TABLE IF EXISTS `vtiger_asteriskincomingevents`;
/*!40101 SET @saved_cs_client     = @@character_set_client */;
/*!40101 SET character_set_client = utf8 */;
CREATE TABLE `vtiger_asteriskincomingevents` (
  `uid` varchar(255) NOT NULL,
  `channel` varchar(100) DEFAULT NULL,
  `from_number` bigint(20) DEFAULT NULL,
  `from_name` varchar(100) DEFAULT NULL,
  `to_number` bigint(20) DEFAULT NULL,
  `callertype` varchar(100) DEFAULT NULL,
  `timer` int(20) DEFAULT NULL,
  `flag` varchar(3) DEFAULT NULL,
  `pbxrecordid` int(19) DEFAULT NULL,
  `relcrmid` int(19) DEFAULT NULL,
  PRIMARY KEY (`uid`)
) ENGINE=InnoDB DEFAULT CHARSET=latin1;
/*!40101 SET character_set_client = @saved_cs_client */;

--
-- Dumping data for table `vtiger_asteriskincomingevents`
--

LOCK TABLES `vtiger_asteriskincomingevents` WRITE;
/*!40000 ALTER TABLE `vtiger_asteriskincomingevents` DISABLE KEYS */;
/*!40000 ALTER TABLE `vtiger_asteriskincomingevents` ENABLE KEYS */;
UNLOCK TABLES;

--
-- Table structure for table `vtiger_attachments`
--

DROP TABLE IF EXISTS `vtiger_attachments`;
/*!40101 SET @saved_cs_client     = @@character_set_client */;
/*!40101 SET character_set_client = utf8 */;
CREATE TABLE `vtiger_attachments` (
  `attachmentsid` int(19) NOT NULL,
  `name` varchar(255) NOT NULL,
  `description` text,
  `type` varchar(100) DEFAULT NULL,
  `path` text,
  `subject` varchar(255) DEFAULT NULL,
  PRIMARY KEY (`attachmentsid`),
  KEY `attachments_attachmentsid_idx` (`attachmentsid`)
) ENGINE=InnoDB DEFAULT CHARSET=latin1;
/*!40101 SET character_set_client = @saved_cs_client */;

--
-- Dumping data for table `vtiger_attachments`
--

LOCK TABLES `vtiger_attachments` WRITE;
/*!40000 ALTER TABLE `vtiger_attachments` DISABLE KEYS */;
INSERT INTO `vtiger_attachments` VALUES (14,'Block_Plan_BP-236-21-1203.txt',NULL,'text/plain','storage/2017/March/week1/',NULL);
/*!40000 ALTER TABLE `vtiger_attachments` ENABLE KEYS */;
UNLOCK TABLES;

--
-- Table structure for table `vtiger_attachmentsfolder`
--

DROP TABLE IF EXISTS `vtiger_attachmentsfolder`;
/*!40101 SET @saved_cs_client     = @@character_set_client */;
/*!40101 SET character_set_client = utf8 */;
CREATE TABLE `vtiger_attachmentsfolder` (
  `folderid` int(19) NOT NULL AUTO_INCREMENT,
  `foldername` varchar(200) NOT NULL,
  `description` varchar(250) DEFAULT NULL,
  `createdby` int(19) NOT NULL,
  `sequence` int(19) DEFAULT NULL,
  PRIMARY KEY (`folderid`)
) ENGINE=InnoDB AUTO_INCREMENT=2 DEFAULT CHARSET=latin1;
/*!40101 SET character_set_client = @saved_cs_client */;

--
-- Dumping data for table `vtiger_attachmentsfolder`
--

LOCK TABLES `vtiger_attachmentsfolder` WRITE;
/*!40000 ALTER TABLE `vtiger_attachmentsfolder` DISABLE KEYS */;
INSERT INTO `vtiger_attachmentsfolder` VALUES (1,'Default','This is a Default Folder',1,1);
/*!40000 ALTER TABLE `vtiger_attachmentsfolder` ENABLE KEYS */;
UNLOCK TABLES;

--
-- Table structure for table `vtiger_attachmentsfolder_seq`
--

DROP TABLE IF EXISTS `vtiger_attachmentsfolder_seq`;
/*!40101 SET @saved_cs_client     = @@character_set_client */;
/*!40101 SET character_set_client = utf8 */;
CREATE TABLE `vtiger_attachmentsfolder_seq` (
  `id` int(11) NOT NULL
) ENGINE=InnoDB DEFAULT CHARSET=latin1;
/*!40101 SET character_set_client = @saved_cs_client */;

--
-- Dumping data for table `vtiger_attachmentsfolder_seq`
--

LOCK TABLES `vtiger_attachmentsfolder_seq` WRITE;
/*!40000 ALTER TABLE `vtiger_attachmentsfolder_seq` DISABLE KEYS */;
INSERT INTO `vtiger_attachmentsfolder_seq` VALUES (1);
/*!40000 ALTER TABLE `vtiger_attachmentsfolder_seq` ENABLE KEYS */;
UNLOCK TABLES;

--
-- Table structure for table `vtiger_audit_trial`
--

DROP TABLE IF EXISTS `vtiger_audit_trial`;
/*!40101 SET @saved_cs_client     = @@character_set_client */;
/*!40101 SET character_set_client = utf8 */;
CREATE TABLE `vtiger_audit_trial` (
  `auditid` int(19) NOT NULL,
  `userid` int(19) DEFAULT NULL,
  `module` varchar(255) DEFAULT NULL,
  `action` varchar(255) DEFAULT NULL,
  `recordid` varchar(20) DEFAULT NULL,
  `actiondate` datetime DEFAULT NULL,
  PRIMARY KEY (`auditid`)
) ENGINE=InnoDB DEFAULT CHARSET=latin1;
/*!40101 SET character_set_client = @saved_cs_client */;

--
-- Dumping data for table `vtiger_audit_trial`
--

LOCK TABLES `vtiger_audit_trial` WRITE;
/*!40000 ALTER TABLE `vtiger_audit_trial` DISABLE KEYS */;
/*!40000 ALTER TABLE `vtiger_audit_trial` ENABLE KEYS */;
UNLOCK TABLES;

--
-- Table structure for table `vtiger_blockplan`
--

DROP TABLE IF EXISTS `vtiger_blockplan`;
/*!40101 SET @saved_cs_client     = @@character_set_client */;
/*!40101 SET character_set_client = utf8 */;
CREATE TABLE `vtiger_blockplan` (
  `blockplanid` int(11) NOT NULL DEFAULT '0',
  `blockplan_no` varchar(32) DEFAULT NULL,
  `fullname` varchar(128) DEFAULT NULL,
  `assesment_no` varchar(128) DEFAULT NULL,
  `plan_status` varchar(255) DEFAULT NULL,
  `plan_approved_date` date DEFAULT NULL,
  `payment_made` varchar(3) DEFAULT NULL,
  `street` varchar(100) DEFAULT NULL,
  `city` varchar(100) DEFAULT NULL,
  `ward_no` varchar(100) DEFAULT NULL,
  `lot_no` varchar(100) DEFAULT NULL,
  `submitted_date_to_draughtsman` date DEFAULT NULL,
  `assaigned_draughtsman` varchar(100) DEFAULT NULL,
  `surveyors_plan_no` varchar(100) DEFAULT NULL,
  `name_of_the_surveyors` varchar(100) DEFAULT NULL,
  `date_of_surveyors_plan` date DEFAULT NULL,
  `area_according_to_zone` varchar(100) DEFAULT NULL,
  `if_there_any_reservation` varchar(100) DEFAULT NULL,
  `sheet_no` varchar(100) DEFAULT NULL,
  `street_line` varchar(100) DEFAULT NULL,
  `building_line` varchar(100) DEFAULT NULL,
  `assigned_technical_officer` varchar(100) DEFAULT NULL,
  `assigned_planing_engineer` varchar(100) DEFAULT NULL,
  `date_of_visit` date DEFAULT NULL,
  `plan` varchar(100) DEFAULT NULL,
  `old_plan` varchar(100) DEFAULT NULL,
  `deed_copy` varchar(100) DEFAULT NULL,
  `file_no` varchar(255) DEFAULT NULL,
  `division` varchar(128) DEFAULT NULL,
  PRIMARY KEY (`blockplanid`)
) ENGINE=InnoDB DEFAULT CHARSET=utf8;
/*!40101 SET character_set_client = @saved_cs_client */;

--
-- Dumping data for table `vtiger_blockplan`
--

LOCK TABLES `vtiger_blockplan` WRITE;
/*!40000 ALTER TABLE `vtiger_blockplan` DISABLE KEYS */;
INSERT INTO `vtiger_blockplan` VALUES (6,'','Test Block Plan application','15/2',NULL,NULL,NULL,NULL,NULL,NULL,NULL,NULL,NULL,NULL,NULL,NULL,NULL,NULL,NULL,NULL,NULL,NULL,NULL,NULL,NULL,NULL,NULL,NULL,NULL),(7,'BLPL001','Sutharsan Jeganathan','253',NULL,NULL,NULL,NULL,NULL,NULL,NULL,NULL,NULL,NULL,NULL,NULL,NULL,NULL,NULL,NULL,NULL,NULL,NULL,NULL,NULL,NULL,NULL,NULL,NULL),(11,'BLPL002','','',NULL,NULL,NULL,NULL,NULL,NULL,NULL,NULL,NULL,NULL,NULL,NULL,NULL,NULL,NULL,NULL,NULL,NULL,NULL,NULL,NULL,NULL,NULL,NULL,NULL),(12,'BLPL003','Test','Test','Payment Made','2017-03-14','1','Test','Test','ARGAEREH','Test','2017-03-09','Draughsman Test','Test6567','Test','2017-03-17','Test','Test','Test','Test','Test','Technical Officer Test','Engineer Test','2017-03-24','Test','Test','Test',NULL,NULL),(24,'BLPL004','Test Customer','58/7f','Draughsman Verification',NULL,'0','','','','','2017-03-06','Draughsman Test','256/88','S Sabaratnam',NULL,'','','','','','','',NULL,'A/256/T01','','',NULL,NULL),(25,'BLPL005','Managment Asst.','45/9','Resubmission',NULL,'0','','','','',NULL,'','','',NULL,'','','','','','','',NULL,'DF4','','','KBB/01/2017',NULL),(38,'BLPL006','Jeganathan Sutharsan','52/9','Open',NULL,'0','','','','',NULL,'','','',NULL,'','','','','','','',NULL,'AD05','','','','Ratmalana'),(39,'BLPL007','Amason Blog','568/2','Open',NULL,'0','','','','',NULL,'','','',NULL,'','','','','','','',NULL,'s3','','','BP/R/1/2017','Ratmalana'),(78,'BLPL008','123','','Payment Made',NULL,'0','','','','',NULL,'','','',NULL,'','','','','','','',NULL,'fefqEF','','','BP/R/2/2017','Ratmalana'),(81,'BLPL009','TEST','12313D12E','Engineer Review',NULL,'0','','','','',NULL,'','','',NULL,'','','','','','','',NULL,'DFADF34FA','','','BP/R/3/2017','Ratmalana'),(83,'BLPL010','Mathan R','2','Field Visit',NULL,'1','','','45','2112','2017-05-29','Draughsman Test','PL789','','2016-11-02','','','','','','Technical Officer Test','Engineer Test','2017-05-31','EIR2','','','BP/M/4/2017','Mt. Lavinia'),(88,'BLPL011','Test Mathan','34','Field Visit',NULL,'1','Mount Avenue','Ratmalana','','','2017-06-05','Draughsman Test','12','','2017-05-16','','','','','','','',NULL,'cupboard 2','','','BP/R/5/2017','Mt. Lavinia'),(89,'BLPL012','Suranjith Yapa','55/2','Field Visit',NULL,'1','Mount Avenue','mount lavenia','23','','2017-06-01','','','',NULL,'','','','','','Technical Officer Test','',NULL,'cupboard 2,3rd','','','BP/M/6/2017','Mt. Lavinia'),(93,'BLPL013','Jegas','122/1','For commitee approval',NULL,'0','CHARLES PLACE RIGHT','Dehiwela','Dehiwela East','125','2018-06-01','Draughsman Test','536','Jayasurua','2013-02-13','Mt. lavinia','reservation detail','25','','','Technical Officer Test','Engineer Test','2018-06-06','12','','','BP/M/1/2018','Mt. Lavinia');
/*!40000 ALTER TABLE `vtiger_blockplan` ENABLE KEYS */;
UNLOCK TABLES;

--
-- Table structure for table `vtiger_blockplancf`
--

DROP TABLE IF EXISTS `vtiger_blockplancf`;
/*!40101 SET @saved_cs_client     = @@character_set_client */;
/*!40101 SET character_set_client = utf8 */;
CREATE TABLE `vtiger_blockplancf` (
  `blockplanid` int(11) NOT NULL,
  PRIMARY KEY (`blockplanid`)
) ENGINE=InnoDB DEFAULT CHARSET=utf8;
/*!40101 SET character_set_client = @saved_cs_client */;

--
-- Dumping data for table `vtiger_blockplancf`
--

LOCK TABLES `vtiger_blockplancf` WRITE;
/*!40000 ALTER TABLE `vtiger_blockplancf` DISABLE KEYS */;
INSERT INTO `vtiger_blockplancf` VALUES (6),(7),(11),(12),(24),(25),(38),(39),(78),(81),(83),(88),(89),(93);
/*!40000 ALTER TABLE `vtiger_blockplancf` ENABLE KEYS */;
UNLOCK TABLES;

--
-- Table structure for table `vtiger_blocks`
--

DROP TABLE IF EXISTS `vtiger_blocks`;
/*!40101 SET @saved_cs_client     = @@character_set_client */;
/*!40101 SET character_set_client = utf8 */;
CREATE TABLE `vtiger_blocks` (
  `blockid` int(19) NOT NULL,
  `tabid` int(19) NOT NULL,
  `blocklabel` varchar(100) NOT NULL,
  `sequence` int(10) DEFAULT NULL,
  `show_title` int(2) DEFAULT NULL,
  `visible` int(2) NOT NULL DEFAULT '0',
  `create_view` int(2) NOT NULL DEFAULT '0',
  `edit_view` int(2) NOT NULL DEFAULT '0',
  `detail_view` int(2) NOT NULL DEFAULT '0',
  `display_status` int(1) NOT NULL DEFAULT '1',
  `iscustom` int(1) NOT NULL DEFAULT '0',
  PRIMARY KEY (`blockid`),
  KEY `block_tabid_idx` (`tabid`)
) ENGINE=InnoDB DEFAULT CHARSET=latin1;
/*!40101 SET character_set_client = @saved_cs_client */;

--
-- Dumping data for table `vtiger_blocks`
--

LOCK TABLES `vtiger_blocks` WRITE;
/*!40000 ALTER TABLE `vtiger_blocks` DISABLE KEYS */;
INSERT INTO `vtiger_blocks` VALUES (1,2,'LBL_OPPORTUNITY_INFORMATION',1,0,0,0,0,0,1,0),(2,2,'LBL_CUSTOM_INFORMATION',2,0,0,0,0,0,1,0),(3,2,'LBL_DESCRIPTION_INFORMATION',3,0,0,0,0,0,1,0),(4,4,'LBL_CONTACT_INFORMATION',1,0,0,0,0,0,1,0),(5,4,'LBL_CUSTOM_INFORMATION',2,0,0,0,0,0,1,0),(6,4,'LBL_CUSTOMER_PORTAL_INFORMATION',3,0,0,0,0,0,1,0),(7,4,'LBL_ADDRESS_INFORMATION',4,0,0,0,0,0,1,0),(8,4,'LBL_DESCRIPTION_INFORMATION',5,0,0,0,0,0,1,0),(9,6,'LBL_ACCOUNT_INFORMATION',1,0,0,0,0,0,1,0),(10,6,'LBL_CUSTOM_INFORMATION',2,0,0,0,0,0,1,0),(11,6,'LBL_ADDRESS_INFORMATION',3,0,0,0,0,0,1,0),(12,6,'LBL_DESCRIPTION_INFORMATION',4,0,0,0,0,0,1,0),(13,7,'LBL_LEAD_INFORMATION',1,0,0,0,0,0,1,0),(14,7,'LBL_CUSTOM_INFORMATION',2,0,0,0,0,0,1,0),(15,7,'LBL_ADDRESS_INFORMATION',3,0,0,0,0,0,1,0),(16,7,'LBL_DESCRIPTION_INFORMATION',4,0,0,0,0,0,1,0),(17,8,'LBL_NOTE_INFORMATION',1,0,0,0,0,0,1,0),(18,8,'LBL_FILE_INFORMATION',3,1,0,0,0,0,1,0),(19,9,'LBL_TASK_INFORMATION',1,0,0,0,0,0,1,0),(20,9,'LBL_DESCRIPTION_INFORMATION',2,1,0,0,0,0,1,0),(21,10,'LBL_EMAIL_INFORMATION',1,0,0,0,0,0,1,0),(22,10,'Emails_Block1',2,1,0,0,0,0,1,0),(23,10,'Emails_Block2',3,1,0,0,0,0,1,0),(24,10,'Emails_Block3',4,1,0,0,0,0,1,0),(25,13,'LBL_TICKET_INFORMATION',1,0,0,0,0,0,1,0),(26,13,'',2,1,0,0,0,0,1,0),(27,13,'LBL_CUSTOM_INFORMATION',3,0,0,0,0,0,1,0),(28,13,'LBL_DESCRIPTION_INFORMATION',4,0,0,0,0,0,1,0),(29,13,'LBL_TICKET_RESOLUTION',5,0,0,1,0,0,1,0),(30,13,'LBL_COMMENTS',6,0,0,1,0,0,1,0),(31,14,'LBL_PRODUCT_INFORMATION',1,0,0,0,0,0,1,0),(32,14,'LBL_PRICING_INFORMATION',2,0,0,0,0,0,1,0),(33,14,'LBL_STOCK_INFORMATION',3,0,0,0,0,0,1,0),(34,14,'LBL_CUSTOM_INFORMATION',4,0,0,0,0,0,1,0),(35,14,'LBL_IMAGE_INFORMATION',5,0,0,0,0,0,1,0),(36,14,'LBL_DESCRIPTION_INFORMATION',6,0,0,0,0,0,1,0),(37,15,'LBL_FAQ_INFORMATION',1,0,0,0,0,0,1,0),(38,15,'LBL_COMMENT_INFORMATION',4,0,0,1,0,0,1,0),(39,16,'LBL_EVENT_INFORMATION',1,0,0,0,0,0,1,0),(40,16,'LBL_REMINDER_INFORMATION',2,0,0,0,0,0,1,0),(41,16,'LBL_DESCRIPTION_INFORMATION',5,0,0,0,0,0,1,0),(42,18,'LBL_VENDOR_INFORMATION',1,0,0,0,0,0,1,0),(43,18,'LBL_CUSTOM_INFORMATION',2,0,0,0,0,0,1,0),(44,18,'LBL_VENDOR_ADDRESS_INFORMATION',3,0,0,0,0,0,1,0),(45,18,'LBL_DESCRIPTION_INFORMATION',4,0,0,0,0,0,1,0),(46,19,'LBL_PRICEBOOK_INFORMATION',1,0,0,0,0,0,1,0),(47,19,'LBL_CUSTOM_INFORMATION',2,0,0,0,0,0,1,0),(48,19,'LBL_DESCRIPTION_INFORMATION',3,0,0,0,0,0,1,0),(49,20,'LBL_QUOTE_INFORMATION',1,0,0,0,0,0,1,0),(50,20,'LBL_CUSTOM_INFORMATION',2,0,0,0,0,0,1,0),(51,20,'LBL_ADDRESS_INFORMATION',3,0,0,0,0,0,1,0),(52,20,'LBL_RELATED_PRODUCTS',4,0,0,0,0,0,1,0),(53,20,'LBL_TERMS_INFORMATION',5,0,0,0,0,0,1,0),(54,20,'LBL_DESCRIPTION_INFORMATION',6,0,0,0,0,0,1,0),(55,21,'LBL_PO_INFORMATION',1,0,0,0,0,0,1,0),(56,21,'LBL_CUSTOM_INFORMATION',2,0,0,0,0,0,1,0),(57,21,'LBL_ADDRESS_INFORMATION',3,0,0,0,0,0,1,0),(58,21,'LBL_RELATED_PRODUCTS',4,0,0,0,0,0,1,0),(59,21,'LBL_TERMS_INFORMATION',5,0,0,0,0,0,1,0),(60,21,'LBL_DESCRIPTION_INFORMATION',6,0,0,0,0,0,1,0),(61,22,'LBL_SO_INFORMATION',1,0,0,0,0,0,1,0),(62,22,'LBL_CUSTOM_INFORMATION',3,0,0,0,0,0,1,0),(63,22,'LBL_ADDRESS_INFORMATION',4,0,0,0,0,0,1,0),(64,22,'LBL_RELATED_PRODUCTS',5,0,0,0,0,0,1,0),(65,22,'LBL_TERMS_INFORMATION',6,0,0,0,0,0,1,0),(66,22,'LBL_DESCRIPTION_INFORMATION',7,0,0,0,0,0,1,0),(67,23,'LBL_INVOICE_INFORMATION',1,0,0,0,0,0,1,0),(68,23,'LBL_CUSTOM_INFORMATION',2,0,0,0,0,0,1,0),(69,23,'LBL_ADDRESS_INFORMATION',3,0,0,0,0,0,1,0),(70,23,'LBL_RELATED_PRODUCTS',4,0,0,0,0,0,1,0),(71,23,'LBL_TERMS_INFORMATION',5,0,0,0,0,0,1,0),(72,23,'LBL_DESCRIPTION_INFORMATION',6,0,0,0,0,0,1,0),(73,4,'LBL_IMAGE_INFORMATION',6,0,0,0,0,0,1,0),(74,26,'LBL_CAMPAIGN_INFORMATION',1,0,0,0,0,0,1,0),(75,26,'LBL_CUSTOM_INFORMATION',2,0,0,0,0,0,1,0),(76,26,'LBL_EXPECTATIONS_AND_ACTUALS',3,0,0,0,0,0,1,0),(77,29,'LBL_USERLOGIN_ROLE',1,0,0,0,0,0,1,0),(78,29,'LBL_CURRENCY_CONFIGURATION',3,0,0,0,0,0,1,0),(79,29,'LBL_MORE_INFORMATION',4,0,0,0,0,0,1,0),(80,29,'LBL_ADDRESS_INFORMATION',5,0,0,0,0,0,1,0),(81,26,'LBL_DESCRIPTION_INFORMATION',4,0,0,0,0,0,1,0),(82,29,'LBL_USER_IMAGE_INFORMATION',5,0,0,0,0,0,1,0),(83,29,'LBL_USER_ADV_OPTIONS',6,0,0,0,0,0,1,0),(84,8,'LBL_DESCRIPTION',2,0,0,0,0,0,1,0),(85,22,'Recurring Invoice Information',2,0,0,0,0,0,1,0),(86,9,'LBL_CUSTOM_INFORMATION',3,0,0,0,0,0,1,0),(87,16,'LBL_CUSTOM_INFORMATION',6,0,0,0,0,0,1,0),(88,30,'LBL_SERVICE_INFORMATION',1,0,0,0,0,0,1,0),(89,30,'LBL_PRICING_INFORMATION',2,0,0,0,0,0,1,0),(90,30,'LBL_CUSTOM_INFORMATION',3,0,0,0,0,0,1,0),(91,30,'LBL_DESCRIPTION_INFORMATION',4,0,0,0,0,0,1,0),(92,31,'LBL_PBXMANAGER_INFORMATION',1,0,0,0,0,0,1,0),(93,34,'LBL_SERVICE_CONTRACT_INFORMATION',1,0,0,0,0,0,1,0),(94,34,'LBL_CUSTOM_INFORMATION',2,0,0,0,0,0,1,0),(95,38,'LBL_MODCOMMENTS_INFORMATION',1,0,0,0,0,0,1,0),(96,38,'LBL_OTHER_INFORMATION',2,0,0,0,0,0,1,0),(97,38,'LBL_CUSTOM_INFORMATION',3,0,0,0,0,0,1,0),(98,39,'LBL_SMSNOTIFIER_INFORMATION',1,0,0,0,0,0,1,0),(99,39,'LBL_CUSTOM_INFORMATION',2,0,0,0,0,0,1,0),(100,39,'StatusInformation',3,0,0,0,0,0,1,0),(101,40,'LBL_PROJECT_MILESTONE_INFORMATION',1,0,0,0,0,0,1,0),(102,40,'LBL_CUSTOM_INFORMATION',2,0,0,0,0,0,1,0),(103,40,'LBL_DESCRIPTION_INFORMATION',3,0,0,0,0,0,1,0),(104,41,'LBL_PROJECT_TASK_INFORMATION',1,0,0,0,0,0,1,0),(105,41,'LBL_CUSTOM_INFORMATION',2,0,0,0,0,0,1,0),(106,41,'LBL_DESCRIPTION_INFORMATION',3,0,0,0,0,0,1,0),(107,42,'LBL_PROJECT_INFORMATION',1,0,0,0,0,0,1,0),(108,42,'LBL_CUSTOM_INFORMATION',2,0,0,0,0,0,1,0),(109,42,'LBL_DESCRIPTION_INFORMATION',3,0,0,0,0,0,1,0),(110,44,'LBL_ASSET_INFORMATION',1,0,0,0,0,0,1,0),(111,44,'LBL_CUSTOM_INFORMATION',2,0,0,0,0,0,1,0),(112,44,'LBL_DESCRIPTION_INFORMATION',3,0,0,0,0,0,1,0),(113,23,'LBL_ITEM_DETAILS',5,0,0,0,0,0,1,0),(114,22,'LBL_ITEM_DETAILS',5,0,0,0,0,0,1,0),(115,21,'LBL_ITEM_DETAILS',5,0,0,0,0,0,1,0),(116,20,'LBL_ITEM_DETAILS',5,0,0,0,0,0,1,0),(117,16,'LBL_RECURRENCE_INFORMATION',3,0,0,0,0,0,1,0),(118,29,'LBL_CALENDAR_SETTINGS',2,0,0,0,0,0,1,0),(119,16,'LBL_RELATED_TO',4,0,0,0,0,0,1,0),(120,51,'LBL_BLOCK_GENERAL_INFORMATION',1,0,0,0,0,0,1,0),(121,51,'LBL_BLOCK_SYSTEM_INFORMATION',2,0,0,0,0,0,1,0),(122,52,'LBL_BLOCK_GENERAL_INFORMATION',1,0,0,0,0,0,1,0),(123,52,'LBL_BLOCK_SYSTEM_INFORMATION',2,0,0,0,0,0,1,0),(124,53,'LBL_BLOCK_GENERAL_INFORMATION',1,0,0,0,0,0,1,0),(125,53,'LBL_BLOCK_SYSTEM_INFORMATION',2,0,0,0,0,0,1,0),(126,54,'LBL_BLOCK_GENERAL_INFORMATION',1,0,0,0,0,0,1,0),(127,54,'LBL_BLOCK_SYSTEM_INFORMATION',2,0,0,0,0,0,1,0),(128,51,'LBL_LOCATION_INFORMATION',3,0,0,0,0,0,1,0),(129,51,'LBL_DRAUGHTSMAN_INFORMATION',4,0,0,0,0,0,1,0),(130,51,'LBL_FIELD_VISIT_INFORMATION',5,0,0,0,0,0,1,0),(131,51,'LBL_FILE_LOCAION_INFORMATION',6,0,0,0,0,0,1,0),(132,52,'LBL_LOCATION_INFORMATION',3,0,0,0,0,0,1,0),(133,52,'LBL_DRAUGHTSMAN_INFORMATION',4,0,0,0,0,0,1,0),(134,52,'LBL_FIELD_VISIT_INFORMATION',5,0,0,0,0,0,1,0),(135,52,'LBL_FILE_LOCAION_INFORMATION',6,0,0,0,0,0,1,0),(136,52,'LBL_FILE_COMMITEE_RECOMENDATION',7,0,0,0,0,0,1,0),(137,53,'LBL_LOCATION_INFORMATION',3,0,0,0,0,0,1,0),(138,53,'LBL_DRAUGHTSMAN_INFORMATION',4,0,0,0,0,0,1,0),(139,53,'LBL_FILE_LOCAION_INFORMATION',5,0,0,0,0,0,1,0),(140,54,'LBL_LOCATION_INFORMATION',3,0,0,0,0,0,1,0),(141,54,'LBL_OLD_COC_INFORMATION',4,0,0,0,0,0,1,0),(142,54,'LBL_FIELD_VISIT_INFORMATION',5,0,0,0,0,0,1,0),(143,54,'LBL_FILE_LOCAION_INFORMATION',6,0,0,0,0,0,1,0),(144,55,'LBL_BLOCK_GENERAL_INFORMATION',1,0,0,0,0,0,1,0),(145,55,'LBL_BLOCK_SYSTEM_INFORMATION',2,0,0,0,0,0,1,0),(156,58,'LBL_BLOCK_GENERAL_INFORMATION',2,0,0,0,0,0,1,0),(157,58,'LBL_BLOCK_SYSTEM_INFORMATION',3,0,0,0,0,0,1,0),(158,58,'LBL_ADDRESS_INFORMATION',1,0,0,0,0,0,1,0),(159,58,'LBL_VALUATION_INSPECTION_INFORMATION',4,0,0,0,0,0,1,0),(160,58,'LBL_APPROVAL_INFORMATION',5,0,0,0,0,0,1,0),(161,58,'LBL_FILE_LOCAION_INFORMATION',6,0,0,0,0,0,1,0);
/*!40000 ALTER TABLE `vtiger_blocks` ENABLE KEYS */;
UNLOCK TABLES;

--
-- Table structure for table `vtiger_blocks_seq`
--

DROP TABLE IF EXISTS `vtiger_blocks_seq`;
/*!40101 SET @saved_cs_client     = @@character_set_client */;
/*!40101 SET character_set_client = utf8 */;
CREATE TABLE `vtiger_blocks_seq` (
  `id` int(11) NOT NULL
) ENGINE=InnoDB DEFAULT CHARSET=latin1;
/*!40101 SET character_set_client = @saved_cs_client */;

--
-- Dumping data for table `vtiger_blocks_seq`
--

LOCK TABLES `vtiger_blocks_seq` WRITE;
/*!40000 ALTER TABLE `vtiger_blocks_seq` DISABLE KEYS */;
INSERT INTO `vtiger_blocks_seq` VALUES (181);
/*!40000 ALTER TABLE `vtiger_blocks_seq` ENABLE KEYS */;
UNLOCK TABLES;

--
-- Table structure for table `vtiger_build_plan_status`
--

DROP TABLE IF EXISTS `vtiger_build_plan_status`;
/*!40101 SET @saved_cs_client     = @@character_set_client */;
/*!40101 SET character_set_client = utf8 */;
CREATE TABLE `vtiger_build_plan_status` (
  `build_plan_statusid` int(11) NOT NULL AUTO_INCREMENT,
  `build_plan_status` varchar(200) NOT NULL,
  `presence` int(1) NOT NULL DEFAULT '1',
  `picklist_valueid` int(11) NOT NULL DEFAULT '0',
  `sortorderid` int(11) DEFAULT '0',
  PRIMARY KEY (`build_plan_statusid`)
) ENGINE=InnoDB AUTO_INCREMENT=13 DEFAULT CHARSET=utf8;
/*!40101 SET character_set_client = @saved_cs_client */;

--
-- Dumping data for table `vtiger_build_plan_status`
--

LOCK TABLES `vtiger_build_plan_status` WRITE;
/*!40000 ALTER TABLE `vtiger_build_plan_status` DISABLE KEYS */;
INSERT INTO `vtiger_build_plan_status` VALUES (1,'Open',1,315,1),(2,'Draughsman Verification',1,316,2),(3,'Payment Made',1,317,3),(4,'Resubmission',1,318,4),(5,'Engineer Review',1,319,5),(6,'Field Visit',1,320,6),(7,'For commitee approval',1,321,7),(8,'Approved',1,322,8),(9,'Rejected',1,323,9),(10,'Submitted to Juries',1,324,10),(11,'Submitted to Legal Officers',1,325,11),(12,'Submitted to Drainage Engineer',1,326,12);
/*!40000 ALTER TABLE `vtiger_build_plan_status` ENABLE KEYS */;
UNLOCK TABLES;

--
-- Table structure for table `vtiger_build_plan_status_seq`
--

DROP TABLE IF EXISTS `vtiger_build_plan_status_seq`;
/*!40101 SET @saved_cs_client     = @@character_set_client */;
/*!40101 SET character_set_client = utf8 */;
CREATE TABLE `vtiger_build_plan_status_seq` (
  `id` int(11) NOT NULL
) ENGINE=MyISAM DEFAULT CHARSET=utf8 COLLATE=utf8_unicode_ci;
/*!40101 SET character_set_client = @saved_cs_client */;

--
-- Dumping data for table `vtiger_build_plan_status_seq`
--

LOCK TABLES `vtiger_build_plan_status_seq` WRITE;
/*!40000 ALTER TABLE `vtiger_build_plan_status_seq` DISABLE KEYS */;
INSERT INTO `vtiger_build_plan_status_seq` VALUES (12);
/*!40000 ALTER TABLE `vtiger_build_plan_status_seq` ENABLE KEYS */;
UNLOCK TABLES;

--
-- Table structure for table `vtiger_buildingplan`
--

DROP TABLE IF EXISTS `vtiger_buildingplan`;
/*!40101 SET @saved_cs_client     = @@character_set_client */;
/*!40101 SET character_set_client = utf8 */;
CREATE TABLE `vtiger_buildingplan` (
  `buildingplanid` int(11) NOT NULL DEFAULT '0',
  `buildingplan_no` varchar(32) DEFAULT NULL,
  `assesment_no` varchar(128) DEFAULT NULL,
  `fullname` varchar(128) DEFAULT NULL,
  `build_plan_status` varchar(255) DEFAULT NULL,
  `plan_approved_date` date DEFAULT NULL,
  `payment_made` varchar(3) DEFAULT NULL,
  `street` varchar(100) DEFAULT NULL,
  `city` varchar(100) DEFAULT NULL,
  `ward_no` varchar(100) DEFAULT NULL,
  `lot_no` varchar(100) DEFAULT NULL,
  `submitted_date_to_draughtsman` date DEFAULT NULL,
  `assa_build_draughtsman` varchar(100) DEFAULT NULL,
  `surveyors_plan_no` varchar(100) DEFAULT NULL,
  `name_of_the_surveyors` varchar(100) DEFAULT NULL,
  `date_of_surveyors_plan` date DEFAULT NULL,
  `area_according_to_zone` varchar(100) DEFAULT NULL,
  `if_there_any_reservation` varchar(100) DEFAULT NULL,
  `sheet_no` varchar(100) DEFAULT NULL,
  `street_line` varchar(100) DEFAULT NULL,
  `building_line` varchar(100) DEFAULT NULL,
  `ass_build_tech_officer` varchar(100) DEFAULT NULL,
  `ass_build_plan_engineer` varchar(100) DEFAULT NULL,
  `purpose_of_building` varchar(100) DEFAULT NULL,
  `date_of_visit` date DEFAULT NULL,
  `plan` varchar(100) DEFAULT NULL,
  `old_plan` varchar(100) DEFAULT NULL,
  `deed_copy` varchar(100) DEFAULT NULL,
  `field_visit_report` varchar(100) DEFAULT NULL,
  `field_visit_comments` varchar(255) DEFAULT NULL,
  `file_no` varchar(255) DEFAULT NULL,
  `division` varchar(128) DEFAULT NULL,
  PRIMARY KEY (`buildingplanid`)
) ENGINE=InnoDB DEFAULT CHARSET=utf8;
/*!40101 SET character_set_client = @saved_cs_client */;

--
-- Dumping data for table `vtiger_buildingplan`
--

LOCK TABLES `vtiger_buildingplan` WRITE;
/*!40000 ALTER TABLE `vtiger_buildingplan` DISABLE KEYS */;
INSERT INTO `vtiger_buildingplan` VALUES (8,'BLDG1','Building plan','Jegan','Resubmission',NULL,'0','','','','',NULL,'','','',NULL,'','','','','','','','',NULL,'AS22','','','','','dd/5/2017',NULL),(15,'BLDG2','Test','Saujanyan','Field Visit','2017-03-08','1','Test','Test','Test','Test','2017-03-20','Draughtsman Test','Test6567','Test','2017-03-16','Test','Test','Test','Test','Test','Technical Officer Test TO','Engineer Testing Planning','Purpose Test','2017-03-13','Test','Test','Test','Test','Test',NULL,NULL),(40,'BLDG3','56/2','Jeganathan Sutharsan','Open',NULL,'0','','','','',NULL,'','','',NULL,'','','','','','','','',NULL,'PP/02','','','','','DB/1/2017','Dehiwala'),(79,'BLDG4','1231','SAUJI','Payment Made',NULL,'0','','','','',NULL,'','','',NULL,'','','','','','','','',NULL,'dfVSD','','','','','MB/2/2017','Mt. Lavinia'),(82,'BLDG5','12/34D','TestTest','Resubmission',NULL,'0','','','','',NULL,'Draughtsman Test','','',NULL,'','','','','','','','',NULL,'FSDFR35','','','','','RB/3/2017','Kalubowila'),(85,'BLDG6','34','Mathan R','Resubmission',NULL,'0','22','','','',NULL,'','','',NULL,'','','','','','Technical Officer Test TO','','','2017-05-31','123','','','','','MB/4/2017','Mt. Lavinia');
/*!40000 ALTER TABLE `vtiger_buildingplan` ENABLE KEYS */;
UNLOCK TABLES;

--
-- Table structure for table `vtiger_buildingplancf`
--

DROP TABLE IF EXISTS `vtiger_buildingplancf`;
/*!40101 SET @saved_cs_client     = @@character_set_client */;
/*!40101 SET character_set_client = utf8 */;
CREATE TABLE `vtiger_buildingplancf` (
  `buildingplanid` int(11) NOT NULL,
  PRIMARY KEY (`buildingplanid`)
) ENGINE=InnoDB DEFAULT CHARSET=utf8;
/*!40101 SET character_set_client = @saved_cs_client */;

--
-- Dumping data for table `vtiger_buildingplancf`
--

LOCK TABLES `vtiger_buildingplancf` WRITE;
/*!40000 ALTER TABLE `vtiger_buildingplancf` DISABLE KEYS */;
INSERT INTO `vtiger_buildingplancf` VALUES (8),(15),(40),(79),(82),(85);
/*!40000 ALTER TABLE `vtiger_buildingplancf` ENABLE KEYS */;
UNLOCK TABLES;

--
-- Table structure for table `vtiger_calendar_default_activitytypes`
--

DROP TABLE IF EXISTS `vtiger_calendar_default_activitytypes`;
/*!40101 SET @saved_cs_client     = @@character_set_client */;
/*!40101 SET character_set_client = utf8 */;
CREATE TABLE `vtiger_calendar_default_activitytypes` (
  `id` int(19) NOT NULL,
  `module` varchar(50) DEFAULT NULL,
  `fieldname` varchar(50) DEFAULT NULL,
  `defaultcolor` varchar(50) DEFAULT NULL,
  PRIMARY KEY (`id`)
) ENGINE=InnoDB DEFAULT CHARSET=latin1;
/*!40101 SET character_set_client = @saved_cs_client */;

--
-- Dumping data for table `vtiger_calendar_default_activitytypes`
--

LOCK TABLES `vtiger_calendar_default_activitytypes` WRITE;
/*!40000 ALTER TABLE `vtiger_calendar_default_activitytypes` DISABLE KEYS */;
INSERT INTO `vtiger_calendar_default_activitytypes` VALUES (1,'Events','Events','#17309A'),(2,'Calendar','Tasks','#3A87AD'),(3,'Potentials','Potentials','#AA6705'),(4,'Contacts','support_end_date','#953B39'),(5,'Contacts','birthday','#545252'),(6,'Invoice','Invoice','#87865D'),(7,'Project','Project','#C71585'),(8,'ProjectTask','Project Task','#006400');
/*!40000 ALTER TABLE `vtiger_calendar_default_activitytypes` ENABLE KEYS */;
UNLOCK TABLES;

--
-- Table structure for table `vtiger_calendar_default_activitytypes_seq`
--

DROP TABLE IF EXISTS `vtiger_calendar_default_activitytypes_seq`;
/*!40101 SET @saved_cs_client     = @@character_set_client */;
/*!40101 SET character_set_client = utf8 */;
CREATE TABLE `vtiger_calendar_default_activitytypes_seq` (
  `id` int(11) NOT NULL
) ENGINE=InnoDB DEFAULT CHARSET=latin1;
/*!40101 SET character_set_client = @saved_cs_client */;

--
-- Dumping data for table `vtiger_calendar_default_activitytypes_seq`
--

LOCK TABLES `vtiger_calendar_default_activitytypes_seq` WRITE;
/*!40000 ALTER TABLE `vtiger_calendar_default_activitytypes_seq` DISABLE KEYS */;
INSERT INTO `vtiger_calendar_default_activitytypes_seq` VALUES (8);
/*!40000 ALTER TABLE `vtiger_calendar_default_activitytypes_seq` ENABLE KEYS */;
UNLOCK TABLES;

--
-- Table structure for table `vtiger_calendar_user_activitytypes`
--

DROP TABLE IF EXISTS `vtiger_calendar_user_activitytypes`;
/*!40101 SET @saved_cs_client     = @@character_set_client */;
/*!40101 SET character_set_client = utf8 */;
CREATE TABLE `vtiger_calendar_user_activitytypes` (
  `id` int(19) NOT NULL,
  `defaultid` int(19) DEFAULT NULL,
  `userid` int(19) DEFAULT NULL,
  `color` varchar(50) DEFAULT NULL,
  `visible` int(19) DEFAULT '1',
  PRIMARY KEY (`id`)
) ENGINE=InnoDB DEFAULT CHARSET=latin1;
/*!40101 SET character_set_client = @saved_cs_client */;

--
-- Dumping data for table `vtiger_calendar_user_activitytypes`
--

LOCK TABLES `vtiger_calendar_user_activitytypes` WRITE;
/*!40000 ALTER TABLE `vtiger_calendar_user_activitytypes` DISABLE KEYS */;
INSERT INTO `vtiger_calendar_user_activitytypes` VALUES (1,1,1,'#17309A',1),(2,2,1,'#3A87AD',1),(3,3,1,'#AA6705',1),(4,4,1,'#953B39',1),(5,5,1,'#545252',1),(6,6,1,'#87865D',1),(7,7,1,'#C71585',1),(8,8,1,'#006400',1),(9,1,5,'#17309A',1),(10,2,5,'#3A87AD',1),(11,3,5,'#AA6705',1),(12,4,5,'#953B39',1),(13,5,5,'#545252',1),(14,6,5,'#87865D',1),(15,7,5,'#C71585',1),(16,8,5,'#006400',1),(17,1,6,'#17309A',1),(18,2,6,'#3A87AD',1),(19,3,6,'#AA6705',1),(20,4,6,'#953B39',1),(21,5,6,'#545252',1),(22,6,6,'#87865D',1),(23,7,6,'#C71585',1),(24,8,6,'#006400',1),(25,1,7,'#17309A',1),(26,2,7,'#3A87AD',1),(27,3,7,'#AA6705',1),(28,4,7,'#953B39',1),(29,5,7,'#545252',1),(30,6,7,'#87865D',1),(31,7,7,'#C71585',1),(32,8,7,'#006400',1),(33,1,8,'#17309A',1),(34,2,8,'#3A87AD',1),(35,3,8,'#AA6705',1),(36,4,8,'#953B39',1),(37,5,8,'#545252',1),(38,6,8,'#87865D',1),(39,7,8,'#C71585',1),(40,8,8,'#006400',1),(41,1,9,'#17309A',1),(42,2,9,'#3A87AD',1),(43,3,9,'#AA6705',1),(44,4,9,'#953B39',1),(45,5,9,'#545252',1),(46,6,9,'#87865D',1),(47,7,9,'#C71585',1),(48,8,9,'#006400',1),(49,1,10,'#17309A',1),(50,2,10,'#3A87AD',1),(51,3,10,'#AA6705',1),(52,4,10,'#953B39',1),(53,5,10,'#545252',1),(54,6,10,'#87865D',1),(55,7,10,'#C71585',1),(56,8,10,'#006400',1),(57,1,11,'#17309A',1),(58,2,11,'#3A87AD',1),(59,3,11,'#AA6705',1),(60,4,11,'#953B39',1),(61,5,11,'#545252',1),(62,6,11,'#87865D',1),(63,7,11,'#C71585',1),(64,8,11,'#006400',1),(65,1,12,'#17309A',1),(66,2,12,'#3A87AD',1),(67,3,12,'#AA6705',1),(68,4,12,'#953B39',1),(69,5,12,'#545252',1),(70,6,12,'#87865D',1),(71,7,12,'#C71585',1),(72,8,12,'#006400',1),(73,1,13,'#17309A',1),(74,2,13,'#3A87AD',1),(75,3,13,'#AA6705',1),(76,4,13,'#953B39',1),(77,5,13,'#545252',1),(78,6,13,'#87865D',1),(79,7,13,'#C71585',1),(80,8,13,'#006400',1),(81,1,14,'#17309A',1),(82,2,14,'#3A87AD',1),(83,3,14,'#AA6705',1),(84,4,14,'#953B39',1),(85,5,14,'#545252',1),(86,6,14,'#87865D',1),(87,7,14,'#C71585',1),(88,8,14,'#006400',1),(89,1,15,'#17309A',1),(90,2,15,'#3A87AD',1),(91,3,15,'#AA6705',1),(92,4,15,'#953B39',1),(93,5,15,'#545252',1),(94,6,15,'#87865D',1),(95,7,15,'#C71585',1),(96,8,15,'#006400',1),(97,1,16,'#17309A',1),(98,2,16,'#3A87AD',1),(99,3,16,'#AA6705',1),(100,4,16,'#953B39',1),(101,5,16,'#545252',1),(102,6,16,'#87865D',1),(103,7,16,'#C71585',1),(104,8,16,'#006400',1);
/*!40000 ALTER TABLE `vtiger_calendar_user_activitytypes` ENABLE KEYS */;
UNLOCK TABLES;

--
-- Table structure for table `vtiger_calendar_user_activitytypes_seq`
--

DROP TABLE IF EXISTS `vtiger_calendar_user_activitytypes_seq`;
/*!40101 SET @saved_cs_client     = @@character_set_client */;
/*!40101 SET character_set_client = utf8 */;
CREATE TABLE `vtiger_calendar_user_activitytypes_seq` (
  `id` int(11) NOT NULL
) ENGINE=InnoDB DEFAULT CHARSET=latin1;
/*!40101 SET character_set_client = @saved_cs_client */;

--
-- Dumping data for table `vtiger_calendar_user_activitytypes_seq`
--

LOCK TABLES `vtiger_calendar_user_activitytypes_seq` WRITE;
/*!40000 ALTER TABLE `vtiger_calendar_user_activitytypes_seq` DISABLE KEYS */;
INSERT INTO `vtiger_calendar_user_activitytypes_seq` VALUES (104);
/*!40000 ALTER TABLE `vtiger_calendar_user_activitytypes_seq` ENABLE KEYS */;
UNLOCK TABLES;

--
-- Table structure for table `vtiger_calendarsharedtype`
--

DROP TABLE IF EXISTS `vtiger_calendarsharedtype`;
/*!40101 SET @saved_cs_client     = @@character_set_client */;
/*!40101 SET character_set_client = utf8 */;
CREATE TABLE `vtiger_calendarsharedtype` (
  `calendarsharedtypeid` int(11) NOT NULL AUTO_INCREMENT,
  `calendarsharedtype` varchar(200) NOT NULL,
  `sortorderid` int(11) DEFAULT NULL,
  `presence` int(11) NOT NULL DEFAULT '1',
  PRIMARY KEY (`calendarsharedtypeid`)
) ENGINE=InnoDB AUTO_INCREMENT=4 DEFAULT CHARSET=utf8;
/*!40101 SET character_set_client = @saved_cs_client */;

--
-- Dumping data for table `vtiger_calendarsharedtype`
--

LOCK TABLES `vtiger_calendarsharedtype` WRITE;
/*!40000 ALTER TABLE `vtiger_calendarsharedtype` DISABLE KEYS */;
INSERT INTO `vtiger_calendarsharedtype` VALUES (1,'public',1,1),(2,'private',2,1),(3,'seletedusers',3,1);
/*!40000 ALTER TABLE `vtiger_calendarsharedtype` ENABLE KEYS */;
UNLOCK TABLES;

--
-- Table structure for table `vtiger_calendarsharedtype_seq`
--

DROP TABLE IF EXISTS `vtiger_calendarsharedtype_seq`;
/*!40101 SET @saved_cs_client     = @@character_set_client */;
/*!40101 SET character_set_client = utf8 */;
CREATE TABLE `vtiger_calendarsharedtype_seq` (
  `id` int(11) NOT NULL
) ENGINE=InnoDB DEFAULT CHARSET=latin1;
/*!40101 SET character_set_client = @saved_cs_client */;

--
-- Dumping data for table `vtiger_calendarsharedtype_seq`
--

LOCK TABLES `vtiger_calendarsharedtype_seq` WRITE;
/*!40000 ALTER TABLE `vtiger_calendarsharedtype_seq` DISABLE KEYS */;
INSERT INTO `vtiger_calendarsharedtype_seq` VALUES (3);
/*!40000 ALTER TABLE `vtiger_calendarsharedtype_seq` ENABLE KEYS */;
UNLOCK TABLES;

--
-- Table structure for table `vtiger_callduration`
--

DROP TABLE IF EXISTS `vtiger_callduration`;
/*!40101 SET @saved_cs_client     = @@character_set_client */;
/*!40101 SET character_set_client = utf8 */;
CREATE TABLE `vtiger_callduration` (
  `calldurationid` int(11) NOT NULL AUTO_INCREMENT,
  `callduration` varchar(200) NOT NULL,
  `sortorderid` int(11) DEFAULT NULL,
  `presence` int(11) NOT NULL DEFAULT '1',
  PRIMARY KEY (`calldurationid`)
) ENGINE=InnoDB AUTO_INCREMENT=6 DEFAULT CHARSET=utf8;
/*!40101 SET character_set_client = @saved_cs_client */;

--
-- Dumping data for table `vtiger_callduration`
--

LOCK TABLES `vtiger_callduration` WRITE;
/*!40000 ALTER TABLE `vtiger_callduration` DISABLE KEYS */;
INSERT INTO `vtiger_callduration` VALUES (1,'5',1,1),(2,'10',2,1),(3,'30',3,1),(4,'60',4,1),(5,'120',5,1);
/*!40000 ALTER TABLE `vtiger_callduration` ENABLE KEYS */;
UNLOCK TABLES;

--
-- Table structure for table `vtiger_callduration_seq`
--

DROP TABLE IF EXISTS `vtiger_callduration_seq`;
/*!40101 SET @saved_cs_client     = @@character_set_client */;
/*!40101 SET character_set_client = utf8 */;
CREATE TABLE `vtiger_callduration_seq` (
  `id` int(11) NOT NULL
) ENGINE=InnoDB DEFAULT CHARSET=latin1;
/*!40101 SET character_set_client = @saved_cs_client */;

--
-- Dumping data for table `vtiger_callduration_seq`
--

LOCK TABLES `vtiger_callduration_seq` WRITE;
/*!40000 ALTER TABLE `vtiger_callduration_seq` DISABLE KEYS */;
INSERT INTO `vtiger_callduration_seq` VALUES (5);
/*!40000 ALTER TABLE `vtiger_callduration_seq` ENABLE KEYS */;
UNLOCK TABLES;

--
-- Table structure for table `vtiger_campaign`
--

DROP TABLE IF EXISTS `vtiger_campaign`;
/*!40101 SET @saved_cs_client     = @@character_set_client */;
/*!40101 SET character_set_client = utf8 */;
CREATE TABLE `vtiger_campaign` (
  `campaign_no` varchar(100) NOT NULL,
  `campaignname` varchar(255) DEFAULT NULL,
  `campaigntype` varchar(200) DEFAULT NULL,
  `campaignstatus` varchar(200) DEFAULT NULL,
  `expectedrevenue` decimal(25,8) DEFAULT NULL,
  `budgetcost` decimal(25,8) DEFAULT NULL,
  `actualcost` decimal(25,8) DEFAULT NULL,
  `expectedresponse` varchar(200) DEFAULT NULL,
  `numsent` decimal(11,0) DEFAULT NULL,
  `product_id` int(19) DEFAULT NULL,
  `sponsor` varchar(255) DEFAULT NULL,
  `targetaudience` varchar(255) DEFAULT NULL,
  `targetsize` int(19) DEFAULT NULL,
  `expectedresponsecount` int(19) DEFAULT NULL,
  `expectedsalescount` int(19) DEFAULT NULL,
  `expectedroi` decimal(25,8) DEFAULT NULL,
  `actualresponsecount` int(19) DEFAULT NULL,
  `actualsalescount` int(19) DEFAULT NULL,
  `actualroi` decimal(25,8) DEFAULT NULL,
  `campaignid` int(19) NOT NULL,
  `closingdate` date DEFAULT NULL,
  PRIMARY KEY (`campaignid`),
  KEY `campaign_campaignstatus_idx` (`campaignstatus`),
  KEY `campaign_campaignname_idx` (`campaignname`),
  KEY `campaign_campaignid_idx` (`campaignid`)
) ENGINE=InnoDB DEFAULT CHARSET=latin1;
/*!40101 SET character_set_client = @saved_cs_client */;

--
-- Dumping data for table `vtiger_campaign`
--

LOCK TABLES `vtiger_campaign` WRITE;
/*!40000 ALTER TABLE `vtiger_campaign` DISABLE KEYS */;
/*!40000 ALTER TABLE `vtiger_campaign` ENABLE KEYS */;
UNLOCK TABLES;

--
-- Table structure for table `vtiger_campaignaccountrel`
--

DROP TABLE IF EXISTS `vtiger_campaignaccountrel`;
/*!40101 SET @saved_cs_client     = @@character_set_client */;
/*!40101 SET character_set_client = utf8 */;
CREATE TABLE `vtiger_campaignaccountrel` (
  `campaignid` int(19) DEFAULT NULL,
  `accountid` int(19) DEFAULT NULL,
  `campaignrelstatusid` int(19) DEFAULT NULL
) ENGINE=InnoDB DEFAULT CHARSET=latin1;
/*!40101 SET character_set_client = @saved_cs_client */;

--
-- Dumping data for table `vtiger_campaignaccountrel`
--

LOCK TABLES `vtiger_campaignaccountrel` WRITE;
/*!40000 ALTER TABLE `vtiger_campaignaccountrel` DISABLE KEYS */;
/*!40000 ALTER TABLE `vtiger_campaignaccountrel` ENABLE KEYS */;
UNLOCK TABLES;

--
-- Table structure for table `vtiger_campaigncontrel`
--

DROP TABLE IF EXISTS `vtiger_campaigncontrel`;
/*!40101 SET @saved_cs_client     = @@character_set_client */;
/*!40101 SET character_set_client = utf8 */;
CREATE TABLE `vtiger_campaigncontrel` (
  `campaignid` int(19) NOT NULL DEFAULT '0',
  `contactid` int(19) NOT NULL DEFAULT '0',
  `campaignrelstatusid` int(19) NOT NULL DEFAULT '0',
  PRIMARY KEY (`campaignid`,`contactid`,`campaignrelstatusid`),
  KEY `campaigncontrel_contractid_idx` (`contactid`)
) ENGINE=InnoDB DEFAULT CHARSET=latin1;
/*!40101 SET character_set_client = @saved_cs_client */;

--
-- Dumping data for table `vtiger_campaigncontrel`
--

LOCK TABLES `vtiger_campaigncontrel` WRITE;
/*!40000 ALTER TABLE `vtiger_campaigncontrel` DISABLE KEYS */;
/*!40000 ALTER TABLE `vtiger_campaigncontrel` ENABLE KEYS */;
UNLOCK TABLES;

--
-- Table structure for table `vtiger_campaignleadrel`
--

DROP TABLE IF EXISTS `vtiger_campaignleadrel`;
/*!40101 SET @saved_cs_client     = @@character_set_client */;
/*!40101 SET character_set_client = utf8 */;
CREATE TABLE `vtiger_campaignleadrel` (
  `campaignid` int(19) NOT NULL DEFAULT '0',
  `leadid` int(19) NOT NULL DEFAULT '0',
  `campaignrelstatusid` int(19) NOT NULL DEFAULT '0',
  PRIMARY KEY (`campaignid`,`leadid`,`campaignrelstatusid`),
  KEY `campaignleadrel_leadid_campaignid_idx` (`leadid`,`campaignid`)
) ENGINE=InnoDB DEFAULT CHARSET=latin1;
/*!40101 SET character_set_client = @saved_cs_client */;

--
-- Dumping data for table `vtiger_campaignleadrel`
--

LOCK TABLES `vtiger_campaignleadrel` WRITE;
/*!40000 ALTER TABLE `vtiger_campaignleadrel` DISABLE KEYS */;
/*!40000 ALTER TABLE `vtiger_campaignleadrel` ENABLE KEYS */;
UNLOCK TABLES;

--
-- Table structure for table `vtiger_campaignrelstatus`
--

DROP TABLE IF EXISTS `vtiger_campaignrelstatus`;
/*!40101 SET @saved_cs_client     = @@character_set_client */;
/*!40101 SET character_set_client = utf8 */;
CREATE TABLE `vtiger_campaignrelstatus` (
  `campaignrelstatusid` int(19) DEFAULT NULL,
  `campaignrelstatus` varchar(256) DEFAULT NULL,
  `sortorderid` int(19) DEFAULT NULL,
  `presence` int(19) DEFAULT NULL
) ENGINE=InnoDB DEFAULT CHARSET=latin1;
/*!40101 SET character_set_client = @saved_cs_client */;

--
-- Dumping data for table `vtiger_campaignrelstatus`
--

LOCK TABLES `vtiger_campaignrelstatus` WRITE;
/*!40000 ALTER TABLE `vtiger_campaignrelstatus` DISABLE KEYS */;
INSERT INTO `vtiger_campaignrelstatus` VALUES (2,'Contacted - Successful',1,1),(3,'Contacted - Unsuccessful',2,1),(4,'Contacted - Never Contact Again',3,1);
/*!40000 ALTER TABLE `vtiger_campaignrelstatus` ENABLE KEYS */;
UNLOCK TABLES;

--
-- Table structure for table `vtiger_campaignrelstatus_seq`
--

DROP TABLE IF EXISTS `vtiger_campaignrelstatus_seq`;
/*!40101 SET @saved_cs_client     = @@character_set_client */;
/*!40101 SET character_set_client = utf8 */;
CREATE TABLE `vtiger_campaignrelstatus_seq` (
  `id` int(11) NOT NULL
) ENGINE=InnoDB DEFAULT CHARSET=latin1;
/*!40101 SET character_set_client = @saved_cs_client */;

--
-- Dumping data for table `vtiger_campaignrelstatus_seq`
--

LOCK TABLES `vtiger_campaignrelstatus_seq` WRITE;
/*!40000 ALTER TABLE `vtiger_campaignrelstatus_seq` DISABLE KEYS */;
INSERT INTO `vtiger_campaignrelstatus_seq` VALUES (4);
/*!40000 ALTER TABLE `vtiger_campaignrelstatus_seq` ENABLE KEYS */;
UNLOCK TABLES;

--
-- Table structure for table `vtiger_campaignscf`
--

DROP TABLE IF EXISTS `vtiger_campaignscf`;
/*!40101 SET @saved_cs_client     = @@character_set_client */;
/*!40101 SET character_set_client = utf8 */;
CREATE TABLE `vtiger_campaignscf` (
  `campaignid` int(19) NOT NULL DEFAULT '0',
  PRIMARY KEY (`campaignid`)
) ENGINE=InnoDB DEFAULT CHARSET=latin1;
/*!40101 SET character_set_client = @saved_cs_client */;

--
-- Dumping data for table `vtiger_campaignscf`
--

LOCK TABLES `vtiger_campaignscf` WRITE;
/*!40000 ALTER TABLE `vtiger_campaignscf` DISABLE KEYS */;
/*!40000 ALTER TABLE `vtiger_campaignscf` ENABLE KEYS */;
UNLOCK TABLES;

--
-- Table structure for table `vtiger_campaignstatus`
--

DROP TABLE IF EXISTS `vtiger_campaignstatus`;
/*!40101 SET @saved_cs_client     = @@character_set_client */;
/*!40101 SET character_set_client = utf8 */;
CREATE TABLE `vtiger_campaignstatus` (
  `campaignstatusid` int(19) NOT NULL AUTO_INCREMENT,
  `campaignstatus` varchar(200) NOT NULL,
  `presence` int(1) NOT NULL DEFAULT '1',
  `picklist_valueid` int(19) NOT NULL DEFAULT '0',
  `sortorderid` int(11) DEFAULT NULL,
  PRIMARY KEY (`campaignstatusid`),
  KEY `campaignstatus_campaignstatus_idx` (`campaignstatus`)
) ENGINE=InnoDB AUTO_INCREMENT=7 DEFAULT CHARSET=latin1;
/*!40101 SET character_set_client = @saved_cs_client */;

--
-- Dumping data for table `vtiger_campaignstatus`
--

LOCK TABLES `vtiger_campaignstatus` WRITE;
/*!40000 ALTER TABLE `vtiger_campaignstatus` DISABLE KEYS */;
INSERT INTO `vtiger_campaignstatus` VALUES (2,'Planning',1,15,1),(3,'Active',1,16,2),(4,'Inactive',1,17,3),(5,'Completed',1,18,4),(6,'Cancelled',1,19,5);
/*!40000 ALTER TABLE `vtiger_campaignstatus` ENABLE KEYS */;
UNLOCK TABLES;

--
-- Table structure for table `vtiger_campaignstatus_seq`
--

DROP TABLE IF EXISTS `vtiger_campaignstatus_seq`;
/*!40101 SET @saved_cs_client     = @@character_set_client */;
/*!40101 SET character_set_client = utf8 */;
CREATE TABLE `vtiger_campaignstatus_seq` (
  `id` int(11) NOT NULL
) ENGINE=InnoDB DEFAULT CHARSET=latin1;
/*!40101 SET character_set_client = @saved_cs_client */;

--
-- Dumping data for table `vtiger_campaignstatus_seq`
--

LOCK TABLES `vtiger_campaignstatus_seq` WRITE;
/*!40000 ALTER TABLE `vtiger_campaignstatus_seq` DISABLE KEYS */;
INSERT INTO `vtiger_campaignstatus_seq` VALUES (6);
/*!40000 ALTER TABLE `vtiger_campaignstatus_seq` ENABLE KEYS */;
UNLOCK TABLES;

--
-- Table structure for table `vtiger_campaigntype`
--

DROP TABLE IF EXISTS `vtiger_campaigntype`;
/*!40101 SET @saved_cs_client     = @@character_set_client */;
/*!40101 SET character_set_client = utf8 */;
CREATE TABLE `vtiger_campaigntype` (
  `campaigntypeid` int(19) NOT NULL AUTO_INCREMENT,
  `campaigntype` varchar(200) NOT NULL,
  `presence` int(1) NOT NULL DEFAULT '1',
  `picklist_valueid` int(19) NOT NULL DEFAULT '0',
  `sortorderid` int(11) DEFAULT NULL,
  PRIMARY KEY (`campaigntypeid`),
  UNIQUE KEY `campaigntype_campaigntype_idx` (`campaigntype`)
) ENGINE=InnoDB AUTO_INCREMENT=14 DEFAULT CHARSET=latin1;
/*!40101 SET character_set_client = @saved_cs_client */;

--
-- Dumping data for table `vtiger_campaigntype`
--

LOCK TABLES `vtiger_campaigntype` WRITE;
/*!40000 ALTER TABLE `vtiger_campaigntype` DISABLE KEYS */;
INSERT INTO `vtiger_campaigntype` VALUES (2,'Conference',1,21,1),(3,'Webinar',1,22,2),(4,'Trade Show',1,23,3),(5,'Public Relations',1,24,4),(6,'Partners',1,25,5),(7,'Referral Program',1,26,6),(8,'Advertisement',1,27,7),(9,'Banner Ads',1,28,8),(10,'Direct Mail',1,29,9),(11,'Email',1,30,10),(12,'Telemarketing',1,31,11),(13,'Others',1,32,12);
/*!40000 ALTER TABLE `vtiger_campaigntype` ENABLE KEYS */;
UNLOCK TABLES;

--
-- Table structure for table `vtiger_campaigntype_seq`
--

DROP TABLE IF EXISTS `vtiger_campaigntype_seq`;
/*!40101 SET @saved_cs_client     = @@character_set_client */;
/*!40101 SET character_set_client = utf8 */;
CREATE TABLE `vtiger_campaigntype_seq` (
  `id` int(11) NOT NULL
) ENGINE=InnoDB DEFAULT CHARSET=latin1;
/*!40101 SET character_set_client = @saved_cs_client */;

--
-- Dumping data for table `vtiger_campaigntype_seq`
--

LOCK TABLES `vtiger_campaigntype_seq` WRITE;
/*!40000 ALTER TABLE `vtiger_campaigntype_seq` DISABLE KEYS */;
INSERT INTO `vtiger_campaigntype_seq` VALUES (13);
/*!40000 ALTER TABLE `vtiger_campaigntype_seq` ENABLE KEYS */;
UNLOCK TABLES;

--
-- Table structure for table `vtiger_carrier`
--

DROP TABLE IF EXISTS `vtiger_carrier`;
/*!40101 SET @saved_cs_client     = @@character_set_client */;
/*!40101 SET character_set_client = utf8 */;
CREATE TABLE `vtiger_carrier` (
  `carrierid` int(19) NOT NULL AUTO_INCREMENT,
  `carrier` varchar(200) NOT NULL,
  `presence` int(1) NOT NULL DEFAULT '1',
  `picklist_valueid` int(19) NOT NULL DEFAULT '0',
  `sortorderid` int(11) DEFAULT NULL,
  PRIMARY KEY (`carrierid`),
  UNIQUE KEY `carrier_carrier_idx` (`carrier`)
) ENGINE=InnoDB AUTO_INCREMENT=6 DEFAULT CHARSET=latin1;
/*!40101 SET character_set_client = @saved_cs_client */;

--
-- Dumping data for table `vtiger_carrier`
--

LOCK TABLES `vtiger_carrier` WRITE;
/*!40000 ALTER TABLE `vtiger_carrier` DISABLE KEYS */;
INSERT INTO `vtiger_carrier` VALUES (1,'FedEx',1,33,0),(2,'UPS',1,34,1),(3,'USPS',1,35,2),(4,'DHL',1,36,3),(5,'BlueDart',1,37,4);
/*!40000 ALTER TABLE `vtiger_carrier` ENABLE KEYS */;
UNLOCK TABLES;

--
-- Table structure for table `vtiger_carrier_seq`
--

DROP TABLE IF EXISTS `vtiger_carrier_seq`;
/*!40101 SET @saved_cs_client     = @@character_set_client */;
/*!40101 SET character_set_client = utf8 */;
CREATE TABLE `vtiger_carrier_seq` (
  `id` int(11) NOT NULL
) ENGINE=InnoDB DEFAULT CHARSET=latin1;
/*!40101 SET character_set_client = @saved_cs_client */;

--
-- Dumping data for table `vtiger_carrier_seq`
--

LOCK TABLES `vtiger_carrier_seq` WRITE;
/*!40000 ALTER TABLE `vtiger_carrier_seq` DISABLE KEYS */;
INSERT INTO `vtiger_carrier_seq` VALUES (5);
/*!40000 ALTER TABLE `vtiger_carrier_seq` ENABLE KEYS */;
UNLOCK TABLES;

--
-- Table structure for table `vtiger_changes_application_status`
--

DROP TABLE IF EXISTS `vtiger_changes_application_status`;
/*!40101 SET @saved_cs_client     = @@character_set_client */;
/*!40101 SET character_set_client = utf8 */;
CREATE TABLE `vtiger_changes_application_status` (
  `changes_application_statusid` int(11) NOT NULL AUTO_INCREMENT,
  `changes_application_status` varchar(200) NOT NULL,
  `presence` int(1) NOT NULL DEFAULT '1',
  `picklist_valueid` int(11) NOT NULL DEFAULT '0',
  `sortorderid` int(11) DEFAULT '0',
  PRIMARY KEY (`changes_application_statusid`)
) ENGINE=InnoDB AUTO_INCREMENT=25 DEFAULT CHARSET=utf8;
/*!40101 SET character_set_client = @saved_cs_client */;

--
-- Dumping data for table `vtiger_changes_application_status`
--

LOCK TABLES `vtiger_changes_application_status` WRITE;
/*!40000 ALTER TABLE `vtiger_changes_application_status` DISABLE KEYS */;
INSERT INTO `vtiger_changes_application_status` VALUES (1,'Inspection',1,405,1),(13,'Proceedings  VI',1,459,2),(14,'Proceedings  Chief VI',1,460,3),(15,'Proceddings  Accountant',1,461,4),(16,'Proceedings  Commissioner',1,462,5),(17,'Approval  VI',1,463,6),(18,'Approval  Chief VI',1,464,7),(19,'Approval  Accountant',1,465,8),(20,'Approval  Commissioner',1,466,9),(21,'Rejected  VI',1,467,10),(22,'Rejected  Accountant',1,468,12),(23,'Rejected  Chief VI',1,469,11),(24,'Rejected  Commissioner',1,470,13);
/*!40000 ALTER TABLE `vtiger_changes_application_status` ENABLE KEYS */;
UNLOCK TABLES;

--
-- Table structure for table `vtiger_changes_application_status_seq`
--

DROP TABLE IF EXISTS `vtiger_changes_application_status_seq`;
/*!40101 SET @saved_cs_client     = @@character_set_client */;
/*!40101 SET character_set_client = utf8 */;
CREATE TABLE `vtiger_changes_application_status_seq` (
  `id` int(11) NOT NULL
) ENGINE=MyISAM DEFAULT CHARSET=utf8 COLLATE=utf8_unicode_ci;
/*!40101 SET character_set_client = @saved_cs_client */;

--
-- Dumping data for table `vtiger_changes_application_status_seq`
--

LOCK TABLES `vtiger_changes_application_status_seq` WRITE;
/*!40000 ALTER TABLE `vtiger_changes_application_status_seq` DISABLE KEYS */;
INSERT INTO `vtiger_changes_application_status_seq` VALUES (24);
/*!40000 ALTER TABLE `vtiger_changes_application_status_seq` ENABLE KEYS */;
UNLOCK TABLES;

--
-- Table structure for table `vtiger_chng_val_inspector_name`
--

DROP TABLE IF EXISTS `vtiger_chng_val_inspector_name`;
/*!40101 SET @saved_cs_client     = @@character_set_client */;
/*!40101 SET character_set_client = utf8 */;
CREATE TABLE `vtiger_chng_val_inspector_name` (
  `chng_val_inspector_nameid` int(11) NOT NULL AUTO_INCREMENT,
  `chng_val_inspector_name` varchar(200) NOT NULL,
  `presence` int(1) NOT NULL DEFAULT '1',
  `picklist_valueid` int(11) NOT NULL DEFAULT '0',
  `sortorderid` int(11) DEFAULT '0',
  PRIMARY KEY (`chng_val_inspector_nameid`)
) ENGINE=InnoDB AUTO_INCREMENT=4 DEFAULT CHARSET=utf8;
/*!40101 SET character_set_client = @saved_cs_client */;

--
-- Dumping data for table `vtiger_chng_val_inspector_name`
--

LOCK TABLES `vtiger_chng_val_inspector_name` WRITE;
/*!40000 ALTER TABLE `vtiger_chng_val_inspector_name` DISABLE KEYS */;
INSERT INTO `vtiger_chng_val_inspector_name` VALUES (1,'Valuation Inspector 01',1,413,1),(2,'Valuation Inspector',1,420,1),(3,'Valuation Inspector II',1,432,2);
/*!40000 ALTER TABLE `vtiger_chng_val_inspector_name` ENABLE KEYS */;
UNLOCK TABLES;

--
-- Table structure for table `vtiger_chng_val_inspector_name_seq`
--

DROP TABLE IF EXISTS `vtiger_chng_val_inspector_name_seq`;
/*!40101 SET @saved_cs_client     = @@character_set_client */;
/*!40101 SET character_set_client = utf8 */;
CREATE TABLE `vtiger_chng_val_inspector_name_seq` (
  `id` int(11) NOT NULL
) ENGINE=MyISAM DEFAULT CHARSET=utf8 COLLATE=utf8_unicode_ci;
/*!40101 SET character_set_client = @saved_cs_client */;

--
-- Dumping data for table `vtiger_chng_val_inspector_name_seq`
--

LOCK TABLES `vtiger_chng_val_inspector_name_seq` WRITE;
/*!40000 ALTER TABLE `vtiger_chng_val_inspector_name_seq` DISABLE KEYS */;
INSERT INTO `vtiger_chng_val_inspector_name_seq` VALUES (3);
/*!40000 ALTER TABLE `vtiger_chng_val_inspector_name_seq` ENABLE KEYS */;
UNLOCK TABLES;

--
-- Table structure for table `vtiger_cntactivityrel`
--

DROP TABLE IF EXISTS `vtiger_cntactivityrel`;
/*!40101 SET @saved_cs_client     = @@character_set_client */;
/*!40101 SET character_set_client = utf8 */;
CREATE TABLE `vtiger_cntactivityrel` (
  `contactid` int(19) NOT NULL DEFAULT '0',
  `activityid` int(19) NOT NULL DEFAULT '0',
  PRIMARY KEY (`contactid`,`activityid`),
  KEY `cntactivityrel_contactid_idx` (`contactid`),
  KEY `cntactivityrel_activityid_idx` (`activityid`)
) ENGINE=InnoDB DEFAULT CHARSET=latin1;
/*!40101 SET character_set_client = @saved_cs_client */;

--
-- Dumping data for table `vtiger_cntactivityrel`
--

LOCK TABLES `vtiger_cntactivityrel` WRITE;
/*!40000 ALTER TABLE `vtiger_cntactivityrel` DISABLE KEYS */;
/*!40000 ALTER TABLE `vtiger_cntactivityrel` ENABLE KEYS */;
UNLOCK TABLES;

--
-- Table structure for table `vtiger_coc`
--

DROP TABLE IF EXISTS `vtiger_coc`;
/*!40101 SET @saved_cs_client     = @@character_set_client */;
/*!40101 SET character_set_client = utf8 */;
CREATE TABLE `vtiger_coc` (
  `cocid` int(11) NOT NULL DEFAULT '0',
  `coc_no` varchar(32) DEFAULT NULL,
  `assesment_no` varchar(128) DEFAULT NULL,
  `fullname` varchar(128) DEFAULT NULL,
  `coc_plan_status` varchar(255) DEFAULT NULL,
  `plan_approved_date` date DEFAULT NULL,
  `date_of_residency` date DEFAULT NULL,
  `street` varchar(100) DEFAULT NULL,
  `city` varchar(100) DEFAULT NULL,
  `ward_no` varchar(100) DEFAULT NULL,
  `lot_no` varchar(100) DEFAULT NULL,
  `old_coc_number` varchar(100) DEFAULT NULL,
  `old_coc_date` date DEFAULT NULL,
  `ass_build_tech_officer` varchar(100) DEFAULT NULL,
  `coc_plan_engineer` varchar(100) DEFAULT NULL,
  `date_of_visit` date DEFAULT NULL,
  `building_plan_approval` varchar(100) DEFAULT NULL,
  `coc_block_plan_approval` varchar(100) DEFAULT NULL,
  PRIMARY KEY (`cocid`)
) ENGINE=InnoDB DEFAULT CHARSET=utf8;
/*!40101 SET character_set_client = @saved_cs_client */;

--
-- Dumping data for table `vtiger_coc`
--

LOCK TABLES `vtiger_coc` WRITE;
/*!40000 ALTER TABLE `vtiger_coc` DISABLE KEYS */;
INSERT INTO `vtiger_coc` VALUES (10,'COC1','78','JuX','Open',NULL,NULL,'','','','','',NULL,'','',NULL,'',''),(17,'COC2','56/5','Saujanyan','Resubmission','2017-03-15','2017-03-01','Test','Test','Test','Test','Test343','2017-03-29','Technical Officer Test TO','Engineer Testing Planning','2017-03-24','Test','Test'),(23,'COC3','73/5','JuX','Draughsman Verification','2017-03-06',NULL,'','','','','',NULL,'','',NULL,'',''),(62,'COC4','Test COC application','JSu','Approved','2017-05-31','2016-09-07','WSE','','','','',NULL,'','',NULL,'',''),(80,'COC5','21/3','TEST','Draughsman Verification',NULL,NULL,'','','','','',NULL,'','',NULL,'',''),(92,'COC6','456','Ajas','Open',NULL,'2018-01-02','A street','','','','34','2013-02-05','','','2018-05-25','','');
/*!40000 ALTER TABLE `vtiger_coc` ENABLE KEYS */;
UNLOCK TABLES;

--
-- Table structure for table `vtiger_coc_plan_engineer`
--

DROP TABLE IF EXISTS `vtiger_coc_plan_engineer`;
/*!40101 SET @saved_cs_client     = @@character_set_client */;
/*!40101 SET character_set_client = utf8 */;
CREATE TABLE `vtiger_coc_plan_engineer` (
  `coc_plan_engineerid` int(11) NOT NULL AUTO_INCREMENT,
  `coc_plan_engineer` varchar(200) NOT NULL,
  `presence` int(1) NOT NULL DEFAULT '1',
  `picklist_valueid` int(11) NOT NULL DEFAULT '0',
  `sortorderid` int(11) DEFAULT '0',
  PRIMARY KEY (`coc_plan_engineerid`)
) ENGINE=InnoDB AUTO_INCREMENT=2 DEFAULT CHARSET=utf8;
/*!40101 SET character_set_client = @saved_cs_client */;

--
-- Dumping data for table `vtiger_coc_plan_engineer`
--

LOCK TABLES `vtiger_coc_plan_engineer` WRITE;
/*!40000 ALTER TABLE `vtiger_coc_plan_engineer` DISABLE KEYS */;
INSERT INTO `vtiger_coc_plan_engineer` VALUES (1,'Engineer Testing Planning',1,361,1);
/*!40000 ALTER TABLE `vtiger_coc_plan_engineer` ENABLE KEYS */;
UNLOCK TABLES;

--
-- Table structure for table `vtiger_coc_plan_engineer_seq`
--

DROP TABLE IF EXISTS `vtiger_coc_plan_engineer_seq`;
/*!40101 SET @saved_cs_client     = @@character_set_client */;
/*!40101 SET character_set_client = utf8 */;
CREATE TABLE `vtiger_coc_plan_engineer_seq` (
  `id` int(11) NOT NULL
) ENGINE=MyISAM DEFAULT CHARSET=utf8 COLLATE=utf8_unicode_ci;
/*!40101 SET character_set_client = @saved_cs_client */;

--
-- Dumping data for table `vtiger_coc_plan_engineer_seq`
--

LOCK TABLES `vtiger_coc_plan_engineer_seq` WRITE;
/*!40000 ALTER TABLE `vtiger_coc_plan_engineer_seq` DISABLE KEYS */;
INSERT INTO `vtiger_coc_plan_engineer_seq` VALUES (1);
/*!40000 ALTER TABLE `vtiger_coc_plan_engineer_seq` ENABLE KEYS */;
UNLOCK TABLES;

--
-- Table structure for table `vtiger_coc_plan_status`
--

DROP TABLE IF EXISTS `vtiger_coc_plan_status`;
/*!40101 SET @saved_cs_client     = @@character_set_client */;
/*!40101 SET character_set_client = utf8 */;
CREATE TABLE `vtiger_coc_plan_status` (
  `coc_plan_statusid` int(11) NOT NULL AUTO_INCREMENT,
  `coc_plan_status` varchar(200) NOT NULL,
  `presence` int(1) NOT NULL DEFAULT '1',
  `picklist_valueid` int(11) NOT NULL DEFAULT '0',
  `sortorderid` int(11) DEFAULT '0',
  PRIMARY KEY (`coc_plan_statusid`)
) ENGINE=InnoDB AUTO_INCREMENT=13 DEFAULT CHARSET=utf8;
/*!40101 SET character_set_client = @saved_cs_client */;

--
-- Dumping data for table `vtiger_coc_plan_status`
--

LOCK TABLES `vtiger_coc_plan_status` WRITE;
/*!40000 ALTER TABLE `vtiger_coc_plan_status` DISABLE KEYS */;
INSERT INTO `vtiger_coc_plan_status` VALUES (1,'Open',1,348,1),(2,'Draughsman Verification',1,349,2),(3,'Payment Made',1,350,3),(4,'Resubmission',1,351,4),(5,'Engineer Review',1,352,5),(6,'Field Visit',1,353,6),(7,'For commitee approval',1,354,7),(8,'Approved',1,355,8),(9,'Rejected',1,356,9),(10,'Submitted to Juries',1,357,10),(11,'Submitted to Legal Officers',1,358,11),(12,'Submitted to Drainage Engineer',1,359,12);
/*!40000 ALTER TABLE `vtiger_coc_plan_status` ENABLE KEYS */;
UNLOCK TABLES;

--
-- Table structure for table `vtiger_coc_plan_status_seq`
--

DROP TABLE IF EXISTS `vtiger_coc_plan_status_seq`;
/*!40101 SET @saved_cs_client     = @@character_set_client */;
/*!40101 SET character_set_client = utf8 */;
CREATE TABLE `vtiger_coc_plan_status_seq` (
  `id` int(11) NOT NULL
) ENGINE=MyISAM DEFAULT CHARSET=utf8 COLLATE=utf8_unicode_ci;
/*!40101 SET character_set_client = @saved_cs_client */;

--
-- Dumping data for table `vtiger_coc_plan_status_seq`
--

LOCK TABLES `vtiger_coc_plan_status_seq` WRITE;
/*!40000 ALTER TABLE `vtiger_coc_plan_status_seq` DISABLE KEYS */;
INSERT INTO `vtiger_coc_plan_status_seq` VALUES (12);
/*!40000 ALTER TABLE `vtiger_coc_plan_status_seq` ENABLE KEYS */;
UNLOCK TABLES;

--
-- Table structure for table `vtiger_coccf`
--

DROP TABLE IF EXISTS `vtiger_coccf`;
/*!40101 SET @saved_cs_client     = @@character_set_client */;
/*!40101 SET character_set_client = utf8 */;
CREATE TABLE `vtiger_coccf` (
  `cocid` int(11) NOT NULL,
  PRIMARY KEY (`cocid`)
) ENGINE=InnoDB DEFAULT CHARSET=utf8;
/*!40101 SET character_set_client = @saved_cs_client */;

--
-- Dumping data for table `vtiger_coccf`
--

LOCK TABLES `vtiger_coccf` WRITE;
/*!40000 ALTER TABLE `vtiger_coccf` DISABLE KEYS */;
INSERT INTO `vtiger_coccf` VALUES (10),(17),(23),(62),(80),(92);
/*!40000 ALTER TABLE `vtiger_coccf` ENABLE KEYS */;
UNLOCK TABLES;

--
-- Table structure for table `vtiger_contactaddress`
--

DROP TABLE IF EXISTS `vtiger_contactaddress`;
/*!40101 SET @saved_cs_client     = @@character_set_client */;
/*!40101 SET character_set_client = utf8 */;
CREATE TABLE `vtiger_contactaddress` (
  `contactaddressid` int(19) NOT NULL DEFAULT '0',
  `mailingcity` varchar(40) DEFAULT NULL,
  `mailingstreet` varchar(250) DEFAULT NULL,
  `mailingcountry` varchar(40) DEFAULT NULL,
  `othercountry` varchar(30) DEFAULT NULL,
  `mailingstate` varchar(30) DEFAULT NULL,
  `mailingpobox` varchar(30) DEFAULT NULL,
  `othercity` varchar(40) DEFAULT NULL,
  `otherstate` varchar(50) DEFAULT NULL,
  `mailingzip` varchar(30) DEFAULT NULL,
  `otherzip` varchar(30) DEFAULT NULL,
  `otherstreet` varchar(250) DEFAULT NULL,
  `otherpobox` varchar(30) DEFAULT NULL,
  PRIMARY KEY (`contactaddressid`)
) ENGINE=InnoDB DEFAULT CHARSET=latin1;
/*!40101 SET character_set_client = @saved_cs_client */;

--
-- Dumping data for table `vtiger_contactaddress`
--

LOCK TABLES `vtiger_contactaddress` WRITE;
/*!40000 ALTER TABLE `vtiger_contactaddress` DISABLE KEYS */;
INSERT INTO `vtiger_contactaddress` VALUES (4,'','','','','','','','','','','','');
/*!40000 ALTER TABLE `vtiger_contactaddress` ENABLE KEYS */;
UNLOCK TABLES;

--
-- Table structure for table `vtiger_contactdetails`
--

DROP TABLE IF EXISTS `vtiger_contactdetails`;
/*!40101 SET @saved_cs_client     = @@character_set_client */;
/*!40101 SET character_set_client = utf8 */;
CREATE TABLE `vtiger_contactdetails` (
  `contactid` int(19) NOT NULL DEFAULT '0',
  `contact_no` varchar(100) NOT NULL,
  `accountid` int(19) DEFAULT NULL,
  `salutation` varchar(200) DEFAULT NULL,
  `firstname` varchar(40) DEFAULT NULL,
  `lastname` varchar(80) NOT NULL,
  `email` varchar(100) DEFAULT NULL,
  `phone` varchar(50) DEFAULT NULL,
  `mobile` varchar(50) DEFAULT NULL,
  `title` varchar(50) DEFAULT NULL,
  `department` varchar(30) DEFAULT NULL,
  `fax` varchar(50) DEFAULT NULL,
  `reportsto` varchar(30) DEFAULT NULL,
  `training` varchar(50) DEFAULT NULL,
  `usertype` varchar(50) DEFAULT NULL,
  `contacttype` varchar(50) DEFAULT NULL,
  `otheremail` varchar(100) DEFAULT NULL,
  `secondaryemail` varchar(100) DEFAULT NULL,
  `donotcall` varchar(3) DEFAULT NULL,
  `emailoptout` varchar(3) DEFAULT '0',
  `imagename` varchar(150) DEFAULT NULL,
  `reference` varchar(3) DEFAULT NULL,
  `notify_owner` varchar(3) DEFAULT '0',
  `isconvertedfromlead` varchar(3) DEFAULT '0',
  PRIMARY KEY (`contactid`),
  KEY `contactdetails_accountid_idx` (`accountid`),
  KEY `email_idx` (`email`)
) ENGINE=InnoDB DEFAULT CHARSET=latin1;
/*!40101 SET character_set_client = @saved_cs_client */;

--
-- Dumping data for table `vtiger_contactdetails`
--

LOCK TABLES `vtiger_contactdetails` WRITE;
/*!40000 ALTER TABLE `vtiger_contactdetails` DISABLE KEYS */;
INSERT INTO `vtiger_contactdetails` VALUES (4,'CON1',3,'','Test Lead','Lead last','','','','','','','0',NULL,NULL,NULL,NULL,'','0','0','','0','0','1');
/*!40000 ALTER TABLE `vtiger_contactdetails` ENABLE KEYS */;
UNLOCK TABLES;

--
-- Table structure for table `vtiger_contactscf`
--

DROP TABLE IF EXISTS `vtiger_contactscf`;
/*!40101 SET @saved_cs_client     = @@character_set_client */;
/*!40101 SET character_set_client = utf8 */;
CREATE TABLE `vtiger_contactscf` (
  `contactid` int(19) NOT NULL DEFAULT '0',
  PRIMARY KEY (`contactid`)
) ENGINE=InnoDB DEFAULT CHARSET=latin1;
/*!40101 SET character_set_client = @saved_cs_client */;

--
-- Dumping data for table `vtiger_contactscf`
--

LOCK TABLES `vtiger_contactscf` WRITE;
/*!40000 ALTER TABLE `vtiger_contactscf` DISABLE KEYS */;
INSERT INTO `vtiger_contactscf` VALUES (4);
/*!40000 ALTER TABLE `vtiger_contactscf` ENABLE KEYS */;
UNLOCK TABLES;

--
-- Table structure for table `vtiger_contactsubdetails`
--

DROP TABLE IF EXISTS `vtiger_contactsubdetails`;
/*!40101 SET @saved_cs_client     = @@character_set_client */;
/*!40101 SET character_set_client = utf8 */;
CREATE TABLE `vtiger_contactsubdetails` (
  `contactsubscriptionid` int(19) NOT NULL DEFAULT '0',
  `homephone` varchar(50) DEFAULT NULL,
  `otherphone` varchar(50) DEFAULT NULL,
  `assistant` varchar(30) DEFAULT NULL,
  `assistantphone` varchar(50) DEFAULT NULL,
  `birthday` date DEFAULT NULL,
  `laststayintouchrequest` int(30) DEFAULT '0',
  `laststayintouchsavedate` int(19) DEFAULT '0',
  `leadsource` varchar(200) DEFAULT NULL,
  PRIMARY KEY (`contactsubscriptionid`)
) ENGINE=InnoDB DEFAULT CHARSET=latin1;
/*!40101 SET character_set_client = @saved_cs_client */;

--
-- Dumping data for table `vtiger_contactsubdetails`
--

LOCK TABLES `vtiger_contactsubdetails` WRITE;
/*!40000 ALTER TABLE `vtiger_contactsubdetails` DISABLE KEYS */;
INSERT INTO `vtiger_contactsubdetails` VALUES (4,'','','','',NULL,0,0,'');
/*!40000 ALTER TABLE `vtiger_contactsubdetails` ENABLE KEYS */;
UNLOCK TABLES;

--
-- Table structure for table `vtiger_contpotentialrel`
--

DROP TABLE IF EXISTS `vtiger_contpotentialrel`;
/*!40101 SET @saved_cs_client     = @@character_set_client */;
/*!40101 SET character_set_client = utf8 */;
CREATE TABLE `vtiger_contpotentialrel` (
  `contactid` int(19) NOT NULL DEFAULT '0',
  `potentialid` int(19) NOT NULL DEFAULT '0',
  PRIMARY KEY (`contactid`,`potentialid`),
  KEY `contpotentialrel_potentialid_idx` (`potentialid`),
  KEY `contpotentialrel_contactid_idx` (`contactid`)
) ENGINE=InnoDB DEFAULT CHARSET=latin1;
/*!40101 SET character_set_client = @saved_cs_client */;

--
-- Dumping data for table `vtiger_contpotentialrel`
--

LOCK TABLES `vtiger_contpotentialrel` WRITE;
/*!40000 ALTER TABLE `vtiger_contpotentialrel` DISABLE KEYS */;
/*!40000 ALTER TABLE `vtiger_contpotentialrel` ENABLE KEYS */;
UNLOCK TABLES;

--
-- Table structure for table `vtiger_contract_priority`
--

DROP TABLE IF EXISTS `vtiger_contract_priority`;
/*!40101 SET @saved_cs_client     = @@character_set_client */;
/*!40101 SET character_set_client = utf8 */;
CREATE TABLE `vtiger_contract_priority` (
  `contract_priorityid` int(11) NOT NULL AUTO_INCREMENT,
  `contract_priority` varchar(200) NOT NULL,
  `presence` int(1) NOT NULL DEFAULT '1',
  `picklist_valueid` int(11) NOT NULL DEFAULT '0',
  `sortorderid` int(11) DEFAULT '0',
  PRIMARY KEY (`contract_priorityid`)
) ENGINE=InnoDB AUTO_INCREMENT=4 DEFAULT CHARSET=utf8;
/*!40101 SET character_set_client = @saved_cs_client */;

--
-- Dumping data for table `vtiger_contract_priority`
--

LOCK TABLES `vtiger_contract_priority` WRITE;
/*!40000 ALTER TABLE `vtiger_contract_priority` DISABLE KEYS */;
INSERT INTO `vtiger_contract_priority` VALUES (1,'Low',1,229,1),(2,'Normal',1,230,2),(3,'High',1,231,3);
/*!40000 ALTER TABLE `vtiger_contract_priority` ENABLE KEYS */;
UNLOCK TABLES;

--
-- Table structure for table `vtiger_contract_priority_seq`
--

DROP TABLE IF EXISTS `vtiger_contract_priority_seq`;
/*!40101 SET @saved_cs_client     = @@character_set_client */;
/*!40101 SET character_set_client = utf8 */;
CREATE TABLE `vtiger_contract_priority_seq` (
  `id` int(11) NOT NULL
) ENGINE=InnoDB DEFAULT CHARSET=latin1;
/*!40101 SET character_set_client = @saved_cs_client */;

--
-- Dumping data for table `vtiger_contract_priority_seq`
--

LOCK TABLES `vtiger_contract_priority_seq` WRITE;
/*!40000 ALTER TABLE `vtiger_contract_priority_seq` DISABLE KEYS */;
INSERT INTO `vtiger_contract_priority_seq` VALUES (3);
/*!40000 ALTER TABLE `vtiger_contract_priority_seq` ENABLE KEYS */;
UNLOCK TABLES;

--
-- Table structure for table `vtiger_contract_status`
--

DROP TABLE IF EXISTS `vtiger_contract_status`;
/*!40101 SET @saved_cs_client     = @@character_set_client */;
/*!40101 SET character_set_client = utf8 */;
CREATE TABLE `vtiger_contract_status` (
  `contract_statusid` int(11) NOT NULL AUTO_INCREMENT,
  `contract_status` varchar(200) NOT NULL,
  `presence` int(1) NOT NULL DEFAULT '1',
  `picklist_valueid` int(11) NOT NULL DEFAULT '0',
  `sortorderid` int(11) DEFAULT '0',
  PRIMARY KEY (`contract_statusid`)
) ENGINE=InnoDB AUTO_INCREMENT=7 DEFAULT CHARSET=utf8;
/*!40101 SET character_set_client = @saved_cs_client */;

--
-- Dumping data for table `vtiger_contract_status`
--

LOCK TABLES `vtiger_contract_status` WRITE;
/*!40000 ALTER TABLE `vtiger_contract_status` DISABLE KEYS */;
INSERT INTO `vtiger_contract_status` VALUES (1,'Undefined',1,223,1),(2,'In Planning',1,224,2),(3,'In Progress',1,225,3),(4,'On Hold',1,226,4),(5,'Complete',0,227,5),(6,'Archived',1,228,6);
/*!40000 ALTER TABLE `vtiger_contract_status` ENABLE KEYS */;
UNLOCK TABLES;

--
-- Table structure for table `vtiger_contract_status_seq`
--

DROP TABLE IF EXISTS `vtiger_contract_status_seq`;
/*!40101 SET @saved_cs_client     = @@character_set_client */;
/*!40101 SET character_set_client = utf8 */;
CREATE TABLE `vtiger_contract_status_seq` (
  `id` int(11) NOT NULL
) ENGINE=InnoDB DEFAULT CHARSET=latin1;
/*!40101 SET character_set_client = @saved_cs_client */;

--
-- Dumping data for table `vtiger_contract_status_seq`
--

LOCK TABLES `vtiger_contract_status_seq` WRITE;
/*!40000 ALTER TABLE `vtiger_contract_status_seq` DISABLE KEYS */;
INSERT INTO `vtiger_contract_status_seq` VALUES (6);
/*!40000 ALTER TABLE `vtiger_contract_status_seq` ENABLE KEYS */;
UNLOCK TABLES;

--
-- Table structure for table `vtiger_contract_type`
--

DROP TABLE IF EXISTS `vtiger_contract_type`;
/*!40101 SET @saved_cs_client     = @@character_set_client */;
/*!40101 SET character_set_client = utf8 */;
CREATE TABLE `vtiger_contract_type` (
  `contract_typeid` int(11) NOT NULL AUTO_INCREMENT,
  `contract_type` varchar(200) NOT NULL,
  `presence` int(1) NOT NULL DEFAULT '1',
  `picklist_valueid` int(11) NOT NULL DEFAULT '0',
  `sortorderid` int(11) DEFAULT '0',
  PRIMARY KEY (`contract_typeid`)
) ENGINE=InnoDB AUTO_INCREMENT=4 DEFAULT CHARSET=utf8;
/*!40101 SET character_set_client = @saved_cs_client */;

--
-- Dumping data for table `vtiger_contract_type`
--

LOCK TABLES `vtiger_contract_type` WRITE;
/*!40000 ALTER TABLE `vtiger_contract_type` DISABLE KEYS */;
INSERT INTO `vtiger_contract_type` VALUES (1,'Support',1,232,1),(2,'Services',1,233,2),(3,'Administrative',1,234,3);
/*!40000 ALTER TABLE `vtiger_contract_type` ENABLE KEYS */;
UNLOCK TABLES;

--
-- Table structure for table `vtiger_contract_type_seq`
--

DROP TABLE IF EXISTS `vtiger_contract_type_seq`;
/*!40101 SET @saved_cs_client     = @@character_set_client */;
/*!40101 SET character_set_client = utf8 */;
CREATE TABLE `vtiger_contract_type_seq` (
  `id` int(11) NOT NULL
) ENGINE=InnoDB DEFAULT CHARSET=latin1;
/*!40101 SET character_set_client = @saved_cs_client */;

--
-- Dumping data for table `vtiger_contract_type_seq`
--

LOCK TABLES `vtiger_contract_type_seq` WRITE;
/*!40000 ALTER TABLE `vtiger_contract_type_seq` DISABLE KEYS */;
INSERT INTO `vtiger_contract_type_seq` VALUES (3);
/*!40000 ALTER TABLE `vtiger_contract_type_seq` ENABLE KEYS */;
UNLOCK TABLES;

--
-- Table structure for table `vtiger_convertleadmapping`
--

DROP TABLE IF EXISTS `vtiger_convertleadmapping`;
/*!40101 SET @saved_cs_client     = @@character_set_client */;
/*!40101 SET character_set_client = utf8 */;
CREATE TABLE `vtiger_convertleadmapping` (
  `cfmid` int(19) NOT NULL AUTO_INCREMENT,
  `leadfid` int(19) NOT NULL,
  `accountfid` int(19) DEFAULT NULL,
  `contactfid` int(19) DEFAULT NULL,
  `potentialfid` int(19) DEFAULT NULL,
  `editable` int(19) DEFAULT '1',
  PRIMARY KEY (`cfmid`)
) ENGINE=InnoDB AUTO_INCREMENT=32 DEFAULT CHARSET=latin1;
/*!40101 SET character_set_client = @saved_cs_client */;

--
-- Dumping data for table `vtiger_convertleadmapping`
--

LOCK TABLES `vtiger_convertleadmapping` WRITE;
/*!40000 ALTER TABLE `vtiger_convertleadmapping` DISABLE KEYS */;
INSERT INTO `vtiger_convertleadmapping` VALUES (1,43,1,0,110,0),(2,49,14,0,0,1),(3,40,3,69,0,NULL),(4,0,0,0,0,NULL),(5,44,5,77,0,1),(6,52,13,0,0,1),(7,46,9,80,0,0),(8,48,4,0,0,1),(9,61,26,98,0,1),(10,60,30,0,0,1),(11,62,32,104,0,1),(12,63,28,100,0,1),(13,59,24,96,0,1),(14,64,34,106,0,1),(15,61,27,0,0,1),(16,60,31,0,0,1),(17,62,33,0,0,1),(18,63,29,0,0,1),(19,59,25,0,0,1),(20,64,35,0,0,1),(21,65,36,109,125,1),(22,37,0,66,0,1),(23,38,0,67,0,0),(24,41,0,70,0,0),(25,42,0,71,0,1),(26,45,0,76,0,1),(27,55,0,83,0,1),(28,47,0,74,117,1),(29,50,0,0,0,1),(30,53,10,0,0,1),(31,51,17,0,0,1);
/*!40000 ALTER TABLE `vtiger_convertleadmapping` ENABLE KEYS */;
UNLOCK TABLES;

--
-- Table structure for table `vtiger_crmentity`
--

DROP TABLE IF EXISTS `vtiger_crmentity`;
/*!40101 SET @saved_cs_client     = @@character_set_client */;
/*!40101 SET character_set_client = utf8 */;
CREATE TABLE `vtiger_crmentity` (
  `crmid` int(19) NOT NULL,
  `smcreatorid` int(19) NOT NULL DEFAULT '0',
  `smownerid` int(19) NOT NULL DEFAULT '0',
  `modifiedby` int(19) NOT NULL DEFAULT '0',
  `setype` varchar(30) NOT NULL,
  `description` mediumtext,
  `createdtime` datetime NOT NULL,
  `modifiedtime` datetime NOT NULL,
  `viewedtime` datetime DEFAULT NULL,
  `status` varchar(50) DEFAULT NULL,
  `version` int(19) NOT NULL DEFAULT '0',
  `presence` int(1) DEFAULT '1',
  `deleted` int(1) NOT NULL DEFAULT '0',
  `label` varchar(255) DEFAULT NULL,
  PRIMARY KEY (`crmid`),
  KEY `crmentity_smcreatorid_idx` (`smcreatorid`),
  KEY `crmentity_modifiedby_idx` (`modifiedby`),
  KEY `crmentity_deleted_idx` (`deleted`),
  KEY `crm_ownerid_del_setype_idx` (`smownerid`,`deleted`,`setype`),
  KEY `vtiger_crmentity_labelidx` (`label`)
) ENGINE=InnoDB DEFAULT CHARSET=latin1;
/*!40101 SET character_set_client = @saved_cs_client */;

--
-- Dumping data for table `vtiger_crmentity`
--

LOCK TABLES `vtiger_crmentity` WRITE;
/*!40000 ALTER TABLE `vtiger_crmentity` DISABLE KEYS */;
INSERT INTO `vtiger_crmentity` VALUES (2,1,1,1,'Leads','','2017-02-20 12:19:27','2017-02-20 12:20:21',NULL,NULL,0,1,0,'Test Lead Lead last'),(3,1,1,1,'Accounts','','2017-02-20 12:20:21','2017-02-20 12:20:21',NULL,NULL,0,1,0,'Converted ORG'),(4,1,1,1,'Contacts','','2017-02-20 12:20:21','2017-02-20 12:20:21',NULL,NULL,0,1,0,'Test Lead Lead last'),(5,1,1,1,'Accounts','','2017-02-22 05:09:37','2017-02-22 05:09:37',NULL,NULL,0,1,0,'Converted ORG 2'),(6,1,6,1,'Blockplan',NULL,'2017-02-22 11:28:55','2017-03-12 15:29:04',NULL,NULL,0,1,1,''),(7,1,1,1,'Blockplan',NULL,'2017-02-27 08:48:51','2017-03-12 15:29:04',NULL,NULL,0,1,1,'BLPL001'),(8,1,5,1,'BuildingPlan',NULL,'2017-02-28 11:40:53','2017-03-12 15:32:45',NULL,NULL,0,1,1,'BLDG1'),(9,1,7,1,'StreetLine',NULL,'2017-02-28 11:48:10','2017-03-12 15:24:50',NULL,NULL,0,1,1,'STLN1'),(10,1,5,1,'Coc',NULL,'2017-02-28 11:49:18','2017-03-20 17:32:39',NULL,NULL,0,1,1,'COC1'),(11,8,6,1,'Blockplan',NULL,'2017-03-02 05:47:15','2017-03-12 15:29:04',NULL,NULL,0,1,1,'BLPL002'),(12,1,1,1,'Blockplan',NULL,'2017-03-02 11:04:09','2017-03-12 15:29:04',NULL,NULL,0,1,1,'BLPL003'),(13,8,8,8,'Documents',NULL,'2017-03-02 11:36:26','2017-03-02 11:36:26',NULL,NULL,0,1,0,'BP/236/21/1203'),(14,8,8,0,'Documents Attachment',NULL,'2017-03-02 11:36:26','2017-03-02 11:36:26',NULL,NULL,0,1,0,NULL),(15,1,5,1,'BuildingPlan',NULL,'2017-03-03 06:17:43','2017-03-12 15:32:45',NULL,NULL,0,1,1,'BLDG2'),(16,1,1,1,'StreetLine',NULL,'2017-03-03 10:30:18','2017-03-12 15:24:50',NULL,NULL,0,1,1,'STLN2'),(17,1,1,1,'Coc',NULL,'2017-03-05 03:20:37','2017-03-20 17:32:39',NULL,NULL,0,1,1,'COC2'),(18,1,1,1,'Resubmission',NULL,'2017-03-05 13:42:28','2017-03-08 18:09:05',NULL,NULL,0,1,1,'RSUB1'),(19,1,1,1,'Resubmission',NULL,'2017-03-05 13:43:34','2017-03-08 18:09:05',NULL,NULL,0,1,1,'RSUB2'),(20,1,1,1,'Resubmission',NULL,'2017-03-05 13:45:22','2017-03-08 18:09:05',NULL,NULL,0,1,1,'RSUB3'),(21,1,1,1,'Resubmission',NULL,'2017-03-05 13:45:51','2017-03-08 18:09:04',NULL,NULL,0,1,1,'RSUB4'),(22,1,1,1,'Resubmission',NULL,'2017-03-05 13:46:23','2017-03-08 18:09:04',NULL,NULL,0,1,1,'RSUB5'),(23,1,1,1,'Coc',NULL,'2017-03-06 04:43:26','2017-03-20 17:32:39',NULL,NULL,0,1,1,'COC3'),(24,1,1,1,'Blockplan',NULL,'2017-03-06 05:46:21','2017-03-12 15:29:04',NULL,NULL,0,1,1,'BLPL004'),(25,5,5,1,'Blockplan',NULL,'2017-03-06 08:59:02','2017-03-12 15:29:04',NULL,NULL,0,1,1,'BLPL005'),(26,1,1,1,'Resubmission',NULL,'2017-03-06 09:15:39','2017-03-08 18:09:04',NULL,NULL,0,1,1,'RSUB6'),(27,8,6,1,'Resubmission',NULL,'2017-03-07 16:41:00','2017-03-08 18:09:04',NULL,NULL,0,1,1,'RSUB7'),(28,6,6,1,'Resubmission',NULL,'2017-03-08 16:28:10','2017-03-08 18:09:04',NULL,NULL,0,1,1,'RSUB8'),(29,1,1,1,'Resubmission',NULL,'2017-03-08 18:09:28','2017-03-08 18:09:28',NULL,NULL,0,1,0,'RSUB9'),(30,1,1,1,'Resubmission',NULL,'2017-03-08 18:10:16','2017-03-08 18:10:16',NULL,NULL,0,1,0,'RSUB10'),(31,1,1,1,'Resubmission',NULL,'2017-03-08 18:10:45','2017-03-08 18:10:45',NULL,NULL,0,1,0,'RSUB11'),(32,1,1,1,'Resubmission',NULL,'2017-03-08 18:11:38','2017-03-08 18:11:38',NULL,NULL,0,1,0,'RSUB12'),(33,1,1,1,'Resubmission',NULL,'2017-03-08 18:12:06','2017-03-08 18:12:06',NULL,NULL,0,1,0,'RSUB13'),(34,1,1,1,'StreetLine',NULL,'2017-03-09 16:05:38','2017-03-12 15:24:50',NULL,NULL,0,1,1,'STLN3'),(35,1,1,1,'StreetLine',NULL,'2017-03-12 15:14:29','2017-03-12 15:24:50',NULL,NULL,0,1,1,NULL),(36,1,1,1,'StreetLine',NULL,'2017-03-12 15:24:26','2017-03-12 15:24:50',NULL,NULL,0,1,1,'STLN5'),(37,1,1,1,'StreetLine',NULL,'2017-03-12 15:28:49','2017-03-12 15:30:23',NULL,NULL,0,1,0,'STLN6'),(38,1,1,1,'Blockplan',NULL,'2017-03-12 15:29:44','2017-03-12 15:29:44',NULL,NULL,0,1,0,'BLPL006'),(39,1,1,1,'Blockplan',NULL,'2017-03-12 15:32:31','2017-03-12 15:48:40',NULL,NULL,0,1,0,'BLPL007'),(40,1,1,1,'BuildingPlan',NULL,'2017-03-12 15:33:18','2017-03-20 17:32:56',NULL,NULL,0,1,1,'BLDG3'),(41,1,1,1,'AssesmentNumber',NULL,'2017-03-14 12:45:58','2017-03-20 17:32:27',NULL,NULL,0,1,1,''),(42,5,5,1,'AssesmentNumber',NULL,'2017-03-14 13:38:35','2017-03-20 17:32:27',NULL,NULL,0,1,1,'ASSE1'),(43,1,1,1,'AssesmentNumber',NULL,'2017-03-14 13:43:18','2017-03-20 17:32:27',NULL,NULL,0,1,1,'ASSE2'),(44,1,1,1,'NatureOfChanges',NULL,'2017-03-16 11:33:20','2017-03-20 17:33:11',NULL,NULL,0,1,1,''),(45,1,1,1,'Assesments',NULL,'2017-03-16 11:34:07','2017-03-20 12:41:29',NULL,NULL,0,1,1,''),(46,1,1,1,'NameChanges',NULL,'2017-03-20 04:18:02','2017-03-20 04:18:02',NULL,NULL,0,1,0,''),(47,1,1,1,'NumberVerification',NULL,'2017-03-20 06:29:13','2017-03-20 17:33:22',NULL,NULL,0,1,1,''),(48,1,1,1,'OwnershipVerification',NULL,'2017-03-20 06:32:00','2017-03-20 17:33:45',NULL,NULL,0,1,1,''),(49,1,1,1,'Assesments',NULL,'2017-03-20 10:56:28','2017-03-20 12:41:29',NULL,NULL,0,1,1,''),(50,1,1,1,'Assesments',NULL,'2017-03-20 12:41:50','2017-03-20 17:34:09',NULL,NULL,0,1,1,'ASS1'),(51,1,1,1,'Assesments',NULL,'2017-03-20 12:42:18','2017-03-20 17:34:09',NULL,NULL,0,1,1,'ASS2'),(52,1,1,1,'NameChanges',NULL,'2017-03-20 12:43:12','2017-03-20 12:43:12',NULL,NULL,0,1,0,'NAM2'),(53,1,1,1,'NameChanges',NULL,'2017-03-20 12:49:38','2017-05-18 05:18:09',NULL,NULL,0,1,0,'NAM3'),(54,1,1,1,'NatureOfChanges',NULL,'2017-03-20 12:50:11','2017-03-20 17:33:11',NULL,NULL,0,1,1,'NAT2'),(55,1,1,1,'OwnershipVerification',NULL,'2017-03-20 16:28:21','2017-03-20 17:33:45',NULL,NULL,0,1,1,''),(56,1,1,1,'NumberVerification',NULL,'2017-03-20 16:30:09','2017-03-20 17:33:22',NULL,NULL,0,1,1,'NUMV2'),(57,1,1,1,'AssesmentNumber',NULL,'2017-03-20 17:30:31','2017-03-20 17:32:27',NULL,NULL,0,1,1,'ASSE3'),(58,1,1,1,'AssesmentNumber',NULL,'2017-03-20 17:32:08','2017-03-20 17:32:27',NULL,NULL,0,1,1,'ASSE4'),(59,1,1,1,'NumberVerification',NULL,'2017-03-20 17:34:39','2017-03-20 17:34:46',NULL,NULL,0,1,1,'NUMV3'),(60,1,1,1,'AssesmentNumber',NULL,'2017-03-22 06:59:43','2017-03-23 07:31:26',NULL,NULL,0,1,0,'ASSE5'),(61,1,1,1,'NatureOfChanges',NULL,'2017-03-22 07:01:35','2017-03-23 07:32:18',NULL,NULL,0,1,0,'NAT3'),(62,1,1,7,'Coc',NULL,'2017-03-23 07:31:00','2017-05-31 17:53:33',NULL,NULL,0,1,0,'COC4'),(63,1,1,1,'NumberVerification',NULL,'2017-03-23 07:33:11','2017-03-23 07:33:30',NULL,NULL,0,1,0,'NUMV4'),(64,1,1,1,'OwnershipVerification',NULL,'2017-03-23 07:33:57','2017-04-29 17:44:14',NULL,NULL,0,1,0,'OWNV3'),(65,1,1,1,'Assesments',NULL,'2017-03-23 07:34:33','2017-05-18 05:18:30',NULL,NULL,0,1,0,'ASS3'),(66,1,1,1,'Calendar','','2017-03-23 08:31:47','2017-03-23 08:31:47',NULL,NULL,0,1,0,'Field visit'),(67,1,1,1,'Calendar','','2017-03-23 08:35:03','2017-03-23 08:35:03',NULL,NULL,0,1,0,'Field visit'),(68,1,1,1,'Calendar','','2017-03-23 08:45:38','2017-03-23 08:45:38',NULL,NULL,0,1,0,'Valuation'),(69,1,1,1,'AssesmentNumber',NULL,'2017-04-05 09:28:21','2017-05-18 05:16:44',NULL,NULL,0,1,0,'ASSE6'),(70,1,1,1,'AssesmentNumber',NULL,'2017-04-29 17:11:02','2017-04-29 17:13:54',NULL,NULL,0,1,0,'ASSE7'),(71,1,1,1,'NatureOfChanges',NULL,'2017-04-29 17:28:16','2017-05-18 05:17:06',NULL,NULL,0,1,0,'NAT4'),(72,1,1,1,'AssesmentNumber',NULL,'2017-05-18 08:15:12','2017-05-18 08:15:12',NULL,NULL,0,1,0,'ASSE8'),(73,1,1,15,'NatureOfChanges',NULL,'2017-05-18 08:15:33','2017-05-23 09:32:50',NULL,NULL,0,1,0,'NAT5'),(74,1,1,1,'NameChanges',NULL,'2017-05-18 08:16:01','2017-05-18 08:16:01',NULL,NULL,0,1,0,'NAM4'),(75,1,1,1,'Assesments',NULL,'2017-05-18 08:16:20','2017-05-18 08:16:20',NULL,NULL,0,1,0,'ASS4'),(76,1,1,1,'OccupantCertificate',NULL,'2017-05-19 06:46:54','2017-05-19 12:36:36',NULL,NULL,0,1,0,''),(77,1,1,1,'OccupantCertificate',NULL,'2017-05-19 12:24:39','2017-05-19 12:24:39',NULL,NULL,0,1,0,''),(78,1,1,1,'Blockplan',NULL,'2017-05-23 06:15:47','2017-05-23 06:19:42',NULL,NULL,0,1,1,'BLPL008'),(79,1,1,1,'BuildingPlan',NULL,'2017-05-23 06:19:01','2017-05-23 09:40:34',NULL,NULL,0,1,1,'BLDG4'),(80,15,6,15,'Coc',NULL,'2017-05-23 09:33:42','2017-05-23 09:33:42',NULL,NULL,0,1,0,'COC5'),(81,15,15,15,'Blockplan',NULL,'2017-05-23 09:34:18','2017-05-23 09:34:18',NULL,NULL,0,1,0,'BLPL009'),(82,1,15,16,'BuildingPlan',NULL,'2017-05-23 09:40:19','2017-06-01 07:05:44',NULL,NULL,0,1,0,'BLDG5'),(83,1,1,16,'Blockplan',NULL,'2017-05-29 07:14:11','2017-05-29 07:27:42',NULL,NULL,0,1,0,'BLPL010'),(84,16,16,16,'Resubmission',NULL,'2017-05-29 07:26:39','2017-05-29 07:26:39',NULL,NULL,0,1,0,'RSUB14'),(85,1,1,5,'BuildingPlan',NULL,'2017-05-31 07:34:41','2017-06-01 04:11:45',NULL,NULL,0,1,0,'BLDG6'),(86,1,1,1,'Resubmission',NULL,'2017-05-31 07:41:48','2017-05-31 07:42:03',NULL,NULL,0,1,0,'RSUB15'),(87,1,1,1,'Resubmission',NULL,'2017-05-31 07:42:36','2017-05-31 07:42:36',NULL,NULL,0,1,0,'RSUB16'),(88,5,15,6,'Blockplan',NULL,'2017-05-31 17:40:25','2017-06-01 06:19:37',NULL,NULL,0,1,0,'BLPL011'),(89,5,6,1,'Blockplan',NULL,'2017-06-01 05:45:41','2018-05-25 06:00:24',NULL,NULL,0,1,0,'BLPL012'),(90,5,5,5,'Resubmission',NULL,'2017-06-01 05:51:51','2017-06-01 05:51:51',NULL,NULL,0,1,0,'RSUB17'),(91,16,7,16,'Resubmission',NULL,'2017-06-01 07:05:43','2017-06-01 07:05:43',NULL,NULL,0,1,0,'RSUB18'),(92,1,1,1,'Coc',NULL,'2018-05-25 06:40:54','2018-05-25 06:40:54',NULL,NULL,0,1,0,'COC6'),(93,1,5,7,'Blockplan',NULL,'2018-06-01 08:41:32','2018-06-01 09:05:09',NULL,NULL,0,1,0,'BLPL013'),(94,16,16,16,'Resubmission',NULL,'2018-06-01 09:00:43','2018-06-01 09:00:43',NULL,NULL,0,1,0,'RSUB19');
/*!40000 ALTER TABLE `vtiger_crmentity` ENABLE KEYS */;
UNLOCK TABLES;

--
-- Table structure for table `vtiger_crmentity_seq`
--

DROP TABLE IF EXISTS `vtiger_crmentity_seq`;
/*!40101 SET @saved_cs_client     = @@character_set_client */;
/*!40101 SET character_set_client = utf8 */;
CREATE TABLE `vtiger_crmentity_seq` (
  `id` int(11) NOT NULL
) ENGINE=InnoDB DEFAULT CHARSET=latin1;
/*!40101 SET character_set_client = @saved_cs_client */;

--
-- Dumping data for table `vtiger_crmentity_seq`
--

LOCK TABLES `vtiger_crmentity_seq` WRITE;
/*!40000 ALTER TABLE `vtiger_crmentity_seq` DISABLE KEYS */;
INSERT INTO `vtiger_crmentity_seq` VALUES (94);
/*!40000 ALTER TABLE `vtiger_crmentity_seq` ENABLE KEYS */;
UNLOCK TABLES;

--
-- Table structure for table `vtiger_crmentityrel`
--

DROP TABLE IF EXISTS `vtiger_crmentityrel`;
/*!40101 SET @saved_cs_client     = @@character_set_client */;
/*!40101 SET character_set_client = utf8 */;
CREATE TABLE `vtiger_crmentityrel` (
  `crmid` int(11) NOT NULL,
  `module` varchar(100) NOT NULL,
  `relcrmid` int(11) NOT NULL,
  `relmodule` varchar(100) NOT NULL
) ENGINE=InnoDB DEFAULT CHARSET=latin1;
/*!40101 SET character_set_client = @saved_cs_client */;

--
-- Dumping data for table `vtiger_crmentityrel`
--

LOCK TABLES `vtiger_crmentityrel` WRITE;
/*!40000 ALTER TABLE `vtiger_crmentityrel` DISABLE KEYS */;
INSERT INTO `vtiger_crmentityrel` VALUES (7,'Blockplan',19,'Resubmission'),(8,'BuildingPlan',20,'Resubmission'),(16,'StreetLine',21,'Resubmission'),(17,'Coc',22,'Resubmission'),(7,'Blockplan',26,'Resubmission'),(9,'StreetLine',27,'Resubmission'),(25,'Blockplan',28,'Resubmission'),(25,'Blockplan',29,'Resubmission'),(8,'BuildingPlan',30,'Resubmission'),(9,'StreetLine',31,'Resubmission'),(9,'StreetLine',32,'Resubmission'),(17,'Coc',33,'Resubmission'),(83,'Blockplan',84,'Resubmission'),(85,'BuildingPlan',86,'Resubmission'),(85,'BuildingPlan',87,'Resubmission'),(89,'Blockplan',90,'Resubmission'),(82,'BuildingPlan',91,'Resubmission'),(93,'Blockplan',94,'Resubmission');
/*!40000 ALTER TABLE `vtiger_crmentityrel` ENABLE KEYS */;
UNLOCK TABLES;

--
-- Table structure for table `vtiger_crmsetup`
--

DROP TABLE IF EXISTS `vtiger_crmsetup`;
/*!40101 SET @saved_cs_client     = @@character_set_client */;
/*!40101 SET character_set_client = utf8 */;
CREATE TABLE `vtiger_crmsetup` (
  `userid` int(11) DEFAULT NULL,
  `setup_status` int(2) DEFAULT NULL
) ENGINE=InnoDB DEFAULT CHARSET=latin1;
/*!40101 SET character_set_client = @saved_cs_client */;

--
-- Dumping data for table `vtiger_crmsetup`
--

LOCK TABLES `vtiger_crmsetup` WRITE;
/*!40000 ALTER TABLE `vtiger_crmsetup` DISABLE KEYS */;
INSERT INTO `vtiger_crmsetup` VALUES (1,1),(5,1),(8,1),(7,1),(9,1),(6,1),(11,1),(12,1),(10,1),(13,1),(14,1),(15,1),(16,1);
/*!40000 ALTER TABLE `vtiger_crmsetup` ENABLE KEYS */;
UNLOCK TABLES;

--
-- Table structure for table `vtiger_cron_task`
--

DROP TABLE IF EXISTS `vtiger_cron_task`;
/*!40101 SET @saved_cs_client     = @@character_set_client */;
/*!40101 SET character_set_client = utf8 */;
CREATE TABLE `vtiger_cron_task` (
  `id` int(11) NOT NULL AUTO_INCREMENT,
  `name` varchar(100) DEFAULT NULL,
  `handler_file` varchar(100) DEFAULT NULL,
  `frequency` int(11) DEFAULT NULL,
  `laststart` int(11) unsigned DEFAULT NULL,
  `lastend` int(11) unsigned DEFAULT NULL,
  `status` int(11) DEFAULT NULL,
  `module` varchar(100) DEFAULT NULL,
  `sequence` int(11) DEFAULT NULL,
  `description` text,
  PRIMARY KEY (`id`),
  UNIQUE KEY `name` (`name`),
  UNIQUE KEY `handler_file` (`handler_file`)
) ENGINE=InnoDB AUTO_INCREMENT=8 DEFAULT CHARSET=utf8;
/*!40101 SET character_set_client = @saved_cs_client */;

--
-- Dumping data for table `vtiger_cron_task`
--

LOCK TABLES `vtiger_cron_task` WRITE;
/*!40000 ALTER TABLE `vtiger_cron_task` DISABLE KEYS */;
INSERT INTO `vtiger_cron_task` VALUES (1,'Workflow','cron/modules/com_vtiger_workflow/com_vtiger_workflow.service',900,NULL,NULL,1,'com_vtiger_workflow',1,'Recommended frequency for Workflow is 15 mins'),(2,'RecurringInvoice','cron/modules/SalesOrder/RecurringInvoice.service',43200,NULL,NULL,1,'SalesOrder',2,'Recommended frequency for RecurringInvoice is 12 hours'),(3,'SendReminder','cron/SendReminder.service',900,NULL,NULL,1,'Calendar',3,'Recommended frequency for SendReminder is 15 mins'),(5,'MailScanner','cron/MailScanner.service',900,NULL,NULL,1,'Settings',5,'Recommended frequency for MailScanner is 15 mins'),(6,'Scheduled Import','cron/modules/Import/ScheduledImport.service',900,NULL,NULL,0,'Import',6,'Recommended frequency for MailScanner is 15 mins'),(7,'ScheduleReports','cron/modules/Reports/ScheduleReports.service',900,NULL,NULL,1,'Reports',7,'Recommended frequency for ScheduleReports is 15 mins');
/*!40000 ALTER TABLE `vtiger_cron_task` ENABLE KEYS */;
UNLOCK TABLES;

--
-- Table structure for table `vtiger_currencies`
--

DROP TABLE IF EXISTS `vtiger_currencies`;
/*!40101 SET @saved_cs_client     = @@character_set_client */;
/*!40101 SET character_set_client = utf8 */;
CREATE TABLE `vtiger_currencies` (
  `currencyid` int(19) NOT NULL AUTO_INCREMENT,
  `currency_name` varchar(200) DEFAULT NULL,
  `currency_code` varchar(50) DEFAULT NULL,
  `currency_symbol` varchar(11) DEFAULT NULL,
  PRIMARY KEY (`currencyid`)
) ENGINE=InnoDB AUTO_INCREMENT=140 DEFAULT CHARSET=latin1;
/*!40101 SET character_set_client = @saved_cs_client */;

--
-- Dumping data for table `vtiger_currencies`
--

LOCK TABLES `vtiger_currencies` WRITE;
/*!40000 ALTER TABLE `vtiger_currencies` DISABLE KEYS */;
INSERT INTO `vtiger_currencies` VALUES (1,'Albania, Leke','ALL','Lek'),(2,'Argentina, Pesos','ARS','$'),(3,'Aruba, Guilders','AWG',''),(4,'Australia, Dollars','AUD','$'),(6,'Bahamas, Dollars','BSD','$'),(7,'Bahrain, Dinar','BHD','BD'),(8,'Barbados, Dollars','BBD','$'),(9,'Belarus, Rubles','BYR','p.'),(10,'Belize, Dollars','BZD','BZ$'),(11,'Bermuda, Dollars','BMD','$'),(12,'Bolivia, Bolivianos','BOB','$b'),(13,'China, Yuan Renminbi','CNY',''),(14,'Convertible Marka','BAM','KM'),(15,'Botswana, Pulas','BWP','P'),(17,'Brazil, Reais','BRL','R$'),(18,'Great Britain Pounds','GBP',''),(19,'Brunei Darussalam, Dollars','BND','$'),(20,'Canada, Dollars','CAD','$'),(21,'Cayman Islands, Dollars','KYD','$'),(22,'Chile, Pesos','CLP','$'),(23,'Colombia, Pesos','COP','$'),(25,'Croatia, Kuna','HRK','kn'),(28,'Cyprus, Pounds','CYP',''),(29,'Denmark, Kroner','DKK','kr'),(30,'Dominican Republic, Pesos','DOP','RD$'),(31,'East Caribbean, Dollars','XCD','$'),(32,'Egypt, Pounds','EGP',''),(34,'England, Pounds','GBP',''),(35,'Estonia, Krooni','EEK','kr'),(36,'Euro','EUR',''),(37,'Falkland Islands, Pounds','FKP',''),(38,'Fiji, Dollars','FJD','$'),(39,'Ghana, Cedis','GHC',''),(40,'Gibraltar, Pounds','GIP',''),(41,'Guatemala, Quetzales','GTQ','Q'),(42,'Guernsey, Pounds','GGP',''),(43,'Guyana, Dollars','GYD','$'),(44,'Honduras, Lempiras','HNL','L'),(45,'Hong Kong, Dollars','HKD','HK$'),(46,'Hungary, Forint','HUF','Ft'),(47,'Iceland, Krona','ISK','kr'),(49,'Indonesia, Rupiahs','IDR','Rp'),(51,'Isle of Man, Pounds','IMP',''),(53,'Jamaica, Dollars','JMD','J$'),(54,'Japan, Yen','JPY',''),(55,'Jersey, Pounds','JEP',''),(56,'Jordan, Dinar','JOD','JOD'),(58,'Kenya, Shilling','KES','KES'),(61,'Kuwait, Dinar','KWD','KWD'),(64,'Latvia, Lati','LVL','Ls'),(65,'Lebanon, Pounds','LBP',''),(66,'Liberia, Dollars','LRD','$'),(67,'Switzerland Francs','CHF','CHF'),(68,'Lithuania, Litai','LTL','Lt'),(69,'MADAGASCAR, Malagasy Ariary','MGA','MGA'),(71,'Malaysia, Ringgits','MYR','RM'),(74,'Mexico, Pesos','MXN','$'),(76,'Mozambique, Meticais','MZN','MT'),(77,'Namibia, Dollars','NAD','$'),(79,'Netherlands Antilles, Guilders','ANG',''),(80,'New Zealand, Dollars','NZD','$'),(81,'Nicaragua, Cordobas','NIO','C$'),(84,'Norway, Krone','NOK','kr'),(87,'Panama, Balboa','PAB','B/.'),(88,'Paraguay, Guarani','PYG','Gs'),(89,'Peru, Nuevos Soles','PEN','S/.'),(90,'Philippines, Pesos','PHP','Php'),(93,'Romania, New Lei','RON','lei'),(95,'Saint Helena, Pounds','SHP',''),(99,'Singapore, Dollars','SGD','$'),(100,'Solomon Islands, Dollars','SBD','$'),(101,'Somalia, Shillings','SOS','S'),(102,'South Africa, Rand','ZAR','R'),(105,'Sweden, Kronor','SEK','kr'),(106,'Switzerland, Francs','CHF','CHF'),(107,'Suriname, Dollars','SRD','$'),(108,'Syria, Pounds','SYP',''),(109,'Taiwan, New Dollars','TWD','NT$'),(111,'Trinidad and Tobago, Dollars','TTD','TT$'),(112,'Turkey, New Lira','TRY','YTL'),(114,'Tuvalu, Dollars','TVD','$'),(116,'United Arab Emirates, Dirham','AED','AED'),(117,'United Kingdom, Pounds','GBP',''),(118,'United Republic of Tanzania, Shilling','TZS','TZS'),(119,'USA, Dollars','USD','$'),(120,'Uruguay, Pesos','UYU','$U'),(122,'Venezuela, Bolivares Fuertes','VEF','Bs'),(124,'Zambia, Kwacha','ZMK','ZMK'),(126,'Zimbabwe Dollars','ZWD','Z$'),(127,'Malawi, Kwacha','MWK','MK'),(128,'Tunisian, Dinar','TD','TD'),(130,'Iraqi Dinar','IQD','ID'),(131,'Maldivian Ruffiya','MVR','MVR'),(132,'Ugandan Shilling','UGX','Sh'),(133,'Sudanese Pound','SDG',''),(134,'CFA Franc BCEAO','XOF','CFA'),(135,'CFA Franc BEAC','XAF','CFA'),(136,'Haiti, Gourde','HTG','G'),(137,'Libya, Dinar','LYD','LYD'),(138,'CFP Franc','XPF','F'),(139,'Sri Lankan Rupee','LKR','LKR');
/*!40000 ALTER TABLE `vtiger_currencies` ENABLE KEYS */;
UNLOCK TABLES;

--
-- Table structure for table `vtiger_currencies_seq`
--

DROP TABLE IF EXISTS `vtiger_currencies_seq`;
/*!40101 SET @saved_cs_client     = @@character_set_client */;
/*!40101 SET character_set_client = utf8 */;
CREATE TABLE `vtiger_currencies_seq` (
  `id` int(11) NOT NULL
) ENGINE=InnoDB DEFAULT CHARSET=latin1;
/*!40101 SET character_set_client = @saved_cs_client */;

--
-- Dumping data for table `vtiger_currencies_seq`
--

LOCK TABLES `vtiger_currencies_seq` WRITE;
/*!40000 ALTER TABLE `vtiger_currencies_seq` DISABLE KEYS */;
INSERT INTO `vtiger_currencies_seq` VALUES (138);
/*!40000 ALTER TABLE `vtiger_currencies_seq` ENABLE KEYS */;
UNLOCK TABLES;

--
-- Table structure for table `vtiger_currency`
--

DROP TABLE IF EXISTS `vtiger_currency`;
/*!40101 SET @saved_cs_client     = @@character_set_client */;
/*!40101 SET character_set_client = utf8 */;
CREATE TABLE `vtiger_currency` (
  `currencyid` int(19) NOT NULL AUTO_INCREMENT,
  `currency` varchar(200) NOT NULL,
  `sortorderid` int(19) NOT NULL DEFAULT '0',
  `presence` int(1) NOT NULL DEFAULT '1',
  PRIMARY KEY (`currencyid`),
  UNIQUE KEY `currency_currency_idx` (`currency`)
) ENGINE=InnoDB DEFAULT CHARSET=latin1;
/*!40101 SET character_set_client = @saved_cs_client */;

--
-- Dumping data for table `vtiger_currency`
--

LOCK TABLES `vtiger_currency` WRITE;
/*!40000 ALTER TABLE `vtiger_currency` DISABLE KEYS */;
/*!40000 ALTER TABLE `vtiger_currency` ENABLE KEYS */;
UNLOCK TABLES;

--
-- Table structure for table `vtiger_currency_decimal_separator`
--

DROP TABLE IF EXISTS `vtiger_currency_decimal_separator`;
/*!40101 SET @saved_cs_client     = @@character_set_client */;
/*!40101 SET character_set_client = utf8 */;
CREATE TABLE `vtiger_currency_decimal_separator` (
  `currency_decimal_separatorid` int(19) NOT NULL AUTO_INCREMENT,
  `currency_decimal_separator` varchar(2) NOT NULL,
  `sortorderid` int(19) NOT NULL DEFAULT '0',
  `presence` int(1) NOT NULL DEFAULT '1',
  PRIMARY KEY (`currency_decimal_separatorid`)
) ENGINE=InnoDB AUTO_INCREMENT=6 DEFAULT CHARSET=latin1;
/*!40101 SET character_set_client = @saved_cs_client */;

--
-- Dumping data for table `vtiger_currency_decimal_separator`
--

LOCK TABLES `vtiger_currency_decimal_separator` WRITE;
/*!40000 ALTER TABLE `vtiger_currency_decimal_separator` DISABLE KEYS */;
INSERT INTO `vtiger_currency_decimal_separator` VALUES (1,'.',0,1),(2,',',1,1),(3,'\'',2,1),(4,' ',3,1),(5,'$',4,1);
/*!40000 ALTER TABLE `vtiger_currency_decimal_separator` ENABLE KEYS */;
UNLOCK TABLES;

--
-- Table structure for table `vtiger_currency_decimal_separator_seq`
--

DROP TABLE IF EXISTS `vtiger_currency_decimal_separator_seq`;
/*!40101 SET @saved_cs_client     = @@character_set_client */;
/*!40101 SET character_set_client = utf8 */;
CREATE TABLE `vtiger_currency_decimal_separator_seq` (
  `id` int(11) NOT NULL
) ENGINE=InnoDB DEFAULT CHARSET=latin1;
/*!40101 SET character_set_client = @saved_cs_client */;

--
-- Dumping data for table `vtiger_currency_decimal_separator_seq`
--

LOCK TABLES `vtiger_currency_decimal_separator_seq` WRITE;
/*!40000 ALTER TABLE `vtiger_currency_decimal_separator_seq` DISABLE KEYS */;
INSERT INTO `vtiger_currency_decimal_separator_seq` VALUES (5);
/*!40000 ALTER TABLE `vtiger_currency_decimal_separator_seq` ENABLE KEYS */;
UNLOCK TABLES;

--
-- Table structure for table `vtiger_currency_grouping_pattern`
--

DROP TABLE IF EXISTS `vtiger_currency_grouping_pattern`;
/*!40101 SET @saved_cs_client     = @@character_set_client */;
/*!40101 SET character_set_client = utf8 */;
CREATE TABLE `vtiger_currency_grouping_pattern` (
  `currency_grouping_patternid` int(19) NOT NULL AUTO_INCREMENT,
  `currency_grouping_pattern` varchar(200) NOT NULL,
  `sortorderid` int(19) NOT NULL DEFAULT '0',
  `presence` int(1) NOT NULL DEFAULT '1',
  PRIMARY KEY (`currency_grouping_patternid`)
) ENGINE=InnoDB AUTO_INCREMENT=5 DEFAULT CHARSET=latin1;
/*!40101 SET character_set_client = @saved_cs_client */;

--
-- Dumping data for table `vtiger_currency_grouping_pattern`
--

LOCK TABLES `vtiger_currency_grouping_pattern` WRITE;
/*!40000 ALTER TABLE `vtiger_currency_grouping_pattern` DISABLE KEYS */;
INSERT INTO `vtiger_currency_grouping_pattern` VALUES (1,'123,456,789',0,1),(2,'123456789',1,1),(3,'123456,789',2,1),(4,'12,34,56,789',3,1);
/*!40000 ALTER TABLE `vtiger_currency_grouping_pattern` ENABLE KEYS */;
UNLOCK TABLES;

--
-- Table structure for table `vtiger_currency_grouping_pattern_seq`
--

DROP TABLE IF EXISTS `vtiger_currency_grouping_pattern_seq`;
/*!40101 SET @saved_cs_client     = @@character_set_client */;
/*!40101 SET character_set_client = utf8 */;
CREATE TABLE `vtiger_currency_grouping_pattern_seq` (
  `id` int(11) NOT NULL
) ENGINE=InnoDB DEFAULT CHARSET=latin1;
/*!40101 SET character_set_client = @saved_cs_client */;

--
-- Dumping data for table `vtiger_currency_grouping_pattern_seq`
--

LOCK TABLES `vtiger_currency_grouping_pattern_seq` WRITE;
/*!40000 ALTER TABLE `vtiger_currency_grouping_pattern_seq` DISABLE KEYS */;
INSERT INTO `vtiger_currency_grouping_pattern_seq` VALUES (4);
/*!40000 ALTER TABLE `vtiger_currency_grouping_pattern_seq` ENABLE KEYS */;
UNLOCK TABLES;

--
-- Table structure for table `vtiger_currency_grouping_separator`
--

DROP TABLE IF EXISTS `vtiger_currency_grouping_separator`;
/*!40101 SET @saved_cs_client     = @@character_set_client */;
/*!40101 SET character_set_client = utf8 */;
CREATE TABLE `vtiger_currency_grouping_separator` (
  `currency_grouping_separatorid` int(19) NOT NULL AUTO_INCREMENT,
  `currency_grouping_separator` varchar(2) NOT NULL,
  `sortorderid` int(19) NOT NULL DEFAULT '0',
  `presence` int(1) NOT NULL DEFAULT '1',
  PRIMARY KEY (`currency_grouping_separatorid`)
) ENGINE=InnoDB AUTO_INCREMENT=6 DEFAULT CHARSET=latin1;
/*!40101 SET character_set_client = @saved_cs_client */;

--
-- Dumping data for table `vtiger_currency_grouping_separator`
--

LOCK TABLES `vtiger_currency_grouping_separator` WRITE;
/*!40000 ALTER TABLE `vtiger_currency_grouping_separator` DISABLE KEYS */;
INSERT INTO `vtiger_currency_grouping_separator` VALUES (1,',',0,1),(2,'.',1,1),(3,'\'',2,1),(4,' ',3,1),(5,'$',4,1);
/*!40000 ALTER TABLE `vtiger_currency_grouping_separator` ENABLE KEYS */;
UNLOCK TABLES;

--
-- Table structure for table `vtiger_currency_grouping_separator_seq`
--

DROP TABLE IF EXISTS `vtiger_currency_grouping_separator_seq`;
/*!40101 SET @saved_cs_client     = @@character_set_client */;
/*!40101 SET character_set_client = utf8 */;
CREATE TABLE `vtiger_currency_grouping_separator_seq` (
  `id` int(11) NOT NULL
) ENGINE=InnoDB DEFAULT CHARSET=latin1;
/*!40101 SET character_set_client = @saved_cs_client */;

--
-- Dumping data for table `vtiger_currency_grouping_separator_seq`
--

LOCK TABLES `vtiger_currency_grouping_separator_seq` WRITE;
/*!40000 ALTER TABLE `vtiger_currency_grouping_separator_seq` DISABLE KEYS */;
INSERT INTO `vtiger_currency_grouping_separator_seq` VALUES (5);
/*!40000 ALTER TABLE `vtiger_currency_grouping_separator_seq` ENABLE KEYS */;
UNLOCK TABLES;

--
-- Table structure for table `vtiger_currency_info`
--

DROP TABLE IF EXISTS `vtiger_currency_info`;
/*!40101 SET @saved_cs_client     = @@character_set_client */;
/*!40101 SET character_set_client = utf8 */;
CREATE TABLE `vtiger_currency_info` (
  `id` int(11) NOT NULL AUTO_INCREMENT,
  `currency_name` varchar(100) DEFAULT NULL,
  `currency_code` varchar(100) DEFAULT NULL,
  `currency_symbol` varchar(30) DEFAULT NULL,
  `conversion_rate` decimal(12,5) DEFAULT NULL,
  `currency_status` varchar(25) DEFAULT NULL,
  `defaultid` varchar(10) NOT NULL DEFAULT '0',
  `deleted` int(1) NOT NULL DEFAULT '0',
  PRIMARY KEY (`id`)
) ENGINE=InnoDB AUTO_INCREMENT=3 DEFAULT CHARSET=latin1;
/*!40101 SET character_set_client = @saved_cs_client */;

--
-- Dumping data for table `vtiger_currency_info`
--

LOCK TABLES `vtiger_currency_info` WRITE;
/*!40000 ALTER TABLE `vtiger_currency_info` DISABLE KEYS */;
INSERT INTO `vtiger_currency_info` VALUES (1,'Singapore, Dollars','SGD','$',1.00000,'Active','0',1),(2,'Sri Lankan Rupee','LKR','LKR',120.00000,'Active','-11',0);
/*!40000 ALTER TABLE `vtiger_currency_info` ENABLE KEYS */;
UNLOCK TABLES;

--
-- Table structure for table `vtiger_currency_info_seq`
--

DROP TABLE IF EXISTS `vtiger_currency_info_seq`;
/*!40101 SET @saved_cs_client     = @@character_set_client */;
/*!40101 SET character_set_client = utf8 */;
CREATE TABLE `vtiger_currency_info_seq` (
  `id` int(11) NOT NULL
) ENGINE=InnoDB DEFAULT CHARSET=latin1;
/*!40101 SET character_set_client = @saved_cs_client */;

--
-- Dumping data for table `vtiger_currency_info_seq`
--

LOCK TABLES `vtiger_currency_info_seq` WRITE;
/*!40000 ALTER TABLE `vtiger_currency_info_seq` DISABLE KEYS */;
INSERT INTO `vtiger_currency_info_seq` VALUES (2);
/*!40000 ALTER TABLE `vtiger_currency_info_seq` ENABLE KEYS */;
UNLOCK TABLES;

--
-- Table structure for table `vtiger_currency_symbol_placement`
--

DROP TABLE IF EXISTS `vtiger_currency_symbol_placement`;
/*!40101 SET @saved_cs_client     = @@character_set_client */;
/*!40101 SET character_set_client = utf8 */;
CREATE TABLE `vtiger_currency_symbol_placement` (
  `currency_symbol_placementid` int(19) NOT NULL AUTO_INCREMENT,
  `currency_symbol_placement` varchar(30) NOT NULL,
  `sortorderid` int(19) NOT NULL DEFAULT '0',
  `presence` int(1) NOT NULL DEFAULT '1',
  PRIMARY KEY (`currency_symbol_placementid`)
) ENGINE=InnoDB AUTO_INCREMENT=3 DEFAULT CHARSET=latin1;
/*!40101 SET character_set_client = @saved_cs_client */;

--
-- Dumping data for table `vtiger_currency_symbol_placement`
--

LOCK TABLES `vtiger_currency_symbol_placement` WRITE;
/*!40000 ALTER TABLE `vtiger_currency_symbol_placement` DISABLE KEYS */;
INSERT INTO `vtiger_currency_symbol_placement` VALUES (1,'$1.0',0,1),(2,'1.0$',1,1);
/*!40000 ALTER TABLE `vtiger_currency_symbol_placement` ENABLE KEYS */;
UNLOCK TABLES;

--
-- Table structure for table `vtiger_currency_symbol_placement_seq`
--

DROP TABLE IF EXISTS `vtiger_currency_symbol_placement_seq`;
/*!40101 SET @saved_cs_client     = @@character_set_client */;
/*!40101 SET character_set_client = utf8 */;
CREATE TABLE `vtiger_currency_symbol_placement_seq` (
  `id` int(11) NOT NULL
) ENGINE=InnoDB DEFAULT CHARSET=latin1;
/*!40101 SET character_set_client = @saved_cs_client */;

--
-- Dumping data for table `vtiger_currency_symbol_placement_seq`
--

LOCK TABLES `vtiger_currency_symbol_placement_seq` WRITE;
/*!40000 ALTER TABLE `vtiger_currency_symbol_placement_seq` DISABLE KEYS */;
INSERT INTO `vtiger_currency_symbol_placement_seq` VALUES (2);
/*!40000 ALTER TABLE `vtiger_currency_symbol_placement_seq` ENABLE KEYS */;
UNLOCK TABLES;

--
-- Table structure for table `vtiger_customaction`
--

DROP TABLE IF EXISTS `vtiger_customaction`;
/*!40101 SET @saved_cs_client     = @@character_set_client */;
/*!40101 SET character_set_client = utf8 */;
CREATE TABLE `vtiger_customaction` (
  `cvid` int(19) NOT NULL,
  `subject` varchar(250) NOT NULL,
  `module` varchar(50) NOT NULL,
  `content` text,
  KEY `customaction_cvid_idx` (`cvid`)
) ENGINE=InnoDB DEFAULT CHARSET=latin1;
/*!40101 SET character_set_client = @saved_cs_client */;

--
-- Dumping data for table `vtiger_customaction`
--

LOCK TABLES `vtiger_customaction` WRITE;
/*!40000 ALTER TABLE `vtiger_customaction` DISABLE KEYS */;
/*!40000 ALTER TABLE `vtiger_customaction` ENABLE KEYS */;
UNLOCK TABLES;

--
-- Table structure for table `vtiger_customerdetails`
--

DROP TABLE IF EXISTS `vtiger_customerdetails`;
/*!40101 SET @saved_cs_client     = @@character_set_client */;
/*!40101 SET character_set_client = utf8 */;
CREATE TABLE `vtiger_customerdetails` (
  `customerid` int(19) NOT NULL,
  `portal` varchar(3) DEFAULT NULL,
  `support_start_date` date DEFAULT NULL,
  `support_end_date` date DEFAULT NULL,
  PRIMARY KEY (`customerid`)
) ENGINE=InnoDB DEFAULT CHARSET=latin1;
/*!40101 SET character_set_client = @saved_cs_client */;

--
-- Dumping data for table `vtiger_customerdetails`
--

LOCK TABLES `vtiger_customerdetails` WRITE;
/*!40000 ALTER TABLE `vtiger_customerdetails` DISABLE KEYS */;
INSERT INTO `vtiger_customerdetails` VALUES (4,'0',NULL,NULL);
/*!40000 ALTER TABLE `vtiger_customerdetails` ENABLE KEYS */;
UNLOCK TABLES;

--
-- Table structure for table `vtiger_customerportal_fields`
--

DROP TABLE IF EXISTS `vtiger_customerportal_fields`;
/*!40101 SET @saved_cs_client     = @@character_set_client */;
/*!40101 SET character_set_client = utf8 */;
CREATE TABLE `vtiger_customerportal_fields` (
  `tabid` int(19) NOT NULL,
  `fieldid` int(19) DEFAULT NULL,
  `visible` int(1) DEFAULT NULL
) ENGINE=InnoDB DEFAULT CHARSET=utf8;
/*!40101 SET character_set_client = @saved_cs_client */;

--
-- Dumping data for table `vtiger_customerportal_fields`
--

LOCK TABLES `vtiger_customerportal_fields` WRITE;
/*!40000 ALTER TABLE `vtiger_customerportal_fields` DISABLE KEYS */;
/*!40000 ALTER TABLE `vtiger_customerportal_fields` ENABLE KEYS */;
UNLOCK TABLES;

--
-- Table structure for table `vtiger_customerportal_prefs`
--

DROP TABLE IF EXISTS `vtiger_customerportal_prefs`;
/*!40101 SET @saved_cs_client     = @@character_set_client */;
/*!40101 SET character_set_client = utf8 */;
CREATE TABLE `vtiger_customerportal_prefs` (
  `tabid` int(19) NOT NULL,
  `prefkey` varchar(100) NOT NULL,
  `prefvalue` int(20) DEFAULT NULL,
  PRIMARY KEY (`tabid`,`prefkey`)
) ENGINE=InnoDB DEFAULT CHARSET=latin1;
/*!40101 SET character_set_client = @saved_cs_client */;

--
-- Dumping data for table `vtiger_customerportal_prefs`
--

LOCK TABLES `vtiger_customerportal_prefs` WRITE;
/*!40000 ALTER TABLE `vtiger_customerportal_prefs` DISABLE KEYS */;
INSERT INTO `vtiger_customerportal_prefs` VALUES (0,'defaultassignee',1),(0,'userid',1),(4,'showrelatedinfo',1),(6,'showrelatedinfo',1),(8,'showrelatedinfo',1),(13,'showrelatedinfo',1),(14,'showrelatedinfo',1),(15,'showrelatedinfo',1),(20,'showrelatedinfo',1),(23,'showrelatedinfo',1),(30,'showrelatedinfo',1),(40,'showrelatedinfo',1),(41,'showrelatedinfo',1),(42,'showrelatedinfo',1),(44,'showrelatedinfo',1);
/*!40000 ALTER TABLE `vtiger_customerportal_prefs` ENABLE KEYS */;
UNLOCK TABLES;

--
-- Table structure for table `vtiger_customerportal_tabs`
--

DROP TABLE IF EXISTS `vtiger_customerportal_tabs`;
/*!40101 SET @saved_cs_client     = @@character_set_client */;
/*!40101 SET character_set_client = utf8 */;
CREATE TABLE `vtiger_customerportal_tabs` (
  `tabid` int(19) NOT NULL,
  `visible` int(1) DEFAULT '1',
  `sequence` int(1) DEFAULT NULL,
  PRIMARY KEY (`tabid`)
) ENGINE=InnoDB DEFAULT CHARSET=latin1;
/*!40101 SET character_set_client = @saved_cs_client */;

--
-- Dumping data for table `vtiger_customerportal_tabs`
--

LOCK TABLES `vtiger_customerportal_tabs` WRITE;
/*!40000 ALTER TABLE `vtiger_customerportal_tabs` DISABLE KEYS */;
INSERT INTO `vtiger_customerportal_tabs` VALUES (4,1,9),(6,1,10),(8,1,8),(13,1,2),(14,1,6),(15,1,3),(20,1,5),(23,1,4),(30,1,7),(40,1,13),(41,1,12),(42,1,11),(44,1,14);
/*!40000 ALTER TABLE `vtiger_customerportal_tabs` ENABLE KEYS */;
UNLOCK TABLES;

--
-- Table structure for table `vtiger_customview`
--

DROP TABLE IF EXISTS `vtiger_customview`;
/*!40101 SET @saved_cs_client     = @@character_set_client */;
/*!40101 SET character_set_client = utf8 */;
CREATE TABLE `vtiger_customview` (
  `cvid` int(19) NOT NULL,
  `viewname` varchar(100) NOT NULL,
  `setdefault` int(1) DEFAULT '0',
  `setmetrics` int(1) DEFAULT '0',
  `entitytype` varchar(25) NOT NULL,
  `status` int(1) DEFAULT '1',
  `userid` int(19) DEFAULT '1',
  PRIMARY KEY (`cvid`),
  KEY `customview_entitytype_idx` (`entitytype`)
) ENGINE=InnoDB DEFAULT CHARSET=latin1;
/*!40101 SET character_set_client = @saved_cs_client */;

--
-- Dumping data for table `vtiger_customview`
--

LOCK TABLES `vtiger_customview` WRITE;
/*!40000 ALTER TABLE `vtiger_customview` DISABLE KEYS */;
INSERT INTO `vtiger_customview` VALUES (1,'All',1,0,'Leads',0,1),(2,'Hot Leads',0,1,'Leads',3,1),(3,'This Month Leads',0,0,'Leads',3,1),(4,'All',1,0,'Accounts',0,1),(5,'Prospect Accounts',0,1,'Accounts',3,1),(6,'New This Week',0,0,'Accounts',3,1),(7,'All',1,0,'Contacts',0,1),(8,'Contacts Address',0,0,'Contacts',3,1),(9,'Todays Birthday',0,0,'Contacts',3,1),(10,'All',1,0,'Potentials',0,1),(11,'Potentials Won',0,1,'Potentials',3,1),(12,'Prospecting',0,0,'Potentials',3,1),(13,'All',1,0,'HelpDesk',0,1),(14,'Open Tickets',0,1,'HelpDesk',3,1),(15,'High Prioriy Tickets',0,0,'HelpDesk',3,1),(16,'All',1,0,'Quotes',0,1),(17,'Open Quotes',0,1,'Quotes',3,1),(18,'Rejected Quotes',0,0,'Quotes',3,1),(19,'All',1,0,'Calendar',0,1),(20,'All',1,0,'Emails',0,1),(21,'All',1,0,'Invoice',0,1),(22,'All',1,0,'Documents',0,1),(23,'All',1,0,'PriceBooks',0,1),(24,'All',1,0,'Products',0,1),(25,'All',1,0,'PurchaseOrder',0,1),(26,'All',1,0,'SalesOrder',0,1),(27,'All',1,0,'Vendors',0,1),(28,'All',1,0,'Faq',0,1),(29,'All',1,0,'Campaigns',0,1),(30,'All',1,0,'Webmails',0,1),(31,'Drafted FAQ',0,0,'Faq',3,1),(32,'Published FAQ',0,0,'Faq',3,1),(33,'Open Purchase Orders',0,0,'PurchaseOrder',3,1),(34,'Received Purchase Orders',0,0,'PurchaseOrder',3,1),(35,'Open Invoices',0,0,'Invoice',3,1),(36,'Paid Invoices',0,0,'Invoice',3,1),(37,'Pending Sales Orders',0,0,'SalesOrder',3,1),(38,'All',1,0,'Services',0,1),(39,'All',1,0,'PBXManager',0,1),(40,'All',1,0,'ServiceContracts',0,1),(41,'All',0,0,'ModComments',0,1),(42,'All',0,0,'SMSNotifier',0,1),(46,'All',1,0,'Assets',0,1),(47,'All',1,0,'ProjectMilestone',0,1),(48,'All',1,0,'ProjectTask',0,1),(49,'All',1,0,'Project',0,1),(50,'All',1,0,'Blockplan',0,1),(51,'All',1,0,'BuildingPlan',0,1),(52,'All',1,0,'StreetLine',0,1),(53,'All',1,0,'Coc',0,1),(54,'All',1,0,'Resubmission',0,1),(55,'Field Visit',1,0,'Blockplan',2,9),(56,'Field Visit',1,0,'BuildingPlan',2,9),(59,'All',1,0,'NatureOfChanges',0,1),(65,'Mine (Valuation Insepctor II)',1,0,'NatureOfChanges',2,13),(69,'Mine (Valuation Inspector 01)',1,0,'NatureOfChanges',2,12),(74,'Assigned to Me (Test)',1,0,'Blockplan',1,6),(75,'Assigned to Me (Test)',1,0,'BuildingPlan',1,6),(76,'Assigned to Management Assistant(Me)',1,0,'Blockplan',1,5),(77,'Building Plans-Assigned to me',1,0,'BuildingPlan',1,5),(78,'Streetline- Assigned to me',1,0,'StreetLine',1,5),(79,'COC-Assigned to me',1,0,'Coc',1,5),(80,'Block plans- Assigned to me',1,0,'Blockplan',1,16),(81,'Building plan-Assigned to me',1,0,'BuildingPlan',1,16),(82,'Streetline-Assigned to me',1,0,'StreetLine',1,16),(83,'Assigned to Me (Engr)',1,0,'Blockplan',1,7);
/*!40000 ALTER TABLE `vtiger_customview` ENABLE KEYS */;
UNLOCK TABLES;

--
-- Table structure for table `vtiger_customview_seq`
--

DROP TABLE IF EXISTS `vtiger_customview_seq`;
/*!40101 SET @saved_cs_client     = @@character_set_client */;
/*!40101 SET character_set_client = utf8 */;
CREATE TABLE `vtiger_customview_seq` (
  `id` int(11) NOT NULL
) ENGINE=InnoDB DEFAULT CHARSET=latin1;
/*!40101 SET character_set_client = @saved_cs_client */;

--
-- Dumping data for table `vtiger_customview_seq`
--

LOCK TABLES `vtiger_customview_seq` WRITE;
/*!40000 ALTER TABLE `vtiger_customview_seq` DISABLE KEYS */;
INSERT INTO `vtiger_customview_seq` VALUES (83);
/*!40000 ALTER TABLE `vtiger_customview_seq` ENABLE KEYS */;
UNLOCK TABLES;

--
-- Table structure for table `vtiger_cvadvfilter`
--

DROP TABLE IF EXISTS `vtiger_cvadvfilter`;
/*!40101 SET @saved_cs_client     = @@character_set_client */;
/*!40101 SET character_set_client = utf8 */;
CREATE TABLE `vtiger_cvadvfilter` (
  `cvid` int(19) NOT NULL,
  `columnindex` int(11) NOT NULL,
  `columnname` varchar(250) DEFAULT '',
  `comparator` varchar(20) DEFAULT NULL,
  `value` varchar(512) DEFAULT NULL,
  `groupid` int(11) DEFAULT '1',
  `column_condition` varchar(255) DEFAULT 'and',
  PRIMARY KEY (`cvid`,`columnindex`),
  KEY `cvadvfilter_cvid_idx` (`cvid`)
) ENGINE=InnoDB DEFAULT CHARSET=latin1;
/*!40101 SET character_set_client = @saved_cs_client */;

--
-- Dumping data for table `vtiger_cvadvfilter`
--

LOCK TABLES `vtiger_cvadvfilter` WRITE;
/*!40000 ALTER TABLE `vtiger_cvadvfilter` DISABLE KEYS */;
INSERT INTO `vtiger_cvadvfilter` VALUES (2,0,'vtiger_leaddetails:leadstatus:leadstatus:Leads_Lead_Status:V','e','Hot',1,'and'),(5,0,'vtiger_account:account_type:accounttype:Accounts_Type:V','e','Prospect',1,'and'),(11,0,'vtiger_potential:sales_stage:sales_stage:Potentials_Sales_Stage:V','e','Closed Won',1,'and'),(12,0,'vtiger_potential:sales_stage:sales_stage:Potentials_Sales_Stage:V','e','Prospecting',1,'and'),(14,0,'vtiger_troubletickets:status:ticketstatus:HelpDesk_Status:V','n','Closed',1,'and'),(15,0,'vtiger_troubletickets:priority:ticketpriorities:HelpDesk_Priority:V','e','High',1,'and'),(17,0,'vtiger_quotes:quotestage:quotestage:Quotes_Quote_Stage:V','n','Accepted',1,'and'),(17,1,'vtiger_quotes:quotestage:quotestage:Quotes_Quote_Stage:V','n','Rejected',1,'and'),(18,0,'vtiger_quotes:quotestage:quotestage:Quotes_Quote_Stage:V','e','Rejected',1,'and'),(31,0,'vtiger_faq:status:faqstatus:Faq_Status:V','e','Draft',1,'and'),(32,0,'vtiger_faq:status:faqstatus:Faq_Status:V','e','Published',1,'and'),(33,0,'vtiger_purchaseorder:postatus:postatus:PurchaseOrder_Status:V','e','Created, Approved, Delivered',1,'and'),(34,0,'vtiger_purchaseorder:postatus:postatus:PurchaseOrder_Status:V','e','Received Shipment',1,'and'),(35,0,'vtiger_invoice:invoicestatus:invoicestatus:Invoice_Status:V','e','Created, Approved, Sent',1,'and'),(36,0,'vtiger_invoice:invoicestatus:invoicestatus:Invoice_Status:V','e','Paid',1,'and'),(37,0,'vtiger_salesorder:sostatus:sostatus:SalesOrder_Status:V','e','Created, Approved',1,'and'),(55,0,'vtiger_blockplan:plan_status:plan_status:Blockplan_LBL_PLAN_STATUS:V','e','Field Visit',1,''),(56,0,'vtiger_buildingplan:build_plan_status:build_plan_status:BuildingPlan_LBL_BUILDING_PLAN_STATUS:V','e','Field Visit',1,''),(65,0,'vtiger_natureofchanges:chng_val_inspector_name:chng_val_inspector_name:NatureOfChanges_LBL_VALUATION_INSPECTOR_NAME:V','e','Valuation Inspector II',1,''),(69,0,'vtiger_natureofchanges:chng_val_inspector_name:chng_val_inspector_name:NatureOfChanges_LBL_VALUATION_INSPECTOR_NAME:V','e','Valuation Inspector 01',1,''),(74,0,'vtiger_blockplan:assaigned_draughtsman:assaigned_draughtsman:Blockplan_LBL_ASSAIGNED_DRAUGHTSMAN:V','e','Draughsman Test',1,''),(75,0,'vtiger_buildingplan:assa_build_draughtsman:ass_build_draughtsman:BuildingPlan_LBL_ASS_BUILD_DRAUGHTSMAN:V','e','Draughtsman Test ',1,''),(76,0,'vtiger_crmentity:smownerid:assigned_user_id:Blockplan_Assigned_To:V','e','Test Management Assistant 01',1,''),(77,0,'vtiger_crmentity:smownerid:assigned_user_id:BuildingPlan_Assigned_To:V','e','Test Management Assistant 01',1,''),(79,0,'vtiger_coc:ass_build_tech_officer:ass_build_tech_officer:Coc_LBL_COC_BUILD_TECH_OFFICER:V','e','Technical Officer Test TO',1,''),(80,0,'vtiger_crmentity:smownerid:assigned_user_id:Blockplan_Assigned_To:V','e','Technical Officer',1,''),(81,0,'vtiger_crmentity:smownerid:assigned_user_id:BuildingPlan_Assigned_To:V','e','Technical Officer',1,''),(82,0,'vtiger_crmentity:smownerid:assigned_user_id:StreetLine_Assigned_To:V','e','Technical Officer',1,''),(83,0,'vtiger_crmentity:smownerid:assigned_user_id:Blockplan_Assigned_To:V','e','Engineer Testing Planning',1,'');
/*!40000 ALTER TABLE `vtiger_cvadvfilter` ENABLE KEYS */;
UNLOCK TABLES;

--
-- Table structure for table `vtiger_cvadvfilter_grouping`
--

DROP TABLE IF EXISTS `vtiger_cvadvfilter_grouping`;
/*!40101 SET @saved_cs_client     = @@character_set_client */;
/*!40101 SET character_set_client = utf8 */;
CREATE TABLE `vtiger_cvadvfilter_grouping` (
  `groupid` int(11) NOT NULL,
  `cvid` int(19) NOT NULL,
  `group_condition` varchar(255) DEFAULT NULL,
  `condition_expression` text,
  PRIMARY KEY (`groupid`,`cvid`)
) ENGINE=InnoDB DEFAULT CHARSET=latin1;
/*!40101 SET character_set_client = @saved_cs_client */;

--
-- Dumping data for table `vtiger_cvadvfilter_grouping`
--

LOCK TABLES `vtiger_cvadvfilter_grouping` WRITE;
/*!40000 ALTER TABLE `vtiger_cvadvfilter_grouping` DISABLE KEYS */;
INSERT INTO `vtiger_cvadvfilter_grouping` VALUES (1,2,'',''),(1,5,'',''),(1,11,'',''),(1,12,'',''),(1,14,'',''),(1,15,'',''),(1,17,'',''),(1,18,'',''),(1,31,'',''),(1,32,'',''),(1,33,'',''),(1,34,'',''),(1,35,'',''),(1,36,'',''),(1,37,'',''),(1,55,'and',' 0 '),(1,56,'and',' 0 '),(1,63,'and',' 0 '),(1,64,'and',' 0 '),(1,65,'and',' 0 '),(1,66,'and',' 0 '),(1,67,'and',' 0 '),(1,68,'and',' 0 '),(1,69,'and',' 0 '),(1,70,'and',' 0 '),(1,71,'and',' 0 '),(1,72,'and',' 0 '),(1,74,'and',' 0 '),(1,75,'and',' 0 '),(1,76,'and',' 0 '),(1,77,'and',' 0 '),(1,79,'and',' 0 '),(1,80,'and',' 0 '),(1,81,'and',' 0 '),(1,82,'and',' 0 '),(1,83,'and',' 0 ');
/*!40000 ALTER TABLE `vtiger_cvadvfilter_grouping` ENABLE KEYS */;
UNLOCK TABLES;

--
-- Table structure for table `vtiger_cvcolumnlist`
--

DROP TABLE IF EXISTS `vtiger_cvcolumnlist`;
/*!40101 SET @saved_cs_client     = @@character_set_client */;
/*!40101 SET character_set_client = utf8 */;
CREATE TABLE `vtiger_cvcolumnlist` (
  `cvid` int(19) NOT NULL,
  `columnindex` int(11) NOT NULL,
  `columnname` varchar(250) DEFAULT '',
  PRIMARY KEY (`cvid`,`columnindex`),
  KEY `cvcolumnlist_columnindex_idx` (`columnindex`),
  KEY `cvcolumnlist_cvid_idx` (`cvid`)
) ENGINE=InnoDB DEFAULT CHARSET=latin1;
/*!40101 SET character_set_client = @saved_cs_client */;

--
-- Dumping data for table `vtiger_cvcolumnlist`
--

LOCK TABLES `vtiger_cvcolumnlist` WRITE;
/*!40000 ALTER TABLE `vtiger_cvcolumnlist` DISABLE KEYS */;
INSERT INTO `vtiger_cvcolumnlist` VALUES (1,1,'vtiger_leaddetails:firstname:firstname:Leads_First_Name:V'),(1,2,'vtiger_leaddetails:lastname:lastname:Leads_Last_Name:V'),(1,3,'vtiger_leaddetails:company:company:Leads_Company:V'),(1,4,'vtiger_leadaddress:phone:phone:Leads_Phone:V'),(1,5,'vtiger_leadsubdetails:website:website:Leads_Website:V'),(1,6,'vtiger_leaddetails:email:email:Leads_Email:V'),(1,7,'vtiger_crmentity:smownerid:assigned_user_id:Leads_Assigned_To:V'),(2,0,'vtiger_leaddetails:firstname:firstname:Leads_First_Name:V'),(2,1,'vtiger_leaddetails:lastname:lastname:Leads_Last_Name:V'),(2,2,'vtiger_leaddetails:company:company:Leads_Company:V'),(2,3,'vtiger_leaddetails:leadsource:leadsource:Leads_Lead_Source:V'),(2,4,'vtiger_leadsubdetails:website:website:Leads_Website:V'),(2,5,'vtiger_leaddetails:email:email:Leads_Email:V'),(3,0,'vtiger_leaddetails:firstname:firstname:Leads_First_Name:V'),(3,1,'vtiger_leaddetails:lastname:lastname:Leads_Last_Name:V'),(3,2,'vtiger_leaddetails:company:company:Leads_Company:V'),(3,3,'vtiger_leaddetails:leadsource:leadsource:Leads_Lead_Source:V'),(3,4,'vtiger_leadsubdetails:website:website:Leads_Website:V'),(3,5,'vtiger_leaddetails:email:email:Leads_Email:V'),(4,1,'vtiger_account:accountname:accountname:Accounts_Account_Name:V'),(4,2,'vtiger_accountbillads:bill_city:bill_city:Accounts_City:V'),(4,3,'vtiger_account:website:website:Accounts_Website:V'),(4,4,'vtiger_account:phone:phone:Accounts_Phone:V'),(4,5,'vtiger_crmentity:smownerid:assigned_user_id:Accounts_Assigned_To:V'),(5,0,'vtiger_account:accountname:accountname:Accounts_Account_Name:V'),(5,1,'vtiger_account:phone:phone:Accounts_Phone:V'),(5,2,'vtiger_account:website:website:Accounts_Website:V'),(5,3,'vtiger_account:rating:rating:Accounts_Rating:V'),(5,4,'vtiger_crmentity:smownerid:assigned_user_id:Accounts_Assigned_To:V'),(6,0,'vtiger_account:accountname:accountname:Accounts_Account_Name:V'),(6,1,'vtiger_account:phone:phone:Accounts_Phone:V'),(6,2,'vtiger_account:website:website:Accounts_Website:V'),(6,3,'vtiger_accountbillads:bill_city:bill_city:Accounts_City:V'),(6,4,'vtiger_crmentity:smownerid:assigned_user_id:Accounts_Assigned_To:V'),(7,1,'vtiger_contactdetails:firstname:firstname:Contacts_First_Name:V'),(7,2,'vtiger_contactdetails:lastname:lastname:Contacts_Last_Name:V'),(7,3,'vtiger_contactdetails:title:title:Contacts_Title:V'),(7,4,'vtiger_contactdetails:accountid:account_id:Contacts_Account_Name:V'),(7,5,'vtiger_contactdetails:email:email:Contacts_Email:V'),(7,6,'vtiger_contactdetails:phone:phone:Contacts_Office_Phone:V'),(7,7,'vtiger_crmentity:smownerid:assigned_user_id:Contacts_Assigned_To:V'),(8,0,'vtiger_contactdetails:firstname:firstname:Contacts_First_Name:V'),(8,1,'vtiger_contactdetails:lastname:lastname:Contacts_Last_Name:V'),(8,2,'vtiger_contactaddress:mailingstreet:mailingstreet:Contacts_Mailing_Street:V'),(8,3,'vtiger_contactaddress:mailingcity:mailingcity:Contacts_Mailing_City:V'),(8,4,'vtiger_contactaddress:mailingstate:mailingstate:Contacts_Mailing_State:V'),(8,5,'vtiger_contactaddress:mailingzip:mailingzip:Contacts_Mailing_Zip:V'),(8,6,'vtiger_contactaddress:mailingcountry:mailingcountry:Contacts_Mailing_Country:V'),(9,0,'vtiger_contactdetails:firstname:firstname:Contacts_First_Name:V'),(9,1,'vtiger_contactdetails:lastname:lastname:Contacts_Last_Name:V'),(9,2,'vtiger_contactdetails:title:title:Contacts_Title:V'),(9,3,'vtiger_contactdetails:accountid:account_id:Contacts_Account_Name:V'),(9,4,'vtiger_contactdetails:email:email:Contacts_Email:V'),(9,5,'vtiger_contactsubdetails:otherphone:otherphone:Contacts_Other_Phone:V'),(9,6,'vtiger_crmentity:smownerid:assigned_user_id:Contacts_Assigned_To:V'),(10,1,'vtiger_potential:potentialname:potentialname:Potentials_Potential_Name:V'),(10,2,'vtiger_potential:related_to:related_to:Potentials_Related_To:V'),(10,3,'vtiger_potential:sales_stage:sales_stage:Potentials_Sales_Stage:V'),(10,4,'vtiger_potential:leadsource:leadsource:Potentials_Lead_Source:V'),(10,5,'vtiger_potential:closingdate:closingdate:Potentials_Expected_Close_Date:D'),(10,6,'vtiger_potential:amount:amount:Potentials_Amount:N'),(10,7,'vtiger_crmentity:smownerid:assigned_user_id:Potentials_Assigned_To:V'),(10,8,'vtiger_potential:contact_id:contact_id:Potentials_Contact_Name:V'),(11,0,'vtiger_potential:potentialname:potentialname:Potentials_Potential_Name:V'),(11,1,'vtiger_potential:related_to:related_to:Potentials_Related_To:V'),(11,2,'vtiger_potential:amount:amount:Potentials_Amount:N'),(11,3,'vtiger_potential:closingdate:closingdate:Potentials_Expected_Close_Date:D'),(11,4,'vtiger_crmentity:smownerid:assigned_user_id:Potentials_Assigned_To:V'),(11,5,'vtiger_potential:contact_id:contact_id:Potentials_Contact_Name:V'),(12,0,'vtiger_potential:potentialname:potentialname:Potentials_Potential_Name:V'),(12,1,'vtiger_potential:related_to:related_to:Potentials_Related_To:V'),(12,2,'vtiger_potential:amount:amount:Potentials_Amount:N'),(12,3,'vtiger_potential:leadsource:leadsource:Potentials_Lead_Source:V'),(12,4,'vtiger_potential:closingdate:closingdate:Potentials_Expected_Close_Date:D'),(12,5,'vtiger_crmentity:smownerid:assigned_user_id:Potentials_Assigned_To:V'),(12,6,'vtiger_potential:contact_id:contact_id:Potentials_Contact_Name:V'),(13,1,'vtiger_troubletickets:title:ticket_title:HelpDesk_Title:V'),(13,2,'vtiger_troubletickets:parent_id:parent_id:HelpDesk_Related_To:V'),(13,3,'vtiger_troubletickets:status:ticketstatus:HelpDesk_Status:V'),(13,4,'vtiger_troubletickets:priority:ticketpriorities:HelpDesk_Priority:V'),(13,5,'vtiger_crmentity:smownerid:assigned_user_id:HelpDesk_Assigned_To:V'),(13,6,'vtiger_troubletickets:contact_id:contact_id:HelpDesk_Contact_Name:V'),(14,0,'vtiger_troubletickets:title:ticket_title:HelpDesk_Title:V'),(14,1,'vtiger_troubletickets:parent_id:parent_id:HelpDesk_Related_To:V'),(14,2,'vtiger_troubletickets:priority:ticketpriorities:HelpDesk_Priority:V'),(14,3,'vtiger_troubletickets:product_id:product_id:HelpDesk_Product_Name:V'),(14,4,'vtiger_crmentity:smownerid:assigned_user_id:HelpDesk_Assigned_To:V'),(14,5,'vtiger_troubletickets:contact_id:contact_id:HelpDesk_Contact_Name:V'),(15,0,'vtiger_troubletickets:title:ticket_title:HelpDesk_Title:V'),(15,1,'vtiger_troubletickets:parent_id:parent_id:HelpDesk_Related_To:V'),(15,2,'vtiger_troubletickets:status:ticketstatus:HelpDesk_Status:V'),(15,3,'vtiger_troubletickets:product_id:product_id:HelpDesk_Product_Name:V'),(15,4,'vtiger_crmentity:smownerid:assigned_user_id:HelpDesk_Assigned_To:V'),(15,5,'vtiger_troubletickets:contact_id:contact_id:HelpDesk_Contact_Name:V'),(16,1,'vtiger_quotes:subject:subject:Quotes_Subject:V'),(16,2,'vtiger_quotes:quotestage:quotestage:Quotes_Quote_Stage:V'),(16,3,'vtiger_quotes:potentialid:potential_id:Quotes_Potential_Name:V'),(16,4,'vtiger_quotes:accountid:account_id:Quotes_Account_Name:V'),(16,5,'vtiger_quotes:total:hdnGrandTotal:Quotes_Total:V'),(16,6,'vtiger_crmentity:smownerid:assigned_user_id:Quotes_Assigned_To:V'),(17,0,'vtiger_quotes:subject:subject:Quotes_Subject:V'),(17,1,'vtiger_quotes:quotestage:quotestage:Quotes_Quote_Stage:V'),(17,2,'vtiger_quotes:potentialid:potential_id:Quotes_Potential_Name:V'),(17,3,'vtiger_quotes:accountid:account_id:Quotes_Account_Name:V'),(17,4,'vtiger_quotes:validtill:validtill:Quotes_Valid_Till:D'),(17,5,'vtiger_crmentity:smownerid:assigned_user_id:Quotes_Assigned_To:V'),(18,0,'vtiger_quotes:subject:subject:Quotes_Subject:V'),(18,1,'vtiger_quotes:potentialid:potential_id:Quotes_Potential_Name:V'),(18,2,'vtiger_quotes:accountid:account_id:Quotes_Account_Name:V'),(18,3,'vtiger_quotes:validtill:validtill:Quotes_Valid_Till:D'),(18,4,'vtiger_crmentity:smownerid:assigned_user_id:Quotes_Assigned_To:V'),(19,0,'vtiger_activity:status:taskstatus:Calendar_Status:V'),(19,1,'vtiger_activity:activitytype:activitytype:Calendar_Type:V'),(19,2,'vtiger_activity:subject:subject:Calendar_Subject:V'),(19,3,'vtiger_seactivityrel:crmid:parent_id:Calendar_Related_to:V'),(19,4,'vtiger_activity:date_start:date_start:Calendar_Start_Date:D'),(19,5,'vtiger_activity:due_date:due_date:Calendar_End_Date:D'),(19,6,'vtiger_crmentity:smownerid:assigned_user_id:Calendar_Assigned_To:V'),(20,0,'vtiger_activity:subject:subject:Emails_Subject:V'),(20,1,'vtiger_emaildetails:to_email:saved_toid:Emails_To:V'),(20,2,'vtiger_activity:date_start:date_start:Emails_Date_Sent:D'),(21,1,'vtiger_invoice:subject:subject:Invoice_Subject:V'),(21,2,'vtiger_invoice:salesorderid:salesorder_id:Invoice_Sales_Order:V'),(21,3,'vtiger_invoice:invoicestatus:invoicestatus:Invoice_Status:V'),(21,4,'vtiger_invoice:total:hdnGrandTotal:Invoice_Total:V'),(21,5,'vtiger_crmentity:smownerid:assigned_user_id:Invoice_Assigned_To:V'),(22,1,'vtiger_notes:title:notes_title:Notes_Title:V'),(22,2,'vtiger_notes:filename:filename:Notes_File:V'),(22,3,'vtiger_crmentity:modifiedtime:modifiedtime:Notes_Modified_Time:DT'),(22,4,'vtiger_crmentity:smownerid:assigned_user_id:Notes_Assigned_To:V'),(23,1,'vtiger_pricebook:bookname:bookname:PriceBooks_Price_Book_Name:V'),(23,2,'vtiger_pricebook:active:active:PriceBooks_Active:V'),(23,3,'vtiger_pricebook:currency_id:currency_id:PriceBooks_Currency:V'),(24,1,'vtiger_products:productname:productname:Products_Product_Name:V'),(24,2,'vtiger_products:productcode:productcode:Products_Part_Number:V'),(24,3,'vtiger_products:commissionrate:commissionrate:Products_Commission_Rate:V'),(24,4,'vtiger_products:qtyinstock:qtyinstock:Products_Quantity_In_Stock:V'),(24,5,'vtiger_products:qty_per_unit:qty_per_unit:Products_Qty/Unit:V'),(24,6,'vtiger_products:unit_price:unit_price:Products_Unit_Price:V'),(25,1,'vtiger_purchaseorder:subject:subject:PurchaseOrder_Subject:V'),(25,2,'vtiger_purchaseorder:vendorid:vendor_id:PurchaseOrder_Vendor_Name:V'),(25,3,'vtiger_purchaseorder:tracking_no:tracking_no:PurchaseOrder_Tracking_Number:V'),(25,4,'vtiger_purchaseorder:total:hdnGrandTotal:PurchaseOrder_Total:V'),(25,5,'vtiger_crmentity:smownerid:assigned_user_id:PurchaseOrder_Assigned_To:V'),(26,1,'vtiger_salesorder:subject:subject:SalesOrder_Subject:V'),(26,2,'vtiger_salesorder:accountid:account_id:SalesOrder_Account_Name:V'),(26,3,'vtiger_salesorder:quoteid:quote_id:SalesOrder_Quote_Name:V'),(26,4,'vtiger_salesorder:total:hdnGrandTotal:SalesOrder_Total:V'),(26,5,'vtiger_crmentity:smownerid:assigned_user_id:SalesOrder_Assigned_To:V'),(27,1,'vtiger_vendor:vendorname:vendorname:Vendors_Vendor_Name:V'),(27,2,'vtiger_vendor:phone:phone:Vendors_Phone:V'),(27,3,'vtiger_vendor:email:email:Vendors_Email:V'),(27,4,'vtiger_vendor:category:category:Vendors_Category:V'),(27,5,'vtiger_crmentity:smownerid:assigned_user_id:Vendors_Assigned_To:V'),(28,1,'vtiger_faq:question:question:Faq_Question:V'),(28,2,'vtiger_faq:category:faqcategories:Faq_Category:V'),(28,3,'vtiger_faq:product_id:product_id:Faq_Product_Name:V'),(28,4,'vtiger_crmentity:createdtime:createdtime:Faq_Created_Time:DT'),(28,5,'vtiger_crmentity:modifiedtime:modifiedtime:Faq_Modified_Time:DT'),(29,1,'vtiger_campaign:campaignname:campaignname:Campaigns_Campaign_Name:V'),(29,2,'vtiger_campaign:campaigntype:campaigntype:Campaigns_Campaign_Type:N'),(29,3,'vtiger_campaign:campaignstatus:campaignstatus:Campaigns_Campaign_Status:N'),(29,4,'vtiger_campaign:expectedrevenue:expectedrevenue:Campaigns_Expected_Revenue:V'),(29,5,'vtiger_campaign:closingdate:closingdate:Campaigns_Expected_Close_Date:D'),(29,6,'vtiger_crmentity:smownerid:assigned_user_id:Campaigns_Assigned_To:V'),(30,0,'subject:subject:subject:Subject:V'),(30,1,'from:fromname:fromname:From:N'),(30,2,'to:tpname:toname:To:N'),(30,3,'body:body:body:Body:V'),(31,0,'vtiger_faq:question:question:Faq_Question:V'),(31,1,'vtiger_faq:status:faqstatus:Faq_Status:V'),(31,2,'vtiger_faq:product_id:product_id:Faq_Product_Name:V'),(31,3,'vtiger_faq:category:faqcategories:Faq_Category:V'),(31,4,'vtiger_crmentity:createdtime:createdtime:Faq_Created_Time:DT'),(32,0,'vtiger_faq:question:question:Faq_Question:V'),(32,1,'vtiger_faq:answer:faq_answer:Faq_Answer:V'),(32,2,'vtiger_faq:status:faqstatus:Faq_Status:V'),(32,3,'vtiger_faq:product_id:product_id:Faq_Product_Name:V'),(32,4,'vtiger_faq:category:faqcategories:Faq_Category:V'),(32,5,'vtiger_crmentity:createdtime:createdtime:Faq_Created_Time:DT'),(33,0,'vtiger_purchaseorder:subject:subject:PurchaseOrder_Subject:V'),(33,1,'vtiger_purchaseorder:postatus:postatus:PurchaseOrder_Status:V'),(33,2,'vtiger_purchaseorder:vendorid:vendor_id:PurchaseOrder_Vendor_Name:V'),(33,3,'vtiger_crmentity:smownerid:assigned_user_id:PurchaseOrder_Assigned_To:V'),(33,4,'vtiger_purchaseorder:duedate:duedate:PurchaseOrder_Due_Date:V'),(34,0,'vtiger_purchaseorder:subject:subject:PurchaseOrder_Subject:V'),(34,1,'vtiger_purchaseorder:vendorid:vendor_id:PurchaseOrder_Vendor_Name:V'),(34,2,'vtiger_crmentity:smownerid:assigned_user_id:PurchaseOrder_Assigned_To:V'),(34,3,'vtiger_purchaseorder:postatus:postatus:PurchaseOrder_Status:V'),(34,4,'vtiger_purchaseorder:carrier:carrier:PurchaseOrder_Carrier:V'),(34,5,'vtiger_poshipads:ship_street:ship_street:PurchaseOrder_Shipping_Address:V'),(35,0,'vtiger_invoice:invoice_no:invoice_no:Invoice_Invoice_No:V'),(35,1,'vtiger_invoice:subject:subject:Invoice_Subject:V'),(35,2,'vtiger_invoice:accountid:account_id:Invoice_Account_Name:V'),(35,3,'vtiger_invoice:salesorderid:salesorder_id:Invoice_Sales_Order:V'),(35,4,'vtiger_invoice:invoicestatus:invoicestatus:Invoice_Status:V'),(35,5,'vtiger_crmentity:smownerid:assigned_user_id:Invoice_Assigned_To:V'),(35,6,'vtiger_crmentity:createdtime:createdtime:Invoice_Created_Time:DT'),(36,0,'vtiger_invoice:invoice_no:invoice_no:Invoice_Invoice_No:V'),(36,1,'vtiger_invoice:subject:subject:Invoice_Subject:V'),(36,2,'vtiger_invoice:accountid:account_id:Invoice_Account_Name:V'),(36,3,'vtiger_invoice:salesorderid:salesorder_id:Invoice_Sales_Order:V'),(36,4,'vtiger_invoice:invoicestatus:invoicestatus:Invoice_Status:V'),(36,5,'vtiger_invoiceshipads:ship_street:ship_street:Invoice_Shipping_Address:V'),(36,6,'vtiger_crmentity:smownerid:assigned_user_id:Invoice_Assigned_To:V'),(37,0,'vtiger_salesorder:subject:subject:SalesOrder_Subject:V'),(37,1,'vtiger_salesorder:accountid:account_id:SalesOrder_Account_Name:V'),(37,2,'vtiger_salesorder:sostatus:sostatus:SalesOrder_Status:V'),(37,3,'vtiger_crmentity:smownerid:assigned_user_id:SalesOrder_Assigned_To:V'),(37,4,'vtiger_soshipads:ship_street:ship_street:SalesOrder_Shipping_Address:V'),(37,5,'vtiger_salesorder:carrier:carrier:SalesOrder_Carrier:V'),(38,1,'vtiger_service:servicename:servicename:Services_Service_Name:V'),(38,2,'vtiger_service:service_usageunit:service_usageunit:Services_Usage_Unit:V'),(38,3,'vtiger_service:unit_price:unit_price:Services_Price:N'),(38,4,'vtiger_service:qty_per_unit:qty_per_unit:Services_No_of_Units:N'),(38,5,'vtiger_service:servicecategory:servicecategory:Services_Service_Category:V'),(38,6,'vtiger_crmentity:smownerid:assigned_user_id:Services_Owner:I'),(39,0,'vtiger_pbxmanager:callstatus:callstatus:PBXManager_Call_Status:V'),(39,1,'vtiger_pbxmanager:customernumber:customernumber:PBXManager_Customer_Number:V'),(39,2,'vtiger_pbxmanager:customer:customer:PBXManager_Customer:V'),(39,3,'vtiger_pbxmanager:user:user:PBXManager_User:V'),(39,4,'vtiger_pbxmanager:recordingurl:recordingurl:PBXManager_Recording_URL:V'),(39,5,'vtiger_pbxmanager:totalduration:totalduration:PBXManager_Total_Duration:I'),(39,6,'vtiger_pbxmanager:starttime:starttime:PBXManager_Start_Time:DT'),(40,1,'vtiger_servicecontracts:subject:subject:ServiceContracts_Subject:V'),(40,2,'vtiger_servicecontracts:sc_related_to:sc_related_to:ServiceContracts_Related_to:V'),(40,3,'vtiger_crmentity:smownerid:assigned_user_id:ServiceContracts_Assigned_To:V'),(40,4,'vtiger_servicecontracts:start_date:start_date:ServiceContracts_Start_Date:D'),(40,5,'vtiger_servicecontracts:due_date:due_date:ServiceContracts_Due_date:D'),(40,7,'vtiger_servicecontracts:progress:progress:ServiceContracts_Progress:N'),(40,8,'vtiger_servicecontracts:contract_status:contract_status:ServiceContracts_Status:V'),(41,0,'vtiger_modcomments:commentcontent:commentcontent:ModComments_Comment:V'),(41,1,'vtiger_modcomments:related_to:related_to:ModComments_Related_To:V'),(41,2,'vtiger_crmentity:modifiedtime:modifiedtime:ModComments_Modified_Time:DT'),(41,3,'vtiger_crmentity:smownerid:assigned_user_id:ModComments_Assigned_To:V'),(42,0,'vtiger_smsnotifier:message:message:SMSNotifier_message:V'),(42,2,'vtiger_crmentity:smownerid:assigned_user_id:SMSNotifier_Assigned_To:V'),(42,3,'vtiger_crmentity:createdtime:createdtime:SMSNotifier_Created_Time:DT'),(42,4,'vtiger_crmentity:modifiedtime:modifiedtime:SMSNotifier_Modified_Time:DT'),(46,1,'vtiger_assets:assetname:assetname:Assets_Asset_Name:V'),(46,2,'vtiger_assets:account:account:Assets_Customer_Name:V'),(46,3,'vtiger_assets:product:product:Assets_Product_Name:V'),(47,0,'vtiger_projectmilestone:projectmilestonename:projectmilestonename:ProjectMilestone_Project_Milestone_Name:V'),(47,1,'vtiger_projectmilestone:projectmilestonedate:projectmilestonedate:ProjectMilestone_Milestone_Date:D'),(47,3,'vtiger_crmentity:description:description:ProjectMilestone_description:V'),(47,4,'vtiger_crmentity:createdtime:createdtime:ProjectMilestone_Created_Time:T'),(47,5,'vtiger_crmentity:modifiedtime:modifiedtime:ProjectMilestone_Modified_Time:T'),(48,2,'vtiger_projecttask:projecttaskname:projecttaskname:ProjectTask_Project_Task_Name:V'),(48,3,'vtiger_projecttask:projectid:projectid:ProjectTask_Related_to:V'),(48,4,'vtiger_projecttask:projecttaskpriority:projecttaskpriority:ProjectTask_Priority:V'),(48,5,'vtiger_projecttask:projecttaskprogress:projecttaskprogress:ProjectTask_Progress:V'),(48,6,'vtiger_projecttask:projecttaskhours:projecttaskhours:ProjectTask_Worked_Hours:V'),(48,7,'vtiger_projecttask:startdate:startdate:ProjectTask_Start_Date:D'),(48,8,'vtiger_projecttask:enddate:enddate:ProjectTask_End_Date:D'),(48,9,'vtiger_crmentity:smownerid:assigned_user_id:ProjectTask_Assigned_To:V'),(49,0,'vtiger_project:projectname:projectname:Project_Project_Name:V'),(49,1,'vtiger_project:linktoaccountscontacts:linktoaccountscontacts:Project_Related_to:V'),(49,2,'vtiger_project:startdate:startdate:Project_Start_Date:D'),(49,3,'vtiger_project:targetenddate:targetenddate:Project_Target_End_Date:D'),(49,4,'vtiger_project:actualenddate:actualenddate:Project_Actual_End_Date:D'),(49,5,'vtiger_project:targetbudget:targetbudget:Project_Target_Budget:V'),(49,6,'vtiger_project:progress:progress:Project_Progress:V'),(49,7,'vtiger_project:projectstatus:projectstatus:Project_Status:V'),(49,8,'vtiger_crmentity:smownerid:assigned_user_id:Project_Assigned_To:V'),(50,1,'vtiger_blockplan:fullname:fullname:Blockplan_LBL_FULLNAME:V'),(50,2,'vtiger_blockplan:assesment_no:assesment_no:Blockplan_LBL_ASSESMENT_NO:V'),(51,1,'vtiger_buildingplan:assesment_no:assesment_no:BuildingPlan_LBL_ASSESMENT_NO:V'),(51,2,'vtiger_buildingplan:fullname:fullname:BuildingPlan_LBL_FULLNAME:V'),(52,1,'vtiger_streetline:assesment_no:assesment_no:StreetLine_LBL_ASSESMENT_NO:V'),(52,2,'vtiger_streetline:fullname:fullname:StreetLine_LBL_FULLNAME:V'),(53,1,'vtiger_coc:assesment_no:assesment_no:Coc_LBL_ASSESMENT_NO:V'),(53,2,'vtiger_coc:fullname:fullname:Coc_LBL_FULLNAME:V'),(54,1,'vtiger_resubmission:related_to:related_to:Resubmission_LBL_RELATED_TO:V'),(54,2,'vtiger_resubmission:date:date:Resubmission_LBL_DATE:D'),(54,3,'vtiger_resubmission:resubmitted_date:resubmitted_date:Resubmission_LBL_RESUBMITTED_DATE:D'),(55,0,'vtiger_blockplan:blockplan_no:blockplan_no:Blockplan_LBL_BLOCKPLAN_NO:V'),(55,1,'vtiger_blockplan:fullname:fullname:Blockplan_LBL_FULLNAME:V'),(55,2,'vtiger_blockplan:assesment_no:assesment_no:Blockplan_LBL_ASSESMENT_NO:V'),(55,3,'vtiger_crmentity:createdtime:createdtime:Blockplan_Created_Time:T'),(55,4,'vtiger_blockplan:ward_no:ward_no:Blockplan_LBL_WARD_NO:V'),(55,5,'vtiger_blockplan:lot_no:lot_no:Blockplan_LBL_LOT_NO:V'),(55,6,'vtiger_crmentity:smownerid:assigned_user_id:Blockplan_Assigned_To:V'),(56,0,'vtiger_buildingplan:buildingplan_no:buildingplan_no:BuildingPlan_LBL_BUILDINGPLAN_NO:V'),(56,1,'vtiger_buildingplan:assesment_no:assesment_no:BuildingPlan_LBL_ASSESMENT_NO:V'),(56,2,'vtiger_buildingplan:fullname:fullname:BuildingPlan_LBL_FULLNAME:V'),(56,3,'vtiger_buildingplan:build_plan_status:build_plan_status:BuildingPlan_LBL_BUILDING_PLAN_STATUS:V'),(56,4,'vtiger_crmentity:smownerid:assigned_user_id:BuildingPlan_Assigned_To:V'),(56,5,'vtiger_buildingplan:ward_no:ward_no:BuildingPlan_LBL_WARD_NO:V'),(56,6,'vtiger_buildingplan:lot_no:lot_no:BuildingPlan_LBL_LOT_NO:V'),(59,1,'vtiger_natureofchanges:full_name:full_name:NatureOfChanges_LBL_FULL_NAME:V'),(59,2,'vtiger_natureofchanges:full_name:changes_app_file_number:NatureOfChanges_File Number:V'),(65,0,'vtiger_natureofchanges:nature_of_changes_no:nature_of_changes_no:NatureOfChanges_LBL_NATURE_OF_CHANGES_NO:V'),(65,1,'vtiger_natureofchanges:full_name:full_name:NatureOfChanges_LBL_FULL_NAME:V'),(65,2,'vtiger_natureofchanges:changes_app_file_number:changes_app_file_number:NatureOfChanges_LBL_APPLICATION_FILE_NUMBER:V'),(65,3,'vtiger_natureofchanges:changes_app_phone_number:changes_app_phone_number:NatureOfChanges_LBL_APPLICATION_PHONE_NUMBER:V'),(65,4,'vtiger_natureofchanges:street:street:NatureOfChanges_LBL_STREET:V'),(65,5,'vtiger_natureofchanges:city:city:NatureOfChanges_LBL_CITY:V'),(69,0,'vtiger_natureofchanges:nature_of_changes_no:nature_of_changes_no:NatureOfChanges_LBL_NATURE_OF_CHANGES_NO:V'),(69,1,'vtiger_natureofchanges:full_name:full_name:NatureOfChanges_LBL_FULL_NAME:V'),(69,2,'vtiger_natureofchanges:changes_app_file_number:changes_app_file_number:NatureOfChanges_LBL_APPLICATION_FILE_NUMBER:V'),(69,3,'vtiger_natureofchanges:changes_app_phone_number:changes_app_phone_number:NatureOfChanges_LBL_APPLICATION_PHONE_NUMBER:V'),(69,4,'vtiger_natureofchanges:street:street:NatureOfChanges_LBL_STREET:V'),(69,5,'vtiger_natureofchanges:city:city:NatureOfChanges_LBL_CITY:V'),(74,0,'vtiger_blockplan:fullname:fullname:Blockplan_LBL_FULLNAME:V'),(74,1,'vtiger_blockplan:assesment_no:assesment_no:Blockplan_LBL_ASSESMENT_NO:V'),(74,2,'vtiger_blockplan:blockplan_no:blockplan_no:Blockplan_LBL_BLOCKPLAN_NO:V'),(74,3,'vtiger_blockplan:plan_status:plan_status:Blockplan_LBL_PLAN_STATUS:V'),(74,4,'vtiger_blockplan:file_no:file_no:Blockplan_LBL_FILE_NO:V'),(74,5,'vtiger_blockplan:division:division:Blockplan_LBL_DIVISION:V'),(74,6,'vtiger_blockplan:street:street:Blockplan_LBL_STREET:V'),(75,0,'vtiger_buildingplan:fullname:fullname:BuildingPlan_LBL_FULLNAME:V'),(75,1,'vtiger_buildingplan:build_plan_status:build_plan_status:BuildingPlan_LBL_BUILDING_PLAN_STATUS:V'),(75,2,'vtiger_buildingplan:assesment_no:assesment_no:BuildingPlan_LBL_ASSESMENT_NO:V'),(75,3,'vtiger_buildingplan:file_no:file_no:BuildingPlan_LBL_FILE_NO:V'),(75,4,'vtiger_buildingplan:division:division:BuildingPlan_LBL_DIVISION:V'),(75,5,'vtiger_buildingplan:street:street:BuildingPlan_LBL_STREET:V'),(76,0,'vtiger_blockplan:blockplan_no:blockplan_no:Blockplan_LBL_BLOCKPLAN_NO:V'),(76,1,'vtiger_blockplan:fullname:fullname:Blockplan_LBL_FULLNAME:V'),(76,2,'vtiger_blockplan:assesment_no:assesment_no:Blockplan_LBL_ASSESMENT_NO:V'),(76,3,'vtiger_blockplan:plan_status:plan_status:Blockplan_LBL_PLAN_STATUS:V'),(76,4,'vtiger_blockplan:plan_approved_date:plan_approved_date:Blockplan_LBL_PLAN_APPROVED_DATE:D'),(76,5,'vtiger_blockplan:payment_made:payment_made:Blockplan_LBL_PAYMENT_MADE:C'),(76,6,'vtiger_blockplan:file_no:file_no:Blockplan_LBL_FILE_NO:V'),(76,7,'vtiger_blockplan:division:division:Blockplan_LBL_DIVISION:V'),(76,8,'vtiger_crmentity:smownerid:assigned_user_id:Blockplan_Assigned_To:V'),(76,9,'vtiger_crmentity:createdtime:createdtime:Blockplan_Created_Time:T'),(76,10,'vtiger_blockplan:city:city:Blockplan_LBL_CITY:V'),(77,0,'vtiger_buildingplan:buildingplan_no:buildingplan_no:BuildingPlan_LBL_BUILDINGPLAN_NO:V'),(77,1,'vtiger_buildingplan:assesment_no:assesment_no:BuildingPlan_LBL_ASSESMENT_NO:V'),(77,2,'vtiger_buildingplan:fullname:fullname:BuildingPlan_LBL_FULLNAME:V'),(77,3,'vtiger_buildingplan:build_plan_status:build_plan_status:BuildingPlan_LBL_BUILDING_PLAN_STATUS:V'),(77,4,'vtiger_buildingplan:plan_approved_date:plan_approved_date:BuildingPlan_LBL_PLAN_APPROVED_DATE:D'),(77,5,'vtiger_buildingplan:file_no:file_no:BuildingPlan_LBL_FILE_NO:V'),(77,6,'vtiger_buildingplan:payment_made:payment_made:BuildingPlan_LBL_PAYMENT_MADE:C'),(77,7,'vtiger_buildingplan:division:division:BuildingPlan_LBL_DIVISION:V'),(77,8,'vtiger_buildingplan:street:street:BuildingPlan_LBL_STREET:V'),(77,9,'vtiger_buildingplan:city:city:BuildingPlan_LBL_CITY:V'),(78,0,'vtiger_streetline:streetline_no:streetline_no:StreetLine_LBL_STREETLINE_NO:V'),(78,1,'vtiger_streetline:assesment_no:assesment_no:StreetLine_LBL_ASSESMENT_NO:V'),(78,2,'vtiger_streetline:fullname:fullname:StreetLine_LBL_FULLNAME:V'),(78,3,'vtiger_streetline:street_plan_status:street_plan_status:StreetLine_LBL_STREET_PLAN_STATUS:V'),(78,4,'vtiger_streetline:plan_approved_date:plan_approved_date:StreetLine_LBL_PLAN_APPROVED_DATE:D'),(78,5,'vtiger_streetline:payment_made:payment_made:StreetLine_LBL_PAYMENT_MADE:C'),(78,6,'vtiger_streetline:file_no:file_no:StreetLine_LBL_FILE_NO:V'),(78,7,'vtiger_streetline:division:division:StreetLine_LBL_DIVISION:V'),(78,8,'vtiger_streetline:street:street:StreetLine_LBL_STREET:V'),(78,9,'vtiger_streetline:city:city:StreetLine_LBL_CITY:V'),(79,0,'vtiger_coc:coc_no:coc_no:Coc_LBL_COC_NO:V'),(79,1,'vtiger_coc:assesment_no:assesment_no:Coc_LBL_ASSESMENT_NO:V'),(79,2,'vtiger_coc:fullname:fullname:Coc_LBL_FULLNAME:V'),(79,3,'vtiger_coc:coc_plan_status:coc_plan_status:Coc_LBL_COC_PLAN_STATUS:V'),(79,4,'vtiger_coc:plan_approved_date:plan_approved_date:Coc_LBL_PLAN_APPROVED_DATE:D'),(79,5,'vtiger_coc:date_of_residency:date_of_residency:Coc_LBL_DATE_OF_RESIDENCY:D'),(79,6,'vtiger_coc:street:street:Coc_LBL_STREET:V'),(79,7,'vtiger_coc:city:city:Coc_LBL_CITY:V'),(80,0,'vtiger_blockplan:blockplan_no:blockplan_no:Blockplan_LBL_BLOCKPLAN_NO:V'),(80,1,'vtiger_blockplan:fullname:fullname:Blockplan_LBL_FULLNAME:V'),(80,2,'vtiger_blockplan:assesment_no:assesment_no:Blockplan_LBL_ASSESMENT_NO:V'),(80,3,'vtiger_blockplan:plan_status:plan_status:Blockplan_LBL_PLAN_STATUS:V'),(80,4,'vtiger_blockplan:plan_approved_date:plan_approved_date:Blockplan_LBL_PLAN_APPROVED_DATE:D'),(80,5,'vtiger_blockplan:payment_made:payment_made:Blockplan_LBL_PAYMENT_MADE:C'),(80,6,'vtiger_blockplan:file_no:file_no:Blockplan_LBL_FILE_NO:V'),(80,7,'vtiger_blockplan:division:division:Blockplan_LBL_DIVISION:V'),(80,8,'vtiger_blockplan:street:street:Blockplan_LBL_STREET:V'),(80,9,'vtiger_blockplan:city:city:Blockplan_LBL_CITY:V'),(81,0,'vtiger_buildingplan:buildingplan_no:buildingplan_no:BuildingPlan_LBL_BUILDINGPLAN_NO:V'),(81,1,'vtiger_buildingplan:assesment_no:assesment_no:BuildingPlan_LBL_ASSESMENT_NO:V'),(81,2,'vtiger_buildingplan:fullname:fullname:BuildingPlan_LBL_FULLNAME:V'),(81,3,'vtiger_buildingplan:build_plan_status:build_plan_status:BuildingPlan_LBL_BUILDING_PLAN_STATUS:V'),(81,4,'vtiger_buildingplan:plan_approved_date:plan_approved_date:BuildingPlan_LBL_PLAN_APPROVED_DATE:D'),(81,5,'vtiger_buildingplan:payment_made:payment_made:BuildingPlan_LBL_PAYMENT_MADE:C'),(81,6,'vtiger_buildingplan:file_no:file_no:BuildingPlan_LBL_FILE_NO:V'),(81,7,'vtiger_buildingplan:division:division:BuildingPlan_LBL_DIVISION:V'),(81,8,'vtiger_buildingplan:street:street:BuildingPlan_LBL_STREET:V'),(81,9,'vtiger_buildingplan:city:city:BuildingPlan_LBL_CITY:V'),(82,0,'vtiger_streetline:assesment_no:assesment_no:StreetLine_LBL_ASSESMENT_NO:V'),(82,1,'vtiger_streetline:streetline_no:streetline_no:StreetLine_LBL_STREETLINE_NO:V'),(82,2,'vtiger_streetline:fullname:fullname:StreetLine_LBL_FULLNAME:V'),(82,3,'vtiger_streetline:street_plan_status:street_plan_status:StreetLine_LBL_STREET_PLAN_STATUS:V'),(82,4,'vtiger_streetline:plan_approved_date:plan_approved_date:StreetLine_LBL_PLAN_APPROVED_DATE:D'),(82,5,'vtiger_streetline:payment_made:payment_made:StreetLine_LBL_PAYMENT_MADE:C'),(82,6,'vtiger_streetline:file_no:file_no:StreetLine_LBL_FILE_NO:V'),(82,7,'vtiger_streetline:division:division:StreetLine_LBL_DIVISION:V'),(82,8,'vtiger_streetline:street:street:StreetLine_LBL_STREET:V'),(82,9,'vtiger_streetline:city:city:StreetLine_LBL_CITY:V'),(83,0,'vtiger_blockplan:blockplan_no:blockplan_no:Blockplan_LBL_BLOCKPLAN_NO:V'),(83,1,'vtiger_blockplan:fullname:fullname:Blockplan_LBL_FULLNAME:V'),(83,2,'vtiger_blockplan:assesment_no:assesment_no:Blockplan_LBL_ASSESMENT_NO:V'),(83,3,'vtiger_blockplan:plan_status:plan_status:Blockplan_LBL_PLAN_STATUS:V'),(83,4,'vtiger_blockplan:division:division:Blockplan_LBL_DIVISION:V');
/*!40000 ALTER TABLE `vtiger_cvcolumnlist` ENABLE KEYS */;
UNLOCK TABLES;

--
-- Table structure for table `vtiger_cvstdfilter`
--

DROP TABLE IF EXISTS `vtiger_cvstdfilter`;
/*!40101 SET @saved_cs_client     = @@character_set_client */;
/*!40101 SET character_set_client = utf8 */;
CREATE TABLE `vtiger_cvstdfilter` (
  `cvid` int(19) NOT NULL,
  `columnname` varchar(250) DEFAULT '',
  `stdfilter` varchar(250) DEFAULT '',
  `startdate` date DEFAULT NULL,
  `enddate` date DEFAULT NULL,
  PRIMARY KEY (`cvid`),
  KEY `cvstdfilter_cvid_idx` (`cvid`)
) ENGINE=InnoDB DEFAULT CHARSET=latin1;
/*!40101 SET character_set_client = @saved_cs_client */;

--
-- Dumping data for table `vtiger_cvstdfilter`
--

LOCK TABLES `vtiger_cvstdfilter` WRITE;
/*!40000 ALTER TABLE `vtiger_cvstdfilter` DISABLE KEYS */;
INSERT INTO `vtiger_cvstdfilter` VALUES (3,'vtiger_crmentity:modifiedtime:modifiedtime:Leads_Modified_Time','thismonth','2005-06-01','2005-06-30'),(6,'vtiger_crmentity:createdtime:createdtime:Accounts_Created_Time','thisweek','2005-06-19','2005-06-25'),(9,'vtiger_contactsubdetails:birthday:birthday:Contacts_Birthdate','today','2005-06-25','2005-06-25');
/*!40000 ALTER TABLE `vtiger_cvstdfilter` ENABLE KEYS */;
UNLOCK TABLES;

--
-- Table structure for table `vtiger_datashare_grp2grp`
--

DROP TABLE IF EXISTS `vtiger_datashare_grp2grp`;
/*!40101 SET @saved_cs_client     = @@character_set_client */;
/*!40101 SET character_set_client = utf8 */;
CREATE TABLE `vtiger_datashare_grp2grp` (
  `shareid` int(19) NOT NULL,
  `share_groupid` int(19) DEFAULT NULL,
  `to_groupid` int(19) DEFAULT NULL,
  `permission` int(19) DEFAULT NULL,
  PRIMARY KEY (`shareid`),
  KEY `datashare_grp2grp_share_groupid_idx` (`share_groupid`),
  KEY `datashare_grp2grp_to_groupid_idx` (`to_groupid`)
) ENGINE=InnoDB DEFAULT CHARSET=latin1;
/*!40101 SET character_set_client = @saved_cs_client */;

--
-- Dumping data for table `vtiger_datashare_grp2grp`
--

LOCK TABLES `vtiger_datashare_grp2grp` WRITE;
/*!40000 ALTER TABLE `vtiger_datashare_grp2grp` DISABLE KEYS */;
/*!40000 ALTER TABLE `vtiger_datashare_grp2grp` ENABLE KEYS */;
UNLOCK TABLES;

--
-- Table structure for table `vtiger_datashare_grp2role`
--

DROP TABLE IF EXISTS `vtiger_datashare_grp2role`;
/*!40101 SET @saved_cs_client     = @@character_set_client */;
/*!40101 SET character_set_client = utf8 */;
CREATE TABLE `vtiger_datashare_grp2role` (
  `shareid` int(19) NOT NULL,
  `share_groupid` int(19) DEFAULT NULL,
  `to_roleid` varchar(255) DEFAULT NULL,
  `permission` int(19) DEFAULT NULL,
  PRIMARY KEY (`shareid`),
  KEY `idx_datashare_grp2role_share_groupid` (`share_groupid`),
  KEY `idx_datashare_grp2role_to_roleid` (`to_roleid`)
) ENGINE=InnoDB DEFAULT CHARSET=latin1;
/*!40101 SET character_set_client = @saved_cs_client */;

--
-- Dumping data for table `vtiger_datashare_grp2role`
--

LOCK TABLES `vtiger_datashare_grp2role` WRITE;
/*!40000 ALTER TABLE `vtiger_datashare_grp2role` DISABLE KEYS */;
/*!40000 ALTER TABLE `vtiger_datashare_grp2role` ENABLE KEYS */;
UNLOCK TABLES;

--
-- Table structure for table `vtiger_datashare_grp2rs`
--

DROP TABLE IF EXISTS `vtiger_datashare_grp2rs`;
/*!40101 SET @saved_cs_client     = @@character_set_client */;
/*!40101 SET character_set_client = utf8 */;
CREATE TABLE `vtiger_datashare_grp2rs` (
  `shareid` int(19) NOT NULL,
  `share_groupid` int(19) DEFAULT NULL,
  `to_roleandsubid` varchar(255) DEFAULT NULL,
  `permission` int(19) DEFAULT NULL,
  PRIMARY KEY (`shareid`),
  KEY `datashare_grp2rs_share_groupid_idx` (`share_groupid`),
  KEY `datashare_grp2rs_to_roleandsubid_idx` (`to_roleandsubid`)
) ENGINE=InnoDB DEFAULT CHARSET=latin1;
/*!40101 SET character_set_client = @saved_cs_client */;

--
-- Dumping data for table `vtiger_datashare_grp2rs`
--

LOCK TABLES `vtiger_datashare_grp2rs` WRITE;
/*!40000 ALTER TABLE `vtiger_datashare_grp2rs` DISABLE KEYS */;
/*!40000 ALTER TABLE `vtiger_datashare_grp2rs` ENABLE KEYS */;
UNLOCK TABLES;

--
-- Table structure for table `vtiger_datashare_module_rel`
--

DROP TABLE IF EXISTS `vtiger_datashare_module_rel`;
/*!40101 SET @saved_cs_client     = @@character_set_client */;
/*!40101 SET character_set_client = utf8 */;
CREATE TABLE `vtiger_datashare_module_rel` (
  `shareid` int(19) NOT NULL,
  `tabid` int(19) NOT NULL,
  `relationtype` varchar(200) DEFAULT NULL,
  PRIMARY KEY (`shareid`),
  KEY `idx_datashare_module_rel_tabid` (`tabid`)
) ENGINE=InnoDB DEFAULT CHARSET=latin1;
/*!40101 SET character_set_client = @saved_cs_client */;

--
-- Dumping data for table `vtiger_datashare_module_rel`
--

LOCK TABLES `vtiger_datashare_module_rel` WRITE;
/*!40000 ALTER TABLE `vtiger_datashare_module_rel` DISABLE KEYS */;
INSERT INTO `vtiger_datashare_module_rel` VALUES (1,51,'ROLE::ROLE'),(2,51,'ROLE::ROLE'),(3,51,'ROLE::ROLE'),(4,51,'ROLE::ROLE'),(5,51,'ROLE::ROLE'),(6,51,'ROLE::ROLE'),(7,52,'ROLE::ROLE'),(8,52,'ROLE::ROLE'),(9,52,'ROLE::ROLE'),(10,52,'ROLE::ROLE'),(11,53,'ROLE::ROLE'),(12,53,'ROLE::ROLE'),(13,53,'ROLE::ROLE'),(14,53,'ROLE::ROLE'),(15,54,'ROLE::ROLE'),(16,54,'ROLE::ROLE'),(17,54,'ROLE::ROLE'),(18,54,'ROLE::ROLE');
/*!40000 ALTER TABLE `vtiger_datashare_module_rel` ENABLE KEYS */;
UNLOCK TABLES;

--
-- Table structure for table `vtiger_datashare_module_rel_seq`
--

DROP TABLE IF EXISTS `vtiger_datashare_module_rel_seq`;
/*!40101 SET @saved_cs_client     = @@character_set_client */;
/*!40101 SET character_set_client = utf8 */;
CREATE TABLE `vtiger_datashare_module_rel_seq` (
  `id` int(11) NOT NULL
) ENGINE=MyISAM DEFAULT CHARSET=utf8 COLLATE=utf8_unicode_ci;
/*!40101 SET character_set_client = @saved_cs_client */;

--
-- Dumping data for table `vtiger_datashare_module_rel_seq`
--

LOCK TABLES `vtiger_datashare_module_rel_seq` WRITE;
/*!40000 ALTER TABLE `vtiger_datashare_module_rel_seq` DISABLE KEYS */;
INSERT INTO `vtiger_datashare_module_rel_seq` VALUES (18);
/*!40000 ALTER TABLE `vtiger_datashare_module_rel_seq` ENABLE KEYS */;
UNLOCK TABLES;

--
-- Table structure for table `vtiger_datashare_relatedmodule_permission`
--

DROP TABLE IF EXISTS `vtiger_datashare_relatedmodule_permission`;
/*!40101 SET @saved_cs_client     = @@character_set_client */;
/*!40101 SET character_set_client = utf8 */;
CREATE TABLE `vtiger_datashare_relatedmodule_permission` (
  `shareid` int(19) NOT NULL,
  `datashare_relatedmodule_id` int(19) NOT NULL,
  `permission` int(19) DEFAULT NULL,
  PRIMARY KEY (`shareid`,`datashare_relatedmodule_id`),
  KEY `datashare_relatedmodule_permission_shareid_permissions_idx` (`shareid`,`permission`)
) ENGINE=InnoDB DEFAULT CHARSET=latin1;
/*!40101 SET character_set_client = @saved_cs_client */;

--
-- Dumping data for table `vtiger_datashare_relatedmodule_permission`
--

LOCK TABLES `vtiger_datashare_relatedmodule_permission` WRITE;
/*!40000 ALTER TABLE `vtiger_datashare_relatedmodule_permission` DISABLE KEYS */;
/*!40000 ALTER TABLE `vtiger_datashare_relatedmodule_permission` ENABLE KEYS */;
UNLOCK TABLES;

--
-- Table structure for table `vtiger_datashare_relatedmodules`
--

DROP TABLE IF EXISTS `vtiger_datashare_relatedmodules`;
/*!40101 SET @saved_cs_client     = @@character_set_client */;
/*!40101 SET character_set_client = utf8 */;
CREATE TABLE `vtiger_datashare_relatedmodules` (
  `datashare_relatedmodule_id` int(19) NOT NULL,
  `tabid` int(19) DEFAULT NULL,
  `relatedto_tabid` int(19) DEFAULT NULL,
  PRIMARY KEY (`datashare_relatedmodule_id`),
  KEY `datashare_relatedmodules_tabid_idx` (`tabid`),
  KEY `datashare_relatedmodules_relatedto_tabid_idx` (`relatedto_tabid`)
) ENGINE=InnoDB DEFAULT CHARSET=latin1;
/*!40101 SET character_set_client = @saved_cs_client */;

--
-- Dumping data for table `vtiger_datashare_relatedmodules`
--

LOCK TABLES `vtiger_datashare_relatedmodules` WRITE;
/*!40000 ALTER TABLE `vtiger_datashare_relatedmodules` DISABLE KEYS */;
INSERT INTO `vtiger_datashare_relatedmodules` VALUES (1,6,2),(2,6,13),(3,6,20),(4,6,22),(5,6,23),(6,2,20),(7,2,22),(8,20,22),(9,22,23);
/*!40000 ALTER TABLE `vtiger_datashare_relatedmodules` ENABLE KEYS */;
UNLOCK TABLES;

--
-- Table structure for table `vtiger_datashare_relatedmodules_seq`
--

DROP TABLE IF EXISTS `vtiger_datashare_relatedmodules_seq`;
/*!40101 SET @saved_cs_client     = @@character_set_client */;
/*!40101 SET character_set_client = utf8 */;
CREATE TABLE `vtiger_datashare_relatedmodules_seq` (
  `id` int(11) NOT NULL
) ENGINE=InnoDB DEFAULT CHARSET=latin1;
/*!40101 SET character_set_client = @saved_cs_client */;

--
-- Dumping data for table `vtiger_datashare_relatedmodules_seq`
--

LOCK TABLES `vtiger_datashare_relatedmodules_seq` WRITE;
/*!40000 ALTER TABLE `vtiger_datashare_relatedmodules_seq` DISABLE KEYS */;
INSERT INTO `vtiger_datashare_relatedmodules_seq` VALUES (9);
/*!40000 ALTER TABLE `vtiger_datashare_relatedmodules_seq` ENABLE KEYS */;
UNLOCK TABLES;

--
-- Table structure for table `vtiger_datashare_role2group`
--

DROP TABLE IF EXISTS `vtiger_datashare_role2group`;
/*!40101 SET @saved_cs_client     = @@character_set_client */;
/*!40101 SET character_set_client = utf8 */;
CREATE TABLE `vtiger_datashare_role2group` (
  `shareid` int(19) NOT NULL,
  `share_roleid` varchar(255) DEFAULT NULL,
  `to_groupid` int(19) DEFAULT NULL,
  `permission` int(19) DEFAULT NULL,
  PRIMARY KEY (`shareid`),
  KEY `idx_datashare_role2group_share_roleid` (`share_roleid`),
  KEY `idx_datashare_role2group_to_groupid` (`to_groupid`)
) ENGINE=InnoDB DEFAULT CHARSET=latin1;
/*!40101 SET character_set_client = @saved_cs_client */;

--
-- Dumping data for table `vtiger_datashare_role2group`
--

LOCK TABLES `vtiger_datashare_role2group` WRITE;
/*!40000 ALTER TABLE `vtiger_datashare_role2group` DISABLE KEYS */;
/*!40000 ALTER TABLE `vtiger_datashare_role2group` ENABLE KEYS */;
UNLOCK TABLES;

--
-- Table structure for table `vtiger_datashare_role2role`
--

DROP TABLE IF EXISTS `vtiger_datashare_role2role`;
/*!40101 SET @saved_cs_client     = @@character_set_client */;
/*!40101 SET character_set_client = utf8 */;
CREATE TABLE `vtiger_datashare_role2role` (
  `shareid` int(19) NOT NULL,
  `share_roleid` varchar(255) DEFAULT NULL,
  `to_roleid` varchar(255) DEFAULT NULL,
  `permission` int(19) DEFAULT NULL,
  PRIMARY KEY (`shareid`),
  KEY `datashare_role2role_share_roleid_idx` (`share_roleid`),
  KEY `datashare_role2role_to_roleid_idx` (`to_roleid`)
) ENGINE=InnoDB DEFAULT CHARSET=latin1;
/*!40101 SET character_set_client = @saved_cs_client */;

--
-- Dumping data for table `vtiger_datashare_role2role`
--

LOCK TABLES `vtiger_datashare_role2role` WRITE;
/*!40000 ALTER TABLE `vtiger_datashare_role2role` DISABLE KEYS */;
INSERT INTO `vtiger_datashare_role2role` VALUES (1,'H9','H6',1),(2,'H9','H7',1),(3,'H9','H10',1),(4,'H6','H10',1),(5,'H7','H10',1),(6,'H9','H12',1),(7,'H9','H10',1),(8,'H9','H6',1),(9,'H9','H7',1),(10,'H9','H12',1),(11,'H9','H10',1),(12,'H9','H6',1),(13,'H9','H7',1),(14,'H9','H12',0),(15,'H9','H10',1),(16,'H9','H6',1),(17,'H9','H12',1),(18,'H9','H7',1);
/*!40000 ALTER TABLE `vtiger_datashare_role2role` ENABLE KEYS */;
UNLOCK TABLES;

--
-- Table structure for table `vtiger_datashare_role2rs`
--

DROP TABLE IF EXISTS `vtiger_datashare_role2rs`;
/*!40101 SET @saved_cs_client     = @@character_set_client */;
/*!40101 SET character_set_client = utf8 */;
CREATE TABLE `vtiger_datashare_role2rs` (
  `shareid` int(19) NOT NULL,
  `share_roleid` varchar(255) DEFAULT NULL,
  `to_roleandsubid` varchar(255) DEFAULT NULL,
  `permission` int(19) DEFAULT NULL,
  PRIMARY KEY (`shareid`),
  KEY `datashare_role2s_share_roleid_idx` (`share_roleid`),
  KEY `datashare_role2s_to_roleandsubid_idx` (`to_roleandsubid`)
) ENGINE=InnoDB DEFAULT CHARSET=latin1;
/*!40101 SET character_set_client = @saved_cs_client */;

--
-- Dumping data for table `vtiger_datashare_role2rs`
--

LOCK TABLES `vtiger_datashare_role2rs` WRITE;
/*!40000 ALTER TABLE `vtiger_datashare_role2rs` DISABLE KEYS */;
/*!40000 ALTER TABLE `vtiger_datashare_role2rs` ENABLE KEYS */;
UNLOCK TABLES;

--
-- Table structure for table `vtiger_datashare_rs2grp`
--

DROP TABLE IF EXISTS `vtiger_datashare_rs2grp`;
/*!40101 SET @saved_cs_client     = @@character_set_client */;
/*!40101 SET character_set_client = utf8 */;
CREATE TABLE `vtiger_datashare_rs2grp` (
  `shareid` int(19) NOT NULL,
  `share_roleandsubid` varchar(255) DEFAULT NULL,
  `to_groupid` int(19) DEFAULT NULL,
  `permission` int(19) DEFAULT NULL,
  PRIMARY KEY (`shareid`),
  KEY `datashare_rs2grp_share_roleandsubid_idx` (`share_roleandsubid`),
  KEY `datashare_rs2grp_to_groupid_idx` (`to_groupid`)
) ENGINE=InnoDB DEFAULT CHARSET=latin1;
/*!40101 SET character_set_client = @saved_cs_client */;

--
-- Dumping data for table `vtiger_datashare_rs2grp`
--

LOCK TABLES `vtiger_datashare_rs2grp` WRITE;
/*!40000 ALTER TABLE `vtiger_datashare_rs2grp` DISABLE KEYS */;
/*!40000 ALTER TABLE `vtiger_datashare_rs2grp` ENABLE KEYS */;
UNLOCK TABLES;

--
-- Table structure for table `vtiger_datashare_rs2role`
--

DROP TABLE IF EXISTS `vtiger_datashare_rs2role`;
/*!40101 SET @saved_cs_client     = @@character_set_client */;
/*!40101 SET character_set_client = utf8 */;
CREATE TABLE `vtiger_datashare_rs2role` (
  `shareid` int(19) NOT NULL,
  `share_roleandsubid` varchar(255) DEFAULT NULL,
  `to_roleid` varchar(255) DEFAULT NULL,
  `permission` int(19) DEFAULT NULL,
  PRIMARY KEY (`shareid`),
  KEY `datashare_rs2role_share_roleandsubid_idx` (`share_roleandsubid`),
  KEY `datashare_rs2role_to_roleid_idx` (`to_roleid`)
) ENGINE=InnoDB DEFAULT CHARSET=latin1;
/*!40101 SET character_set_client = @saved_cs_client */;

--
-- Dumping data for table `vtiger_datashare_rs2role`
--

LOCK TABLES `vtiger_datashare_rs2role` WRITE;
/*!40000 ALTER TABLE `vtiger_datashare_rs2role` DISABLE KEYS */;
/*!40000 ALTER TABLE `vtiger_datashare_rs2role` ENABLE KEYS */;
UNLOCK TABLES;

--
-- Table structure for table `vtiger_datashare_rs2rs`
--

DROP TABLE IF EXISTS `vtiger_datashare_rs2rs`;
/*!40101 SET @saved_cs_client     = @@character_set_client */;
/*!40101 SET character_set_client = utf8 */;
CREATE TABLE `vtiger_datashare_rs2rs` (
  `shareid` int(19) NOT NULL,
  `share_roleandsubid` varchar(255) DEFAULT NULL,
  `to_roleandsubid` varchar(255) DEFAULT NULL,
  `permission` int(19) DEFAULT NULL,
  PRIMARY KEY (`shareid`),
  KEY `datashare_rs2rs_share_roleandsubid_idx` (`share_roleandsubid`),
  KEY `idx_datashare_rs2rs_to_roleandsubid_idx` (`to_roleandsubid`)
) ENGINE=InnoDB DEFAULT CHARSET=latin1;
/*!40101 SET character_set_client = @saved_cs_client */;

--
-- Dumping data for table `vtiger_datashare_rs2rs`
--

LOCK TABLES `vtiger_datashare_rs2rs` WRITE;
/*!40000 ALTER TABLE `vtiger_datashare_rs2rs` DISABLE KEYS */;
/*!40000 ALTER TABLE `vtiger_datashare_rs2rs` ENABLE KEYS */;
UNLOCK TABLES;

--
-- Table structure for table `vtiger_date_format`
--

DROP TABLE IF EXISTS `vtiger_date_format`;
/*!40101 SET @saved_cs_client     = @@character_set_client */;
/*!40101 SET character_set_client = utf8 */;
CREATE TABLE `vtiger_date_format` (
  `date_formatid` int(19) NOT NULL AUTO_INCREMENT,
  `date_format` varchar(200) NOT NULL,
  `sortorderid` int(19) NOT NULL DEFAULT '0',
  `presence` int(1) NOT NULL DEFAULT '1',
  PRIMARY KEY (`date_formatid`)
) ENGINE=InnoDB AUTO_INCREMENT=4 DEFAULT CHARSET=latin1;
/*!40101 SET character_set_client = @saved_cs_client */;

--
-- Dumping data for table `vtiger_date_format`
--

LOCK TABLES `vtiger_date_format` WRITE;
/*!40000 ALTER TABLE `vtiger_date_format` DISABLE KEYS */;
INSERT INTO `vtiger_date_format` VALUES (1,'dd-mm-yyyy',0,1),(2,'mm-dd-yyyy',1,1),(3,'yyyy-mm-dd',2,1);
/*!40000 ALTER TABLE `vtiger_date_format` ENABLE KEYS */;
UNLOCK TABLES;

--
-- Table structure for table `vtiger_date_format_seq`
--

DROP TABLE IF EXISTS `vtiger_date_format_seq`;
/*!40101 SET @saved_cs_client     = @@character_set_client */;
/*!40101 SET character_set_client = utf8 */;
CREATE TABLE `vtiger_date_format_seq` (
  `id` int(11) NOT NULL
) ENGINE=InnoDB DEFAULT CHARSET=latin1;
/*!40101 SET character_set_client = @saved_cs_client */;

--
-- Dumping data for table `vtiger_date_format_seq`
--

LOCK TABLES `vtiger_date_format_seq` WRITE;
/*!40000 ALTER TABLE `vtiger_date_format_seq` DISABLE KEYS */;
INSERT INTO `vtiger_date_format_seq` VALUES (3);
/*!40000 ALTER TABLE `vtiger_date_format_seq` ENABLE KEYS */;
UNLOCK TABLES;

--
-- Table structure for table `vtiger_dayoftheweek`
--

DROP TABLE IF EXISTS `vtiger_dayoftheweek`;
/*!40101 SET @saved_cs_client     = @@character_set_client */;
/*!40101 SET character_set_client = utf8 */;
CREATE TABLE `vtiger_dayoftheweek` (
  `dayoftheweekid` int(11) NOT NULL AUTO_INCREMENT,
  `dayoftheweek` varchar(200) NOT NULL,
  `sortorderid` int(11) DEFAULT NULL,
  `presence` int(11) NOT NULL DEFAULT '1',
  PRIMARY KEY (`dayoftheweekid`)
) ENGINE=InnoDB AUTO_INCREMENT=8 DEFAULT CHARSET=utf8;
/*!40101 SET character_set_client = @saved_cs_client */;

--
-- Dumping data for table `vtiger_dayoftheweek`
--

LOCK TABLES `vtiger_dayoftheweek` WRITE;
/*!40000 ALTER TABLE `vtiger_dayoftheweek` DISABLE KEYS */;
INSERT INTO `vtiger_dayoftheweek` VALUES (1,'Sunday',1,1),(2,'Monday',2,1),(3,'Tuesday',3,1),(4,'Wednesday',4,1),(5,'Thursday',5,1),(6,'Friday',6,1),(7,'Saturday',7,1);
/*!40000 ALTER TABLE `vtiger_dayoftheweek` ENABLE KEYS */;
UNLOCK TABLES;

--
-- Table structure for table `vtiger_dayoftheweek_seq`
--

DROP TABLE IF EXISTS `vtiger_dayoftheweek_seq`;
/*!40101 SET @saved_cs_client     = @@character_set_client */;
/*!40101 SET character_set_client = utf8 */;
CREATE TABLE `vtiger_dayoftheweek_seq` (
  `id` int(11) NOT NULL
) ENGINE=InnoDB DEFAULT CHARSET=latin1;
/*!40101 SET character_set_client = @saved_cs_client */;

--
-- Dumping data for table `vtiger_dayoftheweek_seq`
--

LOCK TABLES `vtiger_dayoftheweek_seq` WRITE;
/*!40000 ALTER TABLE `vtiger_dayoftheweek_seq` DISABLE KEYS */;
INSERT INTO `vtiger_dayoftheweek_seq` VALUES (7);
/*!40000 ALTER TABLE `vtiger_dayoftheweek_seq` ENABLE KEYS */;
UNLOCK TABLES;

--
-- Table structure for table `vtiger_def_org_field`
--

DROP TABLE IF EXISTS `vtiger_def_org_field`;
/*!40101 SET @saved_cs_client     = @@character_set_client */;
/*!40101 SET character_set_client = utf8 */;
CREATE TABLE `vtiger_def_org_field` (
  `tabid` int(10) DEFAULT NULL,
  `fieldid` int(19) NOT NULL,
  `visible` int(19) DEFAULT NULL,
  `readonly` int(19) DEFAULT NULL,
  PRIMARY KEY (`fieldid`),
  KEY `def_org_field_tabid_fieldid_idx` (`tabid`,`fieldid`),
  KEY `def_org_field_tabid_idx` (`tabid`),
  KEY `def_org_field_visible_fieldid_idx` (`visible`,`fieldid`)
) ENGINE=InnoDB DEFAULT CHARSET=latin1;
/*!40101 SET character_set_client = @saved_cs_client */;

--
-- Dumping data for table `vtiger_def_org_field`
--

LOCK TABLES `vtiger_def_org_field` WRITE;
/*!40000 ALTER TABLE `vtiger_def_org_field` DISABLE KEYS */;
INSERT INTO `vtiger_def_org_field` VALUES (6,1,0,0),(6,2,0,0),(6,3,0,0),(6,4,0,0),(6,5,0,0),(6,6,0,0),(6,7,0,0),(6,8,0,0),(6,9,0,0),(6,10,0,0),(6,11,0,0),(6,12,0,0),(6,13,0,0),(6,14,0,0),(6,15,0,0),(6,16,0,0),(6,17,0,0),(6,18,0,0),(6,19,0,0),(6,20,0,0),(6,21,0,0),(6,22,0,0),(6,23,0,0),(6,24,0,0),(6,25,0,0),(6,26,0,0),(6,27,0,0),(6,28,0,0),(6,29,0,0),(6,30,0,0),(6,31,0,0),(6,32,0,0),(6,33,0,0),(6,34,0,0),(6,35,0,0),(6,36,0,0),(7,37,0,0),(7,38,0,0),(7,39,0,0),(7,40,0,0),(7,41,0,0),(7,42,0,0),(7,43,0,0),(7,44,0,0),(7,45,0,0),(7,46,0,0),(7,47,0,0),(7,48,0,0),(7,49,0,0),(7,50,0,0),(7,51,0,0),(7,52,0,0),(7,53,0,0),(7,54,0,0),(7,55,0,0),(7,56,0,0),(7,57,0,0),(7,58,0,0),(7,59,0,0),(7,60,0,0),(7,61,0,0),(7,62,0,0),(7,63,0,0),(7,64,0,0),(7,65,0,0),(4,66,0,0),(4,67,0,0),(4,68,0,0),(4,69,0,0),(4,70,0,0),(4,71,0,0),(4,72,0,0),(4,73,0,0),(4,74,0,0),(4,75,0,0),(4,76,0,0),(4,77,0,0),(4,78,0,0),(4,79,0,0),(4,80,0,0),(4,81,0,0),(4,82,0,0),(4,83,0,0),(4,84,0,0),(4,85,0,0),(4,86,0,0),(4,87,0,0),(4,88,0,0),(4,89,0,0),(4,90,0,0),(4,91,0,0),(4,92,0,0),(4,93,0,0),(4,94,0,0),(4,95,0,0),(4,96,0,0),(4,97,0,0),(4,98,0,0),(4,99,0,0),(4,100,0,0),(4,101,0,0),(4,102,0,0),(4,103,0,0),(4,104,0,0),(4,105,0,0),(4,106,0,0),(4,107,0,0),(4,108,0,0),(4,109,0,0),(2,110,0,0),(2,111,0,0),(2,112,0,0),(2,113,0,0),(2,114,0,0),(2,115,0,0),(2,116,0,0),(2,117,0,0),(2,118,0,0),(2,119,0,0),(2,120,0,0),(2,121,0,0),(2,122,0,0),(2,123,0,0),(2,124,0,0),(2,125,0,0),(26,126,0,0),(26,127,0,0),(26,128,0,0),(26,129,0,0),(26,130,0,0),(26,131,0,0),(26,132,0,0),(26,133,0,0),(26,134,0,0),(26,135,0,0),(26,136,0,0),(26,137,0,0),(26,138,0,0),(26,139,0,0),(26,140,0,0),(26,141,0,0),(26,142,0,0),(26,143,0,0),(26,144,0,0),(26,145,0,0),(26,146,0,0),(26,147,0,0),(26,148,0,0),(26,149,0,0),(26,150,0,0),(4,151,0,0),(6,152,0,0),(7,153,0,0),(26,154,0,0),(13,155,0,0),(13,156,0,0),(13,157,0,0),(13,158,0,0),(13,159,0,0),(13,160,0,0),(13,161,0,0),(13,162,0,0),(13,163,0,0),(13,164,0,0),(13,165,0,0),(13,166,0,0),(13,167,0,0),(13,168,0,0),(13,169,0,0),(13,170,0,0),(13,171,0,0),(13,172,0,0),(14,173,0,0),(14,174,0,0),(14,175,0,0),(14,176,0,0),(14,177,0,0),(14,178,0,0),(14,179,0,0),(14,180,0,0),(14,181,0,0),(14,182,0,0),(14,183,0,0),(14,184,0,0),(14,185,0,0),(14,186,0,0),(14,187,0,0),(14,188,0,0),(14,189,0,0),(14,190,0,0),(14,191,0,0),(14,192,0,0),(14,193,0,0),(14,194,0,0),(14,195,0,0),(14,196,0,0),(14,197,0,0),(14,198,0,0),(14,199,0,0),(14,200,0,0),(14,201,0,0),(14,202,0,0),(14,203,0,0),(8,204,0,0),(8,205,0,0),(8,206,0,0),(8,207,0,0),(8,208,0,0),(8,209,0,0),(8,210,0,0),(8,211,0,0),(8,212,0,0),(8,213,0,0),(8,214,0,0),(8,215,0,0),(8,216,0,0),(8,217,0,0),(8,218,0,0),(10,219,0,0),(10,220,0,0),(10,221,0,0),(10,222,0,0),(10,223,0,0),(10,224,0,0),(10,225,0,0),(10,226,0,0),(10,227,0,0),(10,228,0,0),(10,229,0,0),(10,230,0,0),(9,231,0,0),(9,232,0,0),(9,233,0,0),(9,234,0,0),(9,235,0,0),(9,236,0,0),(9,237,0,0),(9,238,0,0),(9,239,0,0),(9,240,0,0),(9,241,0,0),(9,242,0,0),(9,243,0,0),(9,244,0,0),(9,245,0,0),(9,246,0,0),(9,247,0,0),(9,248,0,0),(9,249,0,0),(9,250,0,0),(9,251,0,0),(9,252,0,0),(9,253,0,0),(9,254,0,0),(16,255,0,0),(16,256,0,0),(16,257,0,0),(16,258,0,0),(16,259,0,0),(16,260,0,0),(16,261,0,0),(16,262,0,0),(16,263,0,0),(16,264,0,0),(16,265,0,0),(16,266,0,0),(16,267,0,0),(16,268,0,0),(16,269,0,0),(16,270,0,0),(16,271,0,0),(16,272,0,0),(16,273,0,0),(16,274,0,0),(16,275,0,0),(16,276,0,0),(16,277,0,0),(15,278,0,0),(15,279,0,0),(15,280,0,0),(15,281,0,0),(15,282,0,0),(15,283,0,0),(15,284,0,0),(15,285,0,0),(15,286,0,0),(15,287,0,0),(18,288,0,0),(18,289,0,0),(18,290,0,0),(18,291,0,0),(18,292,0,0),(18,293,0,0),(18,294,0,0),(18,295,0,0),(18,296,0,0),(18,297,0,0),(18,298,0,0),(18,299,0,0),(18,300,0,0),(18,301,0,0),(18,302,0,0),(18,303,0,0),(18,304,0,0),(19,305,0,0),(19,306,0,0),(19,307,0,0),(19,308,0,0),(19,309,0,0),(19,310,0,0),(19,311,0,0),(19,312,0,0),(20,313,0,0),(20,314,0,0),(20,315,0,0),(20,316,0,0),(20,317,0,0),(20,318,0,0),(20,319,0,0),(20,320,0,0),(20,321,0,0),(20,322,0,0),(20,323,0,0),(20,324,0,0),(20,325,0,0),(20,326,0,0),(20,327,0,0),(20,328,0,0),(20,329,0,0),(20,330,0,0),(20,331,0,0),(20,332,0,0),(20,333,0,0),(20,334,0,0),(20,335,0,0),(20,336,0,0),(20,337,0,0),(20,338,0,0),(20,339,0,0),(20,340,0,0),(20,341,0,0),(20,342,0,0),(20,343,0,0),(20,344,0,0),(20,345,0,0),(20,346,0,0),(20,347,0,0),(20,348,0,0),(20,349,0,0),(21,350,0,0),(21,351,0,0),(21,352,0,0),(21,353,0,0),(21,354,0,0),(21,355,0,0),(21,356,0,0),(21,357,0,0),(21,358,0,0),(21,359,0,0),(21,360,0,0),(21,361,0,0),(21,362,0,0),(21,363,0,0),(21,364,0,0),(21,365,0,0),(21,366,0,0),(21,367,0,0),(21,368,0,0),(21,369,0,0),(21,370,0,0),(21,371,0,0),(21,372,0,0),(21,373,0,0),(21,374,0,0),(21,375,0,0),(21,376,0,0),(21,377,0,0),(21,378,0,0),(21,379,0,0),(21,380,0,0),(21,381,0,0),(21,382,0,0),(21,383,0,0),(21,384,0,0),(21,385,0,0),(21,386,0,0),(21,387,0,0),(22,388,0,0),(22,389,0,0),(22,390,0,0),(22,391,0,0),(22,392,0,0),(22,393,0,0),(22,394,0,0),(22,395,0,0),(22,396,0,0),(22,397,0,0),(22,398,0,0),(22,399,0,0),(22,400,0,0),(22,401,0,0),(22,402,0,0),(22,403,0,0),(22,404,0,0),(22,405,0,0),(22,406,0,0),(22,407,0,0),(22,408,0,0),(22,409,0,0),(22,410,0,0),(22,411,0,0),(22,412,0,0),(22,413,0,0),(22,414,0,0),(22,415,0,0),(22,416,0,0),(22,417,0,0),(22,418,0,0),(22,419,0,0),(22,420,0,0),(22,421,0,0),(22,422,0,0),(22,423,0,0),(22,424,0,0),(22,425,0,0),(22,426,0,0),(22,427,0,0),(22,428,0,0),(22,429,0,0),(22,430,0,0),(22,431,0,0),(22,432,0,0),(22,433,0,0),(22,434,0,0),(23,435,0,0),(23,436,0,0),(23,437,0,0),(23,438,0,0),(23,439,0,0),(23,440,0,0),(23,441,0,0),(23,442,0,0),(23,443,0,0),(23,444,0,0),(23,445,0,0),(23,446,0,0),(23,447,0,0),(23,448,0,0),(23,449,0,0),(23,450,0,0),(23,451,0,0),(23,452,0,0),(23,453,0,0),(23,454,0,0),(23,455,0,0),(23,456,0,0),(23,457,0,0),(23,458,0,0),(23,459,0,0),(23,460,0,0),(23,461,0,0),(23,462,0,0),(23,463,0,0),(23,464,0,0),(23,465,0,0),(23,466,0,0),(23,467,0,0),(23,468,0,0),(23,469,0,0),(23,470,0,0),(23,471,0,0),(23,472,0,0),(23,473,0,0),(29,474,0,0),(29,478,0,0),(29,479,0,0),(29,481,0,0),(29,488,0,0),(29,489,0,0),(29,490,0,0),(29,491,0,0),(29,493,0,0),(29,494,0,0),(29,495,0,0),(29,496,0,0),(29,497,0,0),(29,502,0,0),(29,503,0,0),(29,504,0,0),(29,505,0,0),(29,513,0,0),(10,518,0,0),(10,519,0,0),(10,520,0,0),(10,521,0,0),(10,522,0,0),(10,523,0,0),(30,524,0,0),(30,525,0,0),(30,526,0,0),(30,527,0,0),(30,528,0,0),(30,529,0,0),(30,530,0,0),(30,531,0,0),(30,532,0,0),(30,533,0,0),(30,534,0,0),(30,535,0,0),(30,536,0,0),(30,537,0,0),(30,538,0,0),(30,539,0,0),(30,540,0,0),(30,541,0,0),(30,542,0,0),(31,543,0,0),(31,544,0,0),(31,545,0,0),(31,546,0,0),(31,547,0,0),(31,548,0,0),(31,549,0,0),(31,550,0,0),(31,551,0,0),(31,552,0,0),(31,553,0,0),(31,554,0,0),(31,555,0,0),(31,556,0,0),(31,557,0,0),(31,558,0,0),(29,559,0,0),(34,560,0,0),(34,561,0,0),(34,562,0,0),(34,563,0,0),(34,564,0,0),(34,565,0,0),(34,566,0,0),(34,567,0,0),(34,568,0,0),(34,569,0,0),(34,570,0,0),(34,571,0,0),(34,572,0,0),(34,573,0,0),(34,574,0,0),(34,575,0,0),(34,576,0,0),(34,577,0,0),(34,578,0,0),(38,579,0,0),(38,580,0,0),(38,581,0,0),(38,582,0,0),(38,583,0,0),(38,584,0,0),(38,585,0,0),(39,586,0,0),(39,587,0,0),(39,588,0,0),(39,589,0,0),(39,590,0,0),(40,591,0,0),(40,592,0,0),(40,593,0,0),(40,594,0,0),(40,595,0,0),(40,596,0,0),(40,597,0,0),(40,598,0,0),(40,599,0,0),(40,600,0,0),(41,601,0,0),(41,602,0,0),(41,603,0,0),(41,604,0,0),(41,605,0,0),(41,606,0,0),(41,607,0,0),(41,608,0,0),(41,609,0,0),(41,610,0,0),(41,611,0,0),(41,612,0,0),(41,613,0,0),(41,614,0,0),(41,615,0,0),(42,616,0,0),(42,617,0,0),(42,618,0,0),(42,619,0,0),(42,620,0,0),(42,621,0,0),(42,622,0,0),(42,623,0,0),(42,624,0,0),(42,625,0,0),(42,626,0,0),(42,627,0,0),(42,628,0,0),(42,629,0,0),(42,630,0,0),(42,631,0,0),(42,632,0,0),(44,633,0,0),(44,634,0,0),(44,635,0,0),(44,636,0,0),(44,637,0,0),(44,638,0,0),(44,639,0,0),(44,640,0,0),(44,641,0,0),(44,642,0,0),(44,643,0,0),(44,644,0,0),(44,645,0,0),(44,646,0,0),(44,647,0,0),(44,648,0,0),(44,649,0,0),(44,650,0,0),(2,651,0,0),(29,652,0,0),(23,653,0,0),(23,654,0,0),(23,655,0,0),(23,656,0,0),(23,657,0,0),(23,658,0,0),(23,659,0,0),(23,660,0,0),(23,661,0,0),(22,662,0,0),(22,663,0,0),(22,664,0,0),(22,665,0,0),(22,666,0,0),(22,667,0,0),(22,668,0,0),(22,669,0,0),(22,670,0,0),(21,671,0,0),(21,672,0,0),(21,673,0,0),(21,674,0,0),(21,675,0,0),(21,676,0,0),(21,677,0,0),(21,678,0,0),(21,679,0,0),(20,680,0,0),(20,681,0,0),(20,682,0,0),(20,683,0,0),(20,684,0,0),(20,685,0,0),(20,686,0,0),(20,687,0,0),(20,688,0,0),(29,689,0,0),(41,690,0,0),(38,691,0,0),(29,692,0,0),(29,693,0,0),(29,694,0,0),(23,695,0,0),(22,696,0,0),(21,697,0,0),(20,698,0,0),(29,699,0,0),(6,700,0,0),(4,701,0,0),(2,702,0,0),(29,703,0,0),(23,704,0,0),(23,705,0,0),(21,706,0,0),(21,707,0,0),(18,708,0,0),(7,709,0,0),(38,710,0,0),(38,711,0,0),(23,712,0,0),(20,713,0,0),(21,714,0,0),(22,715,0,0),(29,716,0,0),(2,717,0,0),(13,718,0,0),(29,719,0,0),(13,720,0,0),(29,721,0,0),(29,722,0,0),(29,723,0,0),(9,729,0,0),(29,750,0,0),(51,751,0,0),(51,752,0,0),(51,753,0,0),(51,754,0,0),(51,755,0,0),(51,756,0,0),(52,757,0,0),(52,758,0,0),(52,759,0,0),(52,760,0,0),(52,761,0,0),(52,762,0,0),(53,763,0,0),(53,764,0,0),(53,765,0,0),(53,766,0,0),(53,767,0,0),(53,768,0,0),(54,769,0,0),(54,770,0,0),(54,771,0,0),(54,772,0,0),(54,773,0,0),(54,774,0,0),(51,775,0,0),(51,776,0,0),(51,777,0,0),(51,778,0,0),(51,779,0,0),(51,780,0,0),(51,781,0,0),(51,782,0,0),(51,783,0,0),(51,784,0,0),(51,785,0,0),(51,786,0,0),(51,787,0,0),(51,788,0,0),(51,789,0,0),(51,790,0,0),(51,791,0,0),(51,792,0,0),(51,793,0,0),(51,794,0,0),(51,795,0,0),(51,796,0,0),(51,797,0,0),(52,798,0,0),(52,799,0,0),(52,800,0,0),(52,801,0,0),(52,802,0,0),(52,803,0,0),(52,804,0,0),(52,805,0,0),(52,806,0,0),(52,807,0,0),(52,808,0,0),(52,809,0,0),(52,810,0,0),(52,811,0,0),(52,812,0,0),(52,813,0,0),(52,814,0,0),(52,815,0,0),(52,816,0,0),(52,817,0,0),(52,818,0,0),(52,819,0,0),(52,820,0,0),(52,821,0,0),(52,822,0,0),(52,823,0,0),(53,824,0,0),(53,825,0,0),(53,826,0,0),(53,827,0,0),(53,828,0,0),(53,829,0,0),(53,830,0,0),(53,831,0,0),(53,832,0,0),(53,833,0,0),(53,834,0,0),(53,835,0,0),(53,836,0,0),(53,837,0,0),(53,838,0,0),(54,839,0,0),(54,840,0,0),(54,841,0,0),(54,842,0,0),(54,843,0,0),(54,844,0,0),(54,845,0,0),(54,846,0,0),(54,847,0,0),(54,848,0,0),(54,849,0,0),(54,850,0,0),(54,851,0,0),(54,852,0,0),(55,853,0,0),(55,854,0,0),(55,855,0,0),(55,856,0,0),(55,857,0,0),(55,858,0,0),(55,859,0,0),(55,860,0,0),(51,861,0,0),(52,862,0,0),(53,863,0,0),(51,864,0,0),(52,865,0,0),(53,866,0,0),(56,867,0,0),(56,868,0,0),(56,869,0,0),(56,870,0,0),(56,871,0,0),(56,872,0,0),(56,873,0,0),(56,874,0,0),(56,875,0,0),(56,876,0,0),(56,877,0,0),(56,878,0,0),(56,879,0,0),(56,880,0,0),(56,881,0,0),(56,882,0,0),(56,883,0,0),(56,884,0,0),(56,885,0,0),(56,886,0,0),(56,887,0,0),(57,888,0,0),(57,889,0,0),(57,890,0,0),(57,891,0,0),(57,892,0,0),(57,893,0,0),(57,894,0,0),(57,895,0,0),(57,896,0,0),(57,897,0,0),(57,898,0,0),(57,899,0,0),(57,900,0,0),(57,901,0,0),(57,902,0,0),(57,903,0,0),(57,904,0,0),(57,905,0,0),(57,906,0,0),(58,907,0,0),(58,908,0,0),(58,909,0,0),(58,910,0,0),(58,911,0,0),(58,912,0,0),(58,913,0,0),(58,914,0,0),(58,915,0,0),(58,916,0,0),(58,917,0,0),(58,918,0,0),(58,919,0,0),(58,920,0,0),(58,921,0,0),(58,922,0,0),(58,923,0,0),(58,924,0,0),(58,925,0,0),(58,926,0,0),(58,927,0,0),(58,928,0,0),(58,929,0,0),(59,930,0,0),(59,931,0,0),(59,932,0,0),(59,933,0,0),(59,934,0,0),(59,935,0,0),(59,936,0,0),(59,937,0,0),(59,938,0,0),(59,939,0,0),(59,940,0,0),(59,941,0,0),(59,942,0,0),(59,943,0,0),(59,944,0,0),(59,945,0,0),(59,946,0,0),(59,947,0,0),(59,948,0,0),(59,949,0,0),(59,950,0,0),(59,951,0,0),(59,952,0,0),(59,953,0,0),(60,954,0,0),(60,955,0,0),(60,956,0,0),(60,957,0,0),(60,958,0,0),(60,959,0,0),(60,960,0,0),(60,961,0,0),(60,962,0,0),(60,963,0,0),(60,964,0,0),(60,965,0,0),(60,966,0,0),(60,967,0,0),(60,968,0,0),(60,969,0,0),(61,970,0,0),(61,971,0,0),(61,972,0,0),(61,973,0,0),(61,974,0,0),(61,975,0,0),(61,976,0,0),(61,977,0,0),(61,978,0,0),(61,979,0,0),(61,980,0,0),(61,981,0,0),(61,982,0,0),(61,983,0,0),(61,984,0,0),(61,985,0,0),(61,986,0,0),(57,987,0,0),(56,988,0,0),(56,989,0,0),(59,990,0,0),(59,991,0,0),(58,992,0,0),(58,993,0,0),(62,994,0,0),(62,995,0,0),(62,996,0,0),(62,997,0,0),(62,998,0,0),(62,999,0,0),(62,1000,0,0),(62,1001,0,0),(62,1002,0,0),(62,1003,0,0),(62,1004,0,0),(62,1005,0,0),(62,1006,0,0),(62,1007,0,0),(62,1008,0,0),(62,1009,0,0),(62,1010,0,0),(62,1011,0,0),(62,1012,0,0),(62,1013,0,0),(62,1014,0,0),(62,1015,0,0),(62,1016,0,0),(62,1017,0,0),(62,1018,0,0);
/*!40000 ALTER TABLE `vtiger_def_org_field` ENABLE KEYS */;
UNLOCK TABLES;

--
-- Table structure for table `vtiger_def_org_share`
--

DROP TABLE IF EXISTS `vtiger_def_org_share`;
/*!40101 SET @saved_cs_client     = @@character_set_client */;
/*!40101 SET character_set_client = utf8 */;
CREATE TABLE `vtiger_def_org_share` (
  `ruleid` int(11) NOT NULL AUTO_INCREMENT,
  `tabid` int(11) NOT NULL,
  `permission` int(19) DEFAULT NULL,
  `editstatus` int(19) DEFAULT NULL,
  PRIMARY KEY (`ruleid`)
) ENGINE=InnoDB AUTO_INCREMENT=38 DEFAULT CHARSET=latin1;
/*!40101 SET character_set_client = @saved_cs_client */;

--
-- Dumping data for table `vtiger_def_org_share`
--

LOCK TABLES `vtiger_def_org_share` WRITE;
/*!40000 ALTER TABLE `vtiger_def_org_share` DISABLE KEYS */;
INSERT INTO `vtiger_def_org_share` VALUES (1,2,2,0),(2,4,NULL,2),(3,6,2,0),(4,7,2,0),(5,9,3,1),(6,13,2,0),(7,16,3,2),(8,20,2,0),(9,21,2,0),(10,22,2,0),(11,23,2,0),(12,26,2,0),(13,8,2,0),(14,14,2,0),(15,30,2,0),(16,31,3,0),(17,34,2,0),(18,38,2,0),(19,39,2,0),(20,40,2,0),(21,41,2,0),(22,42,2,0),(23,44,2,0),(24,18,2,0),(25,10,2,0),(26,51,0,0),(27,52,0,0),(28,53,0,0),(29,54,0,0),(30,55,0,0),(31,56,2,0),(32,57,2,0),(33,58,2,0),(34,59,2,0),(35,60,2,0),(36,61,2,0),(37,62,2,0);
/*!40000 ALTER TABLE `vtiger_def_org_share` ENABLE KEYS */;
UNLOCK TABLES;

--
-- Table structure for table `vtiger_def_org_share_seq`
--

DROP TABLE IF EXISTS `vtiger_def_org_share_seq`;
/*!40101 SET @saved_cs_client     = @@character_set_client */;
/*!40101 SET character_set_client = utf8 */;
CREATE TABLE `vtiger_def_org_share_seq` (
  `id` int(11) NOT NULL
) ENGINE=InnoDB DEFAULT CHARSET=latin1;
/*!40101 SET character_set_client = @saved_cs_client */;

--
-- Dumping data for table `vtiger_def_org_share_seq`
--

LOCK TABLES `vtiger_def_org_share_seq` WRITE;
/*!40000 ALTER TABLE `vtiger_def_org_share_seq` DISABLE KEYS */;
INSERT INTO `vtiger_def_org_share_seq` VALUES (37);
/*!40000 ALTER TABLE `vtiger_def_org_share_seq` ENABLE KEYS */;
UNLOCK TABLES;

--
-- Table structure for table `vtiger_default_record_view`
--

DROP TABLE IF EXISTS `vtiger_default_record_view`;
/*!40101 SET @saved_cs_client     = @@character_set_client */;
/*!40101 SET character_set_client = utf8 */;
CREATE TABLE `vtiger_default_record_view` (
  `default_record_viewid` int(11) NOT NULL AUTO_INCREMENT,
  `default_record_view` varchar(200) NOT NULL,
  `sortorderid` int(11) DEFAULT NULL,
  `presence` int(11) NOT NULL DEFAULT '1',
  PRIMARY KEY (`default_record_viewid`)
) ENGINE=InnoDB AUTO_INCREMENT=3 DEFAULT CHARSET=utf8;
/*!40101 SET character_set_client = @saved_cs_client */;

--
-- Dumping data for table `vtiger_default_record_view`
--

LOCK TABLES `vtiger_default_record_view` WRITE;
/*!40000 ALTER TABLE `vtiger_default_record_view` DISABLE KEYS */;
INSERT INTO `vtiger_default_record_view` VALUES (1,'Summary',1,1),(2,'Detail',2,1);
/*!40000 ALTER TABLE `vtiger_default_record_view` ENABLE KEYS */;
UNLOCK TABLES;

--
-- Table structure for table `vtiger_default_record_view_seq`
--

DROP TABLE IF EXISTS `vtiger_default_record_view_seq`;
/*!40101 SET @saved_cs_client     = @@character_set_client */;
/*!40101 SET character_set_client = utf8 */;
CREATE TABLE `vtiger_default_record_view_seq` (
  `id` int(11) NOT NULL
) ENGINE=InnoDB DEFAULT CHARSET=latin1;
/*!40101 SET character_set_client = @saved_cs_client */;

--
-- Dumping data for table `vtiger_default_record_view_seq`
--

LOCK TABLES `vtiger_default_record_view_seq` WRITE;
/*!40000 ALTER TABLE `vtiger_default_record_view_seq` DISABLE KEYS */;
INSERT INTO `vtiger_default_record_view_seq` VALUES (2);
/*!40000 ALTER TABLE `vtiger_default_record_view_seq` ENABLE KEYS */;
UNLOCK TABLES;

--
-- Table structure for table `vtiger_defaultactivitytype`
--

DROP TABLE IF EXISTS `vtiger_defaultactivitytype`;
/*!40101 SET @saved_cs_client     = @@character_set_client */;
/*!40101 SET character_set_client = utf8 */;
CREATE TABLE `vtiger_defaultactivitytype` (
  `defaultactivitytypeid` int(11) NOT NULL AUTO_INCREMENT,
  `defaultactivitytype` varchar(200) NOT NULL,
  `presence` int(1) NOT NULL DEFAULT '1',
  `picklist_valueid` int(11) NOT NULL DEFAULT '0',
  `sortorderid` int(11) DEFAULT '0',
  PRIMARY KEY (`defaultactivitytypeid`)
) ENGINE=InnoDB AUTO_INCREMENT=3 DEFAULT CHARSET=utf8;
/*!40101 SET character_set_client = @saved_cs_client */;

--
-- Dumping data for table `vtiger_defaultactivitytype`
--

LOCK TABLES `vtiger_defaultactivitytype` WRITE;
/*!40000 ALTER TABLE `vtiger_defaultactivitytype` DISABLE KEYS */;
INSERT INTO `vtiger_defaultactivitytype` VALUES (1,'Call',1,299,1),(2,'Meeting',1,300,2);
/*!40000 ALTER TABLE `vtiger_defaultactivitytype` ENABLE KEYS */;
UNLOCK TABLES;

--
-- Table structure for table `vtiger_defaultactivitytype_seq`
--

DROP TABLE IF EXISTS `vtiger_defaultactivitytype_seq`;
/*!40101 SET @saved_cs_client     = @@character_set_client */;
/*!40101 SET character_set_client = utf8 */;
CREATE TABLE `vtiger_defaultactivitytype_seq` (
  `id` int(11) NOT NULL
) ENGINE=InnoDB DEFAULT CHARSET=latin1;
/*!40101 SET character_set_client = @saved_cs_client */;

--
-- Dumping data for table `vtiger_defaultactivitytype_seq`
--

LOCK TABLES `vtiger_defaultactivitytype_seq` WRITE;
/*!40000 ALTER TABLE `vtiger_defaultactivitytype_seq` DISABLE KEYS */;
INSERT INTO `vtiger_defaultactivitytype_seq` VALUES (2);
/*!40000 ALTER TABLE `vtiger_defaultactivitytype_seq` ENABLE KEYS */;
UNLOCK TABLES;

--
-- Table structure for table `vtiger_defaultcv`
--

DROP TABLE IF EXISTS `vtiger_defaultcv`;
/*!40101 SET @saved_cs_client     = @@character_set_client */;
/*!40101 SET character_set_client = utf8 */;
CREATE TABLE `vtiger_defaultcv` (
  `tabid` int(19) NOT NULL,
  `defaultviewname` varchar(50) NOT NULL,
  `query` text,
  PRIMARY KEY (`tabid`)
) ENGINE=InnoDB DEFAULT CHARSET=latin1;
/*!40101 SET character_set_client = @saved_cs_client */;

--
-- Dumping data for table `vtiger_defaultcv`
--

LOCK TABLES `vtiger_defaultcv` WRITE;
/*!40000 ALTER TABLE `vtiger_defaultcv` DISABLE KEYS */;
/*!40000 ALTER TABLE `vtiger_defaultcv` ENABLE KEYS */;
UNLOCK TABLES;

--
-- Table structure for table `vtiger_defaulteventstatus`
--

DROP TABLE IF EXISTS `vtiger_defaulteventstatus`;
/*!40101 SET @saved_cs_client     = @@character_set_client */;
/*!40101 SET character_set_client = utf8 */;
CREATE TABLE `vtiger_defaulteventstatus` (
  `defaulteventstatusid` int(11) NOT NULL AUTO_INCREMENT,
  `defaulteventstatus` varchar(200) NOT NULL,
  `presence` int(1) NOT NULL DEFAULT '1',
  `picklist_valueid` int(11) NOT NULL DEFAULT '0',
  `sortorderid` int(11) DEFAULT '0',
  PRIMARY KEY (`defaulteventstatusid`)
) ENGINE=InnoDB AUTO_INCREMENT=4 DEFAULT CHARSET=utf8;
/*!40101 SET character_set_client = @saved_cs_client */;

--
-- Dumping data for table `vtiger_defaulteventstatus`
--

LOCK TABLES `vtiger_defaulteventstatus` WRITE;
/*!40000 ALTER TABLE `vtiger_defaulteventstatus` DISABLE KEYS */;
INSERT INTO `vtiger_defaulteventstatus` VALUES (1,'Planned',1,296,1),(2,'Held',1,297,2),(3,'Not Held',1,298,3);
/*!40000 ALTER TABLE `vtiger_defaulteventstatus` ENABLE KEYS */;
UNLOCK TABLES;

--
-- Table structure for table `vtiger_defaulteventstatus_seq`
--

DROP TABLE IF EXISTS `vtiger_defaulteventstatus_seq`;
/*!40101 SET @saved_cs_client     = @@character_set_client */;
/*!40101 SET character_set_client = utf8 */;
CREATE TABLE `vtiger_defaulteventstatus_seq` (
  `id` int(11) NOT NULL
) ENGINE=InnoDB DEFAULT CHARSET=latin1;
/*!40101 SET character_set_client = @saved_cs_client */;

--
-- Dumping data for table `vtiger_defaulteventstatus_seq`
--

LOCK TABLES `vtiger_defaulteventstatus_seq` WRITE;
/*!40000 ALTER TABLE `vtiger_defaulteventstatus_seq` DISABLE KEYS */;
INSERT INTO `vtiger_defaulteventstatus_seq` VALUES (3);
/*!40000 ALTER TABLE `vtiger_defaulteventstatus_seq` ENABLE KEYS */;
UNLOCK TABLES;

--
-- Table structure for table `vtiger_division`
--

DROP TABLE IF EXISTS `vtiger_division`;
/*!40101 SET @saved_cs_client     = @@character_set_client */;
/*!40101 SET character_set_client = utf8 */;
CREATE TABLE `vtiger_division` (
  `divisionid` int(11) NOT NULL AUTO_INCREMENT,
  `division` varchar(200) NOT NULL,
  `presence` int(1) NOT NULL DEFAULT '1',
  `picklist_valueid` int(11) NOT NULL DEFAULT '0',
  `sortorderid` int(11) DEFAULT '0',
  PRIMARY KEY (`divisionid`)
) ENGINE=InnoDB AUTO_INCREMENT=13 DEFAULT CHARSET=utf8;
/*!40101 SET character_set_client = @saved_cs_client */;

--
-- Dumping data for table `vtiger_division`
--

LOCK TABLES `vtiger_division` WRITE;
/*!40000 ALTER TABLE `vtiger_division` DISABLE KEYS */;
INSERT INTO `vtiger_division` VALUES (1,'Mt. Lavinia',1,363,1),(2,'Ratmalana',1,364,2),(3,'Kalubowila',1,365,3),(4,'Dehiwala',1,366,4),(5,'Mt. Lavinia',1,367,1),(6,'Ratmalana',1,368,2),(7,'Kalubowila',1,369,3),(8,'Dehiwala',1,370,4),(9,'Mt. Lavinia',1,371,1),(10,'Ratmalana',1,372,2),(11,'Kalubowila',1,373,3),(12,'Dehiwala',1,374,4);
/*!40000 ALTER TABLE `vtiger_division` ENABLE KEYS */;
UNLOCK TABLES;

--
-- Table structure for table `vtiger_division_seq`
--

DROP TABLE IF EXISTS `vtiger_division_seq`;
/*!40101 SET @saved_cs_client     = @@character_set_client */;
/*!40101 SET character_set_client = utf8 */;
CREATE TABLE `vtiger_division_seq` (
  `id` int(11) NOT NULL
) ENGINE=MyISAM DEFAULT CHARSET=utf8 COLLATE=utf8_unicode_ci;
/*!40101 SET character_set_client = @saved_cs_client */;

--
-- Dumping data for table `vtiger_division_seq`
--

LOCK TABLES `vtiger_division_seq` WRITE;
/*!40000 ALTER TABLE `vtiger_division_seq` DISABLE KEYS */;
INSERT INTO `vtiger_division_seq` VALUES (12);
/*!40000 ALTER TABLE `vtiger_division_seq` ENABLE KEYS */;
UNLOCK TABLES;

--
-- Table structure for table `vtiger_duration_minutes`
--

DROP TABLE IF EXISTS `vtiger_duration_minutes`;
/*!40101 SET @saved_cs_client     = @@character_set_client */;
/*!40101 SET character_set_client = utf8 */;
CREATE TABLE `vtiger_duration_minutes` (
  `minutesid` int(19) NOT NULL AUTO_INCREMENT,
  `duration_minutes` varchar(200) NOT NULL,
  `sortorderid` int(19) NOT NULL DEFAULT '0',
  `presence` int(1) NOT NULL DEFAULT '1',
  PRIMARY KEY (`minutesid`)
) ENGINE=InnoDB AUTO_INCREMENT=5 DEFAULT CHARSET=latin1;
/*!40101 SET character_set_client = @saved_cs_client */;

--
-- Dumping data for table `vtiger_duration_minutes`
--

LOCK TABLES `vtiger_duration_minutes` WRITE;
/*!40000 ALTER TABLE `vtiger_duration_minutes` DISABLE KEYS */;
INSERT INTO `vtiger_duration_minutes` VALUES (1,'00',0,1),(2,'15',1,1),(3,'30',2,1),(4,'45',3,1);
/*!40000 ALTER TABLE `vtiger_duration_minutes` ENABLE KEYS */;
UNLOCK TABLES;

--
-- Table structure for table `vtiger_duration_minutes_seq`
--

DROP TABLE IF EXISTS `vtiger_duration_minutes_seq`;
/*!40101 SET @saved_cs_client     = @@character_set_client */;
/*!40101 SET character_set_client = utf8 */;
CREATE TABLE `vtiger_duration_minutes_seq` (
  `id` int(11) NOT NULL
) ENGINE=InnoDB DEFAULT CHARSET=latin1;
/*!40101 SET character_set_client = @saved_cs_client */;

--
-- Dumping data for table `vtiger_duration_minutes_seq`
--

LOCK TABLES `vtiger_duration_minutes_seq` WRITE;
/*!40000 ALTER TABLE `vtiger_duration_minutes_seq` DISABLE KEYS */;
INSERT INTO `vtiger_duration_minutes_seq` VALUES (4);
/*!40000 ALTER TABLE `vtiger_duration_minutes_seq` ENABLE KEYS */;
UNLOCK TABLES;

--
-- Table structure for table `vtiger_durationhrs`
--

DROP TABLE IF EXISTS `vtiger_durationhrs`;
/*!40101 SET @saved_cs_client     = @@character_set_client */;
/*!40101 SET character_set_client = utf8 */;
CREATE TABLE `vtiger_durationhrs` (
  `hrsid` int(19) NOT NULL AUTO_INCREMENT,
  `hrs` varchar(50) DEFAULT NULL,
  `sortorderid` int(19) NOT NULL DEFAULT '0',
  `presence` int(1) NOT NULL DEFAULT '1',
  PRIMARY KEY (`hrsid`)
) ENGINE=InnoDB DEFAULT CHARSET=latin1;
/*!40101 SET character_set_client = @saved_cs_client */;

--
-- Dumping data for table `vtiger_durationhrs`
--

LOCK TABLES `vtiger_durationhrs` WRITE;
/*!40000 ALTER TABLE `vtiger_durationhrs` DISABLE KEYS */;
/*!40000 ALTER TABLE `vtiger_durationhrs` ENABLE KEYS */;
UNLOCK TABLES;

--
-- Table structure for table `vtiger_durationmins`
--

DROP TABLE IF EXISTS `vtiger_durationmins`;
/*!40101 SET @saved_cs_client     = @@character_set_client */;
/*!40101 SET character_set_client = utf8 */;
CREATE TABLE `vtiger_durationmins` (
  `minsid` int(19) NOT NULL AUTO_INCREMENT,
  `mins` varchar(50) DEFAULT NULL,
  `sortorderid` int(19) NOT NULL DEFAULT '0',
  `presence` int(1) NOT NULL DEFAULT '1',
  PRIMARY KEY (`minsid`)
) ENGINE=InnoDB DEFAULT CHARSET=latin1;
/*!40101 SET character_set_client = @saved_cs_client */;

--
-- Dumping data for table `vtiger_durationmins`
--

LOCK TABLES `vtiger_durationmins` WRITE;
/*!40000 ALTER TABLE `vtiger_durationmins` DISABLE KEYS */;
/*!40000 ALTER TABLE `vtiger_durationmins` ENABLE KEYS */;
UNLOCK TABLES;

--
-- Table structure for table `vtiger_email_access`
--

DROP TABLE IF EXISTS `vtiger_email_access`;
/*!40101 SET @saved_cs_client     = @@character_set_client */;
/*!40101 SET character_set_client = utf8 */;
CREATE TABLE `vtiger_email_access` (
  `crmid` int(11) DEFAULT NULL,
  `mailid` int(11) DEFAULT NULL,
  `accessdate` date DEFAULT NULL,
  `accesstime` datetime DEFAULT NULL
) ENGINE=InnoDB DEFAULT CHARSET=latin1;
/*!40101 SET character_set_client = @saved_cs_client */;

--
-- Dumping data for table `vtiger_email_access`
--

LOCK TABLES `vtiger_email_access` WRITE;
/*!40000 ALTER TABLE `vtiger_email_access` DISABLE KEYS */;
/*!40000 ALTER TABLE `vtiger_email_access` ENABLE KEYS */;
UNLOCK TABLES;

--
-- Table structure for table `vtiger_email_track`
--

DROP TABLE IF EXISTS `vtiger_email_track`;
/*!40101 SET @saved_cs_client     = @@character_set_client */;
/*!40101 SET character_set_client = utf8 */;
CREATE TABLE `vtiger_email_track` (
  `crmid` int(11) DEFAULT NULL,
  `mailid` int(11) DEFAULT NULL,
  `access_count` int(11) DEFAULT NULL,
  UNIQUE KEY `link_tabidtype_idx` (`crmid`,`mailid`)
) ENGINE=InnoDB DEFAULT CHARSET=latin1;
/*!40101 SET character_set_client = @saved_cs_client */;

--
-- Dumping data for table `vtiger_email_track`
--

LOCK TABLES `vtiger_email_track` WRITE;
/*!40000 ALTER TABLE `vtiger_email_track` DISABLE KEYS */;
/*!40000 ALTER TABLE `vtiger_email_track` ENABLE KEYS */;
UNLOCK TABLES;

--
-- Table structure for table `vtiger_emaildetails`
--

DROP TABLE IF EXISTS `vtiger_emaildetails`;
/*!40101 SET @saved_cs_client     = @@character_set_client */;
/*!40101 SET character_set_client = utf8 */;
CREATE TABLE `vtiger_emaildetails` (
  `emailid` int(19) NOT NULL,
  `from_email` varchar(50) NOT NULL DEFAULT '',
  `to_email` text,
  `cc_email` text,
  `bcc_email` text,
  `assigned_user_email` varchar(50) NOT NULL DEFAULT '',
  `idlists` text,
  `email_flag` varchar(50) NOT NULL DEFAULT '',
  PRIMARY KEY (`emailid`)
) ENGINE=InnoDB DEFAULT CHARSET=latin1;
/*!40101 SET character_set_client = @saved_cs_client */;

--
-- Dumping data for table `vtiger_emaildetails`
--

LOCK TABLES `vtiger_emaildetails` WRITE;
/*!40000 ALTER TABLE `vtiger_emaildetails` DISABLE KEYS */;
/*!40000 ALTER TABLE `vtiger_emaildetails` ENABLE KEYS */;
UNLOCK TABLES;

--
-- Table structure for table `vtiger_emailtemplates`
--

DROP TABLE IF EXISTS `vtiger_emailtemplates`;
/*!40101 SET @saved_cs_client     = @@character_set_client */;
/*!40101 SET character_set_client = utf8 */;
CREATE TABLE `vtiger_emailtemplates` (
  `foldername` varchar(100) DEFAULT NULL,
  `templatename` varchar(100) DEFAULT NULL,
  `subject` varchar(100) DEFAULT NULL,
  `description` text,
  `body` text,
  `deleted` int(1) NOT NULL DEFAULT '0',
  `templateid` int(19) NOT NULL AUTO_INCREMENT,
  PRIMARY KEY (`templateid`),
  KEY `emailtemplates_foldernamd_templatename_subject_idx` (`foldername`,`templatename`,`subject`)
) ENGINE=InnoDB AUTO_INCREMENT=13 DEFAULT CHARSET=latin1;
/*!40101 SET character_set_client = @saved_cs_client */;

--
-- Dumping data for table `vtiger_emailtemplates`
--

LOCK TABLES `vtiger_emailtemplates` WRITE;
/*!40000 ALTER TABLE `vtiger_emailtemplates` DISABLE KEYS */;
INSERT INTO `vtiger_emailtemplates` VALUES ('Public','Announcement for Release','Announcement for Release','Announcement of a release','Hello!   <br />\n	<br />\n	On behalf of the vtiger team,  I am pleased to announce the release of vtiger crm4.2 . This is a feature packed release including the mass email template handling, custom view feature, vtiger_reports feature and a host of other utilities. vtiger runs on all platforms.    <br />\n        <br />\n	Notable Features of vtiger are :   <br />\n	<br />\n	-Email Client Integration    <br />\n	-Trouble Ticket Integration   <br />\n	-Invoice Management Integration   <br />\n	-Reports Integration   <br />\n	-Portal Integration   <br />\n	-Enhanced Word Plugin Support   <br />\n	-Custom View Integration   <br />\n	<br />\n	Known Issues:   <br />\n	-ABCD   <br />\n	-EFGH   <br />\n	-IJKL   <br />\n	-MNOP   <br />\n	-QRST',0,1),('Public','Pending Invoices','Invoices Pending','Payment Due','name <br />\nstreet, <br />\ncity, <br />\nstate, <br />\n zip) <br />\n  <br />\n Dear <br />\n <br />\n Please check the following invoices that are yet to be paid by you: <br />\n <br />\n No. Date      Amount <br />\n 1   1/1/01    $4000 <br />\n 2   2/2//01   $5000 <br />\n 3   3/3/01    $10000 <br />\n 4   7/4/01    $23560 <br />\n <br />\n Kindly let us know if there are any issues that you feel are pending to be discussed. <br />\n We will be more than happy to give you a call. <br />\n We would like to continue our business with you.',0,2),('Public','Acceptance Proposal','Acceptance Proposal','Acceptance of Proposal',' Dear <br />\n <br />\nYour proposal on the project XYZW has been reviewed by us <br />\nand is acceptable in its entirety. <br />\n <br />\nWe are eagerly looking forward to this project <br />\nand are pleased about having the opportunity to work <br />\ntogether. We look forward to a long standing relationship <br />\nwith your esteemed firm. <br />\n<br />\nI would like to take this opportunity to invite you <br />\nto a game of golf on Wednesday morning 9am at the <br />\nCuff Links Ground. We will be waiting for you in the <br />\nExecutive Lounge. <br />\n<br />\nLooking forward to seeing you there.',0,3),('Public','Goods received acknowledgement','Goods received acknowledgement','Acknowledged Receipt of Goods',' The undersigned hereby acknowledges receipt and delivery of the goods. <br />\nThe undersigned will release the payment subject to the goods being discovered not satisfactory. <br />\n<br />\nSigned under seal this <date>',0,4),('Public','Accept Order','Accept Order','Acknowledgement/Acceptance of Order',' Dear <br />\n         We are in receipt of your order as contained in the <br />\n   purchase order form.We consider this to be final and binding on both sides. <br />\nIf there be any exceptions noted, we shall consider them <br />\nonly if the objection is received within ten days of receipt of <br />\nthis notice. <br />\n <br />\nThank you for your patronage.',0,5),('Public','Address Change','Change of Address','Address Change','Dear <br />\n <br />\nWe are relocating our office to <br />\n11111,XYZDEF Cross, <br />\nUVWWX Circle <br />\nThe telephone number for this new location is (101) 1212-1328. <br />\n<br />\nOur Manufacturing Division will continue operations <br />\nat 3250 Lovedale Square Avenue, in Frankfurt. <br />\n<br />\nWe hope to keep in touch with you all. <br />\nPlease update your addressbooks.',0,6),('Public','Follow Up','Follow Up','Follow Up of meeting','Dear <br />\n<br />\nThank you for extending us the opportunity to meet with <br />\nyou and members of your staff. <br />\n<br />\nI know that John Doe serviced your account <br />\nfor many years and made many friends at your firm. He has personally <br />\ndiscussed with me the deep relationship that he had with your firm. <br />\nWhile his presence will be missed, I can promise that we will <br />\ncontinue to provide the fine service that was accorded by <br />\nJohn to your firm. <br />\n<br />\nI was genuinely touched to receive such fine hospitality. <br />\n<br />\nThank you once again.',0,7),('Public','Target Crossed!','Target Crossed!','Fantastic Sales Spree!','Congratulations! <br />\n<br />\nThe numbers are in and I am proud to inform you that our <br />\ntotal sales for the previous quarter <br />\namounts to $100,000,00.00!. This is the first time <br />\nwe have exceeded the target by almost 30%. <br />\nWe have also beat the previous quarter record by a <br />\nwhopping 75%! <br />\n<br />\nLet us meet at Smoking Joe for a drink in the evening! <br />\n\nC you all there guys!',0,8),('Public','Thanks Note','Thanks Note','Note of thanks','Dear <br />\n<br />\nThank you for your confidence in our ability to serve you. <br />\nWe are glad to be given the chance to serve you.I look <br />\nforward to establishing a long term partnership with you. <br />\nConsider me as a friend. <br />\nShould any need arise,please do give us a call.',0,9),('Public','Customer Login Details','Customer Portal Login Details','Send Portal login details to customer','<table width=\"700\" cellspacing=\"0\" cellpadding=\"0\" border=\"0\" align=\"center\" style=\"font-family: Arial,Helvetica,sans-serif; font-size: 12px; font-weight: normal; text-decoration: none; background-color: rgb(122, 122, 254);\">\n        <tr>\n            <td> </td>\n            <td> </td>\n            <td> </td>\n        </tr>\n        <tr>\n            <td> </td>\n            <td> </td>\n            <td> </td>\n        </tr>\n        <tr>\n            <td> </td>\n            <td> </td>\n            <td> </td>\n        </tr>\n        <tr>\n            <td width=\"50\"> </td>\n            <td>\n            <table width=\"100%\" cellspacing=\"0\" cellpadding=\"0\" border=\"0\">\n                    <tr>\n                        <td>\n                        <table width=\"100%\" cellspacing=\"0\" cellpadding=\"0\" border=\"0\" style=\"background-color: rgb(27, 77, 140); font-family: Arial,Helvetica,sans-serif; font-size: 14px; color: rgb(255, 255, 255); font-weight: normal; line-height: 25px;\">\n                                <tr>\n                                    <td align=\"center\" rowspan=\"4\">$logo$</td>\n                                    <td align=\"center\"> </td>\n                                </tr>\n                                <tr>\n                                    <td align=\"left\" style=\"background-color: rgb(27, 77, 140); font-family: Arial,Helvetica,sans-serif; font-size: 24px; color: rgb(255, 255, 255); font-weight: bolder; line-height: 35px;\">vtiger CRM<br /> </td>\n                                </tr>\n                                <tr>\n                                    <td align=\"right\" style=\"padding-right: 100px;\">The honest Open Source CRM </td>\n                                </tr>\n                                <tr>\n                                    <td> </td>\n                                </tr>\n                        </table>\n                        </td>\n                    </tr>\n                    <tr>\n                        <td>\n                        <table width=\"100%\" cellspacing=\"0\" cellpadding=\"0\" border=\"0\" style=\"font-family: Arial,Helvetica,sans-serif; font-size: 12px; font-weight: normal; color: rgb(0, 0, 0); background-color: rgb(255, 255, 255);\">\n                                <tr>\n                                    <td valign=\"top\">\n                                    <table width=\"100%\" cellspacing=\"0\" cellpadding=\"5\" border=\"0\">\n                                            <tr>\n                                                <td align=\"right\" style=\"font-family: Arial,Helvetica,sans-serif; font-size: 12px; font-weight: bolder; text-decoration: none; color: rgb(66, 66, 253);\"> </td>\n                                            </tr>\n                                            <tr>\n                                                <td> </td>\n                                            </tr>\n                                            <tr>\n                                                <td style=\"font-family: Arial,Helvetica,sans-serif; font-size: 14px; color: rgb(22, 72, 134); font-weight: bolder; line-height: 15px;\">Dear $contact_name$, </td>\n                                            </tr>\n                                            <tr>\n                                                <td style=\"font-family: Arial,Helvetica,sans-serif; font-size: 12px; color: rgb(0, 0, 0); font-weight: normal; text-align: justify; line-height: 20px;\"> Thank you very much for subscribing to the vtiger CRM - annual support service.<br />Here is your self service portal login details:</td>\n                                            </tr>\n                                            <tr>\n                                                <td align=\"center\">\n                                                <table width=\"75%\" cellspacing=\"0\" cellpadding=\"10\" border=\"0\" style=\"border: 2px solid rgb(180, 180, 179); background-color: rgb(226, 226, 225); font-family: Arial,Helvetica,sans-serif; font-size: 12px; color: rgb(0, 0, 0); font-weight: normal;\">\n                                                        <tr>\n                                                            <td><br />User ID     : <font color=\"#990000\"><strong> $login_name$</strong></font> </td>\n                                                        </tr>\n                                                        <tr>\n                                                            <td>Password: <font color=\"#990000\"><strong> $password$</strong></font> </td>\n                                                        </tr>\n                                                        <tr>\n                                                            <td align=\"center\"> <strong>  $URL$<br /> </strong> </td>\n                                                        </tr>\n                                                </table>\n                                                </td>\n                                            </tr>\n                                            <tr>\n                                                <td style=\"font-family: Arial,Helvetica,sans-serif; font-size: 12px; color: rgb(0, 0, 0); font-weight: normal; text-align: justify; line-height: 20px;\"><strong>NOTE:</strong> We suggest you to change your password after logging in first time. <br /><br /> <strong><u>Help Documentation</u></strong><br />  <br /> After logging in to vtiger Self-service Portal first time, you can access the vtiger CRM documents from the <strong>Documents</strong> tab. Following documents are available for your reference:<br />\n                                                <ul>\n                                                    <li>Installation Manual (Windows &amp; Linux OS)<br /> </li>\n                                                    <li>User &amp; Administrator Manual<br /> </li>\n                                                    <li>vtiger Customer Portal - User Manual<br /> </li>\n                                                    <li>vtiger Outlook Plugin - User Manual<br /> </li>\n                                                    <li>vtiger Office Plug-in - User Manual<br /> </li>\n                                                    <li>vtiger Thunderbird Extension - User Manual<br /> </li>\n                                                    <li>vtiger Web Forms - User Manual<br /> </li>\n                                                    <li>vtiger Firefox Tool bar - User Manual<br /> </li>\n                                                </ul>\n                                                <br />  <br /> <strong><u>Knowledge Base</u></strong><br /> <br /> Periodically we update frequently asked question based on our customer experiences. You can access the latest articles from the <strong>FAQ</strong> tab.<br /> <br /> <strong><u>vtiger CRM - Details</u></strong><br /> <br /> Kindly let us know your current vtiger CRM version and system specification so that we can provide you necessary guidelines to enhance your vtiger CRM system performance. Based on your system specification we alert you about the latest security &amp; upgrade patches.<br />  <br />			 Thank you once again and wish you a wonderful experience with vtiger CRM.<br /> </td>\n                                            </tr>\n                                            <tr>\n                                                <td align=\"right\"><strong style=\"padding: 2px; font-family: Arial,Helvetica,sans-serif; font-size: 12px; color: rgb(0, 0, 0); font-weight: bold;\"><br /><br />Best Regards</strong></td>\n                                            </tr>\n                                            <tr>\n                                                <td align=\"right\" style=\"font-family: Arial,Helvetica,sans-serif; font-size: 12px; color: rgb(0, 0, 0); font-weight: normal; line-height: 20px;\">$support_team$ </td>\n                                            </tr>\n                                            <tr>\n                                                <td align=\"right\"><a style=\"font-family: Arial,Helvetica,sans-serif; font-size: 12px; font-weight: bolder; text-decoration: none; color: rgb(66, 66, 253);\" href=\"http://www.vtiger.com\">www.vtiger.com</a></td>\n                                            </tr>\n                                            <tr>\n                                                <td> </td>\n                                            </tr>\n                                    </table>\n                                    </td>\n                                    <td width=\"1%\" valign=\"top\"> </td>\n                                </tr>\n                        </table>\n                        </td>\n                    </tr>\n                    <tr>\n                        <td>\n                        <table width=\"100%\" cellspacing=\"0\" cellpadding=\"5\" border=\"0\" style=\"font-family: Arial,Helvetica,sans-serif; font-size: 12px; color: rgb(255, 255, 255); font-weight: normal; line-height: 15px; background-color: rgb(51, 51, 51);\">\n                                <tr>\n                                    <td align=\"center\">Shree Narayana Complex, No 11 Sarathy Nagar, Vijaya Nagar , Velachery, Chennai - 600 042 India </td>\n                                </tr>\n                                <tr>\n                                    <td align=\"center\">Telephone No: +91 - 44 - 4202 - 1990     Toll Free No: +1 877 788 4437</td>\n                                </tr>\n                                <tr>\n                                    <td align=\"center\">Email Id: <a style=\"font-family: Arial,Helvetica,sans-serif; font-size: 12px; font-weight: bolder; text-decoration: none; color: rgb(255, 255, 255);\" href=\"mailto:support@vtiger.com\">support@vtiger.com</a></td>\n                                </tr>\n                        </table>\n                        </td>\n                    </tr>\n            </table>\n            </td>\n            <td width=\"50\"> </td>\n        </tr>\n        <tr>\n            <td> </td>\n            <td> </td>\n            <td> </td>\n        </tr>\n        <tr>\n            <td> </td>\n            <td> </td>\n            <td> </td>\n        </tr>\n        <tr>\n            <td> </td>\n            <td> </td>\n            <td> </td>\n        </tr>\n</table>',0,10),('Public','Support end notification before a week','VtigerCRM Support Notification','Send Notification mail to customer before a week of support end date','<table width=\"700\" cellspacing=\"0\" cellpadding=\"0\" border=\"0\" align=\"center\" style=\"font-family: Arial,Helvetica,sans-serif; font-size: 12px; font-weight: normal; text-decoration: none; background-color: rgb(122, 122, 254);\">\n        <tr>\n            <td> </td>\n            <td> </td>\n            <td> </td>\n        </tr>\n        <tr>\n            <td> </td>\n            <td> </td>\n            <td> </td>\n        </tr>\n        <tr>\n            <td> </td>\n            <td> </td>\n            <td> </td>\n        </tr>\n        <tr>\n            <td width=\"50\"> </td>\n            <td>\n            <table width=\"100%\" cellspacing=\"0\" cellpadding=\"0\" border=\"0\">\n                    <tr>\n                        <td>\n                        <table width=\"100%\" cellspacing=\"0\" cellpadding=\"0\" border=\"0\" style=\"background-color: rgb(27, 77, 140); font-family: Arial,Helvetica,sans-serif; font-size: 14px; color: rgb(255, 255, 255); font-weight: normal; line-height: 25px;\">\n                                <tr>\n                                    <td align=\"center\" rowspan=\"4\">$logo$</td>\n                                    <td align=\"center\"> </td>\n                                </tr>\n                                <tr>\n                                    <td align=\"left\" style=\"background-color: rgb(27, 77, 140); font-family: Arial,Helvetica,sans-serif; font-size: 24px; color: rgb(255, 255, 255); font-weight: bolder; line-height: 35px;\">vtiger CRM </td>\n                                </tr>\n                                <tr>\n                                    <td align=\"right\" style=\"padding-right: 100px;\">The honest Open Source CRM </td>\n                                </tr>\n                                <tr>\n                                    <td> </td>\n                                </tr>\n                        </table>\n                        </td>\n                    </tr>\n                    <tr>\n                        <td>\n                        <table width=\"100%\" cellspacing=\"0\" cellpadding=\"0\" border=\"0\" style=\"font-family: Arial,Helvetica,sans-serif; font-size: 12px; font-weight: normal; color: rgb(0, 0, 0); background-color: rgb(255, 255, 255);\">\n                                <tr>\n                                    <td valign=\"top\">\n                                    <table width=\"100%\" cellspacing=\"0\" cellpadding=\"5\" border=\"0\">\n                                            <tr>\n                                                <td align=\"right\" style=\"font-family: Arial,Helvetica,sans-serif; font-size: 12px; font-weight: bolder; text-decoration: none; color: rgb(66, 66, 253);\"> </td>\n                                            </tr>\n                                            <tr>\n                                                <td> </td>\n                                            </tr>\n                                            <tr>\n                                                <td style=\"font-family: Arial,Helvetica,sans-serif; font-size: 14px; color: rgb(22, 72, 134); font-weight: bolder; line-height: 15px;\">Dear $contacts-lastname$, </td>\n                                            </tr>\n                                            <tr>\n                                                <td style=\"font-family: Arial,Helvetica,sans-serif; font-size: 12px; color: rgb(0, 0, 0); font-weight: normal; text-align: justify; line-height: 20px;\">This is just a notification mail regarding your support end.<br /><span style=\"font-weight: bold;\">Priority:</span> Urgent<br />Your Support is going to expire on next week<br />Please contact support@vtiger.com.<br /><br /><br /></td>\n                                            </tr>\n                                            <tr>\n                                                <td align=\"center\"><br /></td>\n                                            </tr>\n                                            <tr>\n                                                <td align=\"right\"><strong style=\"padding: 2px; font-family: Arial,Helvetica,sans-serif; font-size: 12px; color: rgb(0, 0, 0); font-weight: bold;\"><br /><br />Sincerly</strong></td>\n                                            </tr>\n                                            <tr>\n                                                <td align=\"right\" style=\"font-family: Arial,Helvetica,sans-serif; font-size: 12px; color: rgb(0, 0, 0); font-weight: normal; line-height: 20px;\">Support Team </td>\n                                            </tr>\n                                            <tr>\n                                                <td align=\"right\"><a style=\"font-family: Arial,Helvetica,sans-serif; font-size: 12px; font-weight: bolder; text-decoration: none; color: rgb(66, 66, 253);\" href=\"http://www.vtiger.com\">www.vtiger.com</a></td>\n                                            </tr>\n                                            <tr>\n                                                <td> </td>\n                                            </tr>\n                                    </table>\n                                    </td>\n                                    <td width=\"1%\" valign=\"top\"> </td>\n                                </tr>\n                        </table>\n                        </td>\n                    </tr>\n                    <tr>\n                        <td>\n                        <table width=\"100%\" cellspacing=\"0\" cellpadding=\"5\" border=\"0\" style=\"font-family: Arial,Helvetica,sans-serif; font-size: 12px; color: rgb(255, 255, 255); font-weight: normal; line-height: 15px; background-color: rgb(51, 51, 51);\">\n                                <tr>\n                                    <td align=\"center\">Shree Narayana Complex, No 11 Sarathy Nagar, Vijaya Nagar , Velachery, Chennai - 600 042 India </td>\n                                </tr>\n                                <tr>\n                                    <td align=\"center\">Telephone No: +91 - 44 - 4202 - 1990     Toll Free No: +1 877 788 4437</td>\n                                </tr>\n                                <tr>\n                                    <td align=\"center\">Email Id: <a style=\"font-family: Arial,Helvetica,sans-serif; font-size: 12px; font-weight: bolder; text-decoration: none; color: rgb(255, 255, 255);\" href=\"mailto:info@vtiger.com\">info@vtiger.com</a></td>\n                                </tr>\n                        </table>\n                        </td>\n                    </tr>\n            </table>\n            </td>\n            <td width=\"50\"> </td>\n        </tr>\n        <tr>\n            <td> </td>\n            <td> </td>\n            <td> </td>\n        </tr>\n        <tr>\n            <td> </td>\n            <td> </td>\n            <td> </td>\n        </tr>\n        <tr>\n            <td> </td>\n            <td> </td>\n            <td> </td>\n        </tr>\n</table>',0,11),('Public','Support end notification before a month','VtigerCRM Support Notification','Send Notification mail to customer before a month of support end date','<table width=\"700\" cellspacing=\"0\" cellpadding=\"0\" border=\"0\" align=\"center\" style=\"font-family: Arial,Helvetica,sans-serif; font-size: 12px; font-weight: normal; text-decoration: none; background-color: rgb(122, 122, 254);\">\n        <tr>\n            <td> </td>\n            <td> </td>\n            <td> </td>\n        </tr>\n        <tr>\n            <td> </td>\n            <td> </td>\n            <td> </td>\n        </tr>\n        <tr>\n            <td> </td>\n            <td> </td>\n            <td> </td>\n        </tr>\n        <tr>\n            <td width=\"50\"> </td>\n            <td>\n            <table width=\"100%\" cellspacing=\"0\" cellpadding=\"0\" border=\"0\">\n                    <tr>\n                        <td>\n                        <table width=\"100%\" cellspacing=\"0\" cellpadding=\"0\" border=\"0\" style=\"background-color: rgb(27, 77, 140); font-family: Arial,Helvetica,sans-serif; font-size: 14px; color: rgb(255, 255, 255); font-weight: normal; line-height: 25px;\">\n                                <tr>\n                                    <td align=\"center\" rowspan=\"4\">$logo$</td>\n                                    <td align=\"center\"> </td>\n                                </tr>\n                                <tr>\n                                    <td align=\"left\" style=\"background-color: rgb(27, 77, 140); font-family: Arial,Helvetica,sans-serif; font-size: 24px; color: rgb(255, 255, 255); font-weight: bolder; line-height: 35px;\">vtiger CRM </td>\n                                </tr>\n                                <tr>\n                                    <td align=\"right\" style=\"padding-right: 100px;\">The honest Open Source CRM </td>\n                                </tr>\n                                <tr>\n                                    <td> </td>\n                                </tr>\n                        </table>\n                        </td>\n                    </tr>\n                    <tr>\n                        <td>\n                        <table width=\"100%\" cellspacing=\"0\" cellpadding=\"0\" border=\"0\" style=\"font-family: Arial,Helvetica,sans-serif; font-size: 12px; font-weight: normal; color: rgb(0, 0, 0); background-color: rgb(255, 255, 255);\">\n                                <tr>\n                                    <td valign=\"top\">\n                                    <table width=\"100%\" cellspacing=\"0\" cellpadding=\"5\" border=\"0\">\n                                            <tr>\n                                                <td align=\"right\" style=\"font-family: Arial,Helvetica,sans-serif; font-size: 12px; font-weight: bolder; text-decoration: none; color: rgb(66, 66, 253);\"> </td>\n                                            </tr>\n                                            <tr>\n                                                <td> </td>\n                                            </tr>\n                                            <tr>\n                                                <td style=\"font-family: Arial,Helvetica,sans-serif; font-size: 14px; color: rgb(22, 72, 134); font-weight: bolder; line-height: 15px;\">Dear $contacts-lastname$, </td>\n                                            </tr>\n                                            <tr>\n                                                <td style=\"font-family: Arial,Helvetica,sans-serif; font-size: 12px; color: rgb(0, 0, 0); font-weight: normal; text-align: justify; line-height: 20px;\">This is just a notification mail regarding your support end.<br /><span style=\"font-weight: bold;\">Priority:</span> Normal<br />Your Support is going to expire on next month.<br />Please contact support@vtiger.com<br /><br /><br /></td>\n                                            </tr>\n                                            <tr>\n                                                <td align=\"center\"><br /></td>\n                                            </tr>\n                                            <tr>\n                                                <td align=\"right\"><strong style=\"padding: 2px; font-family: Arial,Helvetica,sans-serif; font-size: 12px; color: rgb(0, 0, 0); font-weight: bold;\"><br /><br />Sincerly</strong></td>\n                                            </tr>\n                                            <tr>\n                                                <td align=\"right\" style=\"font-family: Arial,Helvetica,sans-serif; font-size: 12px; color: rgb(0, 0, 0); font-weight: normal; line-height: 20px;\">Support Team </td>\n                                            </tr>\n                                            <tr>\n                                                <td align=\"right\"><a href=\"http://www.vtiger.com\" style=\"font-family: Arial,Helvetica,sans-serif; font-size: 12px; font-weight: bolder; text-decoration: none; color: rgb(66, 66, 253);\">www.vtiger.com</a></td>\n                                            </tr>\n                                            <tr>\n                                                <td> </td>\n                                            </tr>\n                                    </table>\n                                    </td>\n                                    <td width=\"1%\" valign=\"top\"> </td>\n                                </tr>\n                        </table>\n                        </td>\n                    </tr>\n                    <tr>\n                        <td>\n                        <table width=\"100%\" cellspacing=\"0\" cellpadding=\"5\" border=\"0\" style=\"font-family: Arial,Helvetica,sans-serif; font-size: 12px; color: rgb(255, 255, 255); font-weight: normal; line-height: 15px; background-color: rgb(51, 51, 51);\">\n                                <tr>\n                                    <td align=\"center\">Shree Narayana Complex, No 11 Sarathy Nagar, Vijaya Nagar , Velachery, Chennai - 600 042 India </td>\n                                </tr>\n                                <tr>\n                                    <td align=\"center\">Telephone No: +91 - 44 - 4202 - 1990     Toll Free No: +1 877 788 4437</td>\n                                </tr>\n                                <tr>\n                                    <td align=\"center\">Email Id: <a href=\"mailto:info@vtiger.com\" style=\"font-family: Arial,Helvetica,sans-serif; font-size: 12px; font-weight: bolder; text-decoration: none; color: rgb(255, 255, 255);\">info@vtiger.com</a></td>\n                                </tr>\n                        </table>\n                        </td>\n                    </tr>\n            </table>\n            </td>\n            <td width=\"50\"> </td>\n        </tr>\n        <tr>\n            <td> </td>\n            <td> </td>\n            <td> </td>\n        </tr>\n        <tr>\n            <td> </td>\n            <td> </td>\n            <td> </td>\n        </tr>\n        <tr>\n            <td> </td>\n            <td> </td>\n            <td> </td>\n        </tr>\n</table>',0,12);
/*!40000 ALTER TABLE `vtiger_emailtemplates` ENABLE KEYS */;
UNLOCK TABLES;

--
-- Table structure for table `vtiger_emailtemplates_seq`
--

DROP TABLE IF EXISTS `vtiger_emailtemplates_seq`;
/*!40101 SET @saved_cs_client     = @@character_set_client */;
/*!40101 SET character_set_client = utf8 */;
CREATE TABLE `vtiger_emailtemplates_seq` (
  `id` int(11) NOT NULL
) ENGINE=InnoDB DEFAULT CHARSET=latin1;
/*!40101 SET character_set_client = @saved_cs_client */;

--
-- Dumping data for table `vtiger_emailtemplates_seq`
--

LOCK TABLES `vtiger_emailtemplates_seq` WRITE;
/*!40000 ALTER TABLE `vtiger_emailtemplates_seq` DISABLE KEYS */;
INSERT INTO `vtiger_emailtemplates_seq` VALUES (13);
/*!40000 ALTER TABLE `vtiger_emailtemplates_seq` ENABLE KEYS */;
UNLOCK TABLES;

--
-- Table structure for table `vtiger_entityname`
--

DROP TABLE IF EXISTS `vtiger_entityname`;
/*!40101 SET @saved_cs_client     = @@character_set_client */;
/*!40101 SET character_set_client = utf8 */;
CREATE TABLE `vtiger_entityname` (
  `tabid` int(19) NOT NULL DEFAULT '0',
  `modulename` varchar(50) NOT NULL,
  `tablename` varchar(100) NOT NULL,
  `fieldname` varchar(150) NOT NULL,
  `entityidfield` varchar(150) NOT NULL,
  `entityidcolumn` varchar(150) NOT NULL,
  PRIMARY KEY (`tabid`),
  KEY `entityname_tabid_idx` (`tabid`)
) ENGINE=InnoDB DEFAULT CHARSET=latin1;
/*!40101 SET character_set_client = @saved_cs_client */;

--
-- Dumping data for table `vtiger_entityname`
--

LOCK TABLES `vtiger_entityname` WRITE;
/*!40000 ALTER TABLE `vtiger_entityname` DISABLE KEYS */;
INSERT INTO `vtiger_entityname` VALUES (2,'Potentials','vtiger_potential','potentialname','potentialid','potential_id'),(4,'Contacts','vtiger_contactdetails','firstname,lastname','contactid','contact_id'),(6,'Accounts','vtiger_account','accountname','accountid','account_id'),(7,'Leads','vtiger_leaddetails','firstname,lastname','leadid','leadid'),(8,'Documents','vtiger_notes','title','notesid','notesid'),(9,'Calendar','vtiger_activity','subject','activityid','activityid'),(10,'Emails','vtiger_activity','subject','activityid','activityid'),(13,'HelpDesk','vtiger_troubletickets','title','ticketid','ticketid'),(14,'Products','vtiger_products','productname','productid','product_id'),(15,'Faq','vtiger_faq','question','id','id'),(18,'Vendors','vtiger_vendor','vendorname','vendorid','vendor_id'),(19,'PriceBooks','vtiger_pricebook','bookname','pricebookid','pricebookid'),(20,'Quotes','vtiger_quotes','subject','quoteid','quote_id'),(21,'PurchaseOrder','vtiger_purchaseorder','subject','purchaseorderid','purchaseorderid'),(22,'SalesOrder','vtiger_salesorder','subject','salesorderid','salesorder_id'),(23,'Invoice','vtiger_invoice','subject','invoiceid','invoiceid'),(26,'Campaigns','vtiger_campaign','campaignname','campaignid','campaignid'),(29,'Users','vtiger_users','first_name,last_name','id','id'),(30,'Services','vtiger_service','servicename','serviceid','serviceid'),(31,'PBXManager','vtiger_pbxmanager','customernumber','pbxmanagerid','pbxmanagerid'),(34,'ServiceContracts','vtiger_servicecontracts','subject','servicecontractsid','servicecontractsid'),(38,'ModComments','vtiger_modcomments','commentcontent','modcommentsid','modcommentsid'),(39,'SMSNotifier','vtiger_smsnotifier','message','smsnotifierid','smsnotifierid'),(40,'ProjectMilestone','vtiger_projectmilestone','projectmilestonename','projectmilestoneid','projectmilestoneid'),(41,'ProjectTask','vtiger_projecttask','projecttaskname','projecttaskid','projecttaskid'),(42,'Project','vtiger_project','projectname','projectid','projectid'),(44,'Assets','vtiger_assets','assetname','assetsid','assetsid'),(51,'Blockplan','vtiger_blockplan','blockplan_no','blockplanid','blockplanid'),(52,'BuildingPlan','vtiger_buildingplan','buildingplan_no','buildingplanid','buildingplanid'),(53,'StreetLine','vtiger_streetline','streetline_no','streetlineid','streetlineid'),(54,'Coc','vtiger_coc','coc_no','cocid','cocid'),(55,'Resubmission','vtiger_resubmission','resubmission_no','resubmissionid','resubmissionid'),(58,'NatureOfChanges','vtiger_natureofchanges','nature_of_changes_no','natureofchangesid','natureofchangesid');
/*!40000 ALTER TABLE `vtiger_entityname` ENABLE KEYS */;
UNLOCK TABLES;

--
-- Table structure for table `vtiger_eventhandler_module`
--

DROP TABLE IF EXISTS `vtiger_eventhandler_module`;
/*!40101 SET @saved_cs_client     = @@character_set_client */;
/*!40101 SET character_set_client = utf8 */;
CREATE TABLE `vtiger_eventhandler_module` (
  `eventhandler_module_id` int(11) NOT NULL AUTO_INCREMENT,
  `module_name` varchar(100) DEFAULT NULL,
  `handler_class` varchar(100) DEFAULT NULL,
  PRIMARY KEY (`eventhandler_module_id`)
) ENGINE=InnoDB AUTO_INCREMENT=6 DEFAULT CHARSET=latin1;
/*!40101 SET character_set_client = @saved_cs_client */;

--
-- Dumping data for table `vtiger_eventhandler_module`
--

LOCK TABLES `vtiger_eventhandler_module` WRITE;
/*!40000 ALTER TABLE `vtiger_eventhandler_module` DISABLE KEYS */;
INSERT INTO `vtiger_eventhandler_module` VALUES (1,'ModTracker','ModTrackerHandler'),(2,'ServiceContracts','ServiceContractsHandler'),(3,'Home','Vtiger_RecordLabelUpdater_Handler'),(4,'Invoice','InvoiceHandler'),(5,'PurchaseOrder','PurchaseOrderHandler');
/*!40000 ALTER TABLE `vtiger_eventhandler_module` ENABLE KEYS */;
UNLOCK TABLES;

--
-- Table structure for table `vtiger_eventhandler_module_seq`
--

DROP TABLE IF EXISTS `vtiger_eventhandler_module_seq`;
/*!40101 SET @saved_cs_client     = @@character_set_client */;
/*!40101 SET character_set_client = utf8 */;
CREATE TABLE `vtiger_eventhandler_module_seq` (
  `id` int(11) NOT NULL
) ENGINE=InnoDB DEFAULT CHARSET=latin1;
/*!40101 SET character_set_client = @saved_cs_client */;

--
-- Dumping data for table `vtiger_eventhandler_module_seq`
--

LOCK TABLES `vtiger_eventhandler_module_seq` WRITE;
/*!40000 ALTER TABLE `vtiger_eventhandler_module_seq` DISABLE KEYS */;
INSERT INTO `vtiger_eventhandler_module_seq` VALUES (5);
/*!40000 ALTER TABLE `vtiger_eventhandler_module_seq` ENABLE KEYS */;
UNLOCK TABLES;

--
-- Table structure for table `vtiger_eventhandlers`
--

DROP TABLE IF EXISTS `vtiger_eventhandlers`;
/*!40101 SET @saved_cs_client     = @@character_set_client */;
/*!40101 SET character_set_client = utf8 */;
CREATE TABLE `vtiger_eventhandlers` (
  `eventhandler_id` int(11) NOT NULL AUTO_INCREMENT,
  `event_name` varchar(100) NOT NULL,
  `handler_path` varchar(400) NOT NULL,
  `handler_class` varchar(100) NOT NULL,
  `cond` text,
  `is_active` int(1) NOT NULL,
  `dependent_on` varchar(255) DEFAULT '[]',
  PRIMARY KEY (`eventhandler_id`,`event_name`,`handler_class`),
  UNIQUE KEY `eventhandler_idx` (`eventhandler_id`)
) ENGINE=InnoDB AUTO_INCREMENT=24 DEFAULT CHARSET=latin1;
/*!40101 SET character_set_client = @saved_cs_client */;

--
-- Dumping data for table `vtiger_eventhandlers`
--

LOCK TABLES `vtiger_eventhandlers` WRITE;
/*!40000 ALTER TABLE `vtiger_eventhandlers` DISABLE KEYS */;
INSERT INTO `vtiger_eventhandlers` VALUES (1,'vtiger.entity.aftersave','modules/SalesOrder/RecurringInvoiceHandler.php','RecurringInvoiceHandler','',1,'[]'),(2,'vtiger.entity.beforesave','data/VTEntityDelta.php','VTEntityDelta','',1,'[]'),(3,'vtiger.entity.aftersave','data/VTEntityDelta.php','VTEntityDelta','',1,'[]'),(4,'vtiger.entity.aftersave','modules/com_vtiger_workflow/VTEventHandler.inc','VTWorkflowEventHandler','',1,'[\"VTEntityDelta\"]'),(5,'vtiger.entity.afterrestore','modules/com_vtiger_workflow/VTEventHandler.inc','VTWorkflowEventHandler','',1,'[]'),(6,'vtiger.entity.aftersave.final','modules/HelpDesk/HelpDeskHandler.php','HelpDeskHandler','',1,'[]'),(12,'vtiger.entity.aftersave.final','modules/ModTracker/ModTrackerHandler.php','ModTrackerHandler','',1,'[]'),(13,'vtiger.entity.beforedelete','modules/ModTracker/ModTrackerHandler.php','ModTrackerHandler','',1,'[]'),(14,'vtiger.entity.afterrestore','modules/ModTracker/ModTrackerHandler.php','ModTrackerHandler','',1,'[]'),(15,'vtiger.entity.beforesave','modules/ServiceContracts/ServiceContractsHandler.php','ServiceContractsHandler','',0,'[]'),(16,'vtiger.entity.aftersave','modules/ServiceContracts/ServiceContractsHandler.php','ServiceContractsHandler','',0,'[]'),(17,'vtiger.entity.aftersave','modules/WSAPP/WorkFlowHandlers/WSAPPAssignToTracker.php','WSAPPAssignToTracker','',1,'[\"VTEntityDelta\"]'),(18,'vtiger.entity.aftersave','modules/Vtiger/handlers/RecordLabelUpdater.php','Vtiger_RecordLabelUpdater_Handler','',1,'[]'),(19,'vtiger.entity.aftersave','modules/Invoice/InvoiceHandler.php','InvoiceHandler','',1,'[]'),(20,'vtiger.entity.aftersave','modules/PurchaseOrder/PurchaseOrderHandler.php','PurchaseOrderHandler','',1,'[]'),(21,'vtiger.entity.aftersave','modules/ModComments/ModCommentsHandler.php','ModCommentsHandler','',1,'[]'),(22,'vtiger.picklist.afterrename','modules/Settings/Picklist/handlers/PickListHandler.php','PickListHandler','',1,'[]'),(23,'vtiger.picklist.afterdelete','modules/Settings/Picklist/handlers/PickListHandler.php','PickListHandler','',1,'[]');
/*!40000 ALTER TABLE `vtiger_eventhandlers` ENABLE KEYS */;
UNLOCK TABLES;

--
-- Table structure for table `vtiger_eventhandlers_seq`
--

DROP TABLE IF EXISTS `vtiger_eventhandlers_seq`;
/*!40101 SET @saved_cs_client     = @@character_set_client */;
/*!40101 SET character_set_client = utf8 */;
CREATE TABLE `vtiger_eventhandlers_seq` (
  `id` int(11) NOT NULL
) ENGINE=InnoDB DEFAULT CHARSET=latin1;
/*!40101 SET character_set_client = @saved_cs_client */;

--
-- Dumping data for table `vtiger_eventhandlers_seq`
--

LOCK TABLES `vtiger_eventhandlers_seq` WRITE;
/*!40000 ALTER TABLE `vtiger_eventhandlers_seq` DISABLE KEYS */;
INSERT INTO `vtiger_eventhandlers_seq` VALUES (23);
/*!40000 ALTER TABLE `vtiger_eventhandlers_seq` ENABLE KEYS */;
UNLOCK TABLES;

--
-- Table structure for table `vtiger_eventstatus`
--

DROP TABLE IF EXISTS `vtiger_eventstatus`;
/*!40101 SET @saved_cs_client     = @@character_set_client */;
/*!40101 SET character_set_client = utf8 */;
CREATE TABLE `vtiger_eventstatus` (
  `eventstatusid` int(19) NOT NULL AUTO_INCREMENT,
  `eventstatus` varchar(200) NOT NULL,
  `presence` int(1) NOT NULL DEFAULT '1',
  `picklist_valueid` int(19) NOT NULL DEFAULT '0',
  `sortorderid` int(11) DEFAULT NULL,
  PRIMARY KEY (`eventstatusid`)
) ENGINE=InnoDB AUTO_INCREMENT=4 DEFAULT CHARSET=latin1;
/*!40101 SET character_set_client = @saved_cs_client */;

--
-- Dumping data for table `vtiger_eventstatus`
--

LOCK TABLES `vtiger_eventstatus` WRITE;
/*!40000 ALTER TABLE `vtiger_eventstatus` DISABLE KEYS */;
INSERT INTO `vtiger_eventstatus` VALUES (1,'Planned',0,38,0),(2,'Held',0,39,1),(3,'Not Held',0,40,2);
/*!40000 ALTER TABLE `vtiger_eventstatus` ENABLE KEYS */;
UNLOCK TABLES;

--
-- Table structure for table `vtiger_eventstatus_seq`
--

DROP TABLE IF EXISTS `vtiger_eventstatus_seq`;
/*!40101 SET @saved_cs_client     = @@character_set_client */;
/*!40101 SET character_set_client = utf8 */;
CREATE TABLE `vtiger_eventstatus_seq` (
  `id` int(11) NOT NULL
) ENGINE=InnoDB DEFAULT CHARSET=latin1;
/*!40101 SET character_set_client = @saved_cs_client */;

--
-- Dumping data for table `vtiger_eventstatus_seq`
--

LOCK TABLES `vtiger_eventstatus_seq` WRITE;
/*!40000 ALTER TABLE `vtiger_eventstatus_seq` DISABLE KEYS */;
INSERT INTO `vtiger_eventstatus_seq` VALUES (3);
/*!40000 ALTER TABLE `vtiger_eventstatus_seq` ENABLE KEYS */;
UNLOCK TABLES;

--
-- Table structure for table `vtiger_expectedresponse`
--

DROP TABLE IF EXISTS `vtiger_expectedresponse`;
/*!40101 SET @saved_cs_client     = @@character_set_client */;
/*!40101 SET character_set_client = utf8 */;
CREATE TABLE `vtiger_expectedresponse` (
  `expectedresponseid` int(19) NOT NULL AUTO_INCREMENT,
  `expectedresponse` varchar(200) NOT NULL,
  `presence` int(1) NOT NULL DEFAULT '1',
  `picklist_valueid` int(19) NOT NULL DEFAULT '0',
  `sortorderid` int(11) DEFAULT NULL,
  PRIMARY KEY (`expectedresponseid`),
  UNIQUE KEY `CampaignExpRes_UK01` (`expectedresponse`)
) ENGINE=InnoDB AUTO_INCREMENT=6 DEFAULT CHARSET=latin1;
/*!40101 SET character_set_client = @saved_cs_client */;

--
-- Dumping data for table `vtiger_expectedresponse`
--

LOCK TABLES `vtiger_expectedresponse` WRITE;
/*!40000 ALTER TABLE `vtiger_expectedresponse` DISABLE KEYS */;
INSERT INTO `vtiger_expectedresponse` VALUES (2,'Excellent',1,42,1),(3,'Good',1,43,2),(4,'Average',1,44,3),(5,'Poor',1,45,4);
/*!40000 ALTER TABLE `vtiger_expectedresponse` ENABLE KEYS */;
UNLOCK TABLES;

--
-- Table structure for table `vtiger_expectedresponse_seq`
--

DROP TABLE IF EXISTS `vtiger_expectedresponse_seq`;
/*!40101 SET @saved_cs_client     = @@character_set_client */;
/*!40101 SET character_set_client = utf8 */;
CREATE TABLE `vtiger_expectedresponse_seq` (
  `id` int(11) NOT NULL
) ENGINE=InnoDB DEFAULT CHARSET=latin1;
/*!40101 SET character_set_client = @saved_cs_client */;

--
-- Dumping data for table `vtiger_expectedresponse_seq`
--

LOCK TABLES `vtiger_expectedresponse_seq` WRITE;
/*!40000 ALTER TABLE `vtiger_expectedresponse_seq` DISABLE KEYS */;
INSERT INTO `vtiger_expectedresponse_seq` VALUES (5);
/*!40000 ALTER TABLE `vtiger_expectedresponse_seq` ENABLE KEYS */;
UNLOCK TABLES;

--
-- Table structure for table `vtiger_extnstore_users`
--

DROP TABLE IF EXISTS `vtiger_extnstore_users`;
/*!40101 SET @saved_cs_client     = @@character_set_client */;
/*!40101 SET character_set_client = utf8 */;
CREATE TABLE `vtiger_extnstore_users` (
  `id` int(11) NOT NULL AUTO_INCREMENT,
  `username` varchar(50) DEFAULT NULL,
  `password` varchar(75) DEFAULT NULL,
  `instanceurl` varchar(255) DEFAULT NULL,
  `createdon` datetime DEFAULT NULL,
  `deleted` int(1) NOT NULL DEFAULT '0',
  PRIMARY KEY (`id`)
) ENGINE=InnoDB DEFAULT CHARSET=utf8;
/*!40101 SET character_set_client = @saved_cs_client */;

--
-- Dumping data for table `vtiger_extnstore_users`
--

LOCK TABLES `vtiger_extnstore_users` WRITE;
/*!40000 ALTER TABLE `vtiger_extnstore_users` DISABLE KEYS */;
/*!40000 ALTER TABLE `vtiger_extnstore_users` ENABLE KEYS */;
UNLOCK TABLES;

--
-- Table structure for table `vtiger_faq`
--

DROP TABLE IF EXISTS `vtiger_faq`;
/*!40101 SET @saved_cs_client     = @@character_set_client */;
/*!40101 SET character_set_client = utf8 */;
CREATE TABLE `vtiger_faq` (
  `id` int(11) NOT NULL AUTO_INCREMENT,
  `faq_no` varchar(100) NOT NULL,
  `product_id` varchar(100) DEFAULT NULL,
  `question` text,
  `answer` text,
  `category` varchar(200) NOT NULL,
  `status` varchar(200) NOT NULL,
  PRIMARY KEY (`id`),
  KEY `faq_id_idx` (`id`)
) ENGINE=InnoDB DEFAULT CHARSET=latin1;
/*!40101 SET character_set_client = @saved_cs_client */;

--
-- Dumping data for table `vtiger_faq`
--

LOCK TABLES `vtiger_faq` WRITE;
/*!40000 ALTER TABLE `vtiger_faq` DISABLE KEYS */;
/*!40000 ALTER TABLE `vtiger_faq` ENABLE KEYS */;
UNLOCK TABLES;

--
-- Table structure for table `vtiger_faqcategories`
--

DROP TABLE IF EXISTS `vtiger_faqcategories`;
/*!40101 SET @saved_cs_client     = @@character_set_client */;
/*!40101 SET character_set_client = utf8 */;
CREATE TABLE `vtiger_faqcategories` (
  `faqcategories_id` int(19) NOT NULL AUTO_INCREMENT,
  `faqcategories` varchar(200) DEFAULT NULL,
  `presence` int(1) NOT NULL DEFAULT '1',
  `picklist_valueid` int(19) NOT NULL DEFAULT '0',
  `sortorderid` int(11) DEFAULT NULL,
  PRIMARY KEY (`faqcategories_id`)
) ENGINE=InnoDB AUTO_INCREMENT=2 DEFAULT CHARSET=latin1;
/*!40101 SET character_set_client = @saved_cs_client */;

--
-- Dumping data for table `vtiger_faqcategories`
--

LOCK TABLES `vtiger_faqcategories` WRITE;
/*!40000 ALTER TABLE `vtiger_faqcategories` DISABLE KEYS */;
INSERT INTO `vtiger_faqcategories` VALUES (1,'General',1,46,0);
/*!40000 ALTER TABLE `vtiger_faqcategories` ENABLE KEYS */;
UNLOCK TABLES;

--
-- Table structure for table `vtiger_faqcategories_seq`
--

DROP TABLE IF EXISTS `vtiger_faqcategories_seq`;
/*!40101 SET @saved_cs_client     = @@character_set_client */;
/*!40101 SET character_set_client = utf8 */;
CREATE TABLE `vtiger_faqcategories_seq` (
  `id` int(11) NOT NULL
) ENGINE=InnoDB DEFAULT CHARSET=latin1;
/*!40101 SET character_set_client = @saved_cs_client */;

--
-- Dumping data for table `vtiger_faqcategories_seq`
--

LOCK TABLES `vtiger_faqcategories_seq` WRITE;
/*!40000 ALTER TABLE `vtiger_faqcategories_seq` DISABLE KEYS */;
INSERT INTO `vtiger_faqcategories_seq` VALUES (1);
/*!40000 ALTER TABLE `vtiger_faqcategories_seq` ENABLE KEYS */;
UNLOCK TABLES;

--
-- Table structure for table `vtiger_faqcf`
--

DROP TABLE IF EXISTS `vtiger_faqcf`;
/*!40101 SET @saved_cs_client     = @@character_set_client */;
/*!40101 SET character_set_client = utf8 */;
CREATE TABLE `vtiger_faqcf` (
  `faqid` int(19) NOT NULL DEFAULT '0',
  PRIMARY KEY (`faqid`)
) ENGINE=InnoDB DEFAULT CHARSET=latin1;
/*!40101 SET character_set_client = @saved_cs_client */;

--
-- Dumping data for table `vtiger_faqcf`
--

LOCK TABLES `vtiger_faqcf` WRITE;
/*!40000 ALTER TABLE `vtiger_faqcf` DISABLE KEYS */;
/*!40000 ALTER TABLE `vtiger_faqcf` ENABLE KEYS */;
UNLOCK TABLES;

--
-- Table structure for table `vtiger_faqcomments`
--

DROP TABLE IF EXISTS `vtiger_faqcomments`;
/*!40101 SET @saved_cs_client     = @@character_set_client */;
/*!40101 SET character_set_client = utf8 */;
CREATE TABLE `vtiger_faqcomments` (
  `commentid` int(19) NOT NULL AUTO_INCREMENT,
  `faqid` int(19) DEFAULT NULL,
  `comments` text,
  `createdtime` datetime NOT NULL,
  PRIMARY KEY (`commentid`),
  KEY `faqcomments_faqid_idx` (`faqid`)
) ENGINE=InnoDB DEFAULT CHARSET=latin1;
/*!40101 SET character_set_client = @saved_cs_client */;

--
-- Dumping data for table `vtiger_faqcomments`
--

LOCK TABLES `vtiger_faqcomments` WRITE;
/*!40000 ALTER TABLE `vtiger_faqcomments` DISABLE KEYS */;
/*!40000 ALTER TABLE `vtiger_faqcomments` ENABLE KEYS */;
UNLOCK TABLES;

--
-- Table structure for table `vtiger_faqstatus`
--

DROP TABLE IF EXISTS `vtiger_faqstatus`;
/*!40101 SET @saved_cs_client     = @@character_set_client */;
/*!40101 SET character_set_client = utf8 */;
CREATE TABLE `vtiger_faqstatus` (
  `faqstatus_id` int(19) NOT NULL AUTO_INCREMENT,
  `faqstatus` varchar(200) DEFAULT NULL,
  `presence` int(1) NOT NULL DEFAULT '1',
  `picklist_valueid` int(19) NOT NULL DEFAULT '0',
  `sortorderid` int(11) DEFAULT NULL,
  PRIMARY KEY (`faqstatus_id`)
) ENGINE=InnoDB AUTO_INCREMENT=5 DEFAULT CHARSET=latin1;
/*!40101 SET character_set_client = @saved_cs_client */;

--
-- Dumping data for table `vtiger_faqstatus`
--

LOCK TABLES `vtiger_faqstatus` WRITE;
/*!40000 ALTER TABLE `vtiger_faqstatus` DISABLE KEYS */;
INSERT INTO `vtiger_faqstatus` VALUES (1,'Draft',0,47,0),(2,'Reviewed',0,48,1),(3,'Published',0,49,2),(4,'Obsolete',0,50,3);
/*!40000 ALTER TABLE `vtiger_faqstatus` ENABLE KEYS */;
UNLOCK TABLES;

--
-- Table structure for table `vtiger_faqstatus_seq`
--

DROP TABLE IF EXISTS `vtiger_faqstatus_seq`;
/*!40101 SET @saved_cs_client     = @@character_set_client */;
/*!40101 SET character_set_client = utf8 */;
CREATE TABLE `vtiger_faqstatus_seq` (
  `id` int(11) NOT NULL
) ENGINE=InnoDB DEFAULT CHARSET=latin1;
/*!40101 SET character_set_client = @saved_cs_client */;

--
-- Dumping data for table `vtiger_faqstatus_seq`
--

LOCK TABLES `vtiger_faqstatus_seq` WRITE;
/*!40000 ALTER TABLE `vtiger_faqstatus_seq` DISABLE KEYS */;
INSERT INTO `vtiger_faqstatus_seq` VALUES (4);
/*!40000 ALTER TABLE `vtiger_faqstatus_seq` ENABLE KEYS */;
UNLOCK TABLES;

--
-- Table structure for table `vtiger_feedback`
--

DROP TABLE IF EXISTS `vtiger_feedback`;
/*!40101 SET @saved_cs_client     = @@character_set_client */;
/*!40101 SET character_set_client = utf8 */;
CREATE TABLE `vtiger_feedback` (
  `userid` int(19) DEFAULT NULL,
  `dontshow` varchar(19) DEFAULT 'false'
) ENGINE=InnoDB DEFAULT CHARSET=latin1;
/*!40101 SET character_set_client = @saved_cs_client */;

--
-- Dumping data for table `vtiger_feedback`
--

LOCK TABLES `vtiger_feedback` WRITE;
/*!40000 ALTER TABLE `vtiger_feedback` DISABLE KEYS */;
/*!40000 ALTER TABLE `vtiger_feedback` ENABLE KEYS */;
UNLOCK TABLES;

--
-- Table structure for table `vtiger_field`
--

DROP TABLE IF EXISTS `vtiger_field`;
/*!40101 SET @saved_cs_client     = @@character_set_client */;
/*!40101 SET character_set_client = utf8 */;
CREATE TABLE `vtiger_field` (
  `tabid` int(19) NOT NULL,
  `fieldid` int(19) NOT NULL AUTO_INCREMENT,
  `columnname` varchar(30) NOT NULL,
  `tablename` varchar(50) NOT NULL,
  `generatedtype` int(19) NOT NULL DEFAULT '0',
  `uitype` varchar(30) NOT NULL,
  `fieldname` varchar(50) NOT NULL,
  `fieldlabel` varchar(50) NOT NULL,
  `readonly` int(1) NOT NULL,
  `presence` int(19) NOT NULL DEFAULT '1',
  `defaultvalue` text,
  `maximumlength` int(19) DEFAULT NULL,
  `sequence` int(19) DEFAULT NULL,
  `block` int(19) DEFAULT NULL,
  `displaytype` int(19) DEFAULT NULL,
  `typeofdata` varchar(100) DEFAULT NULL,
  `quickcreate` int(10) NOT NULL DEFAULT '1',
  `quickcreatesequence` int(19) DEFAULT NULL,
  `info_type` varchar(20) DEFAULT NULL,
  `masseditable` int(10) NOT NULL DEFAULT '1',
  `helpinfo` text,
  `summaryfield` int(10) NOT NULL DEFAULT '0',
  PRIMARY KEY (`fieldid`),
  KEY `field_tabid_idx` (`tabid`),
  KEY `field_fieldname_idx` (`fieldname`),
  KEY `field_block_idx` (`block`),
  KEY `field_displaytype_idx` (`displaytype`)
) ENGINE=InnoDB AUTO_INCREMENT=994 DEFAULT CHARSET=latin1;
/*!40101 SET character_set_client = @saved_cs_client */;

--
-- Dumping data for table `vtiger_field`
--

LOCK TABLES `vtiger_field` WRITE;
/*!40000 ALTER TABLE `vtiger_field` DISABLE KEYS */;
INSERT INTO `vtiger_field` VALUES (6,1,'accountname','vtiger_account',1,'2','accountname','Account Name',1,0,'',100,1,9,1,'V~M',0,1,'BAS',1,NULL,1),(6,2,'account_no','vtiger_account',1,'4','account_no','Account No',1,0,'',100,2,9,1,'V~O',3,NULL,'BAS',0,NULL,0),(6,3,'phone','vtiger_account',1,'11','phone','Phone',1,2,'',100,4,9,1,'V~O',2,2,'BAS',1,NULL,1),(6,4,'website','vtiger_account',1,'17','website','Website',1,2,'',100,3,9,1,'V~O',2,3,'BAS',1,NULL,1),(6,5,'fax','vtiger_account',1,'11','fax','Fax',1,2,'',100,6,9,1,'V~O',1,NULL,'BAS',1,NULL,0),(6,6,'tickersymbol','vtiger_account',1,'1','tickersymbol','Ticker Symbol',1,2,'',100,5,9,1,'V~O',1,NULL,'BAS',1,NULL,0),(6,7,'otherphone','vtiger_account',1,'11','otherphone','Other Phone',1,2,'',100,8,9,1,'V~O',1,NULL,'ADV',1,NULL,0),(6,8,'parentid','vtiger_account',1,'51','account_id','Member Of',1,2,'',100,7,9,1,'I~O',1,NULL,'BAS',0,NULL,0),(6,9,'email1','vtiger_account',1,'13','email1','Email',1,2,'',100,10,9,1,'E~O',1,NULL,'BAS',1,NULL,1),(6,10,'employees','vtiger_account',1,'7','employees','Employees',1,2,'',100,9,9,1,'I~O',1,NULL,'ADV',1,NULL,0),(6,11,'email2','vtiger_account',1,'13','email2','Other Email',1,2,'',100,11,9,1,'E~O',1,NULL,'ADV',1,NULL,0),(6,12,'ownership','vtiger_account',1,'1','ownership','Ownership',1,2,'',100,12,9,1,'V~O',1,NULL,'ADV',1,NULL,0),(6,13,'rating','vtiger_account',1,'15','rating','Rating',1,2,'',100,14,9,1,'V~O',1,NULL,'ADV',1,NULL,0),(6,14,'industry','vtiger_account',1,'15','industry','industry',1,2,'',100,13,9,1,'V~O',1,NULL,'ADV',1,NULL,0),(6,15,'siccode','vtiger_account',1,'1','siccode','SIC Code',1,2,'',100,16,9,1,'V~O',1,NULL,'ADV',1,NULL,0),(6,16,'account_type','vtiger_account',1,'15','accounttype','Type',1,2,'',100,15,9,1,'V~O',1,NULL,'ADV',1,NULL,0),(6,17,'annualrevenue','vtiger_account',1,'71','annual_revenue','Annual Revenue',1,2,'',100,18,9,1,'N~O',1,NULL,'ADV',1,NULL,0),(6,18,'emailoptout','vtiger_account',1,'56','emailoptout','Email Opt Out',1,2,'',100,17,9,1,'C~O',1,NULL,'ADV',1,NULL,0),(6,19,'notify_owner','vtiger_account',1,'56','notify_owner','Notify Owner',1,2,'',10,20,9,1,'C~O',1,NULL,'ADV',1,NULL,0),(6,20,'smownerid','vtiger_crmentity',1,'53','assigned_user_id','Assigned To',1,0,'',100,19,9,1,'V~M',0,4,'BAS',1,NULL,1),(6,21,'createdtime','vtiger_crmentity',1,'70','createdtime','Created Time',1,0,'',100,22,9,2,'DT~O',3,NULL,'BAS',0,NULL,0),(6,22,'modifiedtime','vtiger_crmentity',1,'70','modifiedtime','Modified Time',1,0,'',100,21,9,2,'DT~O',3,NULL,'BAS',0,NULL,0),(6,23,'modifiedby','vtiger_crmentity',1,'52','modifiedby','Last Modified By',1,0,'',100,23,9,3,'V~O',3,NULL,'BAS',0,NULL,0),(6,24,'bill_street','vtiger_accountbillads',1,'21','bill_street','Billing Address',1,2,'',100,1,11,1,'V~O',1,NULL,'BAS',1,NULL,0),(6,25,'ship_street','vtiger_accountshipads',1,'21','ship_street','Shipping Address',1,2,'',100,2,11,1,'V~O',1,NULL,'BAS',1,NULL,0),(6,26,'bill_city','vtiger_accountbillads',1,'1','bill_city','Billing City',1,2,'',100,5,11,1,'V~O',1,NULL,'BAS',1,NULL,1),(6,27,'ship_city','vtiger_accountshipads',1,'1','ship_city','Shipping City',1,2,'',100,6,11,1,'V~O',1,NULL,'BAS',1,NULL,0),(6,28,'bill_state','vtiger_accountbillads',1,'1','bill_state','Billing State',1,2,'',100,7,11,1,'V~O',1,NULL,'BAS',1,NULL,0),(6,29,'ship_state','vtiger_accountshipads',1,'1','ship_state','Shipping State',1,2,'',100,8,11,1,'V~O',1,NULL,'BAS',1,NULL,0),(6,30,'bill_code','vtiger_accountbillads',1,'1','bill_code','Billing Code',1,2,'',100,9,11,1,'V~O',1,NULL,'BAS',1,NULL,0),(6,31,'ship_code','vtiger_accountshipads',1,'1','ship_code','Shipping Code',1,2,'',100,10,11,1,'V~O',1,NULL,'BAS',1,NULL,0),(6,32,'bill_country','vtiger_accountbillads',1,'1','bill_country','Billing Country',1,2,'',100,11,11,1,'V~O',1,NULL,'BAS',1,NULL,1),(6,33,'ship_country','vtiger_accountshipads',1,'1','ship_country','Shipping Country',1,2,'',100,12,11,1,'V~O',1,NULL,'BAS',1,NULL,0),(6,34,'bill_pobox','vtiger_accountbillads',1,'1','bill_pobox','Billing Po Box',1,2,'',100,3,11,1,'V~O',1,NULL,'BAS',1,NULL,0),(6,35,'ship_pobox','vtiger_accountshipads',1,'1','ship_pobox','Shipping Po Box',1,2,'',100,4,11,1,'V~O',1,NULL,'BAS',1,NULL,0),(6,36,'description','vtiger_crmentity',1,'19','description','Description',1,2,'',100,1,12,1,'V~O',1,NULL,'BAS',1,NULL,0),(7,37,'salutation','vtiger_leaddetails',1,'55','salutationtype','Salutation',1,0,'',100,1,13,3,'V~O',1,NULL,'BAS',1,NULL,0),(7,38,'firstname','vtiger_leaddetails',1,'55','firstname','First Name',1,0,'',100,2,13,1,'V~O',2,1,'BAS',1,NULL,1),(7,39,'lead_no','vtiger_leaddetails',1,'4','lead_no','Lead No',1,0,'',100,3,13,1,'V~O',3,NULL,'BAS',0,NULL,0),(7,40,'phone','vtiger_leadaddress',1,'11','phone','Phone',1,2,'',100,5,13,1,'V~O',2,4,'BAS',1,NULL,1),(7,41,'lastname','vtiger_leaddetails',1,'255','lastname','Last Name',1,0,'',100,4,13,1,'V~M',0,2,'BAS',1,NULL,1),(7,42,'mobile','vtiger_leadaddress',1,'11','mobile','Mobile',1,2,'',100,7,13,1,'V~O',1,NULL,'BAS',1,NULL,0),(7,43,'company','vtiger_leaddetails',1,'2','company','Company',1,2,'',100,6,13,1,'V~O',2,3,'BAS',1,NULL,1),(7,44,'fax','vtiger_leadaddress',1,'11','fax','Fax',1,2,'',100,9,13,1,'V~O',1,NULL,'BAS',1,NULL,0),(7,45,'designation','vtiger_leaddetails',1,'1','designation','Designation',1,2,'',100,8,13,1,'V~O',1,NULL,'BAS',1,NULL,0),(7,46,'email','vtiger_leaddetails',1,'13','email','Email',1,2,'',100,11,13,1,'E~O',2,5,'BAS',1,NULL,1),(7,47,'leadsource','vtiger_leaddetails',1,'15','leadsource','Lead Source',1,2,'',100,10,13,1,'V~O',1,NULL,'BAS',1,NULL,1),(7,48,'website','vtiger_leadsubdetails',1,'17','website','Website',1,2,'',100,13,13,1,'V~O',1,NULL,'ADV',1,NULL,1),(7,49,'industry','vtiger_leaddetails',1,'15','industry','Industry',1,2,'',100,12,13,1,'V~O',1,NULL,'ADV',1,NULL,0),(7,50,'leadstatus','vtiger_leaddetails',1,'15','leadstatus','Lead Status',1,2,'',100,15,13,1,'V~O',1,NULL,'BAS',1,NULL,0),(7,51,'annualrevenue','vtiger_leaddetails',1,'71','annualrevenue','Annual Revenue',1,2,'',100,14,13,1,'N~O',1,NULL,'ADV',1,NULL,0),(7,52,'rating','vtiger_leaddetails',1,'15','rating','Rating',1,2,'',100,17,13,1,'V~O',1,NULL,'ADV',1,NULL,0),(7,53,'noofemployees','vtiger_leaddetails',1,'1','noofemployees','No Of Employees',1,2,'',100,16,13,1,'I~O',1,NULL,'ADV',1,NULL,0),(7,54,'smownerid','vtiger_crmentity',1,'53','assigned_user_id','Assigned To',1,0,'',100,19,13,1,'V~M',0,6,'BAS',1,NULL,1),(7,55,'secondaryemail','vtiger_leaddetails',1,'13','secondaryemail','Secondary Email',1,2,'',100,18,13,1,'E~O',1,NULL,'ADV',1,NULL,0),(7,56,'createdtime','vtiger_crmentity',1,'70','createdtime','Created Time',1,0,'',100,21,13,2,'DT~O',3,NULL,'BAS',0,NULL,0),(7,57,'modifiedtime','vtiger_crmentity',1,'70','modifiedtime','Modified Time',1,0,'',100,20,13,2,'DT~O',3,NULL,'BAS',0,NULL,0),(7,58,'modifiedby','vtiger_crmentity',1,'52','modifiedby','Last Modified By',1,0,'',100,23,13,3,'V~O',3,NULL,'BAS',0,NULL,0),(7,59,'lane','vtiger_leadaddress',1,'21','lane','Street',1,2,'',100,1,15,1,'V~O',1,NULL,'BAS',1,NULL,0),(7,60,'code','vtiger_leadaddress',1,'1','code','Postal Code',1,2,'',100,3,15,1,'V~O',1,NULL,'BAS',1,NULL,0),(7,61,'city','vtiger_leadaddress',1,'1','city','City',1,2,'',100,4,15,1,'V~O',1,NULL,'BAS',1,NULL,1),(7,62,'country','vtiger_leadaddress',1,'1','country','Country',1,2,'',100,5,15,1,'V~O',1,NULL,'BAS',1,NULL,1),(7,63,'state','vtiger_leadaddress',1,'1','state','State',1,2,'',100,6,15,1,'V~O',1,NULL,'BAS',1,NULL,0),(7,64,'pobox','vtiger_leadaddress',1,'1','pobox','Po Box',1,2,'',100,2,15,1,'V~O',1,NULL,'BAS',1,NULL,0),(7,65,'description','vtiger_crmentity',1,'19','description','Description',1,2,'',100,1,16,1,'V~O',1,NULL,'BAS',1,NULL,0),(4,66,'salutation','vtiger_contactdetails',1,'55','salutationtype','Salutation',1,0,'',100,1,4,3,'V~O',1,NULL,'BAS',1,NULL,0),(4,67,'firstname','vtiger_contactdetails',1,'55','firstname','First Name',1,0,'',100,2,4,1,'V~O',2,1,'BAS',1,NULL,1),(4,68,'contact_no','vtiger_contactdetails',1,'4','contact_no','Contact Id',1,0,'',100,3,4,1,'V~O',3,NULL,'BAS',0,NULL,0),(4,69,'phone','vtiger_contactdetails',1,'11','phone','Office Phone',1,2,'',100,5,4,1,'V~O',2,4,'BAS',1,NULL,1),(4,70,'lastname','vtiger_contactdetails',1,'255','lastname','Last Name',1,0,'',100,4,4,1,'V~M',0,2,'BAS',1,NULL,1),(4,71,'mobile','vtiger_contactdetails',1,'11','mobile','Mobile',1,2,'',100,7,4,1,'V~O',1,NULL,'BAS',1,NULL,0),(4,72,'accountid','vtiger_contactdetails',1,'51','account_id','Account Name',1,0,'',100,6,4,1,'I~O',2,3,'BAS',1,NULL,1),(4,73,'homephone','vtiger_contactsubdetails',1,'11','homephone','Home Phone',1,2,'',100,9,4,1,'V~O',1,NULL,'ADV',1,NULL,0),(4,74,'leadsource','vtiger_contactsubdetails',1,'15','leadsource','Lead Source',1,2,'',100,8,4,1,'V~O',1,NULL,'BAS',1,NULL,0),(4,75,'otherphone','vtiger_contactsubdetails',1,'11','otherphone','Other Phone',1,2,'',100,11,4,1,'V~O',1,NULL,'ADV',1,NULL,0),(4,76,'title','vtiger_contactdetails',1,'1','title','Title',1,2,'',100,10,4,1,'V~O',1,NULL,'BAS',1,NULL,1),(4,77,'fax','vtiger_contactdetails',1,'11','fax','Fax',1,2,'',100,13,4,1,'V~O',1,NULL,'BAS',1,NULL,0),(4,78,'department','vtiger_contactdetails',1,'1','department','Department',1,2,'',100,12,4,1,'V~O',1,NULL,'ADV',1,NULL,0),(4,79,'birthday','vtiger_contactsubdetails',1,'5','birthday','Birthdate',1,2,'',100,16,4,1,'D~O',1,NULL,'ADV',1,NULL,0),(4,80,'email','vtiger_contactdetails',1,'13','email','Email',1,2,'',100,15,4,1,'E~O',2,5,'BAS',1,NULL,1),(4,81,'reportsto','vtiger_contactdetails',1,'57','contact_id','Reports To',1,2,'',100,18,4,1,'V~O',1,NULL,'ADV',0,NULL,0),(4,82,'assistant','vtiger_contactsubdetails',1,'1','assistant','Assistant',1,2,'',100,17,4,1,'V~O',1,NULL,'ADV',1,NULL,0),(4,83,'secondaryemail','vtiger_contactdetails',1,'13','secondaryemail','Secondary Email',1,2,'',100,20,4,1,'E~O',1,NULL,'ADV',1,NULL,0),(4,84,'assistantphone','vtiger_contactsubdetails',1,'11','assistantphone','Assistant Phone',1,2,'',100,19,4,1,'V~O',1,NULL,'ADV',1,NULL,0),(4,85,'donotcall','vtiger_contactdetails',1,'56','donotcall','Do Not Call',1,2,'',100,22,4,1,'C~O',1,NULL,'ADV',1,NULL,0),(4,86,'emailoptout','vtiger_contactdetails',1,'56','emailoptout','Email Opt Out',1,2,'',100,21,4,1,'C~O',1,NULL,'ADV',1,NULL,0),(4,87,'smownerid','vtiger_crmentity',1,'53','assigned_user_id','Assigned To',1,0,'',100,24,4,1,'V~M',0,6,'BAS',1,NULL,1),(4,88,'reference','vtiger_contactdetails',1,'56','reference','Reference',1,2,'',10,23,4,1,'C~O',1,NULL,'ADV',1,NULL,0),(4,89,'notify_owner','vtiger_contactdetails',1,'56','notify_owner','Notify Owner',1,2,'',10,26,4,1,'C~O',1,NULL,'ADV',1,NULL,0),(4,90,'createdtime','vtiger_crmentity',1,'70','createdtime','Created Time',1,0,'',100,25,4,2,'DT~O',3,NULL,'BAS',0,NULL,0),(4,91,'modifiedtime','vtiger_crmentity',1,'70','modifiedtime','Modified Time',1,0,'',100,27,4,2,'DT~O',3,NULL,'BAS',0,NULL,0),(4,92,'modifiedby','vtiger_crmentity',1,'52','modifiedby','Last Modified By',1,0,'',100,28,4,3,'V~O',3,NULL,'BAS',0,NULL,0),(4,93,'portal','vtiger_customerdetails',1,'56','portal','Portal User',1,2,'',100,1,6,1,'C~O',1,NULL,'ADV',0,NULL,0),(4,94,'support_start_date','vtiger_customerdetails',1,'5','support_start_date','Support Start Date',1,2,'',100,2,6,1,'D~O',1,NULL,'ADV',1,NULL,0),(4,95,'support_end_date','vtiger_customerdetails',1,'5','support_end_date','Support End Date',1,2,'',100,3,6,1,'D~O~OTH~GE~support_start_date~Support Start Date',1,NULL,'ADV',1,NULL,0),(4,96,'mailingstreet','vtiger_contactaddress',1,'21','mailingstreet','Mailing Street',1,2,'',100,1,7,1,'V~O',1,NULL,'BAS',1,NULL,0),(4,97,'otherstreet','vtiger_contactaddress',1,'21','otherstreet','Other Street',1,2,'',100,2,7,1,'V~O',1,NULL,'BAS',1,NULL,0),(4,98,'mailingcity','vtiger_contactaddress',1,'1','mailingcity','Mailing City',1,2,'',100,5,7,1,'V~O',1,NULL,'BAS',1,NULL,1),(4,99,'othercity','vtiger_contactaddress',1,'1','othercity','Other City',1,2,'',100,6,7,1,'V~O',1,NULL,'BAS',1,NULL,0),(4,100,'mailingstate','vtiger_contactaddress',1,'1','mailingstate','Mailing State',1,2,'',100,7,7,1,'V~O',1,NULL,'BAS',1,NULL,0),(4,101,'otherstate','vtiger_contactaddress',1,'1','otherstate','Other State',1,2,'',100,8,7,1,'V~O',1,NULL,'BAS',1,NULL,0),(4,102,'mailingzip','vtiger_contactaddress',1,'1','mailingzip','Mailing Zip',1,2,'',100,9,7,1,'V~O',1,NULL,'BAS',1,NULL,0),(4,103,'otherzip','vtiger_contactaddress',1,'1','otherzip','Other Zip',1,2,'',100,10,7,1,'V~O',1,NULL,'BAS',1,NULL,0),(4,104,'mailingcountry','vtiger_contactaddress',1,'1','mailingcountry','Mailing Country',1,2,'',100,11,7,1,'V~O',1,NULL,'BAS',1,NULL,1),(4,105,'othercountry','vtiger_contactaddress',1,'1','othercountry','Other Country',1,2,'',100,12,7,1,'V~O',1,NULL,'BAS',1,NULL,0),(4,106,'mailingpobox','vtiger_contactaddress',1,'1','mailingpobox','Mailing Po Box',1,2,'',100,3,7,1,'V~O',1,NULL,'BAS',1,NULL,0),(4,107,'otherpobox','vtiger_contactaddress',1,'1','otherpobox','Other Po Box',1,2,'',100,4,7,1,'V~O',1,NULL,'BAS',1,NULL,0),(4,108,'imagename','vtiger_contactdetails',1,'69','imagename','Contact Image',1,2,'',100,1,73,1,'V~O',3,NULL,'ADV',0,NULL,0),(4,109,'description','vtiger_crmentity',1,'19','description','Description',1,2,'',100,1,8,1,'V~O',1,NULL,'BAS',1,NULL,0),(2,110,'potentialname','vtiger_potential',1,'2','potentialname','Potential Name',1,0,'',100,1,1,1,'V~M',0,1,'BAS',1,NULL,1),(2,111,'potential_no','vtiger_potential',1,'4','potential_no','Potential No',1,0,'',100,2,1,1,'V~O',3,NULL,'BAS',0,NULL,0),(2,112,'amount','vtiger_potential',1,'71','amount','Amount',1,2,'',100,5,1,1,'N~O',2,5,'BAS',1,NULL,1),(2,113,'related_to','vtiger_potential',1,'10','related_to','Related To',1,0,'',100,3,1,1,'V~O',0,2,'BAS',1,NULL,1),(2,114,'closingdate','vtiger_potential',1,'23','closingdate','Expected Close Date',1,2,'',100,8,1,1,'D~M',2,3,'BAS',1,NULL,1),(2,115,'potentialtype','vtiger_potential',1,'15','opportunity_type','Type',1,2,'',100,7,1,1,'V~O',1,NULL,'BAS',1,NULL,0),(2,116,'nextstep','vtiger_potential',1,'1','nextstep','Next Step',1,2,'',100,10,1,1,'V~O',1,NULL,'BAS',1,NULL,0),(2,117,'leadsource','vtiger_potential',1,'15','leadsource','Lead Source',1,2,'',100,9,1,1,'V~O',1,NULL,'BAS',1,NULL,0),(2,118,'sales_stage','vtiger_potential',1,'15','sales_stage','Sales Stage',1,2,'',100,12,1,1,'V~M',2,4,'BAS',1,NULL,1),(2,119,'smownerid','vtiger_crmentity',1,'53','assigned_user_id','Assigned To',1,2,'',100,11,1,1,'V~M',0,6,'BAS',1,NULL,1),(2,120,'probability','vtiger_potential',1,'9','probability','Probability',1,2,'',100,14,1,1,'N~O',1,NULL,'BAS',1,NULL,0),(2,121,'campaignid','vtiger_potential',1,'58','campaignid','Campaign Source',1,2,'',100,13,1,1,'N~O',1,NULL,'BAS',1,NULL,0),(2,122,'createdtime','vtiger_crmentity',1,'70','createdtime','Created Time',1,0,'',100,16,1,2,'DT~O',3,NULL,'BAS',0,NULL,0),(2,123,'modifiedtime','vtiger_crmentity',1,'70','modifiedtime','Modified Time',1,0,'',100,15,1,2,'DT~O',3,NULL,'BAS',0,NULL,0),(2,124,'modifiedby','vtiger_crmentity',1,'52','modifiedby','Last Modified By',1,0,'',100,17,1,3,'V~O',3,NULL,'BAS',0,NULL,0),(2,125,'description','vtiger_crmentity',1,'19','description','Description',1,2,'',100,1,3,1,'V~O',1,NULL,'BAS',1,NULL,0),(26,126,'campaignname','vtiger_campaign',1,'2','campaignname','Campaign Name',1,0,'',100,1,74,1,'V~M',0,1,'BAS',1,NULL,1),(26,127,'campaign_no','vtiger_campaign',1,'4','campaign_no','Campaign No',1,0,'',100,2,74,1,'V~O',3,NULL,'BAS',0,NULL,0),(26,128,'campaigntype','vtiger_campaign',1,'15','campaigntype','Campaign Type',1,2,'',100,5,74,1,'V~O',2,3,'BAS',1,NULL,1),(26,129,'product_id','vtiger_campaign',1,'59','product_id','Product',1,2,'',100,6,74,1,'I~O',2,5,'BAS',1,NULL,0),(26,130,'campaignstatus','vtiger_campaign',1,'15','campaignstatus','Campaign Status',1,2,'',100,4,74,1,'V~O',2,6,'BAS',1,NULL,1),(26,131,'closingdate','vtiger_campaign',1,'23','closingdate','Expected Close Date',1,2,'',100,8,74,1,'D~M',2,2,'BAS',1,NULL,1),(26,132,'smownerid','vtiger_crmentity',1,'53','assigned_user_id','Assigned To',1,0,'',100,3,74,1,'V~M',0,7,'BAS',1,NULL,1),(26,133,'numsent','vtiger_campaign',1,'9','numsent','Num Sent',1,2,'',100,12,74,1,'N~O',1,NULL,'BAS',1,NULL,0),(26,134,'sponsor','vtiger_campaign',1,'1','sponsor','Sponsor',1,2,'',100,9,74,1,'V~O',1,NULL,'BAS',1,NULL,0),(26,135,'targetaudience','vtiger_campaign',1,'1','targetaudience','Target Audience',1,2,'',100,7,74,1,'V~O',1,NULL,'BAS',1,NULL,0),(26,136,'targetsize','vtiger_campaign',1,'1','targetsize','TargetSize',1,2,'',100,10,74,1,'I~O',1,NULL,'BAS',1,NULL,0),(26,137,'createdtime','vtiger_crmentity',1,'70','createdtime','Created Time',1,0,'',100,11,74,2,'DT~O',3,NULL,'BAS',0,NULL,0),(26,138,'modifiedtime','vtiger_crmentity',1,'70','modifiedtime','Modified Time',1,0,'',100,13,74,2,'DT~O',3,NULL,'BAS',0,NULL,0),(26,139,'modifiedby','vtiger_crmentity',1,'52','modifiedby','Last Modified By',1,0,'',100,16,74,3,'V~O',3,NULL,'BAS',0,NULL,0),(26,140,'expectedresponse','vtiger_campaign',1,'15','expectedresponse','Expected Response',1,2,'',100,3,76,1,'V~O',2,4,'BAS',1,NULL,0),(26,141,'expectedrevenue','vtiger_campaign',1,'71','expectedrevenue','Expected Revenue',1,2,'',100,4,76,1,'N~O',1,NULL,'BAS',1,NULL,1),(26,142,'budgetcost','vtiger_campaign',1,'71','budgetcost','Budget Cost',1,2,'',100,1,76,1,'N~O',1,NULL,'BAS',1,NULL,0),(26,143,'actualcost','vtiger_campaign',1,'71','actualcost','Actual Cost',1,2,'',100,2,76,1,'N~O',1,NULL,'BAS',1,NULL,0),(26,144,'expectedresponsecount','vtiger_campaign',1,'1','expectedresponsecount','Expected Response Count',1,2,'',100,7,76,1,'I~O',1,NULL,'BAS',1,NULL,0),(26,145,'expectedsalescount','vtiger_campaign',1,'1','expectedsalescount','Expected Sales Count',1,2,'',100,5,76,1,'I~O',1,NULL,'BAS',1,NULL,0),(26,146,'expectedroi','vtiger_campaign',1,'71','expectedroi','Expected ROI',1,2,'',100,9,76,1,'N~O',1,NULL,'BAS',1,NULL,0),(26,147,'actualresponsecount','vtiger_campaign',1,'1','actualresponsecount','Actual Response Count',1,2,'',100,8,76,1,'I~O',1,NULL,'BAS',1,NULL,0),(26,148,'actualsalescount','vtiger_campaign',1,'1','actualsalescount','Actual Sales Count',1,2,'',100,6,76,1,'I~O',1,NULL,'BAS',1,NULL,0),(26,149,'actualroi','vtiger_campaign',1,'71','actualroi','Actual ROI',1,2,'',100,10,76,1,'N~O',1,NULL,'BAS',1,NULL,0),(26,150,'description','vtiger_crmentity',1,'19','description','Description',1,2,'',100,1,81,1,'V~O',1,NULL,'BAS',1,NULL,0),(4,151,'campaignrelstatus','vtiger_campaignrelstatus',1,'16','campaignrelstatus','Campaign Status',1,0,'0',100,1,NULL,1,'V~O',1,NULL,'BAS',0,NULL,0),(6,152,'campaignrelstatus','vtiger_campaignrelstatus',1,'16','campaignrelstatus','Campaign Status',1,0,'0',100,1,NULL,1,'V~O',1,NULL,'BAS',0,NULL,0),(7,153,'campaignrelstatus','vtiger_campaignrelstatus',1,'16','campaignrelstatus','Campaign Status',1,0,'0',100,1,NULL,1,'V~O',1,NULL,'BAS',0,NULL,0),(26,154,'campaignrelstatus','vtiger_campaignrelstatus',1,'16','campaignrelstatus','Campaign Status',1,0,'0',100,1,NULL,1,'V~O',1,NULL,'BAS',0,NULL,0),(13,155,'ticket_no','vtiger_troubletickets',1,'4','ticket_no','Ticket No',1,0,'',100,14,25,1,'V~O',3,NULL,'BAS',0,NULL,1),(13,156,'smownerid','vtiger_crmentity',1,'53','assigned_user_id','Assigned To',1,0,'',100,5,25,1,'V~M',0,4,'BAS',1,NULL,1),(13,157,'parent_id','vtiger_troubletickets',1,'10','parent_id','Related To',1,0,'',100,2,25,1,'I~O',1,NULL,'BAS',1,NULL,1),(13,158,'priority','vtiger_troubletickets',1,'15','ticketpriorities','Priority',1,2,'',100,7,25,1,'V~O',2,3,'BAS',1,NULL,1),(13,159,'product_id','vtiger_troubletickets',1,'59','product_id','Product Name',1,2,'',100,6,25,1,'I~O',1,NULL,'BAS',1,NULL,0),(13,160,'severity','vtiger_troubletickets',1,'15','ticketseverities','Severity',1,2,'',100,9,25,1,'V~O',1,NULL,'BAS',1,NULL,1),(13,161,'status','vtiger_troubletickets',1,'15','ticketstatus','Status',1,2,'',100,8,25,1,'V~M',1,2,'BAS',1,NULL,1),(13,162,'category','vtiger_troubletickets',1,'15','ticketcategories','Category',1,2,'',100,11,25,1,'V~O',1,NULL,'BAS',1,NULL,0),(13,163,'update_log','vtiger_troubletickets',1,'19','update_log','Update History',1,0,'',100,12,25,3,'V~O',1,NULL,'BAS',0,NULL,0),(13,164,'hours','vtiger_troubletickets',1,'1','hours','Hours',1,2,'',100,10,25,1,'N~O',1,NULL,'BAS',1,'This gives the estimated hours for the Ticket.<br>When the same ticket is added to a Service Contract,based on the Tracking Unit of the Service Contract,Used units is updated whenever a ticket is Closed.',0),(13,165,'days','vtiger_troubletickets',1,'1','days','Days',1,2,'',100,11,25,1,'N~O',1,NULL,'BAS',1,'This gives the estimated days for the Ticket.<br>When the same ticket is added to a Service Contract,based on the Tracking Unit of the Service Contract,Used units is updated whenever a ticket is Closed.',0),(13,166,'createdtime','vtiger_crmentity',1,'70','createdtime','Created Time',1,0,'',100,10,25,2,'DT~O',3,NULL,'BAS',0,NULL,0),(13,167,'modifiedtime','vtiger_crmentity',1,'70','modifiedtime','Modified Time',1,0,'',100,13,25,2,'DT~O',3,NULL,'BAS',0,NULL,0),(13,168,'modifiedby','vtiger_crmentity',1,'52','modifiedby','Last Modified By',1,0,'',100,17,25,3,'V~O',3,NULL,'BAS',0,NULL,0),(13,169,'title','vtiger_troubletickets',1,'22','ticket_title','Title',1,0,'',100,1,25,1,'V~M',0,1,'BAS',1,NULL,1),(13,170,'description','vtiger_crmentity',1,'19','description','Description',1,2,'',100,1,28,1,'V~O',2,4,'BAS',1,NULL,1),(13,171,'solution','vtiger_troubletickets',1,'19','solution','Solution',1,0,'',100,1,29,1,'V~O',3,NULL,'BAS',0,NULL,0),(13,172,'comments','vtiger_ticketcomments',1,'19','comments','Add Comment',1,1,'',100,1,30,1,'V~O',3,NULL,'BAS',0,NULL,0),(14,173,'productname','vtiger_products',1,'2','productname','Product Name',1,0,'',100,1,31,1,'V~M',0,1,'BAS',1,NULL,1),(14,174,'product_no','vtiger_products',1,'4','product_no','Product No',1,0,'',100,2,31,1,'V~O',3,NULL,'BAS',0,NULL,0),(14,175,'productcode','vtiger_products',1,'1','productcode','Part Number',1,2,'',100,4,31,1,'V~O',1,NULL,'BAS',1,NULL,1),(14,176,'discontinued','vtiger_products',1,'56','discontinued','Product Active',1,2,'1',100,3,31,1,'V~O',2,2,'BAS',1,NULL,0),(14,177,'manufacturer','vtiger_products',1,'15','manufacturer','Manufacturer',1,2,'',100,6,31,1,'V~O',1,NULL,'BAS',1,NULL,0),(14,178,'productcategory','vtiger_products',1,'15','productcategory','Product Category',1,2,'',100,6,31,1,'V~O',1,NULL,'BAS',1,NULL,0),(14,179,'sales_start_date','vtiger_products',1,'5','sales_start_date','Sales Start Date',1,2,'',100,5,31,1,'D~O',1,NULL,'BAS',1,NULL,0),(14,180,'sales_end_date','vtiger_products',1,'5','sales_end_date','Sales End Date',1,2,'',100,8,31,1,'D~O~OTH~GE~sales_start_date~Sales Start Date',1,NULL,'BAS',1,NULL,0),(14,181,'start_date','vtiger_products',1,'5','start_date','Support Start Date',1,2,'',100,7,31,1,'D~O',1,NULL,'BAS',1,NULL,0),(14,182,'expiry_date','vtiger_products',1,'5','expiry_date','Support Expiry Date',1,2,'',100,10,31,1,'D~O~OTH~GE~start_date~Start Date',1,NULL,'BAS',1,NULL,0),(14,183,'website','vtiger_products',1,'17','website','Website',1,2,'',100,14,31,1,'V~O',1,NULL,'BAS',1,NULL,0),(14,184,'vendor_id','vtiger_products',1,'75','vendor_id','Vendor Name',1,2,'',100,13,31,1,'I~O',1,NULL,'BAS',1,NULL,0),(14,185,'mfr_part_no','vtiger_products',1,'1','mfr_part_no','Mfr PartNo',1,2,'',100,16,31,1,'V~O',1,NULL,'BAS',1,NULL,0),(14,186,'vendor_part_no','vtiger_products',1,'1','vendor_part_no','Vendor PartNo',1,2,'',100,15,31,1,'V~O',1,NULL,'BAS',1,NULL,0),(14,187,'serialno','vtiger_products',1,'1','serial_no','Serial No',1,2,'',100,18,31,1,'V~O',1,NULL,'BAS',1,NULL,0),(14,188,'productsheet','vtiger_products',1,'1','productsheet','Product Sheet',1,2,'',100,17,31,1,'V~O',1,NULL,'BAS',1,NULL,0),(14,189,'glacct','vtiger_products',1,'15','glacct','GL Account',1,2,'',100,20,31,1,'V~O',1,NULL,'BAS',1,NULL,0),(14,190,'createdtime','vtiger_crmentity',1,'70','createdtime','Created Time',1,0,'',100,19,31,2,'DT~O',3,NULL,'BAS',0,NULL,0),(14,191,'modifiedtime','vtiger_crmentity',1,'70','modifiedtime','Modified Time',1,0,'',100,21,31,2,'DT~O',3,NULL,'BAS',0,NULL,0),(14,192,'modifiedby','vtiger_crmentity',1,'52','modifiedby','Last Modified By',1,0,'',100,22,31,3,'V~O',3,NULL,'BAS',0,NULL,0),(14,193,'unit_price','vtiger_products',1,'72','unit_price','Unit Price',1,0,'',100,1,32,1,'N~O',2,3,'BAS',0,NULL,1),(14,194,'commissionrate','vtiger_products',1,'9','commissionrate','Commission Rate',1,2,'',100,2,32,1,'N~O',1,NULL,'BAS',1,NULL,1),(14,195,'taxclass','vtiger_products',1,'83','taxclass','Tax Class',1,2,'',100,4,32,1,'V~O',3,NULL,'BAS',1,NULL,0),(14,196,'usageunit','vtiger_products',1,'15','usageunit','Usage Unit',1,2,'',100,1,33,1,'V~O',1,NULL,'ADV',1,NULL,0),(14,197,'qty_per_unit','vtiger_products',1,'1','qty_per_unit','Qty/Unit',1,2,'',100,2,33,1,'N~O',1,NULL,'ADV',1,NULL,1),(14,198,'qtyinstock','vtiger_products',1,'1','qtyinstock','Qty In Stock',1,2,'',100,3,33,1,'NN~O',0,4,'ADV',1,NULL,0),(14,199,'reorderlevel','vtiger_products',1,'1','reorderlevel','Reorder Level',1,2,'',100,4,33,1,'I~O',1,NULL,'ADV',1,NULL,0),(14,200,'smownerid','vtiger_crmentity',1,'53','assigned_user_id','Handler',1,0,'',100,5,33,1,'V~M',0,5,'BAS',1,NULL,0),(14,201,'qtyindemand','vtiger_products',1,'1','qtyindemand','Qty In Demand',1,2,'',100,6,33,1,'I~O',1,NULL,'ADV',1,NULL,0),(14,202,'imagename','vtiger_products',1,'69','imagename','Product Image',1,2,'',100,1,35,1,'V~O',3,NULL,'ADV',0,NULL,0),(14,203,'description','vtiger_crmentity',1,'19','description','Description',1,2,'',100,1,36,1,'V~O',1,NULL,'BAS',1,NULL,0),(8,204,'title','vtiger_notes',1,'2','notes_title','Title',1,0,'',100,1,17,1,'V~M',0,1,'BAS',1,NULL,1),(8,205,'createdtime','vtiger_crmentity',1,'70','createdtime','Created Time',1,0,'',100,5,17,2,'DT~O',3,NULL,'BAS',0,NULL,0),(8,206,'modifiedtime','vtiger_crmentity',1,'70','modifiedtime','Modified Time',1,0,'',100,6,17,2,'DT~O',3,NULL,'BAS',0,NULL,1),(8,207,'filename','vtiger_notes',1,'28','filename','File Name',1,2,'',100,3,18,1,'V~O',0,NULL,'BAS',0,NULL,1),(8,208,'smownerid','vtiger_crmentity',1,'53','assigned_user_id','Assigned To',1,0,'',100,4,17,1,'V~M',0,3,'BAS',1,NULL,1),(8,209,'notecontent','vtiger_notes',1,'19','notecontent','Note',1,2,'',100,1,84,1,'V~O',1,NULL,'BAS',1,NULL,0),(8,210,'filetype','vtiger_notes',1,'1','filetype','File Type',1,2,'',100,5,18,2,'V~O',3,NULL,'BAS',0,NULL,0),(8,211,'filesize','vtiger_notes',1,'1','filesize','File Size',1,2,'',100,4,18,2,'I~O',3,NULL,'BAS',0,NULL,0),(8,212,'filelocationtype','vtiger_notes',1,'27','filelocationtype','Download Type',1,0,'',100,1,18,1,'V~O',0,NULL,'BAS',0,NULL,0),(8,213,'fileversion','vtiger_notes',1,'1','fileversion','Version',1,2,'',100,6,18,1,'V~O',1,NULL,'BAS',1,NULL,0),(8,214,'filestatus','vtiger_notes',1,'56','filestatus','Active',1,2,'1',100,2,18,1,'V~O',1,NULL,'BAS',1,NULL,0),(8,215,'filedownloadcount','vtiger_notes',1,'1','filedownloadcount','Download Count',1,2,'',100,7,18,2,'I~O',3,NULL,'BAS',0,NULL,0),(8,216,'folderid','vtiger_notes',1,'26','folderid','Folder Name',1,2,'',100,2,17,1,'V~O',2,2,'BAS',1,NULL,1),(8,217,'note_no','vtiger_notes',1,'4','note_no','Document No',1,0,'',100,3,17,1,'V~O',3,NULL,'BAS',0,NULL,0),(8,218,'modifiedby','vtiger_crmentity',1,'52','modifiedby','Last Modified By',1,0,'',100,12,17,3,'V~O',3,NULL,'BAS',0,NULL,0),(10,219,'date_start','vtiger_activity',1,'6','date_start','Date & Time Sent',1,0,'',100,1,21,1,'DT~M~time_start~Time Start',1,NULL,'BAS',1,NULL,0),(10,220,'semodule','vtiger_activity',1,'2','parent_type','Sales Entity Module',1,0,'',100,2,21,3,'',1,NULL,'BAS',1,NULL,0),(10,221,'activitytype','vtiger_activity',1,'2','activitytype','Activity Type',1,0,'',100,3,21,3,'V~O',1,NULL,'BAS',1,NULL,0),(10,222,'smownerid','vtiger_crmentity',1,'53','assigned_user_id','Assigned To',1,0,'',100,5,21,1,'V~M',1,NULL,'BAS',1,NULL,0),(10,223,'subject','vtiger_activity',1,'2','subject','Subject',1,0,'',100,1,23,1,'V~M',1,NULL,'BAS',1,NULL,0),(10,224,'name','vtiger_attachments',1,'61','filename','Attachment',1,0,'',100,2,23,1,'V~O',1,NULL,'BAS',1,NULL,0),(10,225,'description','vtiger_crmentity',1,'19','description','Description',1,0,'',100,1,24,1,'V~O',1,NULL,'BAS',1,NULL,0),(10,226,'time_start','vtiger_activity',1,'2','time_start','Time Start',1,0,'',100,9,23,1,'T~O',1,NULL,'BAS',1,NULL,0),(10,227,'createdtime','vtiger_crmentity',1,'70','createdtime','Created Time',1,0,'',100,10,22,1,'DT~O',3,NULL,'BAS',0,NULL,0),(10,228,'modifiedtime','vtiger_crmentity',1,'70','modifiedtime','Modified Time',1,0,'',100,11,21,2,'DT~O',3,NULL,'BAS',0,NULL,0),(10,229,'access_count','vtiger_email_track',1,'25','access_count','Access Count',1,0,'0',100,6,21,3,'V~O',1,NULL,'BAS',0,NULL,0),(10,230,'modifiedby','vtiger_crmentity',1,'52','modifiedby','Last Modified By',1,0,'',100,12,21,3,'V~O',3,NULL,'BAS',0,NULL,0),(9,231,'subject','vtiger_activity',1,'2','subject','Subject',1,0,'',100,1,19,1,'V~M',0,1,'BAS',1,NULL,1),(9,232,'smownerid','vtiger_crmentity',1,'53','assigned_user_id','Assigned To',1,0,'',100,2,19,1,'V~M',0,4,'BAS',1,NULL,1),(9,233,'date_start','vtiger_activity',1,'6','date_start','Start Date & Time',1,0,'',100,3,19,1,'DT~M~time_start',0,2,'BAS',1,NULL,1),(9,234,'time_start','vtiger_activity',1,'2','time_start','Time Start',1,0,'',100,4,19,3,'T~O',1,NULL,'BAS',1,NULL,1),(9,235,'time_end','vtiger_activity',1,'2','time_end','End Time',1,0,'',100,4,19,3,'T~O',1,NULL,'BAS',1,NULL,1),(9,236,'due_date','vtiger_activity',1,'23','due_date','Due Date',1,0,'',100,5,19,1,'D~M~OTH~GE~date_start~Start Date & Time',1,NULL,'BAS',1,NULL,1),(9,237,'crmid','vtiger_seactivityrel',1,'66','parent_id','Related To',1,0,'',100,7,19,1,'I~O',1,NULL,'BAS',1,NULL,1),(9,238,'contactid','vtiger_cntactivityrel',1,'57','contact_id','Contact Name',1,0,'',100,8,19,1,'I~O',1,NULL,'BAS',1,NULL,0),(9,239,'status','vtiger_activity',1,'15','taskstatus','Status',1,0,'',100,8,19,1,'V~M',0,3,'BAS',1,NULL,0),(9,240,'eventstatus','vtiger_activity',1,'15','eventstatus','Status',1,0,'',100,9,19,3,'V~O',1,NULL,'BAS',1,NULL,0),(9,241,'priority','vtiger_activity',1,'15','taskpriority','Priority',1,0,'',100,10,19,1,'V~O',1,NULL,'BAS',1,NULL,0),(9,242,'sendnotification','vtiger_activity',1,'56','sendnotification','Send Notification',1,0,'',100,11,19,1,'C~O',1,NULL,'BAS',1,NULL,0),(9,243,'createdtime','vtiger_crmentity',1,'70','createdtime','Created Time',1,0,'',100,14,19,2,'DT~O',3,NULL,'BAS',0,NULL,0),(9,244,'modifiedtime','vtiger_crmentity',1,'70','modifiedtime','Modified Time',1,0,'',100,15,19,2,'DT~O',3,NULL,'BAS',0,NULL,0),(9,245,'activitytype','vtiger_activity',1,'15','activitytype','Activity Type',1,0,'',100,16,19,3,'V~O',1,NULL,'BAS',1,NULL,1),(9,246,'visibility','vtiger_activity',1,'16','visibility','Visibility',1,0,'',100,17,19,3,'V~O',1,NULL,'BAS',1,NULL,0),(9,247,'description','vtiger_crmentity',1,'19','description','Description',1,0,'',100,1,20,1,'V~O',1,NULL,'BAS',1,NULL,0),(9,248,'duration_hours','vtiger_activity',1,'63','duration_hours','Duration',1,0,'',100,17,19,3,'T~O',1,NULL,'BAS',1,NULL,0),(9,249,'duration_minutes','vtiger_activity',1,'16','duration_minutes','Duration Minutes',1,0,'',100,18,19,3,'T~O',1,NULL,'BAS',1,NULL,0),(9,250,'location','vtiger_activity',1,'1','location','Location',1,0,'',100,19,19,1,'V~O',1,NULL,'BAS',1,NULL,0),(9,251,'reminder_time','vtiger_activity_reminder',1,'30','reminder_time','Send Reminder',1,0,'',100,1,19,3,'I~O',1,NULL,'BAS',1,NULL,0),(9,252,'recurringtype','vtiger_activity',1,'16','recurringtype','Recurrence',1,0,'',100,6,19,3,'O~O',1,NULL,'BAS',1,NULL,1),(9,253,'notime','vtiger_activity',1,'56','notime','No Time',1,0,'',100,20,19,3,'C~O',1,NULL,'BAS',1,NULL,0),(9,254,'modifiedby','vtiger_crmentity',1,'52','modifiedby','Last Modified By',1,0,'',100,22,19,3,'V~O',3,NULL,'BAS',0,NULL,0),(16,255,'subject','vtiger_activity',1,'2','subject','Subject',1,0,'',100,1,39,1,'V~M',0,1,'BAS',1,NULL,1),(16,256,'smownerid','vtiger_crmentity',1,'53','assigned_user_id','Assigned To',1,0,'',100,2,39,1,'V~M',0,6,'BAS',1,NULL,1),(16,257,'date_start','vtiger_activity',1,'6','date_start','Start Date & Time',1,0,'',100,3,39,1,'DT~M~time_start',0,2,'BAS',1,NULL,1),(16,258,'time_start','vtiger_activity',1,'2','time_start','Time Start',1,0,'',100,4,39,3,'T~M',1,NULL,'BAS',1,NULL,1),(16,259,'due_date','vtiger_activity',1,'23','due_date','End Date',1,0,'',100,5,39,1,'D~M~OTH~GE~date_start~Start Date & Time',0,5,'BAS',1,NULL,1),(16,260,'time_end','vtiger_activity',1,'2','time_end','End Time',1,0,'',100,5,39,3,'T~M',1,NULL,'BAS',1,NULL,1),(16,261,'recurringtype','vtiger_activity',1,'16','recurringtype','Recurrence',1,0,'',100,6,117,1,'O~O',1,NULL,'BAS',1,NULL,1),(16,262,'duration_hours','vtiger_activity',1,'63','duration_hours','Duration',1,0,'',100,7,39,3,'I~M',1,NULL,'BAS',1,NULL,0),(16,263,'duration_minutes','vtiger_activity',1,'16','duration_minutes','Duration Minutes',1,0,'',100,8,39,3,'O~O',1,NULL,'BAS',1,NULL,0),(16,264,'crmid','vtiger_seactivityrel',1,'66','parent_id','Related To',1,0,'',100,9,119,1,'I~O',1,NULL,'BAS',1,NULL,1),(16,265,'eventstatus','vtiger_activity',1,'15','eventstatus','Status',1,0,'',100,10,39,1,'V~M',0,3,'BAS',1,NULL,0),(16,266,'sendnotification','vtiger_activity',1,'56','sendnotification','Send Notification',1,0,'',100,11,39,1,'C~O',1,NULL,'BAS',1,NULL,0),(16,267,'activitytype','vtiger_activity',1,'15','activitytype','Activity Type',1,0,'',100,12,39,1,'V~M',0,4,'BAS',1,NULL,1),(16,268,'location','vtiger_activity',1,'1','location','Location',1,0,'',100,13,39,1,'V~O',1,NULL,'BAS',1,NULL,0),(16,269,'createdtime','vtiger_crmentity',1,'70','createdtime','Created Time',1,0,'',100,14,39,2,'DT~O',3,NULL,'BAS',0,NULL,0),(16,270,'modifiedtime','vtiger_crmentity',1,'70','modifiedtime','Modified Time',1,0,'',100,15,39,2,'DT~O',3,NULL,'BAS',0,NULL,0),(16,271,'priority','vtiger_activity',1,'15','taskpriority','Priority',1,0,'',100,16,39,1,'V~O',1,NULL,'BAS',1,NULL,0),(16,272,'notime','vtiger_activity',1,'56','notime','No Time',1,0,'',100,17,39,3,'C~O',1,NULL,'BAS',1,NULL,0),(16,273,'visibility','vtiger_activity',1,'16','visibility','Visibility',1,0,'',100,18,39,1,'V~O',1,NULL,'BAS',1,NULL,0),(16,274,'modifiedby','vtiger_crmentity',1,'52','modifiedby','Last Modified By',1,0,'',100,22,39,3,'V~O',3,NULL,'BAS',0,NULL,0),(16,275,'description','vtiger_crmentity',1,'19','description','Description',1,0,'',100,1,41,1,'V~O',1,NULL,'BAS',1,NULL,0),(16,276,'reminder_time','vtiger_activity_reminder',1,'30','reminder_time','Send Reminder',1,0,'',100,1,40,1,'I~O',1,NULL,'BAS',1,NULL,0),(16,277,'contactid','vtiger_cntactivityrel',1,'57','contact_id','Contact Name',1,0,'',100,1,119,1,'I~O',1,NULL,'BAS',1,NULL,0),(15,278,'product_id','vtiger_faq',1,'59','product_id','Product Name',1,2,'',100,1,37,1,'I~O',3,NULL,'BAS',1,NULL,1),(15,279,'faq_no','vtiger_faq',1,'4','faq_no','Faq No',1,0,'',100,2,37,1,'V~O',3,NULL,'BAS',0,NULL,0),(15,280,'category','vtiger_faq',1,'15','faqcategories','Category',1,2,'',100,4,37,1,'V~O',3,NULL,'BAS',1,NULL,1),(15,281,'status','vtiger_faq',1,'15','faqstatus','Status',1,2,'',100,3,37,1,'V~M',3,NULL,'BAS',1,NULL,0),(15,282,'question','vtiger_faq',1,'20','question','Question',1,2,'',100,7,37,1,'V~M',3,NULL,'BAS',1,NULL,1),(15,283,'answer','vtiger_faq',1,'20','faq_answer','Answer',1,2,'',100,8,37,1,'V~M',3,NULL,'BAS',1,NULL,0),(15,284,'comments','vtiger_faqcomments',1,'19','comments','Add Comment',1,1,'',100,1,38,1,'V~O',3,NULL,'BAS',0,NULL,0),(15,285,'createdtime','vtiger_crmentity',1,'70','createdtime','Created Time',1,0,'',100,5,37,2,'DT~O',3,NULL,'BAS',0,NULL,1),(15,286,'modifiedtime','vtiger_crmentity',1,'70','modifiedtime','Modified Time',1,0,'',100,6,37,2,'DT~O',3,NULL,'BAS',0,NULL,1),(15,287,'modifiedby','vtiger_crmentity',1,'52','modifiedby','Last Modified By',1,0,'',100,7,37,3,'V~O',3,NULL,'BAS',0,NULL,0),(18,288,'vendorname','vtiger_vendor',1,'2','vendorname','Vendor Name',1,0,'',100,1,42,1,'V~M',0,1,'BAS',1,NULL,1),(18,289,'vendor_no','vtiger_vendor',1,'4','vendor_no','Vendor No',1,0,'',100,2,42,1,'V~O',3,NULL,'BAS',0,NULL,0),(18,290,'phone','vtiger_vendor',1,'1','phone','Phone',1,2,'',100,4,42,1,'V~O',2,2,'BAS',1,NULL,1),(18,291,'email','vtiger_vendor',1,'13','email','Email',1,2,'',100,3,42,1,'E~O',2,3,'BAS',1,NULL,1),(18,292,'website','vtiger_vendor',1,'17','website','Website',1,2,'',100,6,42,1,'V~O',1,NULL,'BAS',1,NULL,0),(18,293,'glacct','vtiger_vendor',1,'15','glacct','GL Account',1,2,'',100,5,42,1,'V~O',1,NULL,'BAS',1,NULL,0),(18,294,'category','vtiger_vendor',1,'1','category','Category',1,2,'',100,8,42,1,'V~O',1,NULL,'BAS',1,NULL,1),(18,295,'createdtime','vtiger_crmentity',1,'70','createdtime','Created Time',1,0,'',100,7,42,2,'DT~O',3,NULL,'BAS',0,NULL,0),(18,296,'modifiedtime','vtiger_crmentity',1,'70','modifiedtime','Modified Time',1,0,'',100,9,42,2,'DT~O',3,NULL,'BAS',0,NULL,0),(18,297,'modifiedby','vtiger_crmentity',1,'52','modifiedby','Last Modified By',1,0,'',100,12,42,3,'V~O',3,NULL,'BAS',0,NULL,0),(18,298,'street','vtiger_vendor',1,'21','street','Street',1,2,'',100,1,44,1,'V~O',1,NULL,'ADV',1,NULL,0),(18,299,'pobox','vtiger_vendor',1,'1','pobox','Po Box',1,2,'',100,2,44,1,'V~O',1,NULL,'ADV',1,NULL,0),(18,300,'city','vtiger_vendor',1,'1','city','City',1,2,'',100,3,44,1,'V~O',1,NULL,'ADV',1,NULL,0),(18,301,'state','vtiger_vendor',1,'1','state','State',1,2,'',100,4,44,1,'V~O',1,NULL,'ADV',1,NULL,0),(18,302,'postalcode','vtiger_vendor',1,'1','postalcode','Postal Code',1,2,'',100,5,44,1,'V~O',1,NULL,'ADV',1,NULL,0),(18,303,'country','vtiger_vendor',1,'1','country','Country',1,2,'',100,6,44,1,'V~O',1,NULL,'ADV',1,NULL,0),(18,304,'description','vtiger_crmentity',1,'19','description','Description',1,2,'',100,1,45,1,'V~O',1,NULL,'ADV',1,NULL,0),(19,305,'bookname','vtiger_pricebook',1,'2','bookname','Price Book Name',1,0,'',100,1,46,1,'V~M',0,1,'BAS',1,NULL,1),(19,306,'pricebook_no','vtiger_pricebook',1,'4','pricebook_no','PriceBook No',1,0,'',100,3,46,1,'V~O',3,NULL,'BAS',0,NULL,0),(19,307,'active','vtiger_pricebook',1,'56','active','Active',1,2,'1',100,2,46,1,'C~O',2,2,'BAS',1,NULL,1),(19,308,'createdtime','vtiger_crmentity',1,'70','createdtime','Created Time',1,0,'',100,4,46,2,'DT~O',3,NULL,'BAS',0,NULL,0),(19,309,'modifiedtime','vtiger_crmentity',1,'70','modifiedtime','Modified Time',1,0,'',100,5,46,2,'DT~O',3,NULL,'BAS',0,NULL,0),(19,310,'currency_id','vtiger_pricebook',1,'117','currency_id','Currency',1,0,'',100,5,46,1,'I~M',0,3,'BAS',0,NULL,0),(19,311,'modifiedby','vtiger_crmentity',1,'52','modifiedby','Last Modified By',1,0,'',100,7,46,3,'V~O',3,NULL,'BAS',0,NULL,0),(19,312,'description','vtiger_crmentity',1,'19','description','Description',1,2,'',100,1,48,1,'V~O',1,NULL,'BAS',1,NULL,0),(20,313,'quote_no','vtiger_quotes',1,'4','quote_no','Quote No',1,0,'',100,3,49,1,'V~O',3,NULL,'BAS',0,NULL,1),(20,314,'subject','vtiger_quotes',1,'2','subject','Subject',1,0,'',100,1,49,1,'V~M',1,NULL,'BAS',1,NULL,1),(20,315,'potentialid','vtiger_quotes',1,'76','potential_id','Potential Name',1,2,'',100,2,49,1,'I~O',3,NULL,'BAS',1,NULL,1),(20,316,'quotestage','vtiger_quotes',1,'15','quotestage','Quote Stage',1,2,'',100,4,49,1,'V~M',3,NULL,'BAS',1,NULL,1),(20,317,'validtill','vtiger_quotes',1,'5','validtill','Valid Till',1,2,'',100,5,49,1,'D~O',3,NULL,'BAS',1,NULL,0),(20,318,'contactid','vtiger_quotes',1,'57','contact_id','Contact Name',1,2,'',100,6,49,1,'V~O',3,NULL,'BAS',1,NULL,0),(20,319,'carrier','vtiger_quotes',1,'15','carrier','Carrier',1,2,'',100,8,49,1,'V~O',3,NULL,'BAS',1,NULL,0),(20,320,'subtotal','vtiger_quotes',1,'72','hdnSubTotal','Sub Total',1,2,'',100,9,49,3,'N~O',3,NULL,'BAS',1,NULL,0),(20,321,'shipping','vtiger_quotes',1,'1','shipping','Shipping',1,2,'',100,10,49,1,'V~O',3,NULL,'BAS',1,NULL,0),(20,322,'inventorymanager','vtiger_quotes',1,'77','assigned_user_id1','Inventory Manager',1,2,'',100,11,49,1,'I~O',3,NULL,'BAS',1,NULL,0),(20,323,'adjustment','vtiger_quotes',1,'72','txtAdjustment','Adjustment',1,2,'',100,20,49,3,'NN~O',3,NULL,'BAS',1,NULL,0),(20,324,'total','vtiger_quotes',1,'72','hdnGrandTotal','Total',1,2,'',100,14,49,3,'N~O',3,NULL,'BAS',1,NULL,1),(20,325,'taxtype','vtiger_quotes',1,'16','hdnTaxType','Tax Type',1,2,'',100,14,49,3,'V~O',3,NULL,'BAS',1,NULL,0),(20,326,'discount_percent','vtiger_quotes',1,'1','hdnDiscountPercent','Discount Percent',1,2,'',100,14,49,3,'N~O',3,NULL,'BAS',1,NULL,0),(20,327,'discount_amount','vtiger_quotes',1,'72','hdnDiscountAmount','Discount Amount',1,2,'',100,14,49,3,'N~O',3,NULL,'BAS',1,NULL,0),(20,328,'s_h_amount','vtiger_quotes',1,'72','hdnS_H_Amount','S&H Amount',1,2,'',100,14,49,3,'N~O',3,NULL,'BAS',1,NULL,0),(20,329,'accountid','vtiger_quotes',1,'73','account_id','Account Name',1,2,'',100,16,49,1,'I~M',3,NULL,'BAS',1,NULL,1),(20,330,'smownerid','vtiger_crmentity',1,'53','assigned_user_id','Assigned To',1,0,'',100,17,49,1,'V~M',3,NULL,'BAS',1,NULL,1),(20,331,'createdtime','vtiger_crmentity',1,'70','createdtime','Created Time',1,0,'',100,18,49,2,'DT~O',3,NULL,'BAS',0,NULL,0),(20,332,'modifiedtime','vtiger_crmentity',1,'70','modifiedtime','Modified Time',1,0,'',100,19,49,2,'DT~O',3,NULL,'BAS',0,NULL,0),(20,333,'modifiedby','vtiger_crmentity',1,'52','modifiedby','Last Modified By',1,0,'',100,22,49,3,'V~O',3,NULL,'BAS',0,NULL,0),(20,334,'currency_id','vtiger_quotes',1,'117','currency_id','Currency',1,2,'1',100,20,49,3,'I~O',3,NULL,'BAS',1,NULL,0),(20,335,'conversion_rate','vtiger_quotes',1,'1','conversion_rate','Conversion Rate',1,2,'1',100,21,49,3,'N~O',3,NULL,'BAS',1,NULL,0),(20,336,'bill_street','vtiger_quotesbillads',1,'24','bill_street','Billing Address',1,2,'',100,1,51,1,'V~M',3,NULL,'BAS',1,NULL,0),(20,337,'ship_street','vtiger_quotesshipads',1,'24','ship_street','Shipping Address',1,2,'',100,2,51,1,'V~M',3,NULL,'BAS',1,NULL,0),(20,338,'bill_city','vtiger_quotesbillads',1,'1','bill_city','Billing City',1,2,'',100,5,51,1,'V~O',3,NULL,'BAS',1,NULL,0),(20,339,'ship_city','vtiger_quotesshipads',1,'1','ship_city','Shipping City',1,2,'',100,6,51,1,'V~O',3,NULL,'BAS',1,NULL,0),(20,340,'bill_state','vtiger_quotesbillads',1,'1','bill_state','Billing State',1,2,'',100,7,51,1,'V~O',3,NULL,'BAS',1,NULL,0),(20,341,'ship_state','vtiger_quotesshipads',1,'1','ship_state','Shipping State',1,2,'',100,8,51,1,'V~O',3,NULL,'BAS',1,NULL,0),(20,342,'bill_code','vtiger_quotesbillads',1,'1','bill_code','Billing Code',1,2,'',100,9,51,1,'V~O',3,NULL,'BAS',1,NULL,0),(20,343,'ship_code','vtiger_quotesshipads',1,'1','ship_code','Shipping Code',1,2,'',100,10,51,1,'V~O',3,NULL,'BAS',1,NULL,0),(20,344,'bill_country','vtiger_quotesbillads',1,'1','bill_country','Billing Country',1,2,'',100,11,51,1,'V~O',3,NULL,'BAS',1,NULL,0),(20,345,'ship_country','vtiger_quotesshipads',1,'1','ship_country','Shipping Country',1,2,'',100,12,51,1,'V~O',3,NULL,'BAS',1,NULL,0),(20,346,'bill_pobox','vtiger_quotesbillads',1,'1','bill_pobox','Billing Po Box',1,2,'',100,3,51,1,'V~O',3,NULL,'BAS',1,NULL,0),(20,347,'ship_pobox','vtiger_quotesshipads',1,'1','ship_pobox','Shipping Po Box',1,2,'',100,4,51,1,'V~O',3,NULL,'BAS',1,NULL,0),(20,348,'description','vtiger_crmentity',1,'19','description','Description',1,2,'',100,1,54,1,'V~O',3,NULL,'ADV',1,NULL,0),(20,349,'terms_conditions','vtiger_quotes',1,'19','terms_conditions','Terms & Conditions',1,2,'',100,1,53,1,'V~O',3,NULL,'ADV',1,NULL,0),(21,350,'purchaseorder_no','vtiger_purchaseorder',1,'4','purchaseorder_no','PurchaseOrder No',1,0,'',100,2,55,1,'V~O',3,NULL,'BAS',0,NULL,1),(21,351,'subject','vtiger_purchaseorder',1,'2','subject','Subject',1,0,'',100,1,55,1,'V~M',3,NULL,'BAS',1,NULL,1),(21,352,'vendorid','vtiger_purchaseorder',1,'81','vendor_id','Vendor Name',1,0,'',100,3,55,1,'I~M',3,NULL,'BAS',1,NULL,1),(21,353,'requisition_no','vtiger_purchaseorder',1,'1','requisition_no','Requisition No',1,2,'',100,4,55,1,'V~O',3,NULL,'BAS',1,NULL,0),(21,354,'tracking_no','vtiger_purchaseorder',1,'1','tracking_no','Tracking Number',1,2,'',100,5,55,1,'V~O',3,NULL,'BAS',1,NULL,1),(21,355,'contactid','vtiger_purchaseorder',1,'57','contact_id','Contact Name',1,2,'',100,6,55,1,'I~O',3,NULL,'BAS',1,NULL,0),(21,356,'duedate','vtiger_purchaseorder',1,'5','duedate','Due Date',1,2,'',100,7,55,1,'D~O',3,NULL,'BAS',1,NULL,0),(21,357,'carrier','vtiger_purchaseorder',1,'15','carrier','Carrier',1,2,'',100,8,55,1,'V~O',3,NULL,'BAS',1,NULL,0),(21,358,'adjustment','vtiger_purchaseorder',1,'72','txtAdjustment','Adjustment',1,2,'',100,10,55,3,'NN~O',3,NULL,'BAS',1,NULL,0),(21,359,'salescommission','vtiger_purchaseorder',1,'1','salescommission','Sales Commission',1,2,'',100,11,55,1,'N~O',3,NULL,'BAS',1,NULL,0),(21,360,'exciseduty','vtiger_purchaseorder',1,'1','exciseduty','Excise Duty',1,2,'',100,12,55,1,'N~O',3,NULL,'BAS',1,NULL,0),(21,361,'total','vtiger_purchaseorder',1,'72','hdnGrandTotal','Total',1,2,'',100,13,55,3,'N~O',3,NULL,'BAS',1,NULL,1),(21,362,'subtotal','vtiger_purchaseorder',1,'72','hdnSubTotal','Sub Total',1,2,'',100,14,55,3,'N~O',3,NULL,'BAS',1,NULL,0),(21,363,'taxtype','vtiger_purchaseorder',1,'16','hdnTaxType','Tax Type',1,2,'',100,14,55,3,'V~O',3,NULL,'BAS',1,NULL,0),(21,364,'discount_percent','vtiger_purchaseorder',1,'1','hdnDiscountPercent','Discount Percent',1,2,'',100,14,55,3,'N~O',3,NULL,'BAS',1,NULL,0),(21,365,'discount_amount','vtiger_purchaseorder',1,'72','hdnDiscountAmount','Discount Amount',1,0,'',100,14,55,3,'N~O',3,NULL,'BAS',1,NULL,0),(21,366,'s_h_amount','vtiger_purchaseorder',1,'72','hdnS_H_Amount','S&H Amount',1,2,'',100,14,55,3,'N~O',3,NULL,'BAS',1,NULL,0),(21,367,'postatus','vtiger_purchaseorder',1,'15','postatus','Status',1,2,'',100,15,55,1,'V~M',3,NULL,'BAS',1,NULL,0),(21,368,'smownerid','vtiger_crmentity',1,'53','assigned_user_id','Assigned To',1,0,'',100,16,55,1,'V~M',3,NULL,'BAS',1,NULL,1),(21,369,'createdtime','vtiger_crmentity',1,'70','createdtime','Created Time',1,0,'',100,17,55,2,'DT~O',3,NULL,'BAS',0,NULL,0),(21,370,'modifiedtime','vtiger_crmentity',1,'70','modifiedtime','Modified Time',1,0,'',100,18,55,2,'DT~O',3,NULL,'BAS',0,NULL,0),(21,371,'modifiedby','vtiger_crmentity',1,'52','modifiedby','Last Modified By',1,0,'',100,22,55,3,'V~O',3,NULL,'BAS',0,NULL,0),(21,372,'currency_id','vtiger_purchaseorder',1,'117','currency_id','Currency',1,2,'1',100,19,55,3,'I~O',3,NULL,'BAS',1,NULL,0),(21,373,'conversion_rate','vtiger_purchaseorder',1,'1','conversion_rate','Conversion Rate',1,2,'1',100,20,55,3,'N~O',3,NULL,'BAS',1,NULL,0),(21,374,'bill_street','vtiger_pobillads',1,'24','bill_street','Billing Address',1,2,'',100,1,57,1,'V~M',3,NULL,'BAS',1,NULL,0),(21,375,'ship_street','vtiger_poshipads',1,'24','ship_street','Shipping Address',1,2,'',100,2,57,1,'V~M',3,NULL,'BAS',1,NULL,0),(21,376,'bill_city','vtiger_pobillads',1,'1','bill_city','Billing City',1,2,'',100,5,57,1,'V~O',3,NULL,'BAS',1,NULL,0),(21,377,'ship_city','vtiger_poshipads',1,'1','ship_city','Shipping City',1,2,'',100,6,57,1,'V~O',3,NULL,'BAS',1,NULL,0),(21,378,'bill_state','vtiger_pobillads',1,'1','bill_state','Billing State',1,2,'',100,7,57,1,'V~O',3,NULL,'BAS',1,NULL,0),(21,379,'ship_state','vtiger_poshipads',1,'1','ship_state','Shipping State',1,2,'',100,8,57,1,'V~O',3,NULL,'BAS',1,NULL,0),(21,380,'bill_code','vtiger_pobillads',1,'1','bill_code','Billing Code',1,2,'',100,9,57,1,'V~O',3,NULL,'BAS',1,NULL,0),(21,381,'ship_code','vtiger_poshipads',1,'1','ship_code','Shipping Code',1,2,'',100,10,57,1,'V~O',3,NULL,'BAS',1,NULL,0),(21,382,'bill_country','vtiger_pobillads',1,'1','bill_country','Billing Country',1,2,'',100,11,57,1,'V~O',3,NULL,'BAS',1,NULL,0),(21,383,'ship_country','vtiger_poshipads',1,'1','ship_country','Shipping Country',1,2,'',100,12,57,1,'V~O',3,NULL,'BAS',1,NULL,0),(21,384,'bill_pobox','vtiger_pobillads',1,'1','bill_pobox','Billing Po Box',1,2,'',100,3,57,1,'V~O',3,NULL,'BAS',1,NULL,0),(21,385,'ship_pobox','vtiger_poshipads',1,'1','ship_pobox','Shipping Po Box',1,2,'',100,4,57,1,'V~O',3,NULL,'BAS',1,NULL,0),(21,386,'description','vtiger_crmentity',1,'19','description','Description',1,2,'',100,1,60,1,'V~O',3,NULL,'ADV',1,NULL,0),(21,387,'terms_conditions','vtiger_purchaseorder',1,'19','terms_conditions','Terms & Conditions',1,2,'',100,1,59,1,'V~O',3,NULL,'ADV',1,NULL,0),(22,388,'salesorder_no','vtiger_salesorder',1,'4','salesorder_no','SalesOrder No',1,0,'',100,4,61,1,'V~O',3,NULL,'BAS',0,NULL,1),(22,389,'subject','vtiger_salesorder',1,'2','subject','Subject',1,0,'',100,1,61,1,'V~M',3,NULL,'BAS',1,NULL,1),(22,390,'potentialid','vtiger_salesorder',1,'76','potential_id','Potential Name',1,2,'',100,2,61,1,'I~O',3,NULL,'BAS',1,NULL,0),(22,391,'customerno','vtiger_salesorder',1,'1','customerno','Customer No',1,2,'',100,3,61,1,'V~O',3,NULL,'BAS',1,NULL,0),(22,392,'quoteid','vtiger_salesorder',1,'78','quote_id','Quote Name',1,2,'',100,5,61,1,'I~O',3,NULL,'BAS',0,NULL,1),(22,393,'purchaseorder','vtiger_salesorder',1,'1','vtiger_purchaseorder','Purchase Order',1,2,'',100,5,61,1,'V~O',3,NULL,'BAS',1,NULL,0),(22,394,'contactid','vtiger_salesorder',1,'57','contact_id','Contact Name',1,2,'',100,6,61,1,'I~O',3,NULL,'BAS',1,NULL,0),(22,395,'duedate','vtiger_salesorder',1,'5','duedate','Due Date',1,2,'',100,8,61,1,'D~O',3,NULL,'BAS',1,NULL,0),(22,396,'carrier','vtiger_salesorder',1,'15','carrier','Carrier',1,2,'',100,9,61,1,'V~O',3,NULL,'BAS',1,NULL,0),(22,397,'pending','vtiger_salesorder',1,'1','pending','Pending',1,2,'',100,10,61,1,'V~O',3,NULL,'BAS',1,NULL,0),(22,398,'sostatus','vtiger_salesorder',1,'15','sostatus','Status',1,2,'',100,11,61,1,'V~M',3,NULL,'BAS',1,NULL,0),(22,399,'adjustment','vtiger_salesorder',1,'72','txtAdjustment','Adjustment',1,2,'',100,12,61,3,'NN~O',3,NULL,'BAS',1,NULL,0),(22,400,'salescommission','vtiger_salesorder',1,'1','salescommission','Sales Commission',1,2,'',100,13,61,1,'N~O',3,NULL,'BAS',1,NULL,0),(22,401,'exciseduty','vtiger_salesorder',1,'1','exciseduty','Excise Duty',1,2,'',100,13,61,1,'N~O',3,NULL,'BAS',1,NULL,0),(22,402,'total','vtiger_salesorder',1,'72','hdnGrandTotal','Total',1,2,'',100,14,61,3,'N~O',3,NULL,'BAS',1,NULL,1),(22,403,'subtotal','vtiger_salesorder',1,'72','hdnSubTotal','Sub Total',1,2,'',100,15,61,3,'N~O',3,NULL,'BAS',1,NULL,0),(22,404,'taxtype','vtiger_salesorder',1,'16','hdnTaxType','Tax Type',1,2,'',100,15,61,3,'V~O',3,NULL,'BAS',1,NULL,0),(22,405,'discount_percent','vtiger_salesorder',1,'1','hdnDiscountPercent','Discount Percent',1,2,'',100,15,61,3,'N~O',3,NULL,'BAS',1,NULL,0),(22,406,'discount_amount','vtiger_salesorder',1,'72','hdnDiscountAmount','Discount Amount',1,0,'',100,15,61,3,'N~O',3,NULL,'BAS',1,NULL,0),(22,407,'s_h_amount','vtiger_salesorder',1,'72','hdnS_H_Amount','S&H Amount',1,2,'',100,15,61,3,'N~O',3,NULL,'BAS',1,NULL,0),(22,408,'accountid','vtiger_salesorder',1,'73','account_id','Account Name',1,2,'',100,16,61,1,'I~M',3,NULL,'BAS',1,NULL,1),(22,409,'smownerid','vtiger_crmentity',1,'53','assigned_user_id','Assigned To',1,0,'',100,17,61,1,'V~M',3,NULL,'BAS',1,NULL,1),(22,410,'createdtime','vtiger_crmentity',1,'70','createdtime','Created Time',1,0,'',100,18,61,2,'DT~O',3,NULL,'BAS',0,NULL,0),(22,411,'modifiedtime','vtiger_crmentity',1,'70','modifiedtime','Modified Time',1,0,'',100,19,61,2,'DT~O',3,NULL,'BAS',0,NULL,0),(22,412,'modifiedby','vtiger_crmentity',1,'52','modifiedby','Last Modified By',1,0,'',100,22,61,3,'V~O',3,NULL,'BAS',0,NULL,0),(22,413,'currency_id','vtiger_salesorder',1,'117','currency_id','Currency',1,2,'1',100,20,61,3,'I~O',3,NULL,'BAS',1,NULL,0),(22,414,'conversion_rate','vtiger_salesorder',1,'1','conversion_rate','Conversion Rate',1,2,'1',100,21,61,3,'N~O',3,NULL,'BAS',1,NULL,0),(22,415,'bill_street','vtiger_sobillads',1,'24','bill_street','Billing Address',1,2,'',100,1,63,1,'V~M',3,NULL,'BAS',1,NULL,0),(22,416,'ship_street','vtiger_soshipads',1,'24','ship_street','Shipping Address',1,2,'',100,2,63,1,'V~M',3,NULL,'BAS',1,NULL,0),(22,417,'bill_city','vtiger_sobillads',1,'1','bill_city','Billing City',1,2,'',100,5,63,1,'V~O',3,NULL,'BAS',1,NULL,0),(22,418,'ship_city','vtiger_soshipads',1,'1','ship_city','Shipping City',1,2,'',100,6,63,1,'V~O',3,NULL,'BAS',1,NULL,0),(22,419,'bill_state','vtiger_sobillads',1,'1','bill_state','Billing State',1,2,'',100,7,63,1,'V~O',3,NULL,'BAS',1,NULL,0),(22,420,'ship_state','vtiger_soshipads',1,'1','ship_state','Shipping State',1,2,'',100,8,63,1,'V~O',3,NULL,'BAS',1,NULL,0),(22,421,'bill_code','vtiger_sobillads',1,'1','bill_code','Billing Code',1,2,'',100,9,63,1,'V~O',3,NULL,'BAS',1,NULL,0),(22,422,'ship_code','vtiger_soshipads',1,'1','ship_code','Shipping Code',1,2,'',100,10,63,1,'V~O',3,NULL,'BAS',1,NULL,0),(22,423,'bill_country','vtiger_sobillads',1,'1','bill_country','Billing Country',1,2,'',100,11,63,1,'V~O',3,NULL,'BAS',1,NULL,0),(22,424,'ship_country','vtiger_soshipads',1,'1','ship_country','Shipping Country',1,2,'',100,12,63,1,'V~O',3,NULL,'BAS',1,NULL,0),(22,425,'bill_pobox','vtiger_sobillads',1,'1','bill_pobox','Billing Po Box',1,2,'',100,3,63,1,'V~O',3,NULL,'BAS',1,NULL,0),(22,426,'ship_pobox','vtiger_soshipads',1,'1','ship_pobox','Shipping Po Box',1,2,'',100,4,63,1,'V~O',3,NULL,'BAS',1,NULL,0),(22,427,'description','vtiger_crmentity',1,'19','description','Description',1,2,'',100,1,66,1,'V~O',3,NULL,'ADV',1,NULL,0),(22,428,'terms_conditions','vtiger_salesorder',1,'19','terms_conditions','Terms & Conditions',1,2,'',100,1,65,1,'V~O',3,NULL,'ADV',1,NULL,0),(22,429,'enable_recurring','vtiger_salesorder',1,'56','enable_recurring','Enable Recurring',1,0,'',100,1,85,1,'C~O',3,NULL,'BAS',0,NULL,0),(22,430,'recurring_frequency','vtiger_invoice_recurring_info',1,'16','recurring_frequency','Frequency',1,0,'',100,2,85,1,'V~O',3,NULL,'BAS',0,NULL,0),(22,431,'start_period','vtiger_invoice_recurring_info',1,'5','start_period','Start Period',1,0,'',100,3,85,1,'D~O',3,NULL,'BAS',0,NULL,0),(22,432,'end_period','vtiger_invoice_recurring_info',1,'5','end_period','End Period',1,0,'',100,4,85,1,'D~O~OTH~G~start_period~Start Period',3,NULL,'BAS',0,NULL,0),(22,433,'payment_duration','vtiger_invoice_recurring_info',1,'16','payment_duration','Payment Duration',1,0,'',100,5,85,1,'V~O',3,NULL,'BAS',0,NULL,0),(22,434,'invoice_status','vtiger_invoice_recurring_info',1,'15','invoicestatus','Invoice Status',1,0,'',100,6,85,1,'V~M',3,NULL,'BAS',0,NULL,0),(23,435,'subject','vtiger_invoice',1,'2','subject','Subject',1,0,'',100,1,67,1,'V~M',3,NULL,'BAS',1,NULL,1),(23,436,'salesorderid','vtiger_invoice',1,'80','salesorder_id','Sales Order',1,2,'',100,2,67,1,'I~O',3,NULL,'BAS',0,NULL,1),(23,437,'customerno','vtiger_invoice',1,'1','customerno','Customer No',1,2,'',100,3,67,1,'V~O',3,NULL,'BAS',1,NULL,0),(23,438,'contactid','vtiger_invoice',1,'57','contact_id','Contact Name',1,2,'',100,4,67,1,'I~O',3,NULL,'BAS',1,NULL,0),(23,439,'invoicedate','vtiger_invoice',1,'5','invoicedate','Invoice Date',1,2,'',100,5,67,1,'D~O',3,NULL,'BAS',1,NULL,0),(23,440,'duedate','vtiger_invoice',1,'5','duedate','Due Date',1,2,'',100,6,67,1,'D~O',3,NULL,'BAS',1,NULL,0),(23,441,'purchaseorder','vtiger_invoice',1,'1','vtiger_purchaseorder','Purchase Order',1,2,'',100,8,67,1,'V~O',3,NULL,'BAS',1,NULL,0),(23,442,'adjustment','vtiger_invoice',1,'72','txtAdjustment','Adjustment',1,2,'',100,9,67,3,'NN~O',3,NULL,'BAS',1,NULL,0),(23,443,'salescommission','vtiger_invoice',1,'1','salescommission','Sales Commission',1,2,'',10,13,67,1,'N~O',3,NULL,'BAS',1,NULL,0),(23,444,'exciseduty','vtiger_invoice',1,'1','exciseduty','Excise Duty',1,2,'',100,11,67,1,'N~O',3,NULL,'BAS',1,NULL,0),(23,445,'subtotal','vtiger_invoice',1,'72','hdnSubTotal','Sub Total',1,2,'',100,12,67,3,'N~O',3,NULL,'BAS',1,NULL,0),(23,446,'total','vtiger_invoice',1,'72','hdnGrandTotal','Total',1,2,'',100,13,67,3,'N~O',3,NULL,'BAS',1,NULL,1),(23,447,'taxtype','vtiger_invoice',1,'16','hdnTaxType','Tax Type',1,2,'',100,13,67,3,'V~O',3,NULL,'BAS',1,NULL,0),(23,448,'discount_percent','vtiger_invoice',1,'1','hdnDiscountPercent','Discount Percent',1,2,'',100,13,67,3,'N~O',3,NULL,'BAS',1,NULL,0),(23,449,'discount_amount','vtiger_invoice',1,'72','hdnDiscountAmount','Discount Amount',1,2,'',100,13,67,3,'N~O',3,NULL,'BAS',1,NULL,0),(23,450,'s_h_amount','vtiger_invoice',1,'72','hdnS_H_Amount','S&H Amount',1,2,'',100,14,67,3,'N~O',3,NULL,'BAS',1,NULL,0),(23,451,'accountid','vtiger_invoice',1,'73','account_id','Account Name',1,2,'',100,14,67,1,'I~M',3,NULL,'BAS',1,NULL,0),(23,452,'invoicestatus','vtiger_invoice',1,'15','invoicestatus','Status',1,2,'',100,15,67,1,'V~O',3,NULL,'BAS',1,NULL,1),(23,453,'smownerid','vtiger_crmentity',1,'53','assigned_user_id','Assigned To',1,0,'',100,16,67,1,'V~M',3,NULL,'BAS',1,NULL,1),(23,454,'createdtime','vtiger_crmentity',1,'70','createdtime','Created Time',1,0,'',100,17,67,2,'DT~O',3,NULL,'BAS',0,NULL,0),(23,455,'modifiedtime','vtiger_crmentity',1,'70','modifiedtime','Modified Time',1,0,'',100,18,67,2,'DT~O',3,NULL,'BAS',0,NULL,0),(23,456,'modifiedby','vtiger_crmentity',1,'52','modifiedby','Last Modified By',1,0,'',100,22,67,3,'V~O',3,NULL,'BAS',0,NULL,0),(23,457,'currency_id','vtiger_invoice',1,'117','currency_id','Currency',1,2,'1',100,19,67,3,'I~O',3,NULL,'BAS',1,NULL,0),(23,458,'conversion_rate','vtiger_invoice',1,'1','conversion_rate','Conversion Rate',1,2,'1',100,20,67,3,'N~O',3,NULL,'BAS',1,NULL,0),(23,459,'bill_street','vtiger_invoicebillads',1,'24','bill_street','Billing Address',1,2,'',100,1,69,1,'V~M',3,NULL,'BAS',1,NULL,0),(23,460,'ship_street','vtiger_invoiceshipads',1,'24','ship_street','Shipping Address',1,2,'',100,2,69,1,'V~M',3,NULL,'BAS',1,NULL,0),(23,461,'bill_city','vtiger_invoicebillads',1,'1','bill_city','Billing City',1,2,'',100,5,69,1,'V~O',3,NULL,'BAS',1,NULL,0),(23,462,'ship_city','vtiger_invoiceshipads',1,'1','ship_city','Shipping City',1,2,'',100,6,69,1,'V~O',3,NULL,'BAS',1,NULL,0),(23,463,'bill_state','vtiger_invoicebillads',1,'1','bill_state','Billing State',1,2,'',100,7,69,1,'V~O',3,NULL,'BAS',1,NULL,0),(23,464,'ship_state','vtiger_invoiceshipads',1,'1','ship_state','Shipping State',1,2,'',100,8,69,1,'V~O',3,NULL,'BAS',1,NULL,0),(23,465,'bill_code','vtiger_invoicebillads',1,'1','bill_code','Billing Code',1,2,'',100,9,69,1,'V~O',3,NULL,'BAS',1,NULL,0),(23,466,'ship_code','vtiger_invoiceshipads',1,'1','ship_code','Shipping Code',1,2,'',100,10,69,1,'V~O',3,NULL,'BAS',1,NULL,0),(23,467,'bill_country','vtiger_invoicebillads',1,'1','bill_country','Billing Country',1,2,'',100,11,69,1,'V~O',3,NULL,'BAS',1,NULL,0),(23,468,'ship_country','vtiger_invoiceshipads',1,'1','ship_country','Shipping Country',1,2,'',100,12,69,1,'V~O',3,NULL,'BAS',1,NULL,0),(23,469,'bill_pobox','vtiger_invoicebillads',1,'1','bill_pobox','Billing Po Box',1,2,'',100,3,69,1,'V~O',3,NULL,'BAS',1,NULL,0),(23,470,'ship_pobox','vtiger_invoiceshipads',1,'1','ship_pobox','Shipping Po Box',1,2,'',100,4,69,1,'V~O',3,NULL,'BAS',1,NULL,0),(23,471,'description','vtiger_crmentity',1,'19','description','Description',1,2,'',100,1,72,1,'V~O',3,NULL,'ADV',1,NULL,0),(23,472,'terms_conditions','vtiger_invoice',1,'19','terms_conditions','Terms & Conditions',1,2,'',100,1,71,1,'V~O',3,NULL,'ADV',1,NULL,0),(23,473,'invoice_no','vtiger_invoice',1,'4','invoice_no','Invoice No',1,0,'',100,3,67,1,'V~O',3,NULL,'BAS',0,NULL,1),(29,474,'user_name','vtiger_users',1,'106','user_name','User Name',1,0,'',11,1,77,1,'V~M',1,NULL,'BAS',1,NULL,0),(29,475,'is_admin','vtiger_users',1,'156','is_admin','Admin',1,0,'',3,7,77,1,'V~O',1,NULL,'BAS',1,NULL,0),(29,476,'user_password','vtiger_users',1,'99','user_password','Password',1,0,'',30,5,77,4,'P~M',1,NULL,'BAS',1,NULL,0),(29,477,'confirm_password','vtiger_users',1,'99','confirm_password','Confirm Password',1,0,'',30,6,77,4,'P~M',1,NULL,'BAS',1,NULL,0),(29,478,'first_name','vtiger_users',1,'1','first_name','First Name',1,0,'',30,3,77,1,'V~O',1,NULL,'BAS',1,NULL,0),(29,479,'last_name','vtiger_users',1,'2','last_name','Last Name',1,0,'',30,4,77,1,'V~M',1,NULL,'BAS',1,NULL,0),(29,480,'roleid','vtiger_user2role',1,'98','roleid','Role',1,0,'',200,8,77,1,'V~M',1,NULL,'BAS',1,NULL,0),(29,481,'email1','vtiger_users',1,'104','email1','Email',1,0,'',100,2,77,1,'E~M',1,NULL,'BAS',1,NULL,0),(29,482,'status','vtiger_users',1,'115','status','Status',1,0,'Active',100,10,77,1,'V~O',1,NULL,'BAS',1,NULL,0),(29,483,'activity_view','vtiger_users',1,'16','activity_view','Default Activity View',1,0,'',100,6,118,1,'V~O',1,NULL,'BAS',1,NULL,0),(29,484,'lead_view','vtiger_users',1,'16','lead_view','Default Lead View',1,0,'',100,9,77,1,'V~O',1,NULL,'BAS',1,NULL,0),(29,485,'hour_format','vtiger_users',1,'16','hour_format','Calendar Hour Format',1,0,'12',100,4,118,1,'V~O',1,NULL,'BAS',1,NULL,0),(29,486,'end_hour','vtiger_users',1,'116','end_hour','Day ends at',1,0,'',100,11,77,3,'V~O',1,NULL,'BAS',1,NULL,0),(29,487,'start_hour','vtiger_users',1,'16','start_hour','Day starts at',1,0,'',100,2,118,1,'V~O',1,NULL,'BAS',1,NULL,0),(29,488,'title','vtiger_users',1,'1','title','Title',1,0,'',50,1,79,1,'V~O',1,NULL,'BAS',1,NULL,0),(29,489,'phone_work','vtiger_users',1,'11','phone_work','Office Phone',1,0,'',50,5,79,1,'V~O',1,NULL,'BAS',1,NULL,0),(29,490,'department','vtiger_users',1,'1','department','Department',1,0,'',50,3,79,1,'V~O',1,NULL,'BAS',1,NULL,0),(29,491,'phone_mobile','vtiger_users',1,'11','phone_mobile','Mobile',1,0,'',50,7,79,1,'V~O',1,NULL,'BAS',1,NULL,0),(29,492,'reports_to_id','vtiger_users',1,'101','reports_to_id','Reports To',1,0,'',50,8,79,1,'V~O',1,NULL,'BAS',1,NULL,0),(29,493,'phone_other','vtiger_users',1,'11','phone_other','Other Phone',1,0,'',50,11,79,1,'V~O',1,NULL,'BAS',1,NULL,0),(29,494,'email2','vtiger_users',1,'13','email2','Other Email',1,0,'',100,4,79,1,'E~O',1,NULL,'BAS',1,NULL,0),(29,495,'phone_fax','vtiger_users',1,'11','phone_fax','Fax',1,0,'',50,2,79,1,'V~O',1,NULL,'BAS',1,NULL,0),(29,496,'secondaryemail','vtiger_users',1,'13','secondaryemail','Secondary Email',1,0,'',100,6,79,1,'E~O',1,NULL,'BAS',1,NULL,0),(29,497,'phone_home','vtiger_users',1,'11','phone_home','Home Phone',1,0,'',50,9,79,1,'V~O',1,NULL,'BAS',1,NULL,0),(29,498,'date_format','vtiger_users',1,'16','date_format','Date Format',1,0,'',30,3,118,1,'V~O',1,NULL,'BAS',1,NULL,0),(29,499,'signature','vtiger_users',1,'21','signature','Signature',1,0,'',250,13,79,1,'V~O',1,NULL,'BAS',1,NULL,0),(29,500,'description','vtiger_users',1,'21','description','Documents',1,0,'',250,14,79,1,'V~O',1,NULL,'BAS',1,NULL,0),(29,501,'address_street','vtiger_users',1,'21','address_street','Street Address',1,0,'',250,1,80,1,'V~O',1,NULL,'BAS',1,NULL,0),(29,502,'address_city','vtiger_users',1,'1','address_city','City',1,0,'',100,3,80,1,'V~O',1,NULL,'BAS',1,NULL,0),(29,503,'address_state','vtiger_users',1,'1','address_state','State',1,0,'',100,5,80,1,'V~O',1,NULL,'BAS',1,NULL,0),(29,504,'address_postalcode','vtiger_users',1,'1','address_postalcode','Postal Code',1,0,'',100,4,80,1,'V~O',1,NULL,'BAS',1,NULL,0),(29,505,'address_country','vtiger_users',1,'1','address_country','Country',1,0,'',100,2,80,1,'V~O',1,NULL,'BAS',1,NULL,0),(29,506,'accesskey','vtiger_users',1,'3','accesskey','Webservice Access Key',1,0,'',100,2,83,2,'V~O',1,NULL,'BAS',1,NULL,0),(29,507,'time_zone','vtiger_users',1,'16','time_zone','Time Zone',1,0,'',200,5,118,1,'V~O',1,NULL,'BAS',1,NULL,0),(29,508,'currency_id','vtiger_users',1,'117','currency_id','Currency',1,0,'',100,1,78,1,'I~O',1,NULL,'BAS',1,NULL,0),(29,509,'currency_grouping_pattern','vtiger_users',1,'16','currency_grouping_pattern','Digit Grouping Pattern',1,0,'',100,2,78,1,'V~O',1,NULL,'BAS',1,'<b>Currency - Digit Grouping Pattern</b> <br/><br/>This pattern specifies the format in which the currency separator will be placed.',0),(29,510,'currency_decimal_separator','vtiger_users',1,'16','currency_decimal_separator','Decimal Separator',1,0,'',2,3,78,1,'V~O',1,NULL,'BAS',1,'<b>Currency - Decimal Separator</b> <br/><br/>Decimal separator specifies the separator to be used to separate the fractional values from the whole number part. <br/><b>Eg:</b> <br/>. => 123.45 <br/>, => 123,45 <br/>\' => 123\'45 <br/>  => 123 45 <br/>$ => 123$45 <br/>',0),(29,511,'currency_grouping_separator','vtiger_users',1,'16','currency_grouping_separator','Digit Grouping Separator',1,0,'',2,4,78,1,'V~O',1,NULL,'BAS',1,'<b>Currency - Grouping Separator</b> <br/><br/>Grouping separator specifies the separator to be used to group the whole number part into hundreds, thousands etc. <br/><b>Eg:</b> <br/>. => 123.456.789 <br/>, => 123,456,789 <br/>\' => 123\'456\'789 <br/>  => 123 456 789 <br/>$ => 123$456$789 <br/>',0),(29,512,'currency_symbol_placement','vtiger_users',1,'16','currency_symbol_placement','Symbol Placement',1,0,'',20,5,78,1,'V~O',1,NULL,'BAS',1,'<b>Currency - Symbol Placement</b> <br/><br/>Symbol Placement allows you to configure the position of the currency symbol with respect to the currency value.<br/><b>Eg:</b> <br/>$1.0 => $123,456,789.50 <br/>1.0$ => 123,456,789.50$ <br/>',0),(29,513,'imagename','vtiger_users',1,'105','imagename','User Image',1,0,'',250,10,82,1,'V~O',1,NULL,'BAS',1,NULL,0),(29,514,'internal_mailer','vtiger_users',1,'56','internal_mailer','INTERNAL_MAIL_COMPOSER',1,0,'',50,15,79,1,'V~O',1,NULL,'BAS',1,NULL,0),(29,515,'theme','vtiger_users',1,'31','theme','Theme',1,0,'softed',100,16,79,1,'V~O',1,NULL,'BAS',1,NULL,0),(29,516,'language','vtiger_users',1,'32','language','Language',1,0,'',100,17,79,1,'V~O',1,NULL,'BAS',1,NULL,0),(29,517,'reminder_interval','vtiger_users',1,'16','reminder_interval','Reminder Interval',1,0,'',100,11,118,1,'V~O',1,NULL,'BAS',1,NULL,0),(10,518,'from_email','vtiger_emaildetails',1,'12','from_email','From',1,2,'',100,1,21,3,'V~M',3,NULL,'BAS',0,NULL,0),(10,519,'to_email','vtiger_emaildetails',1,'8','saved_toid','To',1,2,'',100,2,21,1,'V~M',3,NULL,'BAS',0,NULL,0),(10,520,'cc_email','vtiger_emaildetails',1,'8','ccmail','CC',1,2,'',1000,3,21,1,'V~O',3,NULL,'BAS',0,NULL,0),(10,521,'bcc_email','vtiger_emaildetails',1,'8','bccmail','BCC',1,2,'',1000,4,21,1,'V~O',3,NULL,'BAS',0,NULL,0),(10,522,'idlists','vtiger_emaildetails',1,'357','parent_id','Parent ID',1,2,'',1000,5,21,1,'V~O',3,NULL,'BAS',0,NULL,0),(10,523,'email_flag','vtiger_emaildetails',1,'16','email_flag','Email Flag',1,2,'',1000,6,21,3,'V~O',3,NULL,'BAS',0,NULL,0),(30,524,'servicename','vtiger_service',1,'2','servicename','Service Name',1,0,'',100,1,88,1,'V~M',0,1,'BAS',1,'',1),(30,525,'service_no','vtiger_service',1,'4','service_no','Service No',1,0,'',100,2,88,1,'V~O',3,0,'BAS',0,'',1),(30,526,'discontinued','vtiger_service',1,'56','discontinued','Service Active',1,2,'',100,4,88,1,'V~O',2,3,'BAS',1,'',0),(30,527,'sales_start_date','vtiger_service',1,'5','sales_start_date','Sales Start Date',1,2,'',100,9,88,1,'D~O',1,0,'BAS',1,'',0),(30,528,'sales_end_date','vtiger_service',1,'5','sales_end_date','Sales End Date',1,2,'',100,10,88,1,'D~O~OTH~GE~sales_start_date~Sales Start Date',1,0,'BAS',1,'',0),(30,529,'start_date','vtiger_service',1,'5','start_date','Support Start Date',1,2,'',100,11,88,1,'D~O',1,0,'BAS',1,'',0),(30,530,'expiry_date','vtiger_service',1,'5','expiry_date','Support Expiry Date',1,2,'',100,12,88,1,'D~O~OTH~GE~start_date~Start Date',1,0,'BAS',1,'',0),(30,531,'website','vtiger_service',1,'17','website','Website',1,2,'',100,6,88,1,'V~O',1,0,'BAS',1,'',0),(30,532,'createdtime','vtiger_crmentity',1,'70','createdtime','Created Time',1,0,'',100,13,88,2,'DT~O',3,0,'BAS',0,'',0),(30,533,'modifiedtime','vtiger_crmentity',1,'70','modifiedtime','Modified Time',1,0,'',100,14,88,2,'DT~O',3,0,'BAS',0,'',0),(30,534,'modifiedby','vtiger_crmentity',1,'52','modifiedby','Last Modified By',1,0,'',100,16,88,3,'V~O',3,0,'BAS',0,'',0),(30,535,'service_usageunit','vtiger_service',1,'15','service_usageunit','Usage Unit',1,2,'',100,3,88,1,'V~O',1,0,'BAS',1,'',0),(30,536,'qty_per_unit','vtiger_service',1,'1','qty_per_unit','No of Units',1,2,'',100,5,88,1,'N~O',1,0,'BAS',1,'',1),(30,537,'smownerid','vtiger_crmentity',1,'53','assigned_user_id','Owner',1,0,'',100,8,88,1,'I~O',1,0,'BAS',1,'',0),(30,538,'servicecategory','vtiger_service',1,'15','servicecategory','Service Category',1,2,'',100,7,88,1,'V~O',1,0,'BAS',1,'',0),(30,539,'unit_price','vtiger_service',1,'72','unit_price','Price',1,0,'',100,1,89,1,'N~O',2,2,'BAS',0,'',1),(30,540,'taxclass','vtiger_service',1,'83','taxclass','Tax Class',1,2,'',100,4,89,1,'V~O',1,0,'BAS',1,'',0),(30,541,'commissionrate','vtiger_service',1,'9','commissionrate','Commission Rate',1,2,'',100,2,89,1,'N~O',1,0,'BAS',1,'',1),(30,542,'description','vtiger_crmentity',1,'19','description','Description',1,2,'',100,1,91,1,'V~O',1,0,'BAS',1,'',0),(31,543,'direction','vtiger_pbxmanager',1,'1','direction','Direction',1,2,'',100,1,92,1,'V~O',1,0,'BAS',1,'',0),(31,544,'callstatus','vtiger_pbxmanager',1,'1','callstatus','Call Status',1,2,'',100,2,92,1,'V~O',1,0,'BAS',1,'',1),(31,545,'starttime','vtiger_pbxmanager',1,'70','starttime','Start Time',1,2,'',100,7,92,1,'DT~O',1,0,'BAS',1,'',1),(31,546,'endtime','vtiger_pbxmanager',1,'70','endtime','End Time',1,2,'',100,8,92,1,'DT~O',1,0,'BAS',1,'',0),(31,547,'totalduration','vtiger_pbxmanager',1,'7','totalduration','Total Duration',1,2,'',100,10,92,1,'I~O',1,0,'BAS',1,'',0),(31,548,'billduration','vtiger_pbxmanager',1,'7','billduration','Bill Duration',1,2,'',100,11,92,1,'I~O',1,0,'BAS',1,'',0),(31,549,'recordingurl','vtiger_pbxmanager',1,'17','recordingurl','Recording URL',1,2,'',100,9,92,1,'V~O',1,0,'BAS',1,'',1),(31,550,'sourceuuid','vtiger_pbxmanager',1,'1','sourceuuid','Source UUID',1,2,'',100,12,92,1,'V~O',1,0,'BAS',1,'',0),(31,551,'gateway','vtiger_pbxmanager',1,'1','gateway','Gateway',1,2,'',100,13,92,1,'V~O',1,0,'BAS',1,'',0),(31,552,'customer','vtiger_pbxmanager',1,'10','customer','Customer',1,2,'',100,3,92,1,'V~O',1,0,'BAS',1,'',1),(31,553,'user','vtiger_pbxmanager',1,'52','user','User',1,2,'',100,4,92,1,'V~O',1,0,'BAS',1,'',1),(31,554,'customernumber','vtiger_pbxmanager',1,'11','customernumber','Customer Number',1,2,'',100,5,92,1,'V~M',1,0,'BAS',1,'',0),(31,555,'customertype','vtiger_pbxmanager',1,'1','customertype','Customer Type',1,2,'',100,6,92,1,'V~O',1,0,'BAS',1,'',0),(31,556,'smownerid','vtiger_crmentity',1,'53','assigned_user_id','Assigned To',1,2,'',100,14,92,1,'V~M',1,0,'BAS',1,'',0),(31,557,'createdtime','vtiger_crmentity',1,'70','CreatedTime','Created Time',1,2,'',100,15,92,2,'DT~O',1,0,'BAS',1,'',0),(31,558,'modifiedtime','vtiger_crmentity',1,'70','ModifiedTime','Modified Time',1,2,'',100,16,92,2,'DT~O',1,0,'BAS',1,'',0),(29,559,'phone_crm_extension','vtiger_users',1,'11','phone_crm_extension','CRM Phone Extension',1,2,'',100,18,79,1,'V~O',1,0,'BAS',1,'',0),(34,560,'smownerid','vtiger_crmentity',1,'53','assigned_user_id','Assigned To',1,2,'',100,4,93,1,'V~M',2,2,'BAS',1,'',1),(34,561,'createdtime','vtiger_crmentity',1,'70','createdtime','Created Time',1,0,'',100,17,93,2,'DT~O',3,0,'BAS',0,'',0),(34,562,'modifiedtime','vtiger_crmentity',1,'70','modifiedtime','Modified Time',1,0,'',100,18,93,2,'DT~O',3,0,'BAS',0,'',0),(34,563,'start_date','vtiger_servicecontracts',1,'5','start_date','Start Date',1,2,'',100,7,93,1,'D~O',2,4,'BAS',1,'',0),(34,564,'end_date','vtiger_servicecontracts',1,'5','end_date','End Date',1,2,'',100,11,93,2,'D~O',3,0,'BAS',0,'',0),(34,565,'sc_related_to','vtiger_servicecontracts',1,'10','sc_related_to','Related to',1,2,'',100,3,93,1,'V~O',2,6,'BAS',1,'',0),(34,566,'tracking_unit','vtiger_servicecontracts',1,'15','tracking_unit','Tracking Unit',1,2,'',100,6,93,1,'V~O',2,7,'BAS',1,'',0),(34,567,'total_units','vtiger_servicecontracts',1,'7','total_units','Total Units',1,2,'',100,8,93,1,'V~O',2,8,'BAS',1,'',1),(34,568,'used_units','vtiger_servicecontracts',1,'7','used_units','Used Units',1,2,'',100,10,93,1,'V~O',2,9,'BAS',1,'',1),(34,569,'subject','vtiger_servicecontracts',1,'1','subject','Subject',1,0,'',100,1,93,1,'V~M',0,1,'BAS',1,'',1),(34,570,'due_date','vtiger_servicecontracts',1,'23','due_date','Due date',1,2,'',100,9,93,1,'D~O',2,5,'BAS',1,'',0),(34,571,'planned_duration','vtiger_servicecontracts',1,'1','planned_duration','Planned Duration',1,2,'',100,13,93,2,'V~O',3,0,'BAS',0,'',0),(34,572,'actual_duration','vtiger_servicecontracts',1,'1','actual_duration','Actual Duration',1,2,'',100,15,93,2,'V~O',3,0,'BAS',0,'',0),(34,573,'contract_status','vtiger_servicecontracts',1,'15','contract_status','Status',1,2,'',100,12,93,1,'V~O',1,0,'BAS',1,'',0),(34,574,'priority','vtiger_servicecontracts',1,'15','contract_priority','Priority',1,2,'',100,14,93,1,'V~O',1,0,'BAS',1,'',0),(34,575,'contract_type','vtiger_servicecontracts',1,'15','contract_type','Type',1,2,'',100,5,93,1,'V~O',1,0,'BAS',1,'',0),(34,576,'progress','vtiger_servicecontracts',1,'9','progress','Progress',1,2,'',100,16,93,2,'N~O~2~2',3,3,'BAS',0,'',0),(34,577,'contract_no','vtiger_servicecontracts',1,'4','contract_no','Contract No',1,0,'',100,2,93,1,'V~O',3,0,'BAS',0,'',1),(34,578,'modifiedby','vtiger_crmentity',1,'52','modifiedby','Last Modified By',1,0,'',100,17,93,3,'V~O',3,0,'BAS',0,'',0),(38,579,'commentcontent','vtiger_modcomments',1,'19','commentcontent','Comment',1,0,'',100,4,95,1,'V~M',0,4,'BAS',2,'',1),(38,580,'smownerid','vtiger_crmentity',1,'53','assigned_user_id','Assigned To',1,0,'',100,1,96,1,'V~M',0,1,'BAS',2,'',1),(38,581,'createdtime','vtiger_crmentity',1,'70','createdtime','Created Time',1,0,'',100,5,96,2,'DT~O',0,2,'BAS',0,'',0),(38,582,'modifiedtime','vtiger_crmentity',1,'70','modifiedtime','Modified Time',1,0,'',100,6,96,2,'DT~O',0,3,'BAS',0,'',0),(38,583,'related_to','vtiger_modcomments',1,'10','related_to','Related To',1,2,'',100,2,96,1,'V~M',2,5,'BAS',2,'',0),(38,584,'smcreatorid','vtiger_crmentity',1,'52','creator','Creator',1,2,'',100,4,96,2,'V~O',1,0,'BAS',1,'',0),(38,585,'parent_comments','vtiger_modcomments',1,'10','parent_comments','Related To Comments',1,2,'',100,7,96,1,'V~O',1,0,'BAS',1,'',0),(39,586,'smownerid','vtiger_crmentity',1,'53','assigned_user_id','Assigned To',1,0,'',100,2,98,1,'V~M',1,0,'BAS',1,'',1),(39,587,'createdtime','vtiger_crmentity',1,'70','createdtime','Created Time',1,0,'',100,5,98,2,'DT~O',1,0,'BAS',0,'',0),(39,588,'modifiedtime','vtiger_crmentity',1,'70','modifiedtime','Modified Time',1,0,'',100,6,98,2,'DT~O',1,0,'BAS',0,'',0),(39,589,'message','vtiger_smsnotifier',1,'21','message','message',1,0,'',100,1,98,1,'V~M',1,0,'BAS',1,'',1),(39,590,'modifiedby','vtiger_crmentity',1,'52','modifiedby','Last Modified By',1,0,'',100,7,98,3,'V~O',1,0,'BAS',0,'',0),(40,591,'projectmilestonename','vtiger_projectmilestone',1,'2','projectmilestonename','Project Milestone Name',1,2,'',100,1,101,1,'V~M',0,1,'BAS',1,'',1),(40,592,'projectmilestonedate','vtiger_projectmilestone',1,'5','projectmilestonedate','Milestone Date',1,2,'',100,5,101,1,'D~O',0,3,'BAS',1,'',1),(40,593,'projectid','vtiger_projectmilestone',1,'10','projectid','Related to',1,0,'',100,4,101,1,'V~M',0,4,'BAS',1,'',0),(40,594,'projectmilestonetype','vtiger_projectmilestone',1,'15','projectmilestonetype','Type',1,2,'',100,7,101,1,'V~O',1,0,'BAS',1,'',1),(40,595,'smownerid','vtiger_crmentity',1,'53','assigned_user_id','Assigned To',1,2,'',100,6,101,1,'V~M',0,2,'BAS',1,'',0),(40,596,'projectmilestone_no','vtiger_projectmilestone',2,'4','projectmilestone_no','Project Milestone No',1,0,'',100,2,101,1,'V~O',3,4,'BAS',0,'',0),(40,597,'createdtime','vtiger_crmentity',1,'70','createdtime','Created Time',1,2,'',100,1,102,2,'T~O',1,0,'BAS',1,'',0),(40,598,'modifiedtime','vtiger_crmentity',1,'70','modifiedtime','Modified Time',1,2,'',100,2,102,2,'T~O',1,0,'BAS',1,'',0),(40,599,'modifiedby','vtiger_crmentity',1,'52','modifiedby','Last Modified By',1,0,'',100,3,102,3,'V~O',3,0,'BAS',0,'',0),(40,600,'description','vtiger_crmentity',1,'19','description','description',1,2,'',100,1,103,1,'V~O',1,0,'BAS',1,'',0),(41,601,'projecttaskname','vtiger_projecttask',1,'2','projecttaskname','Project Task Name',1,2,'',100,1,104,1,'V~M',0,1,'BAS',1,'',1),(41,602,'projecttasktype','vtiger_projecttask',1,'15','projecttasktype','Type',1,2,'',100,4,104,1,'V~O',1,0,'BAS',1,'',1),(41,603,'projecttaskpriority','vtiger_projecttask',1,'15','projecttaskpriority','Priority',1,2,'',100,3,104,1,'V~O',1,0,'BAS',1,'',0),(41,604,'projectid','vtiger_projecttask',1,'10','projectid','Related to',1,0,'',100,6,104,1,'V~M',0,5,'BAS',1,'',0),(41,605,'smownerid','vtiger_crmentity',1,'53','assigned_user_id','Assigned To',1,2,'',100,7,104,1,'V~M',0,2,'BAS',1,'',1),(41,606,'projecttasknumber','vtiger_projecttask',1,'7','projecttasknumber','Project Task Number',1,2,'',100,5,104,1,'I~O',1,0,'BAS',1,'',0),(41,607,'projecttask_no','vtiger_projecttask',2,'4','projecttask_no','Project Task No',1,0,'',100,2,104,1,'V~O',3,4,'BAS',0,'',0),(41,608,'projecttaskprogress','vtiger_projecttask',1,'15','projecttaskprogress','Progress',1,2,'',100,1,105,1,'V~O',1,0,'BAS',1,'',1),(41,609,'projecttaskhours','vtiger_projecttask',1,'7','projecttaskhours','Worked Hours',1,2,'',100,2,105,1,'V~O',1,0,'BAS',1,'',0),(41,610,'startdate','vtiger_projecttask',1,'5','startdate','Start Date',1,2,'',100,3,105,1,'D~O',0,3,'BAS',1,'',1),(41,611,'enddate','vtiger_projecttask',1,'5','enddate','End Date',1,2,'',100,4,105,1,'D~O~OTH~GE~startdate~Start Date',1,0,'BAS',1,'',1),(41,612,'createdtime','vtiger_crmentity',1,'70','createdtime','Created Time',1,2,'',100,5,105,2,'T~O',1,0,'BAS',1,'',0),(41,613,'modifiedtime','vtiger_crmentity',1,'70','modifiedtime','Modified Time',1,2,'',100,6,105,2,'T~O',1,0,'BAS',1,'',0),(41,614,'modifiedby','vtiger_crmentity',1,'52','modifiedby','Last Modified By',1,0,'',100,7,105,3,'V~O',3,0,'BAS',0,'',0),(41,615,'description','vtiger_crmentity',1,'19','description','description',1,2,'',100,1,106,1,'V~O',1,0,'BAS',1,'',0),(42,616,'projectname','vtiger_project',1,'2','projectname','Project Name',1,2,'',100,1,107,1,'V~M',0,1,'BAS',1,'',1),(42,617,'startdate','vtiger_project',1,'23','startdate','Start Date',1,2,'',100,3,107,1,'D~O',0,3,'BAS',1,'',1),(42,618,'targetenddate','vtiger_project',1,'23','targetenddate','Target End Date',1,2,'',100,5,107,1,'D~O~OTH~GE~startdate~Start Date',0,4,'BAS',1,'',1),(42,619,'actualenddate','vtiger_project',1,'23','actualenddate','Actual End Date',1,2,'',100,6,107,1,'D~O~OTH~GE~startdate~Start Date',1,0,'BAS',1,'',0),(42,620,'projectstatus','vtiger_project',1,'15','projectstatus','Status',1,2,'',100,7,107,1,'V~O',1,0,'BAS',1,'',1),(42,621,'projecttype','vtiger_project',1,'15','projecttype','Type',1,2,'',100,8,107,1,'V~O',1,0,'BAS',1,'',1),(42,622,'linktoaccountscontacts','vtiger_project',1,'10','linktoaccountscontacts','Related to',1,2,'',100,9,107,1,'V~O',1,0,'BAS',1,'',0),(42,623,'smownerid','vtiger_crmentity',1,'53','assigned_user_id','Assigned To',1,2,'',100,4,107,1,'V~M',0,2,'BAS',1,'',1),(42,624,'project_no','vtiger_project',2,'4','project_no','Project No',1,0,'',100,2,107,1,'V~O',3,0,'BAS',0,'',0),(42,625,'targetbudget','vtiger_project',1,'7','targetbudget','Target Budget',1,2,'',100,1,108,1,'V~O',1,0,'BAS',1,'',0),(42,626,'projecturl','vtiger_project',1,'17','projecturl','Project Url',1,2,'',100,2,108,1,'V~O',1,0,'BAS',1,'',0),(42,627,'projectpriority','vtiger_project',1,'15','projectpriority','Priority',1,2,'',100,3,108,1,'V~O',1,0,'BAS',1,'',0),(42,628,'progress','vtiger_project',1,'15','progress','Progress',1,2,'',100,4,108,1,'V~O',1,0,'BAS',1,'',0),(42,629,'createdtime','vtiger_crmentity',1,'70','createdtime','Created Time',1,2,'',100,5,108,2,'T~O',1,0,'BAS',1,'',0),(42,630,'modifiedtime','vtiger_crmentity',1,'70','modifiedtime','Modified Time',1,2,'',100,6,108,2,'T~O',1,0,'BAS',1,'',0),(42,631,'modifiedby','vtiger_crmentity',1,'52','modifiedby','Last Modified By',1,0,'',100,7,108,3,'V~O',3,0,'BAS',0,'',0),(42,632,'description','vtiger_crmentity',1,'19','description','description',1,2,'',100,1,109,1,'V~O',1,0,'BAS',1,'',0),(44,633,'asset_no','vtiger_assets',1,'4','asset_no','Asset No',1,0,'',100,2,110,1,'V~O',3,0,'BAS',0,'\n                    ',1),(44,634,'product','vtiger_assets',1,'10','product','Product Name',1,2,'',100,3,110,1,'V~M',0,3,'BAS',1,'\n                    ',1),(44,635,'serialnumber','vtiger_assets',1,'2','serialnumber','Serial Number',1,2,'',100,4,110,1,'V~M',0,5,'BAS',1,'\n                    ',0),(44,636,'datesold','vtiger_assets',1,'5','datesold','Date Sold',1,2,'',100,5,110,1,'D~M~OTH~GE~datesold~Date Sold',0,0,'BAS',1,'\n                    ',0),(44,637,'dateinservice','vtiger_assets',1,'5','dateinservice','Date in Service',1,2,'',100,6,110,1,'D~M~OTH~GE~dateinservice~Date in Service',0,4,'BAS',1,'\n                    ',0),(44,638,'assetstatus','vtiger_assets',1,'15','assetstatus','Status',1,2,'',100,7,110,1,'V~M',0,0,'BAS',1,'\n                    ',0),(44,639,'tagnumber','vtiger_assets',1,'2','tagnumber','Tag Number',1,2,'',100,8,110,1,'V~O',1,0,'BAS',1,'\n                    ',0),(44,640,'invoiceid','vtiger_assets',1,'10','invoiceid','Invoice Name',1,2,'',100,9,110,1,'V~O',1,0,'BAS',1,'\n                    ',0),(44,641,'shippingmethod','vtiger_assets',1,'2','shippingmethod','Shipping Method',1,2,'',100,10,110,1,'V~O',1,0,'BAS',1,'\n                    ',0),(44,642,'shippingtrackingnumber','vtiger_assets',1,'2','shippingtrackingnumber','Shipping Tracking Number',1,2,'',100,11,110,1,'V~O',1,0,'BAS',1,'\n                    ',0),(44,643,'smownerid','vtiger_crmentity',1,'53','assigned_user_id','Assigned To',1,2,'',100,4,110,1,'V~M',0,2,'BAS',1,'\n                    ',0),(44,644,'assetname','vtiger_assets',1,'1','assetname','Asset Name',1,0,'',100,12,110,1,'V~M',0,6,'BAS',1,'\n                    ',1),(44,645,'account','vtiger_assets',1,'10','account','Customer Name',1,2,'',100,13,110,1,'V~M',0,0,'BAS',1,'\n                    ',1),(44,646,'contact','vtiger_assets',1,'10','contact','Contact Name',1,2,'',100,14,110,1,'V~O',0,0,'BAS',1,'\n                    ',0),(44,647,'createdtime','vtiger_crmentity',1,'70','createdtime','Created Time',1,0,'',100,14,110,2,'DT~O',3,0,'BAS',0,'\n                    ',0),(44,648,'modifiedtime','vtiger_crmentity',1,'70','modifiedtime','Modified Time',1,0,'',100,15,110,2,'DT~O',3,0,'BAS',0,'\n                    ',0),(44,649,'modifiedby','vtiger_crmentity',1,'52','modifiedby','Last Modified By',1,0,'',100,16,110,3,'V~O',3,0,'BAS',0,'\n                    ',0),(44,650,'description','vtiger_crmentity',1,'19','description','Notes',1,2,'',100,1,112,1,'V~O',1,0,'BAS',1,'\n                    ',0),(2,651,'forecast_amount','vtiger_potential',1,'71','forecast_amount','Forecast Amount',1,2,'',100,18,1,1,'N~O',1,0,'BAS',0,'',0),(29,652,'no_of_currency_decimals','vtiger_users',1,'16','no_of_currency_decimals','Number Of Currency Decimals',1,2,'2',100,6,78,1,'V~O',1,0,'BAS',1,'<b>Currency - Number of Decimal places</b> <br/><br/>Number of decimal places specifies how many number of decimals will be shown after decimal separator.<br/><b>Eg:</b> 123.00',0),(23,653,'productid','vtiger_inventoryproductrel',1,'10','productid','Item Name',0,2,'',100,1,113,5,'V~M',1,0,'BAS',0,'',0),(23,654,'quantity','vtiger_inventoryproductrel',1,'7','quantity','Quantity',0,2,'',100,2,113,5,'N~O',1,0,'BAS',0,'',0),(23,655,'listprice','vtiger_inventoryproductrel',1,'71','listprice','List Price',0,2,'',100,3,113,5,'N~O',1,0,'BAS',0,'',0),(23,656,'comment','vtiger_inventoryproductrel',1,'19','comment','Item Comment',0,2,'',100,4,113,5,'V~O',1,0,'BAS',0,'',0),(23,657,'discount_amount','vtiger_inventoryproductrel',1,'71','discount_amount','Discount',0,2,'',100,5,113,5,'N~O',1,0,'BAS',0,'',0),(23,658,'discount_percent','vtiger_inventoryproductrel',1,'7','discount_percent','Item Discount Percent',0,2,'',100,6,113,5,'V~O',1,0,'BAS',0,'',0),(23,659,'tax1','vtiger_inventoryproductrel',1,'83','tax1','Tax1',0,2,'',100,7,113,5,'V~O',1,0,'BAS',0,'',0),(23,660,'tax2','vtiger_inventoryproductrel',1,'83','tax2','Tax2',0,2,'',100,8,113,5,'V~O',1,0,'BAS',0,'',0),(23,661,'tax3','vtiger_inventoryproductrel',1,'83','tax3','Tax3',0,2,'',100,9,113,5,'V~O',1,0,'BAS',0,'',0),(22,662,'productid','vtiger_inventoryproductrel',1,'10','productid','Item Name',0,2,'',100,1,114,5,'V~M',1,0,'BAS',0,'',0),(22,663,'quantity','vtiger_inventoryproductrel',1,'7','quantity','Quantity',0,2,'',100,2,114,5,'N~O',1,0,'BAS',0,'',0),(22,664,'listprice','vtiger_inventoryproductrel',1,'71','listprice','List Price',0,2,'',100,3,114,5,'N~O',1,0,'BAS',0,'',0),(22,665,'comment','vtiger_inventoryproductrel',1,'19','comment','Item Comment',0,2,'',100,4,114,5,'V~O',1,0,'BAS',0,'',0),(22,666,'discount_amount','vtiger_inventoryproductrel',1,'71','discount_amount','Discount',0,2,'',100,5,114,5,'N~O',1,0,'BAS',0,'',0),(22,667,'discount_percent','vtiger_inventoryproductrel',1,'7','discount_percent','Item Discount Percent',0,2,'',100,6,114,5,'V~O',1,0,'BAS',0,'',0),(22,668,'tax1','vtiger_inventoryproductrel',1,'83','tax1','Tax1',0,2,'',100,7,114,5,'V~O',1,0,'BAS',0,'',0),(22,669,'tax2','vtiger_inventoryproductrel',1,'83','tax2','Tax2',0,2,'',100,8,114,5,'V~O',1,0,'BAS',0,'',0),(22,670,'tax3','vtiger_inventoryproductrel',1,'83','tax3','Tax3',0,2,'',100,9,114,5,'V~O',1,0,'BAS',0,'',0),(21,671,'productid','vtiger_inventoryproductrel',1,'10','productid','Item Name',0,2,'',100,1,115,5,'V~M',1,0,'BAS',0,'',0),(21,672,'quantity','vtiger_inventoryproductrel',1,'7','quantity','Quantity',0,2,'',100,2,115,5,'N~O',1,0,'BAS',0,'',0),(21,673,'listprice','vtiger_inventoryproductrel',1,'71','listprice','List Price',0,2,'',100,3,115,5,'N~O',1,0,'BAS',0,'',0),(21,674,'comment','vtiger_inventoryproductrel',1,'19','comment','Item Comment',0,2,'',100,4,115,5,'V~O',1,0,'BAS',0,'',0),(21,675,'discount_amount','vtiger_inventoryproductrel',1,'71','discount_amount','Discount',0,2,'',100,5,115,5,'N~O',1,0,'BAS',0,'',0),(21,676,'discount_percent','vtiger_inventoryproductrel',1,'7','discount_percent','Item Discount Percent',0,2,'',100,6,115,5,'V~O',1,0,'BAS',0,'',0),(21,677,'tax1','vtiger_inventoryproductrel',1,'83','tax1','Tax1',0,2,'',100,7,115,5,'V~O',1,0,'BAS',0,'',0),(21,678,'tax2','vtiger_inventoryproductrel',1,'83','tax2','Tax2',0,2,'',100,8,115,5,'V~O',1,0,'BAS',0,'',0),(21,679,'tax3','vtiger_inventoryproductrel',1,'83','tax3','Tax3',0,2,'',100,9,115,5,'V~O',1,0,'BAS',0,'',0),(20,680,'productid','vtiger_inventoryproductrel',1,'10','productid','Item Name',0,2,'',100,1,116,5,'V~M',1,0,'BAS',0,'',0),(20,681,'quantity','vtiger_inventoryproductrel',1,'7','quantity','Quantity',0,2,'',100,2,116,5,'N~O',1,0,'BAS',0,'',0),(20,682,'listprice','vtiger_inventoryproductrel',1,'71','listprice','List Price',0,2,'',100,3,116,5,'N~O',1,0,'BAS',0,'',0),(20,683,'comment','vtiger_inventoryproductrel',1,'19','comment','Item Comment',0,2,'',100,4,116,5,'V~O',1,0,'BAS',0,'',0),(20,684,'discount_amount','vtiger_inventoryproductrel',1,'71','discount_amount','Discount',0,2,'',100,5,116,5,'N~O',1,0,'BAS',0,'',0),(20,685,'discount_percent','vtiger_inventoryproductrel',1,'7','discount_percent','Item Discount Percent',0,2,'',100,6,116,5,'V~O',1,0,'BAS',0,'',0),(20,686,'tax1','vtiger_inventoryproductrel',1,'83','tax1','Tax1',0,2,'',100,7,116,5,'V~O',1,0,'BAS',0,'',0),(20,687,'tax2','vtiger_inventoryproductrel',1,'83','tax2','Tax2',0,2,'',100,8,116,5,'V~O',1,0,'BAS',0,'',0),(20,688,'tax3','vtiger_inventoryproductrel',1,'83','tax3','Tax3',0,2,'',100,9,116,5,'V~O',1,0,'BAS',0,'',0),(29,689,'truncate_trailing_zeros','vtiger_users',1,'56','truncate_trailing_zeros','Truncate Trailing Zeros',1,2,'0',100,7,78,1,'V~O',1,0,'BAS',1,'<b> Truncate Trailing Zeros </b> <br/><br/>It truncated trailing 0s in any of Currency, Decimal and Percentage Field types<br/><br/><b>Ex:</b><br/>If value is 89.00000 then <br/>decimal and Percentage fields were shows 89<br/>currency field type - shows 89.00<br/>',0),(41,690,'projecttaskstatus','vtiger_projecttask',1,'15','projecttaskstatus','Status',1,2,'',100,8,104,1,'V~O',0,6,'BAS',1,'',0),(38,691,'customer','vtiger_modcomments',1,'10','customer','Customer',1,2,'',100,5,95,3,'V~O',1,0,'BAS',1,'',0),(29,692,'dayoftheweek','vtiger_users',1,'16','dayoftheweek','Starting Day of the week',1,2,'Monday',100,1,118,1,'V~O',1,0,'BAS',1,'',0),(29,693,'callduration','vtiger_users',1,'16','callduration','Default Call Duration',1,2,'5',100,7,118,1,'V~O',1,0,'BAS',1,'',0),(29,694,'othereventduration','vtiger_users',1,'16','othereventduration','Other Event Duration',1,2,'5',100,8,118,1,'V~O',1,0,'BAS',1,'',0),(23,695,'pre_tax_total','vtiger_invoice',1,'72','pre_tax_total','Pre Tax Total',1,2,'',100,23,67,3,'N~O',1,0,'BAS',1,'',0),(22,696,'pre_tax_total','vtiger_salesorder',1,'72','pre_tax_total','Pre Tax Total',1,2,'',100,23,61,3,'N~O',1,0,'BAS',1,'',0),(21,697,'pre_tax_total','vtiger_purchaseorder',1,'72','pre_tax_total','Pre Tax Total',1,2,'',100,23,55,3,'N~O',1,0,'BAS',1,'',0),(20,698,'pre_tax_total','vtiger_quotes',1,'72','pre_tax_total','Pre Tax Total',1,2,'',100,23,49,3,'N~O',1,0,'BAS',1,'',0),(29,699,'calendarsharedtype','vtiger_users',1,'16','calendarsharedtype','Calendar Shared Type',1,2,'Public',100,12,118,3,'V~O',1,0,'BAS',1,'',0),(6,700,'isconvertedfromlead','vtiger_account',1,'56','isconvertedfromlead','Is Converted From Lead',1,2,'no',100,24,9,2,'C~O',1,0,'BAS',1,'',0),(4,701,'isconvertedfromlead','vtiger_contactdetails',1,'56','isconvertedfromlead','Is Converted From Lead',1,2,'no',100,29,4,2,'C~O',1,0,'BAS',1,'',0),(2,702,'isconvertedfromlead','vtiger_potential',1,'56','isconvertedfromlead','Is Converted From Lead',1,2,'no',100,19,1,2,'C~O',1,0,'BAS',1,'',0),(29,703,'default_record_view','vtiger_users',1,'16','default_record_view','Default Record View',1,2,'Summary',100,19,79,1,'V~O',1,0,'BAS',1,'',0),(23,704,'received','vtiger_invoice',1,'72','received','Received',1,2,'0',100,24,67,3,'N~O',1,0,'BAS',1,'',0),(23,705,'balance','vtiger_invoice',1,'72','balance','Balance',1,2,'0',100,25,67,3,'N~O',1,0,'BAS',1,'',0),(21,706,'paid','vtiger_purchaseorder',1,'72','paid','Paid',1,2,'0',100,24,55,3,'N~O',1,0,'BAS',1,'',0),(21,707,'balance','vtiger_purchaseorder',1,'72','balance','Balance',1,2,'0',100,25,55,3,'N~O',1,0,'BAS',1,'',0),(18,708,'smownerid','vtiger_crmentity',1,'53','assigned_user_id','Assigned To',1,2,'',100,13,42,1,'V~M',1,0,'BAS',1,'',0),(7,709,'emailoptout','vtiger_leaddetails',1,'56','emailoptout','Email Opt Out',1,2,'',100,24,13,1,'C~O',1,0,'BAS',1,'',0),(38,710,'userid','vtiger_modcomments',1,'10','userid','UserId',1,2,'',100,6,95,3,'V~O',1,0,'BAS',1,'',0),(38,711,'reasontoedit','vtiger_modcomments',1,'19','reasontoedit','ReasonToEdit',1,2,'',100,7,95,1,'V~O',1,0,'BAS',1,'',0),(23,712,'s_h_percent','vtiger_invoice',1,'1','hdnS_H_Percent','S&H Percent',0,2,'',100,10,113,5,'N~O',0,1,'BAS',0,'',0),(20,713,'s_h_percent','vtiger_quotes',1,'1','hdnS_H_Percent','S&H Percent',0,2,'',100,10,116,5,'N~O',0,1,'BAS',0,'',0),(21,714,'s_h_percent','vtiger_purchaseorder',1,'1','hdnS_H_Percent','S&H Percent',0,2,'',100,10,115,5,'N~O',0,1,'BAS',0,'',0),(22,715,'s_h_percent','vtiger_salesorder',1,'1','hdnS_H_Percent','S&H Percent',0,2,'',100,10,114,5,'N~O',0,1,'BAS',0,'',0),(29,716,'leftpanelhide','vtiger_users',1,'56','leftpanelhide','Left Panel Hide',1,2,'0',100,20,79,1,'V~O',1,0,'BAS',1,'',0),(2,717,'contact_id','vtiger_potential',1,'10','contact_id','Contact Name',1,2,'',100,4,1,1,'V~O',1,0,'BAS',1,'',1),(13,718,'contact_id','vtiger_troubletickets',1,'10','contact_id','Contact Name',1,2,'',100,3,25,1,'V~O',1,0,'BAS',1,'',1),(29,719,'rowheight','vtiger_users',1,'16','rowheight','Row Height',1,2,'medium',100,21,79,1,'V~O',1,0,'BAS',1,'',0),(13,720,'from_portal','vtiger_ticketcf',1,'56','from_portal','From Portal',1,0,'',100,18,25,3,'C~O',1,0,'BAS',1,'',0),(29,721,'defaulteventstatus','vtiger_users',1,'15','defaulteventstatus','Default Event Status',1,2,'',100,9,118,1,'V~O',1,0,'BAS',1,'',0),(29,722,'defaultactivitytype','vtiger_users',1,'15','defaultactivitytype','Default Activity Type',1,2,'',100,10,118,1,'V~O',1,0,'BAS',1,'',0),(29,723,'hidecompletedevents','vtiger_users',1,'56','hidecompletedevents','LBL_HIDE_COMPLETED_EVENTS',1,2,'0',100,13,118,1,'C~O',1,0,'BAS',1,'',0),(9,729,'smcreatorid','vtiger_crmentity',1,'52','created_user_id','Created By',1,2,'',100,23,19,2,'V~O',3,5,'BAS',0,'',0),(29,750,'is_owner','vtiger_users',1,'1','is_owner','Account Owner',0,2,'0',100,12,77,5,'V~O',0,1,'BAS',0,'',0),(51,751,'blockplan_no','vtiger_blockplan',1,'4','blockplan_no','LBL_BLOCKPLAN_NO',1,2,'',100,1,120,1,'V~O',1,0,'BAS',2,'',1),(51,752,'fullname','vtiger_blockplan',1,'1','fullname','LBL_FULLNAME',1,2,'',100,2,120,1,'V~O',0,0,'BAS',1,'',0),(51,753,'assesment_no','vtiger_blockplan',1,'1','assesment_no','LBL_ASSESMENT_NO',1,2,'',100,3,120,1,'V~O',2,0,'BAS',1,'',1),(51,754,'smownerid','vtiger_crmentity',1,'53','assigned_user_id','Assigned To',1,2,'',100,1,121,1,'V~M',0,0,'BAS',1,'',0),(51,755,'createdtime','vtiger_crmentity',1,'70','createdtime','Created Time',1,2,'',100,2,121,2,'T~O',0,0,'BAS',0,'',0),(51,756,'modifiedtime','vtiger_crmentity',1,'19','modifiedtime','Modified Time',1,2,'',100,3,121,2,'T~O',0,0,'BAS',0,'',0),(52,757,'buildingplan_no','vtiger_buildingplan',1,'4','buildingplan_no','LBL_BUILDINGPLAN_NO',1,2,'',100,1,122,1,'V~O',1,0,'BAS',0,'',0),(52,758,'assesment_no','vtiger_buildingplan',1,'1','assesment_no','LBL_ASSESMENT_NO',1,2,'',100,2,122,1,'V~M',0,0,'BAS',1,'',0),(52,759,'fullname','vtiger_buildingplan',1,'1','fullname','LBL_FULLNAME',1,2,'',100,3,122,1,'V~M',0,0,'BAS',1,'',0),(52,760,'smownerid','vtiger_crmentity',1,'53','assigned_user_id','Assigned To',1,2,'',100,1,123,1,'V~M',0,0,'BAS',1,'',0),(52,761,'createdtime','vtiger_crmentity',1,'70','createdtime','Created Time',1,2,'',100,2,123,2,'T~O',0,0,'BAS',0,'',0),(52,762,'modifiedtime','vtiger_crmentity',1,'19','modifiedtime','Modified Time',1,2,'',100,3,123,2,'T~O',0,0,'BAS',0,'',0),(53,763,'streetline_no','vtiger_streetline',1,'4','streetline_no','LBL_STREETLINE_NO',1,2,'',100,1,124,1,'V~O',1,0,'BAS',0,'',0),(53,764,'assesment_no','vtiger_streetline',1,'1','assesment_no','LBL_ASSESMENT_NO',1,2,'',100,2,124,1,'V~M',0,0,'BAS',1,'',0),(53,765,'fullname','vtiger_streetline',1,'1','fullname','LBL_FULLNAME',1,2,'',100,3,124,1,'V~M',0,0,'BAS',1,'',0),(53,766,'smownerid','vtiger_crmentity',1,'53','assigned_user_id','Assigned To',1,2,'',100,1,125,1,'V~M',0,0,'BAS',1,'',0),(53,767,'createdtime','vtiger_crmentity',1,'70','createdtime','Created Time',1,2,'',100,2,125,2,'T~O',0,0,'BAS',0,'',0),(53,768,'modifiedtime','vtiger_crmentity',1,'19','modifiedtime','Modified Time',1,2,'',100,3,125,2,'T~O',0,0,'BAS',0,'',0),(54,769,'coc_no','vtiger_coc',1,'4','coc_no','LBL_COC_NO',1,2,'',100,1,126,1,'V~O',1,0,'BAS',0,'',0),(54,770,'assesment_no','vtiger_coc',1,'1','assesment_no','LBL_ASSESMENT_NO',1,2,'',100,2,126,1,'V~M',0,0,'BAS',1,'',0),(54,771,'fullname','vtiger_coc',1,'1','fullname','LBL_FULLNAME',1,2,'',100,3,126,1,'V~M',0,0,'BAS',1,'LBL_FULLNAME_INFO',0),(54,772,'smownerid','vtiger_crmentity',1,'53','assigned_user_id','Assigned To',1,2,'',100,1,127,1,'V~M',0,0,'BAS',1,'',0),(54,773,'createdtime','vtiger_crmentity',1,'70','createdtime','Created Time',1,2,'',100,2,127,2,'T~O',0,0,'BAS',0,'',0),(54,774,'modifiedtime','vtiger_crmentity',1,'19','modifiedtime','Modified Time',1,2,'',100,3,127,2,'T~O',0,0,'BAS',0,'',0),(51,775,'plan_status','vtiger_blockplan',1,'15','plan_status','LBL_PLAN_STATUS',1,2,'Open',100,4,120,1,'V~M',2,0,'BAS',1,'',1),(51,776,'plan_approved_date','vtiger_blockplan',1,'5','plan_approved_date','LBL_PLAN_APPROVED_DATE',1,2,'',100,5,120,1,'D~O',1,0,'BAS',1,'',1),(51,777,'payment_made','vtiger_blockplan',1,'56','payment_made','LBL_PAYMENT_MADE',1,2,'',100,6,120,1,'C~O',1,0,'BAS',1,'',0),(51,778,'street','vtiger_blockplan',1,'1','street','LBL_STREET',1,2,'',100,1,128,1,'V~O',1,0,'BAS',1,'',0),(51,779,'city','vtiger_blockplan',1,'1','city','LBL_CITY',1,2,'',100,2,128,1,'V~O',1,0,'BAS',1,'',0),(51,780,'ward_no','vtiger_blockplan',1,'1','ward_no','LBL_WARD_NO',1,2,'',100,3,128,1,'V~O',1,0,'BAS',1,'',0),(51,781,'lot_no','vtiger_blockplan',1,'1','lot_no','LBL_LOT_NO',1,2,'',100,4,128,1,'V~O',1,0,'BAS',1,'',0),(51,782,'submitted_date_to_draughtsman','vtiger_blockplan',1,'5','submitted_date_to_draughtsman','LBL_SUBMITTED_DATE_TO_DRAUGHTSMAN',1,2,'',100,1,129,1,'D~O',1,0,'BAS',1,'',0),(51,783,'assaigned_draughtsman','vtiger_blockplan',1,'15','assaigned_draughtsman','LBL_ASSAIGNED_DRAUGHTSMAN',1,2,'',100,2,129,1,'V~O',1,0,'BAS',1,'',0),(51,784,'surveyors_plan_no','vtiger_blockplan',1,'1','surveyors_plan_no','LBL_SURVEYOURS_PLAN_NO',1,2,'',100,3,129,1,'V~O',1,0,'BAS',1,'',0),(51,785,'name_of_the_surveyors','vtiger_blockplan',1,'1','name_of_the_surveyors','LBL_NAME_OF_THE_SURVEYOURS',1,2,'',100,4,129,1,'V~O',1,0,'BAS',1,'',0),(51,786,'date_of_surveyors_plan','vtiger_blockplan',1,'5','date_of_surveyors_plan','LBL_DATE_OF_THE_SURVEYOURS_PLAN',1,2,'',100,5,129,1,'D~O',1,0,'BAS',1,'',0),(51,787,'area_according_to_zone','vtiger_blockplan',1,'1','area_according_to_zone','LBL_AREA_ACCORDING_TO_ZONE',1,2,'',100,6,129,1,'V~O',1,0,'BAS',1,'',0),(51,788,'if_there_any_reservation','vtiger_blockplan',1,'21','if_there_any_reservation','LBL_IF_THERE_ANY_RESERVATION',1,2,'',100,7,129,1,'V~O',1,0,'BAS',1,'',0),(51,789,'sheet_no','vtiger_blockplan',1,'1','sheet_no','LBL_SHEET_NO',1,2,'',100,8,129,1,'V~O',1,0,'BAS',1,'',0),(51,790,'street_line','vtiger_blockplan',1,'1','street_line','LBL_STREET_LINE',1,2,'',100,9,129,1,'V~O',1,0,'BAS',1,'',0),(51,791,'building_line','vtiger_blockplan',1,'1','building_line','LBL_BUILDING_LINE',1,2,'',100,10,129,1,'V~O',1,0,'BAS',1,'',0),(51,792,'assigned_technical_officer','vtiger_blockplan',1,'15','assigned_technical_officer','LBL_ASSAIGNED_TECHNICAL_OFFICER',1,2,'',100,1,130,1,'V~O',1,0,'BAS',1,'',0),(51,793,'assigned_planing_engineer','vtiger_blockplan',1,'15','assigned_planing_engineer','LBL_ASSAIGNED_PLANINING_ENGINEER',1,2,'',100,2,130,1,'V~O',1,0,'BAS',1,'',0),(51,794,'date_of_visit','vtiger_blockplan',1,'5','date_of_visit','LBL_DATE_OF_VISIT',1,2,'',100,3,130,1,'D~O',1,0,'BAS',1,'',0),(51,795,'plan','vtiger_blockplan',1,'1','plan','LBL_PLAN',1,2,'',100,1,131,1,'V~M',1,0,'BAS',1,'',0),(51,796,'old_plan','vtiger_blockplan',1,'1','old_plan','LBL_OLD_PLAN',1,2,'',100,2,131,1,'V~O',1,0,'BAS',1,'',0),(51,797,'deed_copy','vtiger_blockplan',1,'1','deed_copy','LBL_DEED_COPY',1,2,'',100,3,131,1,'V~O',1,0,'BAS',1,'',0),(52,798,'build_plan_status','vtiger_buildingplan',1,'15','build_plan_status','LBL_BUILDING_PLAN_STATUS',1,2,'Open',100,4,122,1,'V~M',1,0,'BAS',1,'',0),(52,799,'plan_approved_date','vtiger_buildingplan',1,'5','plan_approved_date','LBL_PLAN_APPROVED_DATE',1,2,'',100,5,122,1,'D~O',1,0,'BAS',1,'',0),(52,800,'payment_made','vtiger_buildingplan',1,'56','payment_made','LBL_PAYMENT_MADE',1,2,'',100,6,122,1,'C~O',1,0,'BAS',1,'',0),(52,801,'street','vtiger_buildingplan',1,'1','street','LBL_STREET',1,2,'',100,1,132,1,'V~O',1,0,'BAS',1,'',0),(52,802,'city','vtiger_buildingplan',1,'1','city','LBL_CITY',1,2,'',100,2,132,1,'V~O',1,0,'BAS',1,'',0),(52,803,'ward_no','vtiger_buildingplan',1,'1','ward_no','LBL_WARD_NO',1,2,'',100,3,132,1,'V~O',1,0,'BAS',1,'',0),(52,804,'lot_no','vtiger_buildingplan',1,'1','lot_no','LBL_LOT_NO',1,2,'',100,4,132,1,'V~O',1,0,'BAS',1,'',0),(52,805,'submitted_date_to_draughtsman','vtiger_buildingplan',1,'5','submitted_date_to_draughtsman','LBL_SUBMITTED_DATE_TO_DRAUGHTSMAN',1,2,'',100,1,133,1,'D~O',1,0,'BAS',1,'',0),(52,806,'assa_build_draughtsman','vtiger_buildingplan',1,'15','ass_build_draughtsman','LBL_ASS_BUILD_DRAUGHTSMAN',1,2,'',100,2,133,1,'V~O',1,0,'BAS',1,'',0),(52,807,'surveyors_plan_no','vtiger_buildingplan',1,'1','surveyors_plan_no','LBL_SURVEYOURS_PLAN_NO',1,2,'',100,3,133,1,'V~O',1,0,'BAS',1,'',0),(52,808,'name_of_the_surveyors','vtiger_buildingplan',1,'1','name_of_the_surveyors','LBL_NAME_OF_THE_SURVEYOURS',1,2,'',100,4,133,1,'V~O',1,0,'BAS',1,'',0),(52,809,'date_of_surveyors_plan','vtiger_buildingplan',1,'5','date_of_surveyors_plan','LBL_DATE_OF_THE_SURVEYOURS_PLAN',1,2,'',100,5,133,1,'D~O',1,0,'BAS',1,'',0),(52,810,'area_according_to_zone','vtiger_buildingplan',1,'1','area_according_to_zone','LBL_AREA_ACCORDING_TO_ZONE',1,2,'',100,6,133,1,'V~O',1,0,'BAS',1,'',0),(52,811,'if_there_any_reservation','vtiger_buildingplan',1,'21','if_there_any_reservation','LBL_IF_THERE_ANY_RESERVATION',1,2,'',100,7,133,1,'V~O',1,0,'BAS',1,'',0),(52,812,'sheet_no','vtiger_buildingplan',1,'1','sheet_no','LBL_SHEET_NO',1,2,'',100,8,133,1,'V~O',1,0,'BAS',1,'',0),(52,813,'street_line','vtiger_buildingplan',1,'1','street_line','LBL_STREET_LINE',1,2,'',100,9,133,1,'V~O',1,0,'BAS',1,'',0),(52,814,'building_line','vtiger_buildingplan',1,'1','building_line','LBL_BUILDING_LINE',1,2,'',100,10,133,1,'V~O',1,0,'BAS',1,'',0),(52,815,'ass_build_tech_officer','vtiger_buildingplan',1,'15','ass_build_tech_officer','LBL_ASS_BUILD_TECH_OFFICER',1,2,'',100,1,134,1,'V~O',1,0,'BAS',1,'',0),(52,816,'ass_build_plan_engineer','vtiger_buildingplan',1,'15','ass_build_plan_engineer','LBL_ASS_BUILD_PLAN_ENGINEER',1,2,'',100,2,134,1,'V~O',1,0,'BAS',1,'',0),(52,817,'purpose_of_building','vtiger_buildingplan',1,'15','purpose_of_building','LBL_PURPOSE_OF_BUILDING',1,2,'',100,3,134,1,'V~O',1,0,'BAS',1,'',0),(52,818,'date_of_visit','vtiger_buildingplan',1,'5','date_of_visit','LBL_DATE_OF_VISIT',1,2,'',100,4,134,1,'D~O',1,0,'BAS',1,'',0),(52,819,'plan','vtiger_buildingplan',1,'1','plan','LBL_PLAN',1,2,'',100,1,135,1,'V~M',1,0,'BAS',1,'',0),(52,820,'old_plan','vtiger_buildingplan',1,'1','old_plan','LBL_OLD_PLAN',1,2,'',100,2,135,1,'V~O',1,0,'BAS',1,'',0),(52,821,'deed_copy','vtiger_buildingplan',1,'1','deed_copy','LBL_DEED_COPY',1,2,'',100,3,135,1,'V~O',1,0,'BAS',1,'',0),(52,822,'field_visit_report','vtiger_buildingplan',1,'1','field_visit_report','LBL_FIELD_VISIT_REPORT',1,2,'',100,4,135,1,'V~O',1,0,'BAS',1,'',0),(52,823,'field_visit_comments','vtiger_buildingplan',1,'21','field_visit_comments','LBL_FIELD_VISIT_COMMENTS',1,2,'',100,1,136,1,'V~O',1,0,'BAS',1,'',0),(53,824,'street_plan_status','vtiger_streetline',1,'15','street_plan_status','LBL_STREET_PLAN_STATUS',1,2,'Open',100,4,124,1,'V~M',1,0,'BAS',1,'',0),(53,825,'plan_approved_date','vtiger_streetline',1,'5','plan_approved_date','LBL_PLAN_APPROVED_DATE',1,2,'',100,5,124,1,'D~O',1,0,'BAS',1,'',0),(53,826,'payment_made','vtiger_streetline',1,'56','payment_made','LBL_PAYMENT_MADE',1,2,'',100,6,124,1,'C~O',1,0,'BAS',1,'',0),(53,827,'street','vtiger_streetline',1,'1','street','LBL_STREET',1,2,'',100,1,137,1,'V~O',1,0,'BAS',1,'',0),(53,828,'city','vtiger_streetline',1,'1','city','LBL_CITY',1,2,'',100,2,137,1,'V~O',1,0,'BAS',1,'',0),(53,829,'ward_no','vtiger_streetline',1,'1','ward_no','LBL_WARD_NO',1,2,'',100,3,137,1,'V~O',1,0,'BAS',1,'',0),(53,830,'lot_no','vtiger_streetline',1,'1','lot_no','LBL_LOT_NO',1,2,'',100,4,137,1,'V~O',1,0,'BAS',1,'',0),(53,831,'submitted_date_to_draughtsman','vtiger_streetline',1,'5','submitted_date_to_draughtsman','LBL_SUBMITTED_DATE_TO_DRAUGHTSMAN',1,2,'',100,1,138,1,'D~O',1,0,'BAS',1,'',0),(53,832,'ass_street_draughtsman','vtiger_streetline',1,'15','ass_street_draughtsman','LBL_ASS_STREET_DRAUGHTSMAN',1,2,'',100,2,138,1,'V~O',1,0,'BAS',1,'',0),(53,833,'surveyors_plan_no','vtiger_streetline',1,'1','surveyors_plan_no','LBL_SURVEYOURS_PLAN_NO',1,2,'',100,3,138,1,'V~O',1,0,'BAS',1,'',0),(53,834,'name_of_the_surveyors','vtiger_streetline',1,'1','name_of_the_surveyors','LBL_NAME_OF_THE_SURVEYOURS',1,2,'',100,4,138,1,'V~O',1,0,'BAS',1,'',0),(53,835,'date_of_surveyors_plan','vtiger_streetline',1,'5','date_of_surveyors_plan','LBL_DATE_OF_THE_SURVEYOURS_PLAN',1,2,'',100,5,138,1,'D~O',1,0,'BAS',1,'',0),(53,836,'ass_street_plan_engineer','vtiger_streetline',1,'15','ass_street_plan_engineer','LBL_ASS_STREET_PLAN_ENGINEER',1,2,'',100,6,138,1,'V~O',1,0,'BAS',1,'',0),(53,837,'plan','vtiger_streetline',1,'1','plan','LBL_PLAN',1,2,'',100,1,139,1,'V~M',1,0,'BAS',1,'',0),(53,838,'old_plan','vtiger_streetline',1,'1','old_plan','LBL_OLD_PLAN',1,2,'',100,2,139,1,'V~O',1,0,'BAS',1,'',0),(54,839,'coc_plan_status','vtiger_coc',1,'15','coc_plan_status','LBL_COC_PLAN_STATUS',1,2,'Open',100,4,126,1,'V~M',1,0,'BAS',1,'',0),(54,840,'plan_approved_date','vtiger_coc',1,'5','plan_approved_date','LBL_PLAN_APPROVED_DATE',1,2,'',100,5,126,1,'D~O',1,0,'BAS',1,'',0),(54,841,'date_of_residency','vtiger_coc',1,'5','date_of_residency','LBL_DATE_OF_RESIDENCY',1,2,'',100,6,126,1,'D~O',1,0,'BAS',1,'',0),(54,842,'street','vtiger_coc',1,'1','street','LBL_STREET',1,2,'',100,1,140,1,'V~O',1,0,'BAS',1,'',0),(54,843,'city','vtiger_coc',1,'1','city','LBL_CITY',1,2,'',100,2,140,1,'V~O',1,0,'BAS',1,'',0),(54,844,'ward_no','vtiger_coc',1,'1','ward_no','LBL_WARD_NO',1,2,'',100,3,140,1,'V~O',1,0,'BAS',1,'',0),(54,845,'lot_no','vtiger_coc',1,'1','lot_no','LBL_LOT_NO',1,2,'',100,4,140,1,'V~O',1,0,'BAS',1,'',0),(54,846,'old_coc_number','vtiger_coc',1,'1','old_coc_number','LBL_OLD_COC_NUMBER',1,2,'',100,1,141,1,'V~O',1,0,'BAS',1,'',0),(54,847,'old_coc_date','vtiger_coc',1,'5','old_coc_date','LBL_OLD_COC_DATE',1,2,'',100,2,141,1,'D~O',1,0,'BAS',1,'',0),(54,848,'ass_build_tech_officer','vtiger_coc',1,'15','ass_build_tech_officer','LBL_COC_BUILD_TECH_OFFICER',1,2,'',100,1,142,1,'V~O',1,0,'BAS',1,'',0),(54,849,'coc_plan_engineer','vtiger_coc',1,'15','coc_plan_engineer','LBL_COC_PLAN_ENGINEER',1,2,'',100,2,142,1,'V~O',1,0,'BAS',1,'',0),(54,850,'date_of_visit','vtiger_coc',1,'5','date_of_visit','LBL_DATE_OF_VISIT',1,2,'',100,3,142,1,'D~O',1,0,'BAS',1,'',0),(54,851,'building_plan_approval','vtiger_coc',1,'1','building_plan_approval','LBL_BUILDINGPLAN_APP',1,2,'',100,1,143,1,'V~O',1,0,'BAS',1,'',0),(54,852,'coc_block_plan_approval','vtiger_coc',1,'1','coc_block_plan_approval','LBL_COC_BLOCK_PLAN_APP',1,2,'',100,2,143,1,'V~O',1,0,'BAS',1,'',0),(55,853,'resubmission_no','vtiger_resubmission',1,'4','resubmission_no','LBL_RESUBMISSION_NO',1,2,'',100,1,144,1,'V~O',2,0,'BAS',2,'LBL_RESUBMISSION_NO_INFORESUBMISSION_NO',1),(55,854,'related_to','vtiger_resubmission',1,'10','related_to','LBL_RELATED_TO',1,2,'',100,2,144,1,'V~M',0,0,'BAS',1,'',0),(55,855,'date','vtiger_resubmission',1,'5','date','LBL_DATE',1,2,'',100,3,144,1,'D~M',2,0,'BAS',1,'',1),(55,856,'resubmitted_date','vtiger_resubmission',2,'5','resubmitted_date','LBL_RESUBMITTED_DATE',1,2,'',100,4,144,1,'D~O',2,0,'BAS',1,'',1),(55,857,'reason','vtiger_resubmission',1,'19','reason','LBL_REASON',1,2,'',100,5,144,1,'V~O',2,0,'BAS',1,'',1),(55,858,'smownerid','vtiger_crmentity',1,'53','assigned_user_id','Assigned To',1,2,'',100,1,145,1,'V~M',2,0,'BAS',1,'',1),(55,859,'createdtime','vtiger_crmentity',1,'70','createdtime','Created Time',1,2,'',100,2,145,2,'T~O',0,0,'BAS',0,'',0),(55,860,'modifiedtime','vtiger_crmentity',1,'19','modifiedtime','Modified Time',1,2,'',100,3,145,2,'T~O',0,0,'BAS',0,'',0),(51,861,'file_no','vtiger_blockplan',1,'1','file_no','LBL_FILE_NO',1,2,'',100,7,120,1,'V~O',1,0,'BAS',1,'',0),(52,862,'file_no','vtiger_buildingplan',1,'1','file_no','LBL_FILE_NO',1,2,'',100,7,122,1,'V~O',1,0,'BAS',1,'',0),(53,863,'file_no','vtiger_streetline',1,'1','file_no','LBL_FILE_NO',1,2,'',100,7,124,1,'V~O',1,0,'BAS',1,'',0),(51,864,'division','vtiger_blockplan',1,'15','division','LBL_DIVISION',1,2,'Open',100,8,120,1,'V~M',1,0,'BAS',1,'',0),(52,865,'division','vtiger_buildingplan',1,'15','division','LBL_DIVISION',1,2,'Open',100,8,122,1,'V~M',1,0,'BAS',1,'',0),(53,866,'division','vtiger_streetline',1,'15','division','LBL_DIVISION',1,2,'Open',100,8,124,1,'V~M',1,0,'BAS',1,'',0),(58,907,'nature_of_changes_no','vtiger_natureofchanges',1,'4','nature_of_changes_no','LBL_NATURE_OF_CHANGES_NO',1,2,'',100,1,156,1,'V~M',1,0,'BAS',0,'',0),(58,908,'full_name','vtiger_natureofchanges',1,'2','full_name','LBL_FULL_NAME',1,2,'',100,2,156,1,'V~M',1,0,'BAS',1,'',0),(58,909,'smownerid','vtiger_crmentity',1,'53','assigned_user_id','Assigned To',1,2,'',100,1,157,1,'V~M',0,0,'BAS',1,'',0),(58,910,'createdtime','vtiger_crmentity',1,'70','createdtime','Created Time',1,2,'',100,2,157,2,'T~O',0,0,'BAS',0,'',0),(58,911,'modifiedtime','vtiger_crmentity',1,'19','modifiedtime','Modified Time',1,2,'',100,3,157,2,'T~O',0,0,'BAS',0,'',0),(58,912,'existing_assesment_no','vtiger_natureofchanges',1,'1','existing_assesment_no','LBL_EXISTING_ASSESMENT_NO',1,2,'',100,5,156,1,'V~O',1,0,'BAS',1,'',0),(58,913,'changes_app_file_number','vtiger_natureofchanges',1,'1','changes_app_file_number','LBL_APPLICATION_FILE_NUMBER',1,2,'',100,4,156,1,'V~O',2,0,'BAS',1,'',0),(58,914,'changes_app_phone_number','vtiger_natureofchanges',1,'1','changes_app_phone_number','LBL_APPLICATION_PHONE_NUMBER',1,2,'',100,7,156,1,'V~O',1,0,'BAS',1,'',0),(58,915,'changes_application_status','vtiger_natureofchanges',1,'15','changes_application_status','LBL_APPLICATION_STATUS',1,2,'',100,6,156,1,'V~O',1,0,'BAS',1,'',0),(58,916,'street','vtiger_natureofchanges',1,'1','street','LBL_STREET',1,2,'',100,1,158,1,'V~O',1,0,'BAS',1,'',0),(58,917,'city','vtiger_natureofchanges',1,'1','city','LBL_CITY',1,1,'',100,2,158,1,'V~O',1,0,'BAS',1,'',0),(58,918,'ward_no','vtiger_natureofchanges',1,'1','ward_no','LBL_WARD_NO',1,2,'',100,3,158,1,'V~O',1,0,'BAS',1,'',0),(58,919,'lot_no','vtiger_natureofchanges',1,'1','lot_no','LBL_LOT_NO',1,2,'',100,4,158,1,'V~O',1,0,'BAS',1,'',0),(58,920,'date_of_inspection','vtiger_natureofchanges',1,'5','date_of_inspection','LBL_DATE_OF_INSPECTION',1,2,'',100,1,159,1,'D~O',1,0,'BAS',1,'',0),(58,921,'chng_val_inspector_name','vtiger_natureofchanges',1,'15','chng_val_inspector_name','LBL_VALUATION_INSPECTOR_NAME',1,2,'',100,2,159,1,'V~O',1,0,'BAS',1,'',0),(58,922,'changes_revalue','vtiger_natureofchanges',1,'56','changes_revalue','LBL_VALUATION_REVALUE',1,2,'',100,3,159,1,'C~O',1,0,'BAS',1,'',0),(58,923,'comments_of_accountant','vtiger_natureofchanges',1,'19','comments_of_accountant','LBL_COMMENTS_OF_ACCOUNTANT',1,2,'',100,1,160,1,'V~O',1,0,'BAS',1,'',0),(58,924,'comments_of_commissioner','vtiger_natureofchanges',1,'19','comments_of_commissioner','LBL_COMMENTS_OF_COMMISSIONAR',1,2,'',100,2,160,1,'V~O',1,0,'BAS',1,'',0),(58,925,'LBL_APPROVED_DATE','vtiger_natureofchanges',1,'5','approved_date','LBL_APPROVED_DATE',1,2,'',100,3,160,1,'D~O',1,0,'BAS',1,'',0),(58,926,'approval_assesment_number','vtiger_natureofchanges',1,'999','approval_assesment_number','LBL_APPROVAL_ASSESMENT_NUMBER',1,2,'',100,4,160,1,'V~O',1,0,'BAS',1,'',0),(58,927,'plan','vtiger_natureofchanges',1,'1','plan','LBL_PLAN',1,2,'',100,1,161,1,'V~O',1,0,'BAS',1,'',0),(58,928,'deed_copy','vtiger_natureofchanges',1,'1','deed_copy','LBL_DEED_COPY',1,2,'',100,2,161,1,'V~O',1,0,'BAS',1,'',0),(58,929,'sketch','vtiger_natureofchanges',1,'1','sketch','LBL_SKETCH',1,2,'',100,3,161,1,'V~O',1,0,'BAS',1,'',0),(58,992,'property_owner_name','vtiger_natureofchanges',1,'1','property_owner_name','LBL_PROPERTY_OWNER_NAME',1,2,'',100,3,156,2,'V~O',1,0,'BAS',1,'',0),(58,993,'address','vtiger_natureofchanges',1,'21','address','LBL_ADDRESS',1,2,'',100,5,158,1,'V~O',1,0,'BAS',1,'',0);
/*!40000 ALTER TABLE `vtiger_field` ENABLE KEYS */;
UNLOCK TABLES;

--
-- Table structure for table `vtiger_field_seq`
--

DROP TABLE IF EXISTS `vtiger_field_seq`;
/*!40101 SET @saved_cs_client     = @@character_set_client */;
/*!40101 SET character_set_client = utf8 */;
CREATE TABLE `vtiger_field_seq` (
  `id` int(11) NOT NULL
) ENGINE=InnoDB DEFAULT CHARSET=latin1;
/*!40101 SET character_set_client = @saved_cs_client */;

--
-- Dumping data for table `vtiger_field_seq`
--

LOCK TABLES `vtiger_field_seq` WRITE;
/*!40000 ALTER TABLE `vtiger_field_seq` DISABLE KEYS */;
INSERT INTO `vtiger_field_seq` VALUES (1018);
/*!40000 ALTER TABLE `vtiger_field_seq` ENABLE KEYS */;
UNLOCK TABLES;

--
-- Table structure for table `vtiger_fieldmodulerel`
--

DROP TABLE IF EXISTS `vtiger_fieldmodulerel`;
/*!40101 SET @saved_cs_client     = @@character_set_client */;
/*!40101 SET character_set_client = utf8 */;
CREATE TABLE `vtiger_fieldmodulerel` (
  `fieldid` int(11) NOT NULL,
  `module` varchar(100) NOT NULL,
  `relmodule` varchar(100) NOT NULL,
  `status` varchar(10) DEFAULT NULL,
  `sequence` int(11) DEFAULT NULL
) ENGINE=InnoDB DEFAULT CHARSET=latin1;
/*!40101 SET character_set_client = @saved_cs_client */;

--
-- Dumping data for table `vtiger_fieldmodulerel`
--

LOCK TABLES `vtiger_fieldmodulerel` WRITE;
/*!40000 ALTER TABLE `vtiger_fieldmodulerel` DISABLE KEYS */;
INSERT INTO `vtiger_fieldmodulerel` VALUES (113,'Potentials','Accounts',NULL,0),(552,'PBXManager','Leads',NULL,NULL),(552,'PBXManager','Contacts',NULL,NULL),(552,'PBXManager','Accounts',NULL,NULL),(565,'ServiceContracts','Contacts',NULL,NULL),(565,'ServiceContracts','Accounts',NULL,NULL),(583,'ModComments','Leads',NULL,NULL),(583,'ModComments','Contacts',NULL,NULL),(583,'ModComments','Accounts',NULL,NULL),(585,'ModComments','ModComments',NULL,NULL),(583,'ModComments','Potentials',NULL,NULL),(593,'ProjectMilestone','Project',NULL,NULL),(604,'ProjectTask','Project',NULL,NULL),(583,'ModComments','ProjectTask',NULL,NULL),(622,'Project','Accounts',NULL,NULL),(622,'Project','Contacts',NULL,NULL),(583,'ModComments','Project',NULL,NULL),(634,'Assets','Products',NULL,NULL),(640,'Assets','Invoice',NULL,NULL),(645,'Assets','Accounts',NULL,NULL),(646,'Assets','Contacts',NULL,NULL),(653,'Invoice','Products',NULL,NULL),(653,'Invoice','Services',NULL,NULL),(662,'SalesOrder','Products',NULL,NULL),(662,'SalesOrder','Services',NULL,NULL),(671,'PurchaseOrder','Products',NULL,NULL),(671,'PurchaseOrder','Services',NULL,NULL),(680,'Quotes','Products',NULL,NULL),(680,'Quotes','Services',NULL,NULL),(691,'ModComments','Contacts',NULL,NULL),(583,'ModComments','HelpDesk',NULL,NULL),(583,'ModComments','Faq',NULL,NULL),(717,'Potentials','Contacts',NULL,NULL),(157,'HelpDesk','Accounts',NULL,NULL),(718,'HelpDesk','Contacts',NULL,NULL),(237,'Accounts','Calendar',NULL,NULL),(237,'Leads','Calendar',NULL,NULL),(237,'HelpDesk','Calendar',NULL,NULL),(237,'Campaigns','Calendar',NULL,NULL),(237,'Potentials','Calendar',NULL,NULL),(237,'PurchaseOrder','Calendar',NULL,NULL),(237,'SalesOrder','Calendar',NULL,NULL),(237,'Quotes','Calendar',NULL,NULL),(237,'Invoice','Calendar',NULL,NULL),(238,'Contacts','Calendar',NULL,NULL),(854,'Resubmission','BuildingPlan',NULL,NULL),(854,'Resubmission','Blockplan',NULL,NULL),(854,'Resubmission','StreetLine',NULL,NULL),(854,'Resubmission','Coc',NULL,NULL);
/*!40000 ALTER TABLE `vtiger_fieldmodulerel` ENABLE KEYS */;
UNLOCK TABLES;

--
-- Table structure for table `vtiger_freetagged_objects`
--

DROP TABLE IF EXISTS `vtiger_freetagged_objects`;
/*!40101 SET @saved_cs_client     = @@character_set_client */;
/*!40101 SET character_set_client = utf8 */;
CREATE TABLE `vtiger_freetagged_objects` (
  `tag_id` int(20) NOT NULL DEFAULT '0',
  `tagger_id` int(20) NOT NULL DEFAULT '0',
  `object_id` int(20) NOT NULL DEFAULT '0',
  `tagged_on` timestamp NOT NULL DEFAULT CURRENT_TIMESTAMP ON UPDATE CURRENT_TIMESTAMP,
  `module` varchar(50) NOT NULL DEFAULT '',
  PRIMARY KEY (`tag_id`,`tagger_id`,`object_id`),
  KEY `freetagged_objects_tag_id_tagger_id_object_id_idx` (`tag_id`,`tagger_id`,`object_id`)
) ENGINE=InnoDB DEFAULT CHARSET=latin1;
/*!40101 SET character_set_client = @saved_cs_client */;

--
-- Dumping data for table `vtiger_freetagged_objects`
--

LOCK TABLES `vtiger_freetagged_objects` WRITE;
/*!40000 ALTER TABLE `vtiger_freetagged_objects` DISABLE KEYS */;
/*!40000 ALTER TABLE `vtiger_freetagged_objects` ENABLE KEYS */;
UNLOCK TABLES;

--
-- Table structure for table `vtiger_freetags`
--

DROP TABLE IF EXISTS `vtiger_freetags`;
/*!40101 SET @saved_cs_client     = @@character_set_client */;
/*!40101 SET character_set_client = utf8 */;
CREATE TABLE `vtiger_freetags` (
  `id` int(19) NOT NULL,
  `tag` varchar(50) NOT NULL DEFAULT '',
  `raw_tag` varchar(50) NOT NULL DEFAULT '',
  PRIMARY KEY (`id`)
) ENGINE=InnoDB DEFAULT CHARSET=latin1;
/*!40101 SET character_set_client = @saved_cs_client */;

--
-- Dumping data for table `vtiger_freetags`
--

LOCK TABLES `vtiger_freetags` WRITE;
/*!40000 ALTER TABLE `vtiger_freetags` DISABLE KEYS */;
/*!40000 ALTER TABLE `vtiger_freetags` ENABLE KEYS */;
UNLOCK TABLES;

--
-- Table structure for table `vtiger_freetags_seq`
--

DROP TABLE IF EXISTS `vtiger_freetags_seq`;
/*!40101 SET @saved_cs_client     = @@character_set_client */;
/*!40101 SET character_set_client = utf8 */;
CREATE TABLE `vtiger_freetags_seq` (
  `id` int(11) NOT NULL
) ENGINE=InnoDB DEFAULT CHARSET=latin1;
/*!40101 SET character_set_client = @saved_cs_client */;

--
-- Dumping data for table `vtiger_freetags_seq`
--

LOCK TABLES `vtiger_freetags_seq` WRITE;
/*!40000 ALTER TABLE `vtiger_freetags_seq` DISABLE KEYS */;
INSERT INTO `vtiger_freetags_seq` VALUES (1);
/*!40000 ALTER TABLE `vtiger_freetags_seq` ENABLE KEYS */;
UNLOCK TABLES;

--
-- Table structure for table `vtiger_glacct`
--

DROP TABLE IF EXISTS `vtiger_glacct`;
/*!40101 SET @saved_cs_client     = @@character_set_client */;
/*!40101 SET character_set_client = utf8 */;
CREATE TABLE `vtiger_glacct` (
  `glacctid` int(19) NOT NULL AUTO_INCREMENT,
  `glacct` varchar(200) NOT NULL,
  `presence` int(1) NOT NULL DEFAULT '1',
  `picklist_valueid` int(19) NOT NULL DEFAULT '0',
  `sortorderid` int(11) DEFAULT NULL,
  PRIMARY KEY (`glacctid`),
  UNIQUE KEY `glacct_glacct_idx` (`glacct`)
) ENGINE=InnoDB AUTO_INCREMENT=10 DEFAULT CHARSET=latin1;
/*!40101 SET character_set_client = @saved_cs_client */;

--
-- Dumping data for table `vtiger_glacct`
--

LOCK TABLES `vtiger_glacct` WRITE;
/*!40000 ALTER TABLE `vtiger_glacct` DISABLE KEYS */;
INSERT INTO `vtiger_glacct` VALUES (1,'300-Sales-Software',1,51,0),(2,'301-Sales-Hardware',1,52,1),(3,'302-Rental-Income',1,53,2),(4,'303-Interest-Income',1,54,3),(5,'304-Sales-Software-Support',1,55,4),(6,'305-Sales Other',1,56,5),(7,'306-Internet Sales',1,57,6),(8,'307-Service-Hardware Labor',1,58,7),(9,'308-Sales-Books',1,59,8);
/*!40000 ALTER TABLE `vtiger_glacct` ENABLE KEYS */;
UNLOCK TABLES;

--
-- Table structure for table `vtiger_glacct_seq`
--

DROP TABLE IF EXISTS `vtiger_glacct_seq`;
/*!40101 SET @saved_cs_client     = @@character_set_client */;
/*!40101 SET character_set_client = utf8 */;
CREATE TABLE `vtiger_glacct_seq` (
  `id` int(11) NOT NULL
) ENGINE=InnoDB DEFAULT CHARSET=latin1;
/*!40101 SET character_set_client = @saved_cs_client */;

--
-- Dumping data for table `vtiger_glacct_seq`
--

LOCK TABLES `vtiger_glacct_seq` WRITE;
/*!40000 ALTER TABLE `vtiger_glacct_seq` DISABLE KEYS */;
INSERT INTO `vtiger_glacct_seq` VALUES (9);
/*!40000 ALTER TABLE `vtiger_glacct_seq` ENABLE KEYS */;
UNLOCK TABLES;

--
-- Table structure for table `vtiger_google_oauth2`
--

DROP TABLE IF EXISTS `vtiger_google_oauth2`;
/*!40101 SET @saved_cs_client     = @@character_set_client */;
/*!40101 SET character_set_client = utf8 */;
CREATE TABLE `vtiger_google_oauth2` (
  `service` varchar(20) DEFAULT NULL,
  `access_token` varchar(500) DEFAULT NULL,
  `refresh_token` varchar(500) DEFAULT NULL,
  `userid` int(19) DEFAULT NULL
) ENGINE=InnoDB DEFAULT CHARSET=utf8;
/*!40101 SET character_set_client = @saved_cs_client */;

--
-- Dumping data for table `vtiger_google_oauth2`
--

LOCK TABLES `vtiger_google_oauth2` WRITE;
/*!40000 ALTER TABLE `vtiger_google_oauth2` DISABLE KEYS */;
/*!40000 ALTER TABLE `vtiger_google_oauth2` ENABLE KEYS */;
UNLOCK TABLES;

--
-- Table structure for table `vtiger_google_sync_fieldmapping`
--

DROP TABLE IF EXISTS `vtiger_google_sync_fieldmapping`;
/*!40101 SET @saved_cs_client     = @@character_set_client */;
/*!40101 SET character_set_client = utf8 */;
CREATE TABLE `vtiger_google_sync_fieldmapping` (
  `vtiger_field` varchar(255) DEFAULT NULL,
  `google_field` varchar(255) DEFAULT NULL,
  `google_field_type` varchar(255) DEFAULT NULL,
  `google_custom_label` varchar(255) DEFAULT NULL,
  `user` int(11) DEFAULT NULL
) ENGINE=InnoDB DEFAULT CHARSET=latin1;
/*!40101 SET character_set_client = @saved_cs_client */;

--
-- Dumping data for table `vtiger_google_sync_fieldmapping`
--

LOCK TABLES `vtiger_google_sync_fieldmapping` WRITE;
/*!40000 ALTER TABLE `vtiger_google_sync_fieldmapping` DISABLE KEYS */;
/*!40000 ALTER TABLE `vtiger_google_sync_fieldmapping` ENABLE KEYS */;
UNLOCK TABLES;

--
-- Table structure for table `vtiger_google_sync_settings`
--

DROP TABLE IF EXISTS `vtiger_google_sync_settings`;
/*!40101 SET @saved_cs_client     = @@character_set_client */;
/*!40101 SET character_set_client = utf8 */;
CREATE TABLE `vtiger_google_sync_settings` (
  `user` int(11) DEFAULT NULL,
  `module` varchar(50) DEFAULT NULL,
  `clientgroup` varchar(255) DEFAULT NULL,
  `direction` varchar(50) DEFAULT NULL
) ENGINE=InnoDB DEFAULT CHARSET=latin1;
/*!40101 SET character_set_client = @saved_cs_client */;

--
-- Dumping data for table `vtiger_google_sync_settings`
--

LOCK TABLES `vtiger_google_sync_settings` WRITE;
/*!40000 ALTER TABLE `vtiger_google_sync_settings` DISABLE KEYS */;
/*!40000 ALTER TABLE `vtiger_google_sync_settings` ENABLE KEYS */;
UNLOCK TABLES;

--
-- Table structure for table `vtiger_group2grouprel`
--

DROP TABLE IF EXISTS `vtiger_group2grouprel`;
/*!40101 SET @saved_cs_client     = @@character_set_client */;
/*!40101 SET character_set_client = utf8 */;
CREATE TABLE `vtiger_group2grouprel` (
  `groupid` int(19) NOT NULL,
  `containsgroupid` int(19) NOT NULL,
  PRIMARY KEY (`groupid`,`containsgroupid`)
) ENGINE=InnoDB DEFAULT CHARSET=latin1;
/*!40101 SET character_set_client = @saved_cs_client */;

--
-- Dumping data for table `vtiger_group2grouprel`
--

LOCK TABLES `vtiger_group2grouprel` WRITE;
/*!40000 ALTER TABLE `vtiger_group2grouprel` DISABLE KEYS */;
/*!40000 ALTER TABLE `vtiger_group2grouprel` ENABLE KEYS */;
UNLOCK TABLES;

--
-- Table structure for table `vtiger_group2role`
--

DROP TABLE IF EXISTS `vtiger_group2role`;
/*!40101 SET @saved_cs_client     = @@character_set_client */;
/*!40101 SET character_set_client = utf8 */;
CREATE TABLE `vtiger_group2role` (
  `groupid` int(19) NOT NULL,
  `roleid` varchar(255) NOT NULL,
  PRIMARY KEY (`groupid`,`roleid`)
) ENGINE=InnoDB DEFAULT CHARSET=latin1;
/*!40101 SET character_set_client = @saved_cs_client */;

--
-- Dumping data for table `vtiger_group2role`
--

LOCK TABLES `vtiger_group2role` WRITE;
/*!40000 ALTER TABLE `vtiger_group2role` DISABLE KEYS */;
/*!40000 ALTER TABLE `vtiger_group2role` ENABLE KEYS */;
UNLOCK TABLES;

--
-- Table structure for table `vtiger_group2rs`
--

DROP TABLE IF EXISTS `vtiger_group2rs`;
/*!40101 SET @saved_cs_client     = @@character_set_client */;
/*!40101 SET character_set_client = utf8 */;
CREATE TABLE `vtiger_group2rs` (
  `groupid` int(19) NOT NULL,
  `roleandsubid` varchar(255) NOT NULL,
  PRIMARY KEY (`groupid`,`roleandsubid`)
) ENGINE=InnoDB DEFAULT CHARSET=latin1;
/*!40101 SET character_set_client = @saved_cs_client */;

--
-- Dumping data for table `vtiger_group2rs`
--

LOCK TABLES `vtiger_group2rs` WRITE;
/*!40000 ALTER TABLE `vtiger_group2rs` DISABLE KEYS */;
/*!40000 ALTER TABLE `vtiger_group2rs` ENABLE KEYS */;
UNLOCK TABLES;

--
-- Table structure for table `vtiger_groups`
--

DROP TABLE IF EXISTS `vtiger_groups`;
/*!40101 SET @saved_cs_client     = @@character_set_client */;
/*!40101 SET character_set_client = utf8 */;
CREATE TABLE `vtiger_groups` (
  `groupid` int(19) NOT NULL,
  `groupname` varchar(100) DEFAULT NULL,
  `description` text,
  PRIMARY KEY (`groupid`),
  UNIQUE KEY `groups_groupname_idx` (`groupname`)
) ENGINE=InnoDB DEFAULT CHARSET=latin1;
/*!40101 SET character_set_client = @saved_cs_client */;

--
-- Dumping data for table `vtiger_groups`
--

LOCK TABLES `vtiger_groups` WRITE;
/*!40000 ALTER TABLE `vtiger_groups` DISABLE KEYS */;
INSERT INTO `vtiger_groups` VALUES (2,'Team Selling','Group Related to Sales'),(3,'Marketing Group','Group Related to Marketing Activities'),(4,'Support Group','Group Related to providing Support to Customers');
/*!40000 ALTER TABLE `vtiger_groups` ENABLE KEYS */;
UNLOCK TABLES;

--
-- Table structure for table `vtiger_home_layout`
--

DROP TABLE IF EXISTS `vtiger_home_layout`;
/*!40101 SET @saved_cs_client     = @@character_set_client */;
/*!40101 SET character_set_client = utf8 */;
CREATE TABLE `vtiger_home_layout` (
  `userid` int(19) NOT NULL,
  `layout` int(19) NOT NULL DEFAULT '4',
  PRIMARY KEY (`userid`)
) ENGINE=InnoDB DEFAULT CHARSET=latin1;
/*!40101 SET character_set_client = @saved_cs_client */;

--
-- Dumping data for table `vtiger_home_layout`
--

LOCK TABLES `vtiger_home_layout` WRITE;
/*!40000 ALTER TABLE `vtiger_home_layout` DISABLE KEYS */;
/*!40000 ALTER TABLE `vtiger_home_layout` ENABLE KEYS */;
UNLOCK TABLES;

--
-- Table structure for table `vtiger_homedashbd`
--

DROP TABLE IF EXISTS `vtiger_homedashbd`;
/*!40101 SET @saved_cs_client     = @@character_set_client */;
/*!40101 SET character_set_client = utf8 */;
CREATE TABLE `vtiger_homedashbd` (
  `stuffid` int(19) NOT NULL DEFAULT '0',
  `dashbdname` varchar(100) DEFAULT NULL,
  `dashbdtype` varchar(100) DEFAULT NULL,
  PRIMARY KEY (`stuffid`),
  KEY `stuff_stuffid_idx` (`stuffid`)
) ENGINE=InnoDB DEFAULT CHARSET=latin1;
/*!40101 SET character_set_client = @saved_cs_client */;

--
-- Dumping data for table `vtiger_homedashbd`
--

LOCK TABLES `vtiger_homedashbd` WRITE;
/*!40000 ALTER TABLE `vtiger_homedashbd` DISABLE KEYS */;
/*!40000 ALTER TABLE `vtiger_homedashbd` ENABLE KEYS */;
UNLOCK TABLES;

--
-- Table structure for table `vtiger_homedefault`
--

DROP TABLE IF EXISTS `vtiger_homedefault`;
/*!40101 SET @saved_cs_client     = @@character_set_client */;
/*!40101 SET character_set_client = utf8 */;
CREATE TABLE `vtiger_homedefault` (
  `stuffid` int(19) NOT NULL DEFAULT '0',
  `hometype` varchar(30) NOT NULL,
  `maxentries` int(19) DEFAULT NULL,
  `setype` varchar(30) DEFAULT NULL,
  PRIMARY KEY (`stuffid`),
  KEY `stuff_stuffid_idx` (`stuffid`)
) ENGINE=InnoDB DEFAULT CHARSET=latin1;
/*!40101 SET character_set_client = @saved_cs_client */;

--
-- Dumping data for table `vtiger_homedefault`
--

LOCK TABLES `vtiger_homedefault` WRITE;
/*!40000 ALTER TABLE `vtiger_homedefault` DISABLE KEYS */;
INSERT INTO `vtiger_homedefault` VALUES (1,'ALVT',5,'Accounts'),(2,'HDB',5,'Dashboard'),(3,'PLVT',5,'Potentials'),(4,'QLTQ',5,'Quotes'),(5,'CVLVT',5,'NULL'),(6,'HLT',5,'HelpDesk'),(7,'UA',5,'Calendar'),(8,'GRT',5,'NULL'),(9,'OLTSO',5,'SalesOrder'),(10,'ILTI',5,'Invoice'),(11,'MNL',5,'Leads'),(12,'OLTPO',5,'PurchaseOrder'),(13,'PA',5,'Calendar'),(14,'LTFAQ',5,'Faq'),(16,'ALVT',5,'Accounts'),(17,'HDB',5,'Dashboard'),(18,'PLVT',5,'Potentials'),(19,'QLTQ',5,'Quotes'),(20,'CVLVT',5,'NULL'),(21,'HLT',5,'HelpDesk'),(22,'UA',5,'Calendar'),(23,'GRT',5,'NULL'),(24,'OLTSO',5,'SalesOrder'),(25,'ILTI',5,'Invoice'),(26,'MNL',5,'Leads'),(27,'OLTPO',5,'PurchaseOrder'),(28,'PA',5,'Calendar'),(29,'LTFAQ',5,'Faq'),(31,'ALVT',5,'Accounts'),(32,'HDB',5,'Dashboard'),(33,'PLVT',5,'Potentials'),(34,'QLTQ',5,'Quotes'),(35,'CVLVT',5,'NULL'),(36,'HLT',5,'HelpDesk'),(37,'UA',5,'Calendar'),(38,'GRT',5,'NULL'),(39,'OLTSO',5,'SalesOrder'),(40,'ILTI',5,'Invoice'),(41,'MNL',5,'Leads'),(42,'OLTPO',5,'PurchaseOrder'),(43,'PA',5,'Calendar'),(44,'LTFAQ',5,'Faq'),(46,'ALVT',5,'Accounts'),(47,'HDB',5,'Dashboard'),(48,'PLVT',5,'Potentials'),(49,'QLTQ',5,'Quotes'),(50,'CVLVT',5,'NULL'),(51,'HLT',5,'HelpDesk'),(52,'UA',5,'Calendar'),(53,'GRT',5,'NULL'),(54,'OLTSO',5,'SalesOrder'),(55,'ILTI',5,'Invoice'),(56,'MNL',5,'Leads'),(57,'OLTPO',5,'PurchaseOrder'),(58,'PA',5,'Calendar'),(59,'LTFAQ',5,'Faq'),(61,'ALVT',5,'Accounts'),(62,'HDB',5,'Dashboard'),(63,'PLVT',5,'Potentials'),(64,'QLTQ',5,'Quotes'),(65,'CVLVT',5,'NULL'),(66,'HLT',5,'HelpDesk'),(67,'UA',5,'Calendar'),(68,'GRT',5,'NULL'),(69,'OLTSO',5,'SalesOrder'),(70,'ILTI',5,'Invoice'),(71,'MNL',5,'Leads'),(72,'OLTPO',5,'PurchaseOrder'),(73,'PA',5,'Calendar'),(74,'LTFAQ',5,'Faq'),(76,'ALVT',5,'Accounts'),(77,'HDB',5,'Dashboard'),(78,'PLVT',5,'Potentials'),(79,'QLTQ',5,'Quotes'),(80,'CVLVT',5,'NULL'),(81,'HLT',5,'HelpDesk'),(82,'UA',5,'Calendar'),(83,'GRT',5,'NULL'),(84,'OLTSO',5,'SalesOrder'),(85,'ILTI',5,'Invoice'),(86,'MNL',5,'Leads'),(87,'OLTPO',5,'PurchaseOrder'),(88,'PA',5,'Calendar'),(89,'LTFAQ',5,'Faq'),(91,'ALVT',5,'Accounts'),(92,'HDB',5,'Dashboard'),(93,'PLVT',5,'Potentials'),(94,'QLTQ',5,'Quotes'),(95,'CVLVT',5,'NULL'),(96,'HLT',5,'HelpDesk'),(97,'UA',5,'Calendar'),(98,'GRT',5,'NULL'),(99,'OLTSO',5,'SalesOrder'),(100,'ILTI',5,'Invoice'),(101,'MNL',5,'Leads'),(102,'OLTPO',5,'PurchaseOrder'),(103,'PA',5,'Calendar'),(104,'LTFAQ',5,'Faq'),(106,'ALVT',5,'Accounts'),(107,'HDB',5,'Dashboard'),(108,'PLVT',5,'Potentials'),(109,'QLTQ',5,'Quotes'),(110,'CVLVT',5,'NULL'),(111,'HLT',5,'HelpDesk'),(112,'UA',5,'Calendar'),(113,'GRT',5,'NULL'),(114,'OLTSO',5,'SalesOrder'),(115,'ILTI',5,'Invoice'),(116,'MNL',5,'Leads'),(117,'OLTPO',5,'PurchaseOrder'),(118,'PA',5,'Calendar'),(119,'LTFAQ',5,'Faq'),(121,'ALVT',5,'Accounts'),(122,'HDB',5,'Dashboard'),(123,'PLVT',5,'Potentials'),(124,'QLTQ',5,'Quotes'),(125,'CVLVT',5,'NULL'),(126,'HLT',5,'HelpDesk'),(127,'UA',5,'Calendar'),(128,'GRT',5,'NULL'),(129,'OLTSO',5,'SalesOrder'),(130,'ILTI',5,'Invoice'),(131,'MNL',5,'Leads'),(132,'OLTPO',5,'PurchaseOrder'),(133,'PA',5,'Calendar'),(134,'LTFAQ',5,'Faq'),(136,'ALVT',5,'Accounts'),(137,'HDB',5,'Dashboard'),(138,'PLVT',5,'Potentials'),(139,'QLTQ',5,'Quotes'),(140,'CVLVT',5,'NULL'),(141,'HLT',5,'HelpDesk'),(142,'UA',5,'Calendar'),(143,'GRT',5,'NULL'),(144,'OLTSO',5,'SalesOrder'),(145,'ILTI',5,'Invoice'),(146,'MNL',5,'Leads'),(147,'OLTPO',5,'PurchaseOrder'),(148,'PA',5,'Calendar'),(149,'LTFAQ',5,'Faq'),(151,'ALVT',5,'Accounts'),(152,'HDB',5,'Dashboard'),(153,'PLVT',5,'Potentials'),(154,'QLTQ',5,'Quotes'),(155,'CVLVT',5,'NULL'),(156,'HLT',5,'HelpDesk'),(157,'UA',5,'Calendar'),(158,'GRT',5,'NULL'),(159,'OLTSO',5,'SalesOrder'),(160,'ILTI',5,'Invoice'),(161,'MNL',5,'Leads'),(162,'OLTPO',5,'PurchaseOrder'),(163,'PA',5,'Calendar'),(164,'LTFAQ',5,'Faq'),(166,'ALVT',5,'Accounts'),(167,'HDB',5,'Dashboard'),(168,'PLVT',5,'Potentials'),(169,'QLTQ',5,'Quotes'),(170,'CVLVT',5,'NULL'),(171,'HLT',5,'HelpDesk'),(172,'UA',5,'Calendar'),(173,'GRT',5,'NULL'),(174,'OLTSO',5,'SalesOrder'),(175,'ILTI',5,'Invoice'),(176,'MNL',5,'Leads'),(177,'OLTPO',5,'PurchaseOrder'),(178,'PA',5,'Calendar'),(179,'LTFAQ',5,'Faq'),(181,'ALVT',5,'Accounts'),(182,'HDB',5,'Dashboard'),(183,'PLVT',5,'Potentials'),(184,'QLTQ',5,'Quotes'),(185,'CVLVT',5,'NULL'),(186,'HLT',5,'HelpDesk'),(187,'UA',5,'Calendar'),(188,'GRT',5,'NULL'),(189,'OLTSO',5,'SalesOrder'),(190,'ILTI',5,'Invoice'),(191,'MNL',5,'Leads'),(192,'OLTPO',5,'PurchaseOrder'),(193,'PA',5,'Calendar'),(194,'LTFAQ',5,'Faq');
/*!40000 ALTER TABLE `vtiger_homedefault` ENABLE KEYS */;
UNLOCK TABLES;

--
-- Table structure for table `vtiger_homemodule`
--

DROP TABLE IF EXISTS `vtiger_homemodule`;
/*!40101 SET @saved_cs_client     = @@character_set_client */;
/*!40101 SET character_set_client = utf8 */;
CREATE TABLE `vtiger_homemodule` (
  `stuffid` int(19) NOT NULL,
  `modulename` varchar(100) DEFAULT NULL,
  `maxentries` int(19) NOT NULL,
  `customviewid` int(19) NOT NULL,
  `setype` varchar(30) NOT NULL,
  PRIMARY KEY (`stuffid`),
  KEY `stuff_stuffid_idx` (`stuffid`)
) ENGINE=InnoDB DEFAULT CHARSET=latin1;
/*!40101 SET character_set_client = @saved_cs_client */;

--
-- Dumping data for table `vtiger_homemodule`
--

LOCK TABLES `vtiger_homemodule` WRITE;
/*!40000 ALTER TABLE `vtiger_homemodule` DISABLE KEYS */;
/*!40000 ALTER TABLE `vtiger_homemodule` ENABLE KEYS */;
UNLOCK TABLES;

--
-- Table structure for table `vtiger_homemoduleflds`
--

DROP TABLE IF EXISTS `vtiger_homemoduleflds`;
/*!40101 SET @saved_cs_client     = @@character_set_client */;
/*!40101 SET character_set_client = utf8 */;
CREATE TABLE `vtiger_homemoduleflds` (
  `stuffid` int(19) DEFAULT NULL,
  `fieldname` varchar(100) DEFAULT NULL,
  KEY `stuff_stuffid_idx` (`stuffid`)
) ENGINE=InnoDB DEFAULT CHARSET=latin1;
/*!40101 SET character_set_client = @saved_cs_client */;

--
-- Dumping data for table `vtiger_homemoduleflds`
--

LOCK TABLES `vtiger_homemoduleflds` WRITE;
/*!40000 ALTER TABLE `vtiger_homemoduleflds` DISABLE KEYS */;
/*!40000 ALTER TABLE `vtiger_homemoduleflds` ENABLE KEYS */;
UNLOCK TABLES;

--
-- Table structure for table `vtiger_homereportchart`
--

DROP TABLE IF EXISTS `vtiger_homereportchart`;
/*!40101 SET @saved_cs_client     = @@character_set_client */;
/*!40101 SET character_set_client = utf8 */;
CREATE TABLE `vtiger_homereportchart` (
  `stuffid` int(11) NOT NULL,
  `reportid` int(19) DEFAULT NULL,
  `reportcharttype` varchar(100) DEFAULT NULL,
  PRIMARY KEY (`stuffid`)
) ENGINE=InnoDB DEFAULT CHARSET=latin1;
/*!40101 SET character_set_client = @saved_cs_client */;

--
-- Dumping data for table `vtiger_homereportchart`
--

LOCK TABLES `vtiger_homereportchart` WRITE;
/*!40000 ALTER TABLE `vtiger_homereportchart` DISABLE KEYS */;
/*!40000 ALTER TABLE `vtiger_homereportchart` ENABLE KEYS */;
UNLOCK TABLES;

--
-- Table structure for table `vtiger_homerss`
--

DROP TABLE IF EXISTS `vtiger_homerss`;
/*!40101 SET @saved_cs_client     = @@character_set_client */;
/*!40101 SET character_set_client = utf8 */;
CREATE TABLE `vtiger_homerss` (
  `stuffid` int(19) NOT NULL DEFAULT '0',
  `url` varchar(100) DEFAULT NULL,
  `maxentries` int(19) NOT NULL,
  PRIMARY KEY (`stuffid`),
  KEY `stuff_stuffid_idx` (`stuffid`)
) ENGINE=InnoDB DEFAULT CHARSET=latin1;
/*!40101 SET character_set_client = @saved_cs_client */;

--
-- Dumping data for table `vtiger_homerss`
--

LOCK TABLES `vtiger_homerss` WRITE;
/*!40000 ALTER TABLE `vtiger_homerss` DISABLE KEYS */;
/*!40000 ALTER TABLE `vtiger_homerss` ENABLE KEYS */;
UNLOCK TABLES;

--
-- Table structure for table `vtiger_homestuff`
--

DROP TABLE IF EXISTS `vtiger_homestuff`;
/*!40101 SET @saved_cs_client     = @@character_set_client */;
/*!40101 SET character_set_client = utf8 */;
CREATE TABLE `vtiger_homestuff` (
  `stuffid` int(19) NOT NULL DEFAULT '0',
  `stuffsequence` int(19) NOT NULL DEFAULT '0',
  `stufftype` varchar(100) DEFAULT NULL,
  `userid` int(19) NOT NULL,
  `visible` int(10) NOT NULL DEFAULT '0',
  `stufftitle` varchar(100) DEFAULT NULL,
  PRIMARY KEY (`stuffid`),
  KEY `stuff_stuffid_idx` (`stuffid`)
) ENGINE=InnoDB DEFAULT CHARSET=latin1;
/*!40101 SET character_set_client = @saved_cs_client */;

--
-- Dumping data for table `vtiger_homestuff`
--

LOCK TABLES `vtiger_homestuff` WRITE;
/*!40000 ALTER TABLE `vtiger_homestuff` DISABLE KEYS */;
INSERT INTO `vtiger_homestuff` VALUES (1,1,'Default',1,1,'Top Accounts'),(2,2,'Default',1,1,'Home Page Dashboard'),(3,3,'Default',1,1,'Top Potentials'),(4,4,'Default',1,1,'Top Quotes'),(5,5,'Default',1,1,'Key Metrics'),(6,6,'Default',1,1,'Top Trouble Tickets'),(7,7,'Default',1,1,'Upcoming Activities'),(8,8,'Default',1,1,'My Group Allocation'),(9,9,'Default',1,1,'Top Sales Orders'),(10,10,'Default',1,1,'Top Invoices'),(11,11,'Default',1,1,'My New Leads'),(12,12,'Default',1,1,'Top Purchase Orders'),(13,13,'Default',1,1,'Pending Activities'),(14,14,'Default',1,1,'My Recent FAQs'),(15,15,'Tag Cloud',1,0,'Tag Cloud'),(16,1,'Default',5,1,'Top Accounts'),(17,2,'Default',5,1,'Home Page Dashboard'),(18,3,'Default',5,1,'Top Potentials'),(19,4,'Default',5,1,'Top Quotes'),(20,5,'Default',5,1,'Key Metrics'),(21,6,'Default',5,1,'Top Trouble Tickets'),(22,7,'Default',5,1,'Upcoming Activities'),(23,8,'Default',5,1,'My Group Allocation'),(24,9,'Default',5,1,'Top Sales Orders'),(25,10,'Default',5,1,'Top Invoices'),(26,11,'Default',5,1,'My New Leads'),(27,12,'Default',5,1,'Top Purchase Orders'),(28,13,'Default',5,1,'Pending Activities'),(29,14,'Default',5,1,'My Recent FAQs'),(30,15,'Tag Cloud',5,0,'Tag Cloud'),(31,1,'Default',6,1,'Top Accounts'),(32,2,'Default',6,1,'Home Page Dashboard'),(33,3,'Default',6,1,'Top Potentials'),(34,4,'Default',6,1,'Top Quotes'),(35,5,'Default',6,1,'Key Metrics'),(36,6,'Default',6,1,'Top Trouble Tickets'),(37,7,'Default',6,1,'Upcoming Activities'),(38,8,'Default',6,1,'My Group Allocation'),(39,9,'Default',6,1,'Top Sales Orders'),(40,10,'Default',6,1,'Top Invoices'),(41,11,'Default',6,1,'My New Leads'),(42,12,'Default',6,1,'Top Purchase Orders'),(43,13,'Default',6,1,'Pending Activities'),(44,14,'Default',6,1,'My Recent FAQs'),(45,15,'Tag Cloud',6,0,'Tag Cloud'),(46,1,'Default',7,1,'Top Accounts'),(47,2,'Default',7,1,'Home Page Dashboard'),(48,3,'Default',7,1,'Top Potentials'),(49,4,'Default',7,1,'Top Quotes'),(50,5,'Default',7,1,'Key Metrics'),(51,6,'Default',7,1,'Top Trouble Tickets'),(52,7,'Default',7,1,'Upcoming Activities'),(53,8,'Default',7,1,'My Group Allocation'),(54,9,'Default',7,1,'Top Sales Orders'),(55,10,'Default',7,1,'Top Invoices'),(56,11,'Default',7,1,'My New Leads'),(57,12,'Default',7,1,'Top Purchase Orders'),(58,13,'Default',7,1,'Pending Activities'),(59,14,'Default',7,1,'My Recent FAQs'),(60,15,'Tag Cloud',7,0,'Tag Cloud'),(61,1,'Default',8,1,'Top Accounts'),(62,2,'Default',8,1,'Home Page Dashboard'),(63,3,'Default',8,1,'Top Potentials'),(64,4,'Default',8,1,'Top Quotes'),(65,5,'Default',8,1,'Key Metrics'),(66,6,'Default',8,1,'Top Trouble Tickets'),(67,7,'Default',8,1,'Upcoming Activities'),(68,8,'Default',8,1,'My Group Allocation'),(69,9,'Default',8,1,'Top Sales Orders'),(70,10,'Default',8,1,'Top Invoices'),(71,11,'Default',8,1,'My New Leads'),(72,12,'Default',8,1,'Top Purchase Orders'),(73,13,'Default',8,1,'Pending Activities'),(74,14,'Default',8,1,'My Recent FAQs'),(75,15,'Tag Cloud',8,0,'Tag Cloud'),(166,1,'Default',15,1,'Top Accounts'),(167,2,'Default',15,1,'Home Page Dashboard'),(168,3,'Default',15,1,'Top Potentials'),(169,4,'Default',15,1,'Top Quotes'),(170,5,'Default',15,1,'Key Metrics'),(171,6,'Default',15,1,'Top Trouble Tickets'),(172,7,'Default',15,1,'Upcoming Activities'),(173,8,'Default',15,1,'My Group Allocation'),(174,9,'Default',15,1,'Top Sales Orders'),(175,10,'Default',15,1,'Top Invoices'),(176,11,'Default',15,1,'My New Leads'),(177,12,'Default',15,1,'Top Purchase Orders'),(178,13,'Default',15,1,'Pending Activities'),(179,14,'Default',15,1,'My Recent FAQs'),(180,15,'Tag Cloud',15,0,'Tag Cloud'),(181,1,'Default',16,1,'Top Accounts'),(182,2,'Default',16,1,'Home Page Dashboard'),(183,3,'Default',16,1,'Top Potentials'),(184,4,'Default',16,1,'Top Quotes'),(185,5,'Default',16,1,'Key Metrics'),(186,6,'Default',16,1,'Top Trouble Tickets'),(187,7,'Default',16,1,'Upcoming Activities'),(188,8,'Default',16,1,'My Group Allocation'),(189,9,'Default',16,1,'Top Sales Orders'),(190,10,'Default',16,1,'Top Invoices'),(191,11,'Default',16,1,'My New Leads'),(192,12,'Default',16,1,'Top Purchase Orders'),(193,13,'Default',16,1,'Pending Activities'),(194,14,'Default',16,1,'My Recent FAQs'),(195,15,'Tag Cloud',16,0,'Tag Cloud');
/*!40000 ALTER TABLE `vtiger_homestuff` ENABLE KEYS */;
UNLOCK TABLES;

--
-- Table structure for table `vtiger_homestuff_seq`
--

DROP TABLE IF EXISTS `vtiger_homestuff_seq`;
/*!40101 SET @saved_cs_client     = @@character_set_client */;
/*!40101 SET character_set_client = utf8 */;
CREATE TABLE `vtiger_homestuff_seq` (
  `id` int(11) NOT NULL
) ENGINE=InnoDB DEFAULT CHARSET=latin1;
/*!40101 SET character_set_client = @saved_cs_client */;

--
-- Dumping data for table `vtiger_homestuff_seq`
--

LOCK TABLES `vtiger_homestuff_seq` WRITE;
/*!40000 ALTER TABLE `vtiger_homestuff_seq` DISABLE KEYS */;
INSERT INTO `vtiger_homestuff_seq` VALUES (195);
/*!40000 ALTER TABLE `vtiger_homestuff_seq` ENABLE KEYS */;
UNLOCK TABLES;

--
-- Table structure for table `vtiger_hour_format`
--

DROP TABLE IF EXISTS `vtiger_hour_format`;
/*!40101 SET @saved_cs_client     = @@character_set_client */;
/*!40101 SET character_set_client = utf8 */;
CREATE TABLE `vtiger_hour_format` (
  `hour_formatid` int(11) NOT NULL AUTO_INCREMENT,
  `hour_format` varchar(200) NOT NULL,
  `sortorderid` int(11) DEFAULT NULL,
  `presence` int(11) NOT NULL DEFAULT '1',
  PRIMARY KEY (`hour_formatid`)
) ENGINE=InnoDB AUTO_INCREMENT=3 DEFAULT CHARSET=utf8;
/*!40101 SET character_set_client = @saved_cs_client */;

--
-- Dumping data for table `vtiger_hour_format`
--

LOCK TABLES `vtiger_hour_format` WRITE;
/*!40000 ALTER TABLE `vtiger_hour_format` DISABLE KEYS */;
INSERT INTO `vtiger_hour_format` VALUES (1,'12',1,1),(2,'24',2,1);
/*!40000 ALTER TABLE `vtiger_hour_format` ENABLE KEYS */;
UNLOCK TABLES;

--
-- Table structure for table `vtiger_hour_format_seq`
--

DROP TABLE IF EXISTS `vtiger_hour_format_seq`;
/*!40101 SET @saved_cs_client     = @@character_set_client */;
/*!40101 SET character_set_client = utf8 */;
CREATE TABLE `vtiger_hour_format_seq` (
  `id` int(11) NOT NULL
) ENGINE=InnoDB DEFAULT CHARSET=latin1;
/*!40101 SET character_set_client = @saved_cs_client */;

--
-- Dumping data for table `vtiger_hour_format_seq`
--

LOCK TABLES `vtiger_hour_format_seq` WRITE;
/*!40000 ALTER TABLE `vtiger_hour_format_seq` DISABLE KEYS */;
INSERT INTO `vtiger_hour_format_seq` VALUES (2);
/*!40000 ALTER TABLE `vtiger_hour_format_seq` ENABLE KEYS */;
UNLOCK TABLES;

--
-- Table structure for table `vtiger_import_locks`
--

DROP TABLE IF EXISTS `vtiger_import_locks`;
/*!40101 SET @saved_cs_client     = @@character_set_client */;
/*!40101 SET character_set_client = utf8 */;
CREATE TABLE `vtiger_import_locks` (
  `vtiger_import_lock_id` int(11) NOT NULL,
  `userid` int(11) NOT NULL,
  `tabid` int(11) NOT NULL,
  `importid` int(11) NOT NULL,
  `locked_since` datetime DEFAULT NULL,
  PRIMARY KEY (`vtiger_import_lock_id`)
) ENGINE=InnoDB DEFAULT CHARSET=utf8;
/*!40101 SET character_set_client = @saved_cs_client */;

--
-- Dumping data for table `vtiger_import_locks`
--

LOCK TABLES `vtiger_import_locks` WRITE;
/*!40000 ALTER TABLE `vtiger_import_locks` DISABLE KEYS */;
/*!40000 ALTER TABLE `vtiger_import_locks` ENABLE KEYS */;
UNLOCK TABLES;

--
-- Table structure for table `vtiger_import_maps`
--

DROP TABLE IF EXISTS `vtiger_import_maps`;
/*!40101 SET @saved_cs_client     = @@character_set_client */;
/*!40101 SET character_set_client = utf8 */;
CREATE TABLE `vtiger_import_maps` (
  `id` int(19) NOT NULL AUTO_INCREMENT,
  `name` varchar(36) NOT NULL,
  `module` varchar(36) NOT NULL,
  `content` longblob,
  `has_header` int(1) NOT NULL DEFAULT '1',
  `deleted` int(1) NOT NULL DEFAULT '0',
  `date_entered` timestamp NOT NULL DEFAULT CURRENT_TIMESTAMP ON UPDATE CURRENT_TIMESTAMP,
  `date_modified` datetime DEFAULT NULL,
  `assigned_user_id` varchar(36) DEFAULT NULL,
  `is_published` varchar(3) NOT NULL DEFAULT 'no',
  PRIMARY KEY (`id`),
  KEY `import_maps_assigned_user_id_module_name_deleted_idx` (`assigned_user_id`,`module`,`name`,`deleted`)
) ENGINE=InnoDB DEFAULT CHARSET=latin1;
/*!40101 SET character_set_client = @saved_cs_client */;

--
-- Dumping data for table `vtiger_import_maps`
--

LOCK TABLES `vtiger_import_maps` WRITE;
/*!40000 ALTER TABLE `vtiger_import_maps` DISABLE KEYS */;
/*!40000 ALTER TABLE `vtiger_import_maps` ENABLE KEYS */;
UNLOCK TABLES;

--
-- Table structure for table `vtiger_import_queue`
--

DROP TABLE IF EXISTS `vtiger_import_queue`;
/*!40101 SET @saved_cs_client     = @@character_set_client */;
/*!40101 SET character_set_client = utf8 */;
CREATE TABLE `vtiger_import_queue` (
  `importid` int(11) NOT NULL,
  `userid` int(11) NOT NULL,
  `tabid` int(11) NOT NULL,
  `field_mapping` text,
  `default_values` text,
  `merge_type` int(11) DEFAULT NULL,
  `merge_fields` text,
  `status` int(11) DEFAULT '0',
  PRIMARY KEY (`importid`)
) ENGINE=InnoDB DEFAULT CHARSET=utf8;
/*!40101 SET character_set_client = @saved_cs_client */;

--
-- Dumping data for table `vtiger_import_queue`
--

LOCK TABLES `vtiger_import_queue` WRITE;
/*!40000 ALTER TABLE `vtiger_import_queue` DISABLE KEYS */;
/*!40000 ALTER TABLE `vtiger_import_queue` ENABLE KEYS */;
UNLOCK TABLES;

--
-- Table structure for table `vtiger_industry`
--

DROP TABLE IF EXISTS `vtiger_industry`;
/*!40101 SET @saved_cs_client     = @@character_set_client */;
/*!40101 SET character_set_client = utf8 */;
CREATE TABLE `vtiger_industry` (
  `industryid` int(19) NOT NULL AUTO_INCREMENT,
  `industry` varchar(200) NOT NULL,
  `presence` int(1) NOT NULL DEFAULT '1',
  `picklist_valueid` int(19) NOT NULL DEFAULT '0',
  `sortorderid` int(11) DEFAULT NULL,
  PRIMARY KEY (`industryid`),
  UNIQUE KEY `industry_industry_idx` (`industry`)
) ENGINE=InnoDB AUTO_INCREMENT=33 DEFAULT CHARSET=latin1;
/*!40101 SET character_set_client = @saved_cs_client */;

--
-- Dumping data for table `vtiger_industry`
--

LOCK TABLES `vtiger_industry` WRITE;
/*!40000 ALTER TABLE `vtiger_industry` DISABLE KEYS */;
INSERT INTO `vtiger_industry` VALUES (2,'Apparel',1,61,1),(3,'Banking',1,62,2),(4,'Biotechnology',1,63,3),(5,'Chemicals',1,64,4),(6,'Communications',1,65,5),(7,'Construction',1,66,6),(8,'Consulting',1,67,7),(9,'Education',1,68,8),(10,'Electronics',1,69,9),(11,'Energy',1,70,10),(12,'Engineering',1,71,11),(13,'Entertainment',1,72,12),(14,'Environmental',1,73,13),(15,'Finance',1,74,14),(16,'Food & Beverage',1,75,15),(17,'Government',1,76,16),(18,'Healthcare',1,77,17),(19,'Hospitality',1,78,18),(20,'Insurance',1,79,19),(21,'Machinery',1,80,20),(22,'Manufacturing',1,81,21),(23,'Media',1,82,22),(24,'Not For Profit',1,83,23),(25,'Recreation',1,84,24),(26,'Retail',1,85,25),(27,'Shipping',1,86,26),(28,'Technology',1,87,27),(29,'Telecommunications',1,88,28),(30,'Transportation',1,89,29),(31,'Utilities',1,90,30),(32,'Other',1,91,31);
/*!40000 ALTER TABLE `vtiger_industry` ENABLE KEYS */;
UNLOCK TABLES;

--
-- Table structure for table `vtiger_industry_seq`
--

DROP TABLE IF EXISTS `vtiger_industry_seq`;
/*!40101 SET @saved_cs_client     = @@character_set_client */;
/*!40101 SET character_set_client = utf8 */;
CREATE TABLE `vtiger_industry_seq` (
  `id` int(11) NOT NULL
) ENGINE=InnoDB DEFAULT CHARSET=latin1;
/*!40101 SET character_set_client = @saved_cs_client */;

--
-- Dumping data for table `vtiger_industry_seq`
--

LOCK TABLES `vtiger_industry_seq` WRITE;
/*!40000 ALTER TABLE `vtiger_industry_seq` DISABLE KEYS */;
INSERT INTO `vtiger_industry_seq` VALUES (32);
/*!40000 ALTER TABLE `vtiger_industry_seq` ENABLE KEYS */;
UNLOCK TABLES;

--
-- Table structure for table `vtiger_inventory_tandc`
--

DROP TABLE IF EXISTS `vtiger_inventory_tandc`;
/*!40101 SET @saved_cs_client     = @@character_set_client */;
/*!40101 SET character_set_client = utf8 */;
CREATE TABLE `vtiger_inventory_tandc` (
  `id` int(19) NOT NULL,
  `type` varchar(30) NOT NULL,
  `tandc` text,
  PRIMARY KEY (`id`)
) ENGINE=InnoDB DEFAULT CHARSET=latin1;
/*!40101 SET character_set_client = @saved_cs_client */;

--
-- Dumping data for table `vtiger_inventory_tandc`
--

LOCK TABLES `vtiger_inventory_tandc` WRITE;
/*!40000 ALTER TABLE `vtiger_inventory_tandc` DISABLE KEYS */;
INSERT INTO `vtiger_inventory_tandc` VALUES (1,'Inventory','\n - Unless otherwise agreed in writing by the supplier all invoices are payable within thirty (30) days of the date of invoice, in the currency of the invoice, drawn on a bank based in India or by such other method as is agreed in advance by the Supplier.\n\n - All prices are not inclusive of VAT which shall be payable in addition by the Customer at the applicable rate.');
/*!40000 ALTER TABLE `vtiger_inventory_tandc` ENABLE KEYS */;
UNLOCK TABLES;

--
-- Table structure for table `vtiger_inventory_tandc_seq`
--

DROP TABLE IF EXISTS `vtiger_inventory_tandc_seq`;
/*!40101 SET @saved_cs_client     = @@character_set_client */;
/*!40101 SET character_set_client = utf8 */;
CREATE TABLE `vtiger_inventory_tandc_seq` (
  `id` int(11) NOT NULL
) ENGINE=InnoDB DEFAULT CHARSET=latin1;
/*!40101 SET character_set_client = @saved_cs_client */;

--
-- Dumping data for table `vtiger_inventory_tandc_seq`
--

LOCK TABLES `vtiger_inventory_tandc_seq` WRITE;
/*!40000 ALTER TABLE `vtiger_inventory_tandc_seq` DISABLE KEYS */;
INSERT INTO `vtiger_inventory_tandc_seq` VALUES (1);
/*!40000 ALTER TABLE `vtiger_inventory_tandc_seq` ENABLE KEYS */;
UNLOCK TABLES;

--
-- Table structure for table `vtiger_inventorynotification`
--

DROP TABLE IF EXISTS `vtiger_inventorynotification`;
/*!40101 SET @saved_cs_client     = @@character_set_client */;
/*!40101 SET character_set_client = utf8 */;
CREATE TABLE `vtiger_inventorynotification` (
  `notificationid` int(19) NOT NULL AUTO_INCREMENT,
  `notificationname` varchar(200) DEFAULT NULL,
  `notificationsubject` varchar(200) DEFAULT NULL,
  `notificationbody` text,
  `label` varchar(50) DEFAULT NULL,
  `status` varchar(30) DEFAULT NULL,
  PRIMARY KEY (`notificationid`)
) ENGINE=InnoDB AUTO_INCREMENT=4 DEFAULT CHARSET=latin1;
/*!40101 SET character_set_client = @saved_cs_client */;

--
-- Dumping data for table `vtiger_inventorynotification`
--

LOCK TABLES `vtiger_inventorynotification` WRITE;
/*!40000 ALTER TABLE `vtiger_inventorynotification` DISABLE KEYS */;
INSERT INTO `vtiger_inventorynotification` VALUES (1,'InvoiceNotification','{PRODUCTNAME} Stock Level is Low','Dear {HANDLER},\n\nThe current stock of {PRODUCTNAME} in our warehouse is {CURRENTSTOCK}. Kindly procure required number of units as the stock level is below reorder level {REORDERLEVELVALUE}.\n\nPlease treat this information as Urgent as the invoice is already sent  to the customer.\n\nSeverity: Critical\n\nThanks,\n{CURRENTUSER} ','InvoiceNotificationDescription',NULL),(2,'QuoteNotification','Quote given for {PRODUCTNAME}','Dear {HANDLER},\n\nQuote is generated for {QUOTEQUANTITY} units of {PRODUCTNAME}. The current stock of {PRODUCTNAME} in our warehouse is {CURRENTSTOCK}.\n\nSeverity: Minor\n\nThanks,\n{CURRENTUSER} ','QuoteNotificationDescription',NULL),(3,'SalesOrderNotification','Sales Order generated for {PRODUCTNAME}','Dear {HANDLER},\n\nSalesOrder is generated for {SOQUANTITY} units of {PRODUCTNAME}. The current stock of {PRODUCTNAME} in our warehouse is {CURRENTSTOCK}.\n\nPlease treat this information  with priority as the sales order is already generated.\n\nSeverity: Major\n\nThanks,\n{CURRENTUSER} ','SalesOrderNotificationDescription',NULL);
/*!40000 ALTER TABLE `vtiger_inventorynotification` ENABLE KEYS */;
UNLOCK TABLES;

--
-- Table structure for table `vtiger_inventorynotification_seq`
--

DROP TABLE IF EXISTS `vtiger_inventorynotification_seq`;
/*!40101 SET @saved_cs_client     = @@character_set_client */;
/*!40101 SET character_set_client = utf8 */;
CREATE TABLE `vtiger_inventorynotification_seq` (
  `id` int(11) NOT NULL
) ENGINE=InnoDB DEFAULT CHARSET=latin1;
/*!40101 SET character_set_client = @saved_cs_client */;

--
-- Dumping data for table `vtiger_inventorynotification_seq`
--

LOCK TABLES `vtiger_inventorynotification_seq` WRITE;
/*!40000 ALTER TABLE `vtiger_inventorynotification_seq` DISABLE KEYS */;
INSERT INTO `vtiger_inventorynotification_seq` VALUES (3);
/*!40000 ALTER TABLE `vtiger_inventorynotification_seq` ENABLE KEYS */;
UNLOCK TABLES;

--
-- Table structure for table `vtiger_inventoryproductrel`
--

DROP TABLE IF EXISTS `vtiger_inventoryproductrel`;
/*!40101 SET @saved_cs_client     = @@character_set_client */;
/*!40101 SET character_set_client = utf8 */;
CREATE TABLE `vtiger_inventoryproductrel` (
  `id` int(19) DEFAULT NULL,
  `productid` int(19) DEFAULT NULL,
  `sequence_no` int(4) DEFAULT NULL,
  `quantity` decimal(25,3) DEFAULT NULL,
  `listprice` decimal(27,8) DEFAULT NULL,
  `discount_percent` decimal(7,3) DEFAULT NULL,
  `discount_amount` decimal(27,8) DEFAULT NULL,
  `comment` text,
  `description` text,
  `incrementondel` int(11) NOT NULL DEFAULT '0',
  `lineitem_id` int(11) NOT NULL AUTO_INCREMENT,
  `tax1` decimal(7,3) DEFAULT NULL,
  `tax2` decimal(7,3) DEFAULT NULL,
  `tax3` decimal(7,3) DEFAULT NULL,
  PRIMARY KEY (`lineitem_id`),
  KEY `inventoryproductrel_id_idx` (`id`),
  KEY `inventoryproductrel_productid_idx` (`productid`)
) ENGINE=InnoDB DEFAULT CHARSET=latin1;
/*!40101 SET character_set_client = @saved_cs_client */;

--
-- Dumping data for table `vtiger_inventoryproductrel`
--

LOCK TABLES `vtiger_inventoryproductrel` WRITE;
/*!40000 ALTER TABLE `vtiger_inventoryproductrel` DISABLE KEYS */;
/*!40000 ALTER TABLE `vtiger_inventoryproductrel` ENABLE KEYS */;
UNLOCK TABLES;

--
-- Table structure for table `vtiger_inventoryproductrel_seq`
--

DROP TABLE IF EXISTS `vtiger_inventoryproductrel_seq`;
/*!40101 SET @saved_cs_client     = @@character_set_client */;
/*!40101 SET character_set_client = utf8 */;
CREATE TABLE `vtiger_inventoryproductrel_seq` (
  `id` int(11) NOT NULL
) ENGINE=InnoDB DEFAULT CHARSET=latin1;
/*!40101 SET character_set_client = @saved_cs_client */;

--
-- Dumping data for table `vtiger_inventoryproductrel_seq`
--

LOCK TABLES `vtiger_inventoryproductrel_seq` WRITE;
/*!40000 ALTER TABLE `vtiger_inventoryproductrel_seq` DISABLE KEYS */;
INSERT INTO `vtiger_inventoryproductrel_seq` VALUES (1);
/*!40000 ALTER TABLE `vtiger_inventoryproductrel_seq` ENABLE KEYS */;
UNLOCK TABLES;

--
-- Table structure for table `vtiger_inventoryshippingrel`
--

DROP TABLE IF EXISTS `vtiger_inventoryshippingrel`;
/*!40101 SET @saved_cs_client     = @@character_set_client */;
/*!40101 SET character_set_client = utf8 */;
CREATE TABLE `vtiger_inventoryshippingrel` (
  `id` int(19) DEFAULT NULL,
  `shtax1` decimal(7,3) DEFAULT NULL,
  `shtax2` decimal(7,3) DEFAULT NULL,
  `shtax3` decimal(7,3) DEFAULT NULL,
  KEY `inventoryishippingrel_id_idx` (`id`)
) ENGINE=InnoDB DEFAULT CHARSET=latin1;
/*!40101 SET character_set_client = @saved_cs_client */;

--
-- Dumping data for table `vtiger_inventoryshippingrel`
--

LOCK TABLES `vtiger_inventoryshippingrel` WRITE;
/*!40000 ALTER TABLE `vtiger_inventoryshippingrel` DISABLE KEYS */;
/*!40000 ALTER TABLE `vtiger_inventoryshippingrel` ENABLE KEYS */;
UNLOCK TABLES;

--
-- Table structure for table `vtiger_inventorysubproductrel`
--

DROP TABLE IF EXISTS `vtiger_inventorysubproductrel`;
/*!40101 SET @saved_cs_client     = @@character_set_client */;
/*!40101 SET character_set_client = utf8 */;
CREATE TABLE `vtiger_inventorysubproductrel` (
  `id` int(19) NOT NULL,
  `sequence_no` int(10) NOT NULL,
  `productid` int(19) NOT NULL
) ENGINE=InnoDB DEFAULT CHARSET=latin1;
/*!40101 SET character_set_client = @saved_cs_client */;

--
-- Dumping data for table `vtiger_inventorysubproductrel`
--

LOCK TABLES `vtiger_inventorysubproductrel` WRITE;
/*!40000 ALTER TABLE `vtiger_inventorysubproductrel` DISABLE KEYS */;
/*!40000 ALTER TABLE `vtiger_inventorysubproductrel` ENABLE KEYS */;
UNLOCK TABLES;

--
-- Table structure for table `vtiger_inventorytaxinfo`
--

DROP TABLE IF EXISTS `vtiger_inventorytaxinfo`;
/*!40101 SET @saved_cs_client     = @@character_set_client */;
/*!40101 SET character_set_client = utf8 */;
CREATE TABLE `vtiger_inventorytaxinfo` (
  `taxid` int(3) NOT NULL,
  `taxname` varchar(50) DEFAULT NULL,
  `taxlabel` varchar(50) DEFAULT NULL,
  `percentage` decimal(7,3) DEFAULT NULL,
  `deleted` int(1) DEFAULT NULL,
  PRIMARY KEY (`taxid`),
  KEY `inventorytaxinfo_taxname_idx` (`taxname`)
) ENGINE=InnoDB DEFAULT CHARSET=latin1;
/*!40101 SET character_set_client = @saved_cs_client */;

--
-- Dumping data for table `vtiger_inventorytaxinfo`
--

LOCK TABLES `vtiger_inventorytaxinfo` WRITE;
/*!40000 ALTER TABLE `vtiger_inventorytaxinfo` DISABLE KEYS */;
INSERT INTO `vtiger_inventorytaxinfo` VALUES (1,'tax1','VAT',4.500,0),(2,'tax2','Sales',10.000,0),(3,'tax3','Service',12.500,0);
/*!40000 ALTER TABLE `vtiger_inventorytaxinfo` ENABLE KEYS */;
UNLOCK TABLES;

--
-- Table structure for table `vtiger_inventorytaxinfo_seq`
--

DROP TABLE IF EXISTS `vtiger_inventorytaxinfo_seq`;
/*!40101 SET @saved_cs_client     = @@character_set_client */;
/*!40101 SET character_set_client = utf8 */;
CREATE TABLE `vtiger_inventorytaxinfo_seq` (
  `id` int(11) NOT NULL
) ENGINE=InnoDB DEFAULT CHARSET=latin1;
/*!40101 SET character_set_client = @saved_cs_client */;

--
-- Dumping data for table `vtiger_inventorytaxinfo_seq`
--

LOCK TABLES `vtiger_inventorytaxinfo_seq` WRITE;
/*!40000 ALTER TABLE `vtiger_inventorytaxinfo_seq` DISABLE KEYS */;
INSERT INTO `vtiger_inventorytaxinfo_seq` VALUES (3);
/*!40000 ALTER TABLE `vtiger_inventorytaxinfo_seq` ENABLE KEYS */;
UNLOCK TABLES;

--
-- Table structure for table `vtiger_invitees`
--

DROP TABLE IF EXISTS `vtiger_invitees`;
/*!40101 SET @saved_cs_client     = @@character_set_client */;
/*!40101 SET character_set_client = utf8 */;
CREATE TABLE `vtiger_invitees` (
  `activityid` int(19) NOT NULL,
  `inviteeid` int(19) NOT NULL,
  PRIMARY KEY (`activityid`,`inviteeid`)
) ENGINE=InnoDB DEFAULT CHARSET=latin1;
/*!40101 SET character_set_client = @saved_cs_client */;

--
-- Dumping data for table `vtiger_invitees`
--

LOCK TABLES `vtiger_invitees` WRITE;
/*!40000 ALTER TABLE `vtiger_invitees` DISABLE KEYS */;
/*!40000 ALTER TABLE `vtiger_invitees` ENABLE KEYS */;
UNLOCK TABLES;

--
-- Table structure for table `vtiger_invoice`
--

DROP TABLE IF EXISTS `vtiger_invoice`;
/*!40101 SET @saved_cs_client     = @@character_set_client */;
/*!40101 SET character_set_client = utf8 */;
CREATE TABLE `vtiger_invoice` (
  `invoiceid` int(19) NOT NULL DEFAULT '0',
  `subject` varchar(100) DEFAULT NULL,
  `salesorderid` int(19) DEFAULT NULL,
  `customerno` varchar(100) DEFAULT NULL,
  `contactid` int(19) DEFAULT NULL,
  `notes` varchar(100) DEFAULT NULL,
  `invoicedate` date DEFAULT NULL,
  `duedate` date DEFAULT NULL,
  `invoiceterms` varchar(100) DEFAULT NULL,
  `type` varchar(100) DEFAULT NULL,
  `adjustment` decimal(25,8) DEFAULT NULL,
  `salescommission` decimal(25,3) DEFAULT NULL,
  `exciseduty` decimal(25,3) DEFAULT NULL,
  `subtotal` decimal(25,8) DEFAULT NULL,
  `total` decimal(25,8) DEFAULT NULL,
  `taxtype` varchar(25) DEFAULT NULL,
  `discount_percent` decimal(25,3) DEFAULT NULL,
  `discount_amount` decimal(25,8) DEFAULT NULL,
  `s_h_amount` decimal(25,8) DEFAULT NULL,
  `shipping` varchar(100) DEFAULT NULL,
  `accountid` int(19) DEFAULT NULL,
  `terms_conditions` text,
  `purchaseorder` varchar(200) DEFAULT NULL,
  `invoicestatus` varchar(200) DEFAULT NULL,
  `invoice_no` varchar(100) DEFAULT NULL,
  `currency_id` int(19) NOT NULL DEFAULT '1',
  `conversion_rate` decimal(10,3) NOT NULL DEFAULT '1.000',
  `pre_tax_total` decimal(25,8) DEFAULT NULL,
  `received` decimal(25,8) DEFAULT NULL,
  `balance` decimal(25,8) DEFAULT NULL,
  `s_h_percent` int(11) DEFAULT NULL,
  PRIMARY KEY (`invoiceid`),
  KEY `invoice_purchaseorderid_idx` (`invoiceid`)
) ENGINE=InnoDB DEFAULT CHARSET=latin1;
/*!40101 SET character_set_client = @saved_cs_client */;

--
-- Dumping data for table `vtiger_invoice`
--

LOCK TABLES `vtiger_invoice` WRITE;
/*!40000 ALTER TABLE `vtiger_invoice` DISABLE KEYS */;
/*!40000 ALTER TABLE `vtiger_invoice` ENABLE KEYS */;
UNLOCK TABLES;

--
-- Table structure for table `vtiger_invoice_recurring_info`
--

DROP TABLE IF EXISTS `vtiger_invoice_recurring_info`;
/*!40101 SET @saved_cs_client     = @@character_set_client */;
/*!40101 SET character_set_client = utf8 */;
CREATE TABLE `vtiger_invoice_recurring_info` (
  `salesorderid` int(11) NOT NULL,
  `recurring_frequency` varchar(200) DEFAULT NULL,
  `start_period` date DEFAULT NULL,
  `end_period` date DEFAULT NULL,
  `last_recurring_date` date DEFAULT NULL,
  `payment_duration` varchar(200) DEFAULT NULL,
  `invoice_status` varchar(200) DEFAULT NULL,
  PRIMARY KEY (`salesorderid`)
) ENGINE=InnoDB DEFAULT CHARSET=latin1;
/*!40101 SET character_set_client = @saved_cs_client */;

--
-- Dumping data for table `vtiger_invoice_recurring_info`
--

LOCK TABLES `vtiger_invoice_recurring_info` WRITE;
/*!40000 ALTER TABLE `vtiger_invoice_recurring_info` DISABLE KEYS */;
/*!40000 ALTER TABLE `vtiger_invoice_recurring_info` ENABLE KEYS */;
UNLOCK TABLES;

--
-- Table structure for table `vtiger_invoicebillads`
--

DROP TABLE IF EXISTS `vtiger_invoicebillads`;
/*!40101 SET @saved_cs_client     = @@character_set_client */;
/*!40101 SET character_set_client = utf8 */;
CREATE TABLE `vtiger_invoicebillads` (
  `invoicebilladdressid` int(19) NOT NULL DEFAULT '0',
  `bill_city` varchar(30) DEFAULT NULL,
  `bill_code` varchar(30) DEFAULT NULL,
  `bill_country` varchar(30) DEFAULT NULL,
  `bill_state` varchar(30) DEFAULT NULL,
  `bill_street` varchar(250) DEFAULT NULL,
  `bill_pobox` varchar(30) DEFAULT NULL,
  PRIMARY KEY (`invoicebilladdressid`)
) ENGINE=InnoDB DEFAULT CHARSET=latin1;
/*!40101 SET character_set_client = @saved_cs_client */;

--
-- Dumping data for table `vtiger_invoicebillads`
--

LOCK TABLES `vtiger_invoicebillads` WRITE;
/*!40000 ALTER TABLE `vtiger_invoicebillads` DISABLE KEYS */;
/*!40000 ALTER TABLE `vtiger_invoicebillads` ENABLE KEYS */;
UNLOCK TABLES;

--
-- Table structure for table `vtiger_invoicecf`
--

DROP TABLE IF EXISTS `vtiger_invoicecf`;
/*!40101 SET @saved_cs_client     = @@character_set_client */;
/*!40101 SET character_set_client = utf8 */;
CREATE TABLE `vtiger_invoicecf` (
  `invoiceid` int(19) NOT NULL DEFAULT '0',
  PRIMARY KEY (`invoiceid`)
) ENGINE=InnoDB DEFAULT CHARSET=latin1;
/*!40101 SET character_set_client = @saved_cs_client */;

--
-- Dumping data for table `vtiger_invoicecf`
--

LOCK TABLES `vtiger_invoicecf` WRITE;
/*!40000 ALTER TABLE `vtiger_invoicecf` DISABLE KEYS */;
/*!40000 ALTER TABLE `vtiger_invoicecf` ENABLE KEYS */;
UNLOCK TABLES;

--
-- Table structure for table `vtiger_invoiceshipads`
--

DROP TABLE IF EXISTS `vtiger_invoiceshipads`;
/*!40101 SET @saved_cs_client     = @@character_set_client */;
/*!40101 SET character_set_client = utf8 */;
CREATE TABLE `vtiger_invoiceshipads` (
  `invoiceshipaddressid` int(19) NOT NULL DEFAULT '0',
  `ship_city` varchar(30) DEFAULT NULL,
  `ship_code` varchar(30) DEFAULT NULL,
  `ship_country` varchar(30) DEFAULT NULL,
  `ship_state` varchar(30) DEFAULT NULL,
  `ship_street` varchar(250) DEFAULT NULL,
  `ship_pobox` varchar(30) DEFAULT NULL,
  PRIMARY KEY (`invoiceshipaddressid`)
) ENGINE=InnoDB DEFAULT CHARSET=latin1;
/*!40101 SET character_set_client = @saved_cs_client */;

--
-- Dumping data for table `vtiger_invoiceshipads`
--

LOCK TABLES `vtiger_invoiceshipads` WRITE;
/*!40000 ALTER TABLE `vtiger_invoiceshipads` DISABLE KEYS */;
/*!40000 ALTER TABLE `vtiger_invoiceshipads` ENABLE KEYS */;
UNLOCK TABLES;

--
-- Table structure for table `vtiger_invoicestatus`
--

DROP TABLE IF EXISTS `vtiger_invoicestatus`;
/*!40101 SET @saved_cs_client     = @@character_set_client */;
/*!40101 SET character_set_client = utf8 */;
CREATE TABLE `vtiger_invoicestatus` (
  `invoicestatusid` int(19) NOT NULL AUTO_INCREMENT,
  `invoicestatus` varchar(200) NOT NULL,
  `presence` int(1) NOT NULL DEFAULT '1',
  `picklist_valueid` int(19) NOT NULL DEFAULT '0',
  `sortorderid` int(11) DEFAULT NULL,
  PRIMARY KEY (`invoicestatusid`),
  UNIQUE KEY `invoicestatus_invoiestatus_idx` (`invoicestatus`)
) ENGINE=InnoDB AUTO_INCREMENT=8 DEFAULT CHARSET=latin1;
/*!40101 SET character_set_client = @saved_cs_client */;

--
-- Dumping data for table `vtiger_invoicestatus`
--

LOCK TABLES `vtiger_invoicestatus` WRITE;
/*!40000 ALTER TABLE `vtiger_invoicestatus` DISABLE KEYS */;
INSERT INTO `vtiger_invoicestatus` VALUES (1,'AutoCreated',0,92,0),(2,'Created',0,93,1),(3,'Approved',0,94,2),(4,'Sent',0,95,3),(5,'Credit Invoice',0,96,4),(6,'Paid',0,97,5),(7,'Cancel',1,288,1);
/*!40000 ALTER TABLE `vtiger_invoicestatus` ENABLE KEYS */;
UNLOCK TABLES;

--
-- Table structure for table `vtiger_invoicestatus_seq`
--

DROP TABLE IF EXISTS `vtiger_invoicestatus_seq`;
/*!40101 SET @saved_cs_client     = @@character_set_client */;
/*!40101 SET character_set_client = utf8 */;
CREATE TABLE `vtiger_invoicestatus_seq` (
  `id` int(11) NOT NULL
) ENGINE=InnoDB DEFAULT CHARSET=latin1;
/*!40101 SET character_set_client = @saved_cs_client */;

--
-- Dumping data for table `vtiger_invoicestatus_seq`
--

LOCK TABLES `vtiger_invoicestatus_seq` WRITE;
/*!40000 ALTER TABLE `vtiger_invoicestatus_seq` DISABLE KEYS */;
INSERT INTO `vtiger_invoicestatus_seq` VALUES (7);
/*!40000 ALTER TABLE `vtiger_invoicestatus_seq` ENABLE KEYS */;
UNLOCK TABLES;

--
-- Table structure for table `vtiger_invoicestatushistory`
--

DROP TABLE IF EXISTS `vtiger_invoicestatushistory`;
/*!40101 SET @saved_cs_client     = @@character_set_client */;
/*!40101 SET character_set_client = utf8 */;
CREATE TABLE `vtiger_invoicestatushistory` (
  `historyid` int(19) NOT NULL AUTO_INCREMENT,
  `invoiceid` int(19) NOT NULL,
  `accountname` varchar(100) DEFAULT NULL,
  `total` decimal(10,0) DEFAULT NULL,
  `invoicestatus` varchar(200) DEFAULT NULL,
  `lastmodified` datetime DEFAULT NULL,
  PRIMARY KEY (`historyid`),
  KEY `invoicestatushistory_invoiceid_idx` (`invoiceid`)
) ENGINE=InnoDB DEFAULT CHARSET=latin1;
/*!40101 SET character_set_client = @saved_cs_client */;

--
-- Dumping data for table `vtiger_invoicestatushistory`
--

LOCK TABLES `vtiger_invoicestatushistory` WRITE;
/*!40000 ALTER TABLE `vtiger_invoicestatushistory` DISABLE KEYS */;
/*!40000 ALTER TABLE `vtiger_invoicestatushistory` ENABLE KEYS */;
UNLOCK TABLES;

--
-- Table structure for table `vtiger_language`
--

DROP TABLE IF EXISTS `vtiger_language`;
/*!40101 SET @saved_cs_client     = @@character_set_client */;
/*!40101 SET character_set_client = utf8 */;
CREATE TABLE `vtiger_language` (
  `id` int(11) NOT NULL AUTO_INCREMENT,
  `name` varchar(50) DEFAULT NULL,
  `prefix` varchar(10) DEFAULT NULL,
  `label` varchar(30) DEFAULT NULL,
  `lastupdated` datetime DEFAULT NULL,
  `sequence` int(11) DEFAULT NULL,
  `isdefault` int(1) DEFAULT NULL,
  `active` int(1) DEFAULT NULL,
  PRIMARY KEY (`id`)
) ENGINE=InnoDB AUTO_INCREMENT=17 DEFAULT CHARSET=latin1;
/*!40101 SET character_set_client = @saved_cs_client */;

--
-- Dumping data for table `vtiger_language`
--

LOCK TABLES `vtiger_language` WRITE;
/*!40000 ALTER TABLE `vtiger_language` DISABLE KEYS */;
INSERT INTO `vtiger_language` VALUES (1,'English','en_us','US English','2017-02-20 10:34:45',NULL,1,1),(2,'Arabic','ar_ae','Arabic','2017-02-20 10:49:40',NULL,0,1),(3,'Turkce','tr_tr','Turkce Dil Paketi','2017-02-20 10:43:15',NULL,0,1),(5,'Dutch','nl_nl','NL-Dutch','2017-02-20 10:43:15',NULL,0,1),(6,'Spanish','es_es','ES Spanish','2017-02-20 10:43:15',NULL,0,1),(7,'Brazilian','pt_br','PT Brasil','2017-02-20 10:45:01',NULL,0,1),(8,'Swedish','sv_se','Swedish','2017-02-20 10:49:40',NULL,0,1),(9,'Pack de langue franais','fr_fr','Pack de langue franais','2017-02-20 10:45:01',NULL,0,1),(10,'Italian','it_it','IT Italian','2017-02-20 10:44:46',NULL,0,1),(11,'British English','en_gb','British English','2017-02-20 10:44:50',NULL,0,1),(12,'Hungarian','hu_hu','HU Magyar','2017-02-20 10:44:51',NULL,0,1),(13,'Russian','ru_ru','Russian','2017-02-20 10:44:51',NULL,0,1),(14,'Mexican Spanish','es_mx','ES Mexico','2017-02-20 10:44:51',NULL,0,1),(15,'Deutsch','de_de','DE Deutsch','2017-02-20 10:44:51',NULL,0,1),(16,'Romana','ro_ro','Romana','2017-02-20 10:45:01',NULL,0,1);
/*!40000 ALTER TABLE `vtiger_language` ENABLE KEYS */;
UNLOCK TABLES;

--
-- Table structure for table `vtiger_language_seq`
--

DROP TABLE IF EXISTS `vtiger_language_seq`;
/*!40101 SET @saved_cs_client     = @@character_set_client */;
/*!40101 SET character_set_client = utf8 */;
CREATE TABLE `vtiger_language_seq` (
  `id` int(11) NOT NULL
) ENGINE=InnoDB DEFAULT CHARSET=latin1;
/*!40101 SET character_set_client = @saved_cs_client */;

--
-- Dumping data for table `vtiger_language_seq`
--

LOCK TABLES `vtiger_language_seq` WRITE;
/*!40000 ALTER TABLE `vtiger_language_seq` DISABLE KEYS */;
INSERT INTO `vtiger_language_seq` VALUES (17);
/*!40000 ALTER TABLE `vtiger_language_seq` ENABLE KEYS */;
UNLOCK TABLES;

--
-- Table structure for table `vtiger_lead_view`
--

DROP TABLE IF EXISTS `vtiger_lead_view`;
/*!40101 SET @saved_cs_client     = @@character_set_client */;
/*!40101 SET character_set_client = utf8 */;
CREATE TABLE `vtiger_lead_view` (
  `lead_viewid` int(19) NOT NULL AUTO_INCREMENT,
  `lead_view` varchar(200) NOT NULL,
  `sortorderid` int(19) NOT NULL DEFAULT '0',
  `presence` int(1) NOT NULL DEFAULT '1',
  PRIMARY KEY (`lead_viewid`)
) ENGINE=InnoDB AUTO_INCREMENT=4 DEFAULT CHARSET=latin1;
/*!40101 SET character_set_client = @saved_cs_client */;

--
-- Dumping data for table `vtiger_lead_view`
--

LOCK TABLES `vtiger_lead_view` WRITE;
/*!40000 ALTER TABLE `vtiger_lead_view` DISABLE KEYS */;
INSERT INTO `vtiger_lead_view` VALUES (1,'Today',0,1),(2,'Last 2 Days',1,1),(3,'Last Week',2,1);
/*!40000 ALTER TABLE `vtiger_lead_view` ENABLE KEYS */;
UNLOCK TABLES;

--
-- Table structure for table `vtiger_lead_view_seq`
--

DROP TABLE IF EXISTS `vtiger_lead_view_seq`;
/*!40101 SET @saved_cs_client     = @@character_set_client */;
/*!40101 SET character_set_client = utf8 */;
CREATE TABLE `vtiger_lead_view_seq` (
  `id` int(11) NOT NULL
) ENGINE=InnoDB DEFAULT CHARSET=latin1;
/*!40101 SET character_set_client = @saved_cs_client */;

--
-- Dumping data for table `vtiger_lead_view_seq`
--

LOCK TABLES `vtiger_lead_view_seq` WRITE;
/*!40000 ALTER TABLE `vtiger_lead_view_seq` DISABLE KEYS */;
INSERT INTO `vtiger_lead_view_seq` VALUES (3);
/*!40000 ALTER TABLE `vtiger_lead_view_seq` ENABLE KEYS */;
UNLOCK TABLES;

--
-- Table structure for table `vtiger_leadaddress`
--

DROP TABLE IF EXISTS `vtiger_leadaddress`;
/*!40101 SET @saved_cs_client     = @@character_set_client */;
/*!40101 SET character_set_client = utf8 */;
CREATE TABLE `vtiger_leadaddress` (
  `leadaddressid` int(19) NOT NULL DEFAULT '0',
  `city` varchar(30) DEFAULT NULL,
  `code` varchar(30) DEFAULT NULL,
  `state` varchar(30) DEFAULT NULL,
  `pobox` varchar(30) DEFAULT NULL,
  `country` varchar(30) DEFAULT NULL,
  `phone` varchar(50) DEFAULT NULL,
  `mobile` varchar(50) DEFAULT NULL,
  `fax` varchar(50) DEFAULT NULL,
  `lane` varchar(250) DEFAULT NULL,
  `leadaddresstype` varchar(30) DEFAULT 'Billing',
  PRIMARY KEY (`leadaddressid`)
) ENGINE=InnoDB DEFAULT CHARSET=latin1;
/*!40101 SET character_set_client = @saved_cs_client */;

--
-- Dumping data for table `vtiger_leadaddress`
--

LOCK TABLES `vtiger_leadaddress` WRITE;
/*!40000 ALTER TABLE `vtiger_leadaddress` DISABLE KEYS */;
INSERT INTO `vtiger_leadaddress` VALUES (2,'','','','','','','','','','Billing');
/*!40000 ALTER TABLE `vtiger_leadaddress` ENABLE KEYS */;
UNLOCK TABLES;

--
-- Table structure for table `vtiger_leaddetails`
--

DROP TABLE IF EXISTS `vtiger_leaddetails`;
/*!40101 SET @saved_cs_client     = @@character_set_client */;
/*!40101 SET character_set_client = utf8 */;
CREATE TABLE `vtiger_leaddetails` (
  `leadid` int(19) NOT NULL,
  `lead_no` varchar(100) NOT NULL,
  `email` varchar(100) DEFAULT NULL,
  `interest` varchar(50) DEFAULT NULL,
  `firstname` varchar(40) DEFAULT NULL,
  `salutation` varchar(200) DEFAULT NULL,
  `lastname` varchar(80) NOT NULL,
  `company` varchar(100) NOT NULL,
  `annualrevenue` decimal(25,8) DEFAULT NULL,
  `industry` varchar(200) DEFAULT NULL,
  `campaign` varchar(30) DEFAULT NULL,
  `rating` varchar(200) DEFAULT NULL,
  `leadstatus` varchar(50) DEFAULT NULL,
  `leadsource` varchar(200) DEFAULT NULL,
  `converted` int(1) DEFAULT '0',
  `designation` varchar(50) DEFAULT 'SalesMan',
  `licencekeystatus` varchar(50) DEFAULT NULL,
  `space` varchar(250) DEFAULT NULL,
  `comments` text,
  `priority` varchar(50) DEFAULT NULL,
  `demorequest` varchar(50) DEFAULT NULL,
  `partnercontact` varchar(50) DEFAULT NULL,
  `productversion` varchar(20) DEFAULT NULL,
  `product` varchar(50) DEFAULT NULL,
  `maildate` date DEFAULT NULL,
  `nextstepdate` date DEFAULT NULL,
  `fundingsituation` varchar(50) DEFAULT NULL,
  `purpose` varchar(50) DEFAULT NULL,
  `evaluationstatus` varchar(50) DEFAULT NULL,
  `transferdate` date DEFAULT NULL,
  `revenuetype` varchar(50) DEFAULT NULL,
  `noofemployees` int(50) DEFAULT NULL,
  `secondaryemail` varchar(100) DEFAULT NULL,
  `assignleadchk` int(1) DEFAULT '0',
  `emailoptout` varchar(3) DEFAULT NULL,
  PRIMARY KEY (`leadid`),
  KEY `leaddetails_converted_leadstatus_idx` (`converted`,`leadstatus`),
  KEY `email_idx` (`email`)
) ENGINE=InnoDB DEFAULT CHARSET=latin1;
/*!40101 SET character_set_client = @saved_cs_client */;

--
-- Dumping data for table `vtiger_leaddetails`
--

LOCK TABLES `vtiger_leaddetails` WRITE;
/*!40000 ALTER TABLE `vtiger_leaddetails` DISABLE KEYS */;
INSERT INTO `vtiger_leaddetails` VALUES (2,'LEA1','',NULL,'Test Lead','','Lead last','',0.00000000,'',NULL,'','','',1,'',NULL,NULL,NULL,NULL,NULL,NULL,NULL,NULL,NULL,NULL,NULL,NULL,NULL,NULL,NULL,0,'',0,'0');
/*!40000 ALTER TABLE `vtiger_leaddetails` ENABLE KEYS */;
UNLOCK TABLES;

--
-- Table structure for table `vtiger_leadscf`
--

DROP TABLE IF EXISTS `vtiger_leadscf`;
/*!40101 SET @saved_cs_client     = @@character_set_client */;
/*!40101 SET character_set_client = utf8 */;
CREATE TABLE `vtiger_leadscf` (
  `leadid` int(19) NOT NULL DEFAULT '0',
  PRIMARY KEY (`leadid`)
) ENGINE=InnoDB DEFAULT CHARSET=latin1;
/*!40101 SET character_set_client = @saved_cs_client */;

--
-- Dumping data for table `vtiger_leadscf`
--

LOCK TABLES `vtiger_leadscf` WRITE;
/*!40000 ALTER TABLE `vtiger_leadscf` DISABLE KEYS */;
INSERT INTO `vtiger_leadscf` VALUES (2);
/*!40000 ALTER TABLE `vtiger_leadscf` ENABLE KEYS */;
UNLOCK TABLES;

--
-- Table structure for table `vtiger_leadsource`
--

DROP TABLE IF EXISTS `vtiger_leadsource`;
/*!40101 SET @saved_cs_client     = @@character_set_client */;
/*!40101 SET character_set_client = utf8 */;
CREATE TABLE `vtiger_leadsource` (
  `leadsourceid` int(19) NOT NULL AUTO_INCREMENT,
  `leadsource` varchar(200) NOT NULL,
  `presence` int(1) NOT NULL DEFAULT '1',
  `picklist_valueid` int(19) NOT NULL DEFAULT '0',
  `sortorderid` int(11) DEFAULT NULL,
  PRIMARY KEY (`leadsourceid`)
) ENGINE=InnoDB AUTO_INCREMENT=14 DEFAULT CHARSET=latin1;
/*!40101 SET character_set_client = @saved_cs_client */;

--
-- Dumping data for table `vtiger_leadsource`
--

LOCK TABLES `vtiger_leadsource` WRITE;
/*!40000 ALTER TABLE `vtiger_leadsource` DISABLE KEYS */;
INSERT INTO `vtiger_leadsource` VALUES (2,'Cold Call',1,99,1),(3,'Existing Customer',1,100,2),(4,'Self Generated',1,101,3),(5,'Employee',1,102,4),(6,'Partner',1,103,5),(7,'Public Relations',1,104,6),(8,'Direct Mail',1,105,7),(9,'Conference',1,106,8),(10,'Trade Show',1,107,9),(11,'Web Site',1,108,10),(12,'Word of mouth',1,109,11),(13,'Other',1,110,12);
/*!40000 ALTER TABLE `vtiger_leadsource` ENABLE KEYS */;
UNLOCK TABLES;

--
-- Table structure for table `vtiger_leadsource_seq`
--

DROP TABLE IF EXISTS `vtiger_leadsource_seq`;
/*!40101 SET @saved_cs_client     = @@character_set_client */;
/*!40101 SET character_set_client = utf8 */;
CREATE TABLE `vtiger_leadsource_seq` (
  `id` int(11) NOT NULL
) ENGINE=InnoDB DEFAULT CHARSET=latin1;
/*!40101 SET character_set_client = @saved_cs_client */;

--
-- Dumping data for table `vtiger_leadsource_seq`
--

LOCK TABLES `vtiger_leadsource_seq` WRITE;
/*!40000 ALTER TABLE `vtiger_leadsource_seq` DISABLE KEYS */;
INSERT INTO `vtiger_leadsource_seq` VALUES (13);
/*!40000 ALTER TABLE `vtiger_leadsource_seq` ENABLE KEYS */;
UNLOCK TABLES;

--
-- Table structure for table `vtiger_leadstage`
--

DROP TABLE IF EXISTS `vtiger_leadstage`;
/*!40101 SET @saved_cs_client     = @@character_set_client */;
/*!40101 SET character_set_client = utf8 */;
CREATE TABLE `vtiger_leadstage` (
  `leadstageid` int(19) NOT NULL AUTO_INCREMENT,
  `stage` varchar(200) NOT NULL,
  `sortorderid` int(19) NOT NULL DEFAULT '0',
  `presence` int(1) NOT NULL DEFAULT '1',
  PRIMARY KEY (`leadstageid`),
  UNIQUE KEY `leadstage_stage_idx` (`stage`)
) ENGINE=InnoDB DEFAULT CHARSET=latin1;
/*!40101 SET character_set_client = @saved_cs_client */;

--
-- Dumping data for table `vtiger_leadstage`
--

LOCK TABLES `vtiger_leadstage` WRITE;
/*!40000 ALTER TABLE `vtiger_leadstage` DISABLE KEYS */;
/*!40000 ALTER TABLE `vtiger_leadstage` ENABLE KEYS */;
UNLOCK TABLES;

--
-- Table structure for table `vtiger_leadstatus`
--

DROP TABLE IF EXISTS `vtiger_leadstatus`;
/*!40101 SET @saved_cs_client     = @@character_set_client */;
/*!40101 SET character_set_client = utf8 */;
CREATE TABLE `vtiger_leadstatus` (
  `leadstatusid` int(19) NOT NULL AUTO_INCREMENT,
  `leadstatus` varchar(200) NOT NULL,
  `presence` int(1) NOT NULL DEFAULT '1',
  `picklist_valueid` int(19) NOT NULL DEFAULT '0',
  `sortorderid` int(11) DEFAULT NULL,
  PRIMARY KEY (`leadstatusid`)
) ENGINE=InnoDB AUTO_INCREMENT=13 DEFAULT CHARSET=latin1;
/*!40101 SET character_set_client = @saved_cs_client */;

--
-- Dumping data for table `vtiger_leadstatus`
--

LOCK TABLES `vtiger_leadstatus` WRITE;
/*!40000 ALTER TABLE `vtiger_leadstatus` DISABLE KEYS */;
INSERT INTO `vtiger_leadstatus` VALUES (2,'Attempted to Contact',1,112,1),(3,'Cold',1,113,2),(4,'Contact in Future',1,114,3),(5,'Contacted',1,115,4),(6,'Hot',1,116,5),(7,'Junk Lead',1,117,6),(8,'Lost Lead',1,118,7),(9,'Not Contacted',1,119,8),(10,'Pre Qualified',1,120,9),(11,'Qualified',1,121,10),(12,'Warm',1,122,11);
/*!40000 ALTER TABLE `vtiger_leadstatus` ENABLE KEYS */;
UNLOCK TABLES;

--
-- Table structure for table `vtiger_leadstatus_seq`
--

DROP TABLE IF EXISTS `vtiger_leadstatus_seq`;
/*!40101 SET @saved_cs_client     = @@character_set_client */;
/*!40101 SET character_set_client = utf8 */;
CREATE TABLE `vtiger_leadstatus_seq` (
  `id` int(11) NOT NULL
) ENGINE=InnoDB DEFAULT CHARSET=latin1;
/*!40101 SET character_set_client = @saved_cs_client */;

--
-- Dumping data for table `vtiger_leadstatus_seq`
--

LOCK TABLES `vtiger_leadstatus_seq` WRITE;
/*!40000 ALTER TABLE `vtiger_leadstatus_seq` DISABLE KEYS */;
INSERT INTO `vtiger_leadstatus_seq` VALUES (12);
/*!40000 ALTER TABLE `vtiger_leadstatus_seq` ENABLE KEYS */;
UNLOCK TABLES;

--
-- Table structure for table `vtiger_leadsubdetails`
--

DROP TABLE IF EXISTS `vtiger_leadsubdetails`;
/*!40101 SET @saved_cs_client     = @@character_set_client */;
/*!40101 SET character_set_client = utf8 */;
CREATE TABLE `vtiger_leadsubdetails` (
  `leadsubscriptionid` int(19) NOT NULL DEFAULT '0',
  `website` varchar(255) DEFAULT NULL,
  `callornot` int(1) DEFAULT '0',
  `readornot` int(1) DEFAULT '0',
  `empct` int(10) DEFAULT '0',
  PRIMARY KEY (`leadsubscriptionid`)
) ENGINE=InnoDB DEFAULT CHARSET=latin1;
/*!40101 SET character_set_client = @saved_cs_client */;

--
-- Dumping data for table `vtiger_leadsubdetails`
--

LOCK TABLES `vtiger_leadsubdetails` WRITE;
/*!40000 ALTER TABLE `vtiger_leadsubdetails` DISABLE KEYS */;
INSERT INTO `vtiger_leadsubdetails` VALUES (2,'',0,0,0);
/*!40000 ALTER TABLE `vtiger_leadsubdetails` ENABLE KEYS */;
UNLOCK TABLES;

--
-- Table structure for table `vtiger_links`
--

DROP TABLE IF EXISTS `vtiger_links`;
/*!40101 SET @saved_cs_client     = @@character_set_client */;
/*!40101 SET character_set_client = utf8 */;
CREATE TABLE `vtiger_links` (
  `linkid` int(11) NOT NULL,
  `tabid` int(11) DEFAULT NULL,
  `linktype` varchar(50) DEFAULT NULL,
  `linklabel` varchar(50) DEFAULT NULL,
  `linkurl` varchar(255) DEFAULT NULL,
  `linkicon` varchar(100) DEFAULT NULL,
  `sequence` int(11) DEFAULT NULL,
  `handler_path` varchar(128) DEFAULT NULL,
  `handler_class` varchar(50) DEFAULT NULL,
  `handler` varchar(50) DEFAULT NULL,
  PRIMARY KEY (`linkid`),
  KEY `link_tabidtype_idx` (`tabid`,`linktype`)
) ENGINE=InnoDB DEFAULT CHARSET=latin1;
/*!40101 SET character_set_client = @saved_cs_client */;

--
-- Dumping data for table `vtiger_links`
--

LOCK TABLES `vtiger_links` WRITE;
/*!40000 ALTER TABLE `vtiger_links` DISABLE KEYS */;
INSERT INTO `vtiger_links` VALUES (1,6,'DETAILVIEWBASIC','LBL_ADD_NOTE','index.php?module=Documents&action=EditView&return_module=$MODULE$&return_action=DetailView&return_id=$RECORD$&parent_id=$RECORD$','themes/images/bookMark.gif',0,'modules/Documents/Documents.php','Documents','isLinkPermitted'),(2,6,'DETAILVIEWBASIC','LBL_SHOW_ACCOUNT_HIERARCHY','index.php?module=Accounts&action=AccountHierarchy&accountid=$RECORD$','',0,NULL,NULL,NULL),(3,7,'DETAILVIEWBASIC','LBL_ADD_NOTE','index.php?module=Documents&action=EditView&return_module=$MODULE$&return_action=DetailView&return_id=$RECORD$&parent_id=$RECORD$','themes/images/bookMark.gif',0,'modules/Documents/Documents.php','Documents','isLinkPermitted'),(4,4,'DETAILVIEWBASIC','LBL_ADD_NOTE','index.php?module=Documents&action=EditView&return_module=$MODULE$&return_action=DetailView&return_id=$RECORD$&parent_id=$RECORD$','themes/images/bookMark.gif',0,'modules/Documents/Documents.php','Documents','isLinkPermitted'),(6,38,'HEADERSCRIPT','ModCommentsCommonHeaderScript','modules/ModComments/ModCommentsCommon.js','',0,NULL,NULL,NULL),(7,7,'DETAILVIEWWIDGET','DetailViewBlockCommentWidget','block://ModComments:modules/ModComments/ModComments.php','',0,NULL,NULL,NULL),(8,4,'DETAILVIEWWIDGET','DetailViewBlockCommentWidget','block://ModComments:modules/ModComments/ModComments.php','',0,NULL,NULL,NULL),(9,6,'DETAILVIEWWIDGET','DetailViewBlockCommentWidget','block://ModComments:modules/ModComments/ModComments.php','',0,NULL,NULL,NULL),(10,2,'DETAILVIEWWIDGET','DetailViewBlockCommentWidget','block://ModComments:modules/ModComments/ModComments.php','',0,NULL,NULL,NULL),(11,39,'DETAILVIEWBASIC','LBL_CHECK_STATUS','javascript:SMSNotifier.checkstatus($RECORD$)','themes/images/reload.gif',0,NULL,NULL,NULL),(30,41,'DETAILVIEWBASIC','Add Note','index.php?module=Documents&action=EditView&return_module=ProjectTask&return_action=DetailView&return_id=$RECORD$&parent_id=$RECORD$','',0,'modules/Documents/Documents.php','Documents','isLinkPermitted'),(31,41,'DETAILVIEWWIDGET','DetailViewBlockCommentWidget','block://ModComments:modules/ModComments/ModComments.php','',0,NULL,NULL,NULL),(32,42,'DETAILVIEWBASIC','Add Project Task','index.php?module=ProjectTask&action=EditView&projectid=$RECORD$&return_module=Project&return_action=DetailView&return_id=$RECORD$','',0,'modules/ProjectTask/ProjectTask.php','ProjectTask','isLinkPermitted'),(33,42,'DETAILVIEWBASIC','Add Note','index.php?module=Documents&action=EditView&return_module=Project&return_action=DetailView&return_id=$RECORD$&parent_id=$RECORD$','',1,'modules/Documents/Documents.php','Documents','isLinkPermitted'),(34,42,'DETAILVIEWWIDGET','DetailViewBlockCommentWidget','block://ModComments:modules/ModComments/ModComments.php','',0,NULL,NULL,NULL),(35,2,'DASHBOARDWIDGET','History','index.php?module=Potentials&view=ShowWidget&name=History','',1,NULL,NULL,NULL),(36,2,'DASHBOARDWIDGET','Upcoming Activities','index.php?module=Potentials&view=ShowWidget&name=CalendarActivities','',2,NULL,NULL,NULL),(37,2,'DASHBOARDWIDGET','Funnel','index.php?module=Potentials&view=ShowWidget&name=GroupedBySalesStage','',3,NULL,NULL,NULL),(38,2,'DASHBOARDWIDGET','Potentials by Stage','index.php?module=Potentials&view=ShowWidget&name=GroupedBySalesPerson','',4,NULL,NULL,NULL),(39,2,'DASHBOARDWIDGET','Pipelined Amount','index.php?module=Potentials&view=ShowWidget&name=PipelinedAmountPerSalesPerson','',5,NULL,NULL,NULL),(40,2,'DASHBOARDWIDGET','Total Revenue','index.php?module=Potentials&view=ShowWidget&name=TotalRevenuePerSalesPerson','',6,NULL,NULL,NULL),(41,2,'DASHBOARDWIDGET','Top Potentials','index.php?module=Potentials&view=ShowWidget&name=TopPotentials','',7,NULL,NULL,NULL),(42,2,'DASHBOARDWIDGET','Overdue Activities','index.php?module=Potentials&view=ShowWidget&name=OverdueActivities','',9,NULL,NULL,NULL),(43,6,'DASHBOARDWIDGET','History','index.php?module=Accounts&view=ShowWidget&name=History','',1,NULL,NULL,NULL),(44,6,'DASHBOARDWIDGET','Upcoming Activities','index.php?module=Accounts&view=ShowWidget&name=CalendarActivities','',2,NULL,NULL,NULL),(45,6,'DASHBOARDWIDGET','Overdue Activities','index.php?module=Accounts&view=ShowWidget&name=OverdueActivities','',3,NULL,NULL,NULL),(46,4,'DASHBOARDWIDGET','History','index.php?module=Contacts&view=ShowWidget&name=History','',1,NULL,NULL,NULL),(47,4,'DASHBOARDWIDGET','Upcoming Activities','index.php?module=Contacts&view=ShowWidget&name=CalendarActivities','',2,NULL,NULL,NULL),(48,4,'DASHBOARDWIDGET','Overdue Activities','index.php?module=Contacts&view=ShowWidget&name=OverdueActivities','',3,NULL,NULL,NULL),(49,7,'DASHBOARDWIDGET','History','index.php?module=Leads&view=ShowWidget&name=History','',1,NULL,NULL,NULL),(50,7,'DASHBOARDWIDGET','Upcoming Activities','index.php?module=Leads&view=ShowWidget&name=CalendarActivities','',2,NULL,NULL,NULL),(51,7,'DASHBOARDWIDGET','Leads by Status','index.php?module=Leads&view=ShowWidget&name=LeadsByStatus','',4,NULL,NULL,NULL),(52,7,'DASHBOARDWIDGET','Leads by Source','index.php?module=Leads&view=ShowWidget&name=LeadsBySource','',5,NULL,NULL,NULL),(53,7,'DASHBOARDWIDGET','Leads by Industry','index.php?module=Leads&view=ShowWidget&name=LeadsByIndustry','',6,NULL,NULL,NULL),(54,7,'DASHBOARDWIDGET','Overdue Activities','index.php?module=Leads&view=ShowWidget&name=OverdueActivities','',7,NULL,NULL,NULL),(55,13,'DASHBOARDWIDGET','Tickets by Status','index.php?module=HelpDesk&view=ShowWidget&name=TicketsByStatus','',1,NULL,NULL,NULL),(56,13,'DASHBOARDWIDGET','Open Tickets','index.php?module=HelpDesk&view=ShowWidget&name=OpenTickets','',2,NULL,NULL,NULL),(57,3,'DASHBOARDWIDGET','History','index.php?module=Home&view=ShowWidget&name=History','',1,NULL,NULL,NULL),(58,3,'DASHBOARDWIDGET','Upcoming Activities','index.php?module=Home&view=ShowWidget&name=CalendarActivities','',2,NULL,NULL,NULL),(59,3,'DASHBOARDWIDGET','Funnel','index.php?module=Potentials&view=ShowWidget&name=GroupedBySalesStage','',3,NULL,NULL,NULL),(60,3,'DASHBOARDWIDGET','Potentials by Stage','index.php?module=Potentials&view=ShowWidget&name=GroupedBySalesPerson','',4,NULL,NULL,NULL),(61,3,'DASHBOARDWIDGET','Pipelined Amount','index.php?module=Potentials&view=ShowWidget&name=PipelinedAmountPerSalesPerson','',5,NULL,NULL,NULL),(62,3,'DASHBOARDWIDGET','Total Revenue','index.php?module=Potentials&view=ShowWidget&name=TotalRevenuePerSalesPerson','',6,NULL,NULL,NULL),(63,3,'DASHBOARDWIDGET','Top Potentials','index.php?module=Potentials&view=ShowWidget&name=TopPotentials','',7,NULL,NULL,NULL),(64,3,'DASHBOARDWIDGET','Leads by Status','index.php?module=Leads&view=ShowWidget&name=LeadsByStatus','',10,NULL,NULL,NULL),(65,3,'DASHBOARDWIDGET','Leads by Source','index.php?module=Leads&view=ShowWidget&name=LeadsBySource','',11,NULL,NULL,NULL),(66,3,'DASHBOARDWIDGET','Leads by Industry','index.php?module=Leads&view=ShowWidget&name=LeadsByIndustry','',12,NULL,NULL,NULL),(67,3,'DASHBOARDWIDGET','Overdue Activities','index.php?module=Home&view=ShowWidget&name=OverdueActivities','',13,NULL,NULL,NULL),(68,3,'DASHBOARDWIDGET','Tickets by Status','index.php?module=HelpDesk&view=ShowWidget&name=TicketsByStatus','',13,NULL,NULL,NULL),(69,3,'DASHBOARDWIDGET','Open Tickets','index.php?module=HelpDesk&view=ShowWidget&name=OpenTickets','',14,NULL,NULL,NULL),(70,13,'DETAILVIEWWIDGET','DetailViewBlockCommentWidget','block://ModComments:modules/ModComments/ModComments.php','',0,NULL,NULL,NULL),(71,15,'DETAILVIEWWIDGET','DetailViewBlockCommentWidget','block://ModComments:modules/ModComments/ModComments.php','',0,NULL,NULL,NULL),(100,3,'DASHBOARDWIDGET','Key Metrics','index.php?module=Home&view=ShowWidget&name=KeyMetrics','',0,NULL,NULL,NULL),(101,3,'DASHBOARDWIDGET','Mini List','index.php?module=Home&view=ShowWidget&name=MiniList','',0,NULL,NULL,NULL),(102,3,'DASHBOARDWIDGET','Tag Cloud','index.php?module=Home&view=ShowWidget&name=TagCloud','',0,NULL,NULL,NULL),(103,2,'DASHBOARDWIDGET','Funnel Amount','index.php?module=Potentials&view=ShowWidget&name=FunnelAmount','',10,NULL,NULL,NULL),(104,3,'DASHBOARDWIDGET','Funnel Amount','index.php?module=Potentials&view=ShowWidget&name=FunnelAmount','',10,NULL,NULL,NULL),(105,3,'DASHBOARDWIDGET','Notebook','index.php?module=Home&view=ShowWidget&name=Notebook','',0,NULL,NULL,NULL),(106,49,'HEADERSCRIPT','ExtensionStoreCommonHeaderScript','modules/ExtensionStore/ExtensionStore.js','',0,NULL,NULL,NULL),(107,51,'DETAILVIEWBASIC','View History','javascript:ModTrackerCommon.showhistory(\'$RECORD$\')','',0,'modules/ModTracker/ModTracker.php','ModTracker','isViewPermitted'),(108,52,'DETAILVIEWBASIC','View History','javascript:ModTrackerCommon.showhistory(\'$RECORD$\')','',0,'modules/ModTracker/ModTracker.php','ModTracker','isViewPermitted'),(109,53,'DETAILVIEWBASIC','View History','javascript:ModTrackerCommon.showhistory(\'$RECORD$\')','',0,'modules/ModTracker/ModTracker.php','ModTracker','isViewPermitted'),(110,54,'DETAILVIEWBASIC','View History','javascript:ModTrackerCommon.showhistory(\'$RECORD$\')','',0,'modules/ModTracker/ModTracker.php','ModTracker','isViewPermitted'),(113,58,'DETAILVIEWBASIC','View History','javascript:ModTrackerCommon.showhistory(\'$RECORD$\')','',0,'modules/ModTracker/ModTracker.php','ModTracker','isViewPermitted');
/*!40000 ALTER TABLE `vtiger_links` ENABLE KEYS */;
UNLOCK TABLES;

--
-- Table structure for table `vtiger_links_seq`
--

DROP TABLE IF EXISTS `vtiger_links_seq`;
/*!40101 SET @saved_cs_client     = @@character_set_client */;
/*!40101 SET character_set_client = utf8 */;
CREATE TABLE `vtiger_links_seq` (
  `id` int(11) NOT NULL
) ENGINE=InnoDB DEFAULT CHARSET=latin1;
/*!40101 SET character_set_client = @saved_cs_client */;

--
-- Dumping data for table `vtiger_links_seq`
--

LOCK TABLES `vtiger_links_seq` WRITE;
/*!40000 ALTER TABLE `vtiger_links_seq` DISABLE KEYS */;
INSERT INTO `vtiger_links_seq` VALUES (116);
/*!40000 ALTER TABLE `vtiger_links_seq` ENABLE KEYS */;
UNLOCK TABLES;

--
-- Table structure for table `vtiger_loginhistory`
--

DROP TABLE IF EXISTS `vtiger_loginhistory`;
/*!40101 SET @saved_cs_client     = @@character_set_client */;
/*!40101 SET character_set_client = utf8 */;
CREATE TABLE `vtiger_loginhistory` (
  `login_id` int(11) NOT NULL AUTO_INCREMENT,
  `user_name` varchar(255) COLLATE utf8_unicode_ci DEFAULT NULL,
  `user_ip` varchar(25) COLLATE utf8_unicode_ci NOT NULL,
  `logout_time` varchar(128) COLLATE utf8_unicode_ci DEFAULT NULL,
  `login_time` timestamp NULL DEFAULT NULL,
  `status` varchar(25) COLLATE utf8_unicode_ci DEFAULT NULL,
  PRIMARY KEY (`login_id`)
) ENGINE=InnoDB AUTO_INCREMENT=402 DEFAULT CHARSET=utf8 COLLATE=utf8_unicode_ci;
/*!40101 SET character_set_client = @saved_cs_client */;

--
-- Dumping data for table `vtiger_loginhistory`
--

LOCK TABLES `vtiger_loginhistory` WRITE;
/*!40000 ALTER TABLE `vtiger_loginhistory` DISABLE KEYS */;
INSERT INTO `vtiger_loginhistory` VALUES (236,'admin','127.0.0.1','2017-02-27 08:47:29','2017-02-27 03:17:26','Signed off'),(237,'admin','127.0.0.1','0000-00-00 00:00:00','2017-02-27 03:18:04','Signed in'),(238,'admin','127.0.0.1','2017-02-27 08:56:55','2017-02-27 03:26:51','Signed off'),(239,'admin','127.0.0.1','2017-02-27 08:57:09','2017-02-27 03:27:02','Signed off'),(240,'admin','127.0.0.1','0000-00-00 00:00:00','2017-02-27 03:27:19','Signed in'),(241,'admin','123.231.124.67','2017-02-27 13:05:45','2017-02-27 18:19:46','Signed off'),(242,'ma01','123.231.124.67','2017-02-27 12:39:21','2017-02-27 18:37:58','Signed off'),(243,'ma01','123.231.124.67','2017-02-27 13:37:35','2017-02-27 18:39:32','Signed off'),(244,'admin','123.231.124.67','0000-00-00 00:00:00','2017-02-27 19:05:55','Signed in'),(245,'admin','123.231.124.67','0000-00-00 00:00:00','2017-02-27 19:45:10','Signed in'),(246,'admin','123.231.8.102','2017-02-28 08:27:53','2017-02-28 14:06:49','Signed off'),(247,'admin','123.231.8.102','2017-02-28 11:39:03','2017-02-28 14:31:40','Signed off'),(248,'ma01','123.231.8.102','0000-00-00 00:00:00','2017-02-28 14:44:07','Signed in'),(249,'admin','123.231.8.102','2017-02-28 11:41:27','2017-02-28 17:39:17','Signed off'),(250,'admin','123.231.8.102','2017-02-28 11:50:02','2017-02-28 17:41:44','Signed off'),(251,'ma01','123.231.8.102','2017-02-28 12:51:27','2017-02-28 17:50:25','Signed off'),(252,'admin','123.231.8.102','0000-00-00 00:00:00','2017-02-28 18:01:37','Signed in'),(253,'admin','123.231.8.102','0000-00-00 00:00:00','2017-02-28 18:51:32','Signed in'),(254,'admin','123.231.8.102','2017-03-01 08:44:27','2017-03-01 12:44:03','Signed off'),(255,'superadmin','220.247.238.141','2017-03-02 05:13:33','2017-03-02 11:11:04','Signed off'),(256,'enrp01','220.247.238.141','2017-03-02 05:15:00','2017-03-02 11:13:52','Signed off'),(257,'ma01','220.247.238.141','2017-03-02 05:20:27','2017-03-02 11:15:34','Signed off'),(258,'superadmin','220.247.238.141','2017-03-02 05:48:50','2017-03-02 11:20:59','Signed off'),(259,'superadmin','220.247.238.141','0000-00-00 00:00:00','2017-03-02 11:48:53','Signed in'),(260,'admin','123.231.8.102','0000-00-00 00:00:00','2017-03-02 13:15:03','Signed in'),(261,'admin','123.231.8.102','0000-00-00 00:00:00','2017-03-02 17:02:40','Signed in'),(262,'superadmin','220.247.238.141','0000-00-00 00:00:00','2017-03-02 17:24:41','Signed in'),(263,'admin','123.231.8.102','0000-00-00 00:00:00','2017-03-03 12:10:25','Signed in'),(264,'admin','123.231.8.102','0000-00-00 00:00:00','2017-03-03 12:49:43','Signed in'),(265,'admin','112.134.112.111','0000-00-00 00:00:00','2017-03-05 09:17:39','Signed in'),(266,'admin','123.231.110.46','0000-00-00 00:00:00','2017-03-05 14:33:20','Signed in'),(267,'admin','123.231.110.46','2017-03-05 13:40:22','2017-03-05 19:37:54','Signed off'),(268,'admin','123.231.110.46','2017-03-05 16:44:00','2017-03-05 19:40:47','Signed off'),(269,'admin','123.231.8.102','0000-00-00 00:00:00','2017-03-06 10:41:06','Signed in'),(270,'admin','123.231.8.102','2017-03-06 08:57:32','2017-03-06 13:01:36','Signed off'),(271,'to01','123.231.8.102','0000-00-00 00:00:00','2017-03-06 13:43:09','Signed in'),(272,'to01','123.231.8.102','0000-00-00 00:00:00','2017-03-06 14:57:20','Signed in'),(273,'admin','123.231.8.102','0000-00-00 00:00:00','2017-03-06 14:57:37','Signed in'),(274,'ma01','123.231.8.102','2017-03-06 08:59:20','2017-03-06 14:57:58','Signed off'),(275,'to01','123.231.8.102','0000-00-00 00:00:00','2017-03-06 14:59:28','Signed in'),(276,'ma01','123.231.8.102','2017-03-06 09:01:21','2017-03-06 15:00:51','Signed off'),(277,'dman01','123.231.8.102','0000-00-00 00:00:00','2017-03-06 15:01:31','Signed in'),(278,'dman01','123.231.8.102','2017-03-06 09:46:45','2017-03-06 15:28:19','Signed off'),(279,'to01','123.231.8.102','2017-03-06 10:11:18','2017-03-06 15:46:54','Signed off'),(280,'enrp01','123.231.8.102','2017-03-06 10:13:20','2017-03-06 16:12:07','Signed off'),(281,'to01','123.231.8.102','2017-03-06 10:13:43','2017-03-06 16:13:29','Signed off'),(282,'dman01','123.231.8.102','2017-03-06 10:19:05','2017-03-06 16:13:52','Signed off'),(283,'dman01','123.231.8.102','0000-00-00 00:00:00','2017-03-06 16:20:34','Signed in'),(284,'superadmin','220.247.238.141','0000-00-00 00:00:00','2017-03-07 13:01:27','Signed in'),(285,'superadmin','220.247.238.141','2017-03-07 16:42:57','2017-03-07 22:37:30','Signed off'),(286,'dman01','220.247.238.141','2017-03-07 16:55:29','2017-03-07 22:43:34','Signed off'),(287,'superadmin','220.247.238.141','0000-00-00 00:00:00','2017-03-07 22:55:56','Signed in'),(288,'admin','123.231.110.46','0000-00-00 00:00:00','2017-03-08 22:06:47','Signed in'),(289,'dman01','123.231.110.46','2017-03-08 16:33:30','2017-03-08 22:27:29','Signed off'),(290,'admin','175.157.23.57','2017-03-09 06:40:13','2017-03-09 12:28:29','Signed off'),(291,'admin','123.231.110.46','0000-00-00 00:00:00','2017-03-09 22:03:11','Signed in'),(292,'superadmin','220.247.238.141','0000-00-00 00:00:00','2017-03-10 13:55:21','Signed in'),(293,'admin','123.231.105.248','0000-00-00 00:00:00','2017-03-12 20:09:29','Signed in'),(294,'admin','123.231.127.47','0000-00-00 00:00:00','2017-03-12 21:10:21','Signed in'),(295,'admin','123.231.8.102','0000-00-00 00:00:00','2017-03-13 11:43:33','Signed in'),(296,'admin','123.231.8.102','0000-00-00 00:00:00','2017-03-14 11:39:42','Signed in'),(297,'admin','123.231.8.102','0000-00-00 00:00:00','2017-03-14 17:40:11','Signed in'),(298,'ma01','175.157.14.156','2017-03-14 13:38:41','2017-03-14 18:37:34','Signed off'),(299,'admin','175.157.14.156','2017-03-14 13:42:25','2017-03-14 18:38:47','Signed off'),(300,'ma01v','175.157.14.156','2017-03-14 13:43:24','2017-03-14 18:42:48','Signed off'),(301,'admin','175.157.14.156','2017-03-14 13:45:00','2017-03-14 18:43:30','Signed off'),(302,'admin','175.157.14.156','2017-03-14 13:45:13','2017-03-14 18:45:06','Signed off'),(303,'dman01','175.157.14.156','2017-03-14 13:45:36','2017-03-14 18:45:25','Signed off'),(304,'admin','175.157.14.156','0000-00-00 00:00:00','2017-03-14 18:45:40','Signed in'),(305,'admin','175.157.14.156','0000-00-00 00:00:00','2017-03-15 11:43:09','Signed in'),(306,'ma01v','175.157.14.156','0000-00-00 00:00:00','2017-03-15 12:21:14','Signed in'),(307,'admin','123.231.127.47','0000-00-00 00:00:00','2017-03-15 22:15:41','Signed in'),(308,'admin','123.231.8.102','0000-00-00 00:00:00','2017-03-16 07:29:18','Signed in'),(309,'admin','123.231.8.102','0000-00-00 00:00:00','2017-03-16 16:11:53','Signed in'),(310,'admin','112.134.114.20','0000-00-00 00:00:00','2017-03-19 07:32:55','Signed in'),(311,'admin','112.134.112.93','0000-00-00 00:00:00','2017-03-20 07:28:49','Signed in'),(312,'admin','123.231.8.102','2017-03-20 13:00:39','2017-03-20 15:36:21','Signed off'),(313,'admin','175.157.9.187','0000-00-00 00:00:00','2017-03-20 21:26:45','Signed in'),(314,'admin','123.231.8.102','2017-03-22 07:23:50','2017-03-22 11:55:24','Signed off'),(315,'vi01','123.231.8.102','2017-03-22 07:03:54','2017-03-22 11:57:59','Signed off'),(316,'accrev01','123.231.8.102','0000-00-00 00:00:00','2017-03-22 12:04:35','Signed in'),(317,'admin','123.231.8.102','2017-03-23 07:49:18','2017-03-23 12:29:48','Signed off'),(318,'admin','123.231.8.102','2017-03-23 08:46:57','2017-03-23 13:16:28','Signed off'),(319,'superadmin','123.231.107.242','0000-00-00 00:00:00','2017-04-05 11:38:44','Signed in'),(320,'admin','123.231.8.102','0000-00-00 00:00:00','2017-04-05 14:27:14','Signed in'),(321,'vi01','123.231.8.102','2017-04-05 09:31:41','2017-04-05 14:28:58','Signed off'),(322,'superadmin','123.231.109.109','0000-00-00 00:00:00','2017-04-06 08:27:18','Signed in'),(323,'admin','123.231.8.102','0000-00-00 00:00:00','2017-04-06 15:53:36','Signed in'),(324,'ma01','123.231.8.102','0000-00-00 00:00:00','2017-04-06 15:54:09','Signed in'),(325,'superadmin','123.231.115.177','0000-00-00 00:00:00','2017-04-17 12:30:50','Signed in'),(326,'superadmin','123.231.115.177','0000-00-00 00:00:00','2017-04-19 15:50:49','Signed in'),(327,'admin','175.157.19.147','2017-04-29 17:57:22','2017-04-29 22:08:12','Signed off'),(328,'ma01v','175.157.19.147','2017-04-29 17:14:01','2017-04-29 22:08:50','Signed off'),(329,'vi01','175.157.19.147','2017-04-29 17:19:12','2017-04-29 22:14:22','Signed off'),(330,'vi02','175.157.19.147','2017-04-29 17:26:42','2017-04-29 22:20:05','Signed off'),(331,'ma01','175.157.19.147','2017-04-29 17:26:59','2017-04-29 22:26:50','Signed off'),(332,'ma01v','175.157.19.147','2017-04-29 17:31:29','2017-04-29 22:27:08','Signed off'),(333,'vi02','175.157.19.147','2017-04-29 17:38:24','2017-04-29 22:31:45','Signed off'),(334,'vi01','175.157.19.147','2017-04-29 17:42:58','2017-04-29 22:38:58','Signed off'),(335,'vi01','175.157.19.147','2017-04-29 17:45:08','2017-04-29 22:43:11','Signed off'),(336,'accrev01','175.157.19.147','2017-04-29 17:46:01','2017-04-29 22:45:25','Signed off'),(337,'admin','123.231.8.102','0000-00-00 00:00:00','2017-05-08 14:27:28','Signed in'),(338,'admin','123.231.8.102','0000-00-00 00:00:00','2017-05-16 14:27:28','Signed in'),(339,'admin','123.231.8.102','0000-00-00 00:00:00','2017-05-16 14:37:19','Signed in'),(340,'admin','175.157.52.235','0000-00-00 00:00:00','2017-05-17 11:00:28','Signed in'),(341,'admin','123.231.8.102','0000-00-00 00:00:00','2017-05-18 09:56:57','Signed in'),(342,'admin','123.231.8.102','0000-00-00 00:00:00','2017-05-18 11:10:50','Signed in'),(343,'admin','123.231.8.102','0000-00-00 00:00:00','2017-05-19 10:08:42','Signed in'),(344,'admin','123.231.8.102','0000-00-00 00:00:00','2017-05-19 10:31:47','Signed in'),(345,'admin','123.231.8.102','0000-00-00 00:00:00','2017-05-19 11:46:02','Signed in'),(346,'admin','175.157.51.235','2017-05-19 12:36:05','2017-05-19 17:20:33','Signed off'),(347,'ma01v','175.157.51.235','2017-05-19 12:36:44','2017-05-19 17:36:14','Signed off'),(348,'admin','175.157.51.235','0000-00-00 00:00:00','2017-05-19 17:36:49','Signed in'),(349,'admin','127.0.0.1','0000-00-00 00:00:00','2017-05-22 04:39:51','Signed in'),(350,'admin','123.231.8.102','0000-00-00 00:00:00','2017-05-22 16:41:20','Signed in'),(351,'admin','123.231.8.102','2017-05-23 06:14:19','2017-05-23 09:57:13','Signed off'),(352,'Tofficer','123.231.8.102','2017-05-23 06:16:33','2017-05-23 11:14:28','Signed off'),(353,'admin','123.231.8.102','0000-00-00 00:00:00','2017-05-23 11:16:38','Signed in'),(354,'Tofficer','123.231.8.102','0000-00-00 00:00:00','2017-05-23 11:18:12','Signed in'),(355,'techofficer','123.231.8.102','2017-05-23 10:06:56','2017-05-23 14:30:43','Signed off'),(356,'ma01','123.231.8.102','2017-06-01 04:03:09','2017-05-23 15:50:15','Signed off'),(357,'dman01','123.231.8.102','2017-05-23 10:51:42','2017-05-23 15:50:49','Signed off'),(358,'enrp01','123.231.8.102','0000-00-00 00:00:00','2017-05-23 15:51:59','Signed in'),(359,'admin','123.231.8.102','0000-00-00 00:00:00','2017-05-29 11:58:42','Signed in'),(360,'dman01','123.231.8.102','2017-05-29 07:18:30','2017-05-29 12:15:20','Signed off'),(361,'to01','123.231.8.102','0000-00-00 00:00:00','2017-05-29 12:21:10','Signed in'),(362,'admin','123.231.8.102','0000-00-00 00:00:00','2017-05-29 15:51:05','Signed in'),(363,'admin','123.231.8.102','0000-00-00 00:00:00','2017-05-30 11:25:55','Signed in'),(364,'admin','123.231.8.102','0000-00-00 00:00:00','2017-05-30 11:42:18','Signed in'),(365,'admin','123.231.8.102','0000-00-00 00:00:00','2017-05-30 15:09:12','Signed in'),(366,'admin','123.231.8.102','0000-00-00 00:00:00','2017-05-31 11:17:47','Signed in'),(367,'admin','123.231.8.102','0000-00-00 00:00:00','2017-05-31 12:32:12','Signed in'),(368,'ma01','175.157.146.92','2017-05-31 17:35:41','2017-05-31 22:35:38','Signed off'),(369,'ma01','175.157.146.92','2017-05-31 17:42:25','2017-05-31 22:36:10','Signed off'),(370,'dman01','175.157.146.92','2017-05-31 17:52:01','2017-05-31 22:42:51','Signed off'),(371,'enrp01','175.157.146.92','2017-05-31 17:53:47','2017-05-31 22:52:25','Signed off'),(372,'ma01','175.157.146.92','0000-00-00 00:00:00','2017-05-31 22:54:14','Signed in'),(373,'dman01','123.231.8.102','2017-06-01 03:58:57','2017-06-01 08:56:47','Signed off'),(374,'admin','123.231.8.102','0000-00-00 00:00:00','2017-06-01 08:58:41','Signed in'),(375,'dman01','123.231.8.102','2017-06-01 04:16:04','2017-06-01 08:59:10','Signed off'),(376,'ma01','123.231.8.102','2017-06-01 04:13:56','2017-06-01 09:03:23','Signed off'),(377,'enrp01','123.231.8.102','2017-06-01 04:15:33','2017-06-01 09:14:48','Signed off'),(378,'to01','123.231.8.102','0000-00-00 00:00:00','2017-06-01 09:16:32','Signed in'),(379,'to01','175.157.141.41','2017-06-01 04:42:05','2017-06-01 09:25:27','Signed off'),(380,'ma01','175.157.141.41','2017-06-01 05:16:10','2017-06-01 09:42:27','Signed off'),(381,'admin','175.157.17.247','0000-00-00 00:00:00','2017-06-01 10:06:28','Signed in'),(382,'ma01','175.157.141.41','2017-06-01 05:52:53','2017-06-01 10:19:34','Signed off'),(383,'dman01','175.157.141.41','2017-06-01 06:57:12','2017-06-01 10:53:29','Signed off'),(384,'to01','175.157.141.41','2017-06-01 07:08:36','2017-06-01 11:57:35','Signed off'),(385,'enrp01','175.157.141.41','0000-00-00 00:00:00','2017-06-01 12:08:59','Signed in'),(386,'enrp01','175.157.141.41','2017-06-02 10:10:13','2017-06-02 15:09:48','Signed off'),(387,'ma01','175.157.141.41','2017-06-02 12:03:28','2017-06-02 15:10:24','Signed off'),(388,'dman01','175.157.141.41','0000-00-00 00:00:00','2017-06-02 17:03:49','Signed in'),(389,'admin','123.231.8.102','0000-00-00 00:00:00','2017-06-20 11:10:10','Signed in'),(390,'admin','123.231.8.102','0000-00-00 00:00:00','2017-06-30 09:40:14','Signed in'),(391,'admin','127.0.0.1','2017-07-04 05:58:24','2017-07-03 23:27:53','Signed off'),(392,'admin','127.0.0.1','0000-00-00 00:00:00','2017-07-11 03:17:26','Signed in'),(393,'admin','127.0.0.1','0000-00-00 00:00:00','2018-05-11 01:59:18','Signed in'),(394,'admin','127.0.0.1','0000-00-00 00:00:00','2018-05-25 00:10:06','Signed in'),(395,'dman01','127.0.0.1','0000-00-00 00:00:00','2018-05-25 00:29:52','Signed in'),(396,'admin','127.0.0.1','0000-00-00 00:00:00','2018-06-01 02:29:46','Signed in'),(397,'dman01','127.0.0.1','2018-06-01 08:45:15','2018-06-01 03:12:19','Signed off'),(398,'dman01','127.0.0.1','2018-06-01 08:53:28','2018-06-01 03:15:43','Signed off'),(399,'enrp01','127.0.0.1','2018-06-01 08:58:44','2018-06-01 03:23:42','Signed off'),(400,'to01','127.0.0.1','2018-06-01 09:03:53','2018-06-01 03:29:04','Signed off'),(401,'enrp01','127.0.0.1','0000-00-00 00:00:00','2018-06-01 03:34:03','Signed in');
/*!40000 ALTER TABLE `vtiger_loginhistory` ENABLE KEYS */;
UNLOCK TABLES;

--
-- Table structure for table `vtiger_mail_accounts`
--

DROP TABLE IF EXISTS `vtiger_mail_accounts`;
/*!40101 SET @saved_cs_client     = @@character_set_client */;
/*!40101 SET character_set_client = utf8 */;
CREATE TABLE `vtiger_mail_accounts` (
  `account_id` int(11) NOT NULL,
  `user_id` int(11) NOT NULL,
  `display_name` varchar(50) DEFAULT NULL,
  `mail_id` varchar(50) DEFAULT NULL,
  `account_name` varchar(50) DEFAULT NULL,
  `mail_protocol` varchar(20) DEFAULT NULL,
  `mail_username` varchar(50) NOT NULL,
  `mail_password` varchar(250) NOT NULL,
  `mail_servername` varchar(50) DEFAULT NULL,
  `box_refresh` int(10) DEFAULT NULL,
  `mails_per_page` int(10) DEFAULT NULL,
  `ssltype` varchar(50) DEFAULT NULL,
  `sslmeth` varchar(50) DEFAULT NULL,
  `int_mailer` int(1) DEFAULT '0',
  `status` varchar(10) DEFAULT NULL,
  `set_default` int(2) DEFAULT NULL,
  `sent_folder` varchar(50) DEFAULT NULL,
  PRIMARY KEY (`account_id`)
) ENGINE=InnoDB DEFAULT CHARSET=latin1;
/*!40101 SET character_set_client = @saved_cs_client */;

--
-- Dumping data for table `vtiger_mail_accounts`
--

LOCK TABLES `vtiger_mail_accounts` WRITE;
/*!40000 ALTER TABLE `vtiger_mail_accounts` DISABLE KEYS */;
/*!40000 ALTER TABLE `vtiger_mail_accounts` ENABLE KEYS */;
UNLOCK TABLES;

--
-- Table structure for table `vtiger_mailer_queue`
--

DROP TABLE IF EXISTS `vtiger_mailer_queue`;
/*!40101 SET @saved_cs_client     = @@character_set_client */;
/*!40101 SET character_set_client = utf8 */;
CREATE TABLE `vtiger_mailer_queue` (
  `id` int(11) NOT NULL,
  `fromname` varchar(100) DEFAULT NULL,
  `fromemail` varchar(100) DEFAULT NULL,
  `mailer` varchar(10) DEFAULT NULL,
  `content_type` varchar(15) DEFAULT NULL,
  `subject` varchar(999) DEFAULT NULL,
  `body` text,
  `relcrmid` int(11) DEFAULT NULL,
  `failed` int(1) NOT NULL DEFAULT '0',
  `failreason` varchar(255) DEFAULT NULL,
  PRIMARY KEY (`id`)
) ENGINE=InnoDB DEFAULT CHARSET=utf8;
/*!40101 SET character_set_client = @saved_cs_client */;

--
-- Dumping data for table `vtiger_mailer_queue`
--

LOCK TABLES `vtiger_mailer_queue` WRITE;
/*!40000 ALTER TABLE `vtiger_mailer_queue` DISABLE KEYS */;
/*!40000 ALTER TABLE `vtiger_mailer_queue` ENABLE KEYS */;
UNLOCK TABLES;

--
-- Table structure for table `vtiger_mailer_queueattachments`
--

DROP TABLE IF EXISTS `vtiger_mailer_queueattachments`;
/*!40101 SET @saved_cs_client     = @@character_set_client */;
/*!40101 SET character_set_client = utf8 */;
CREATE TABLE `vtiger_mailer_queueattachments` (
  `id` int(11) DEFAULT NULL,
  `path` text,
  `name` varchar(100) DEFAULT NULL,
  `encoding` varchar(50) DEFAULT NULL,
  `type` varchar(100) DEFAULT NULL
) ENGINE=InnoDB DEFAULT CHARSET=utf8;
/*!40101 SET character_set_client = @saved_cs_client */;

--
-- Dumping data for table `vtiger_mailer_queueattachments`
--

LOCK TABLES `vtiger_mailer_queueattachments` WRITE;
/*!40000 ALTER TABLE `vtiger_mailer_queueattachments` DISABLE KEYS */;
/*!40000 ALTER TABLE `vtiger_mailer_queueattachments` ENABLE KEYS */;
UNLOCK TABLES;

--
-- Table structure for table `vtiger_mailer_queueinfo`
--

DROP TABLE IF EXISTS `vtiger_mailer_queueinfo`;
/*!40101 SET @saved_cs_client     = @@character_set_client */;
/*!40101 SET character_set_client = utf8 */;
CREATE TABLE `vtiger_mailer_queueinfo` (
  `id` int(11) DEFAULT NULL,
  `name` varchar(100) DEFAULT NULL,
  `email` varchar(100) DEFAULT NULL,
  `type` varchar(7) DEFAULT NULL
) ENGINE=InnoDB DEFAULT CHARSET=utf8;
/*!40101 SET character_set_client = @saved_cs_client */;

--
-- Dumping data for table `vtiger_mailer_queueinfo`
--

LOCK TABLES `vtiger_mailer_queueinfo` WRITE;
/*!40000 ALTER TABLE `vtiger_mailer_queueinfo` DISABLE KEYS */;
/*!40000 ALTER TABLE `vtiger_mailer_queueinfo` ENABLE KEYS */;
UNLOCK TABLES;

--
-- Table structure for table `vtiger_mailmanager_mailattachments`
--

DROP TABLE IF EXISTS `vtiger_mailmanager_mailattachments`;
/*!40101 SET @saved_cs_client     = @@character_set_client */;
/*!40101 SET character_set_client = utf8 */;
CREATE TABLE `vtiger_mailmanager_mailattachments` (
  `userid` int(11) DEFAULT NULL,
  `muid` int(11) DEFAULT NULL,
  `aname` varchar(100) DEFAULT NULL,
  `lastsavedtime` int(11) DEFAULT NULL,
  `attachid` int(19) NOT NULL,
  `path` varchar(200) NOT NULL,
  `cid` varchar(50) DEFAULT NULL,
  KEY `userid_muid_idx` (`userid`,`muid`)
) ENGINE=InnoDB DEFAULT CHARSET=utf8;
/*!40101 SET character_set_client = @saved_cs_client */;

--
-- Dumping data for table `vtiger_mailmanager_mailattachments`
--

LOCK TABLES `vtiger_mailmanager_mailattachments` WRITE;
/*!40000 ALTER TABLE `vtiger_mailmanager_mailattachments` DISABLE KEYS */;
/*!40000 ALTER TABLE `vtiger_mailmanager_mailattachments` ENABLE KEYS */;
UNLOCK TABLES;

--
-- Table structure for table `vtiger_mailmanager_mailrecord`
--

DROP TABLE IF EXISTS `vtiger_mailmanager_mailrecord`;
/*!40101 SET @saved_cs_client     = @@character_set_client */;
/*!40101 SET character_set_client = utf8 */;
CREATE TABLE `vtiger_mailmanager_mailrecord` (
  `userid` int(11) DEFAULT NULL,
  `mfrom` varchar(255) DEFAULT NULL,
  `mto` varchar(255) DEFAULT NULL,
  `mcc` varchar(500) DEFAULT NULL,
  `mbcc` varchar(500) DEFAULT NULL,
  `mdate` varchar(20) DEFAULT NULL,
  `msubject` varchar(500) DEFAULT NULL,
  `mbody` text,
  `mcharset` varchar(10) DEFAULT NULL,
  `misbodyhtml` int(1) DEFAULT NULL,
  `mplainmessage` int(1) DEFAULT NULL,
  `mhtmlmessage` int(1) DEFAULT NULL,
  `muniqueid` varchar(500) DEFAULT NULL,
  `mbodyparsed` int(1) DEFAULT NULL,
  `muid` int(11) DEFAULT NULL,
  `lastsavedtime` int(11) DEFAULT NULL,
  KEY `userid_lastsavedtime_idx` (`userid`,`lastsavedtime`),
  KEY `userid_muid_idx` (`userid`,`muid`)
) ENGINE=InnoDB DEFAULT CHARSET=utf8;
/*!40101 SET character_set_client = @saved_cs_client */;

--
-- Dumping data for table `vtiger_mailmanager_mailrecord`
--

LOCK TABLES `vtiger_mailmanager_mailrecord` WRITE;
/*!40000 ALTER TABLE `vtiger_mailmanager_mailrecord` DISABLE KEYS */;
/*!40000 ALTER TABLE `vtiger_mailmanager_mailrecord` ENABLE KEYS */;
UNLOCK TABLES;

--
-- Table structure for table `vtiger_mailmanager_mailrel`
--

DROP TABLE IF EXISTS `vtiger_mailmanager_mailrel`;
/*!40101 SET @saved_cs_client     = @@character_set_client */;
/*!40101 SET character_set_client = utf8 */;
CREATE TABLE `vtiger_mailmanager_mailrel` (
  `mailuid` varchar(999) DEFAULT NULL,
  `crmid` int(11) DEFAULT NULL,
  `emailid` int(11) DEFAULT NULL
) ENGINE=InnoDB DEFAULT CHARSET=utf8;
/*!40101 SET character_set_client = @saved_cs_client */;

--
-- Dumping data for table `vtiger_mailmanager_mailrel`
--

LOCK TABLES `vtiger_mailmanager_mailrel` WRITE;
/*!40000 ALTER TABLE `vtiger_mailmanager_mailrel` DISABLE KEYS */;
/*!40000 ALTER TABLE `vtiger_mailmanager_mailrel` ENABLE KEYS */;
UNLOCK TABLES;

--
-- Table structure for table `vtiger_mailscanner`
--

DROP TABLE IF EXISTS `vtiger_mailscanner`;
/*!40101 SET @saved_cs_client     = @@character_set_client */;
/*!40101 SET character_set_client = utf8 */;
CREATE TABLE `vtiger_mailscanner` (
  `scannerid` int(11) NOT NULL AUTO_INCREMENT,
  `scannername` varchar(30) DEFAULT NULL,
  `server` varchar(100) DEFAULT NULL,
  `protocol` varchar(10) DEFAULT NULL,
  `username` varchar(255) DEFAULT NULL,
  `password` varchar(255) DEFAULT NULL,
  `ssltype` varchar(10) DEFAULT NULL,
  `sslmethod` varchar(30) DEFAULT NULL,
  `connecturl` varchar(255) DEFAULT NULL,
  `searchfor` varchar(10) DEFAULT NULL,
  `markas` varchar(10) DEFAULT NULL,
  `isvalid` int(1) DEFAULT NULL,
  `time_zone` varchar(10) DEFAULT NULL,
  PRIMARY KEY (`scannerid`)
) ENGINE=InnoDB DEFAULT CHARSET=latin1;
/*!40101 SET character_set_client = @saved_cs_client */;

--
-- Dumping data for table `vtiger_mailscanner`
--

LOCK TABLES `vtiger_mailscanner` WRITE;
/*!40000 ALTER TABLE `vtiger_mailscanner` DISABLE KEYS */;
/*!40000 ALTER TABLE `vtiger_mailscanner` ENABLE KEYS */;
UNLOCK TABLES;

--
-- Table structure for table `vtiger_mailscanner_actions`
--

DROP TABLE IF EXISTS `vtiger_mailscanner_actions`;
/*!40101 SET @saved_cs_client     = @@character_set_client */;
/*!40101 SET character_set_client = utf8 */;
CREATE TABLE `vtiger_mailscanner_actions` (
  `actionid` int(11) NOT NULL AUTO_INCREMENT,
  `scannerid` int(11) DEFAULT NULL,
  `actiontype` varchar(10) DEFAULT NULL,
  `module` varchar(30) DEFAULT NULL,
  `lookup` varchar(30) DEFAULT NULL,
  `sequence` int(11) DEFAULT NULL,
  PRIMARY KEY (`actionid`)
) ENGINE=InnoDB DEFAULT CHARSET=latin1;
/*!40101 SET character_set_client = @saved_cs_client */;

--
-- Dumping data for table `vtiger_mailscanner_actions`
--

LOCK TABLES `vtiger_mailscanner_actions` WRITE;
/*!40000 ALTER TABLE `vtiger_mailscanner_actions` DISABLE KEYS */;
/*!40000 ALTER TABLE `vtiger_mailscanner_actions` ENABLE KEYS */;
UNLOCK TABLES;

--
-- Table structure for table `vtiger_mailscanner_folders`
--

DROP TABLE IF EXISTS `vtiger_mailscanner_folders`;
/*!40101 SET @saved_cs_client     = @@character_set_client */;
/*!40101 SET character_set_client = utf8 */;
CREATE TABLE `vtiger_mailscanner_folders` (
  `folderid` int(11) NOT NULL AUTO_INCREMENT,
  `scannerid` int(11) DEFAULT NULL,
  `foldername` varchar(255) DEFAULT NULL,
  `lastscan` varchar(30) DEFAULT NULL,
  `rescan` int(1) DEFAULT NULL,
  `enabled` int(1) DEFAULT NULL,
  PRIMARY KEY (`folderid`),
  KEY `folderid_idx` (`folderid`)
) ENGINE=InnoDB DEFAULT CHARSET=latin1;
/*!40101 SET character_set_client = @saved_cs_client */;

--
-- Dumping data for table `vtiger_mailscanner_folders`
--

LOCK TABLES `vtiger_mailscanner_folders` WRITE;
/*!40000 ALTER TABLE `vtiger_mailscanner_folders` DISABLE KEYS */;
/*!40000 ALTER TABLE `vtiger_mailscanner_folders` ENABLE KEYS */;
UNLOCK TABLES;

--
-- Table structure for table `vtiger_mailscanner_ids`
--

DROP TABLE IF EXISTS `vtiger_mailscanner_ids`;
/*!40101 SET @saved_cs_client     = @@character_set_client */;
/*!40101 SET character_set_client = utf8 */;
CREATE TABLE `vtiger_mailscanner_ids` (
  `scannerid` int(11) DEFAULT NULL,
  `messageid` varchar(512) DEFAULT NULL,
  `crmid` int(11) DEFAULT NULL,
  KEY `scanner_message_ids_idx` (`scannerid`,`messageid`)
) ENGINE=InnoDB DEFAULT CHARSET=latin1;
/*!40101 SET character_set_client = @saved_cs_client */;

--
-- Dumping data for table `vtiger_mailscanner_ids`
--

LOCK TABLES `vtiger_mailscanner_ids` WRITE;
/*!40000 ALTER TABLE `vtiger_mailscanner_ids` DISABLE KEYS */;
/*!40000 ALTER TABLE `vtiger_mailscanner_ids` ENABLE KEYS */;
UNLOCK TABLES;

--
-- Table structure for table `vtiger_mailscanner_ruleactions`
--

DROP TABLE IF EXISTS `vtiger_mailscanner_ruleactions`;
/*!40101 SET @saved_cs_client     = @@character_set_client */;
/*!40101 SET character_set_client = utf8 */;
CREATE TABLE `vtiger_mailscanner_ruleactions` (
  `ruleid` int(11) DEFAULT NULL,
  `actionid` int(11) DEFAULT NULL
) ENGINE=InnoDB DEFAULT CHARSET=latin1;
/*!40101 SET character_set_client = @saved_cs_client */;

--
-- Dumping data for table `vtiger_mailscanner_ruleactions`
--

LOCK TABLES `vtiger_mailscanner_ruleactions` WRITE;
/*!40000 ALTER TABLE `vtiger_mailscanner_ruleactions` DISABLE KEYS */;
/*!40000 ALTER TABLE `vtiger_mailscanner_ruleactions` ENABLE KEYS */;
UNLOCK TABLES;

--
-- Table structure for table `vtiger_mailscanner_rules`
--

DROP TABLE IF EXISTS `vtiger_mailscanner_rules`;
/*!40101 SET @saved_cs_client     = @@character_set_client */;
/*!40101 SET character_set_client = utf8 */;
CREATE TABLE `vtiger_mailscanner_rules` (
  `ruleid` int(11) NOT NULL AUTO_INCREMENT,
  `scannerid` int(11) DEFAULT NULL,
  `fromaddress` varchar(255) DEFAULT NULL,
  `toaddress` varchar(255) DEFAULT NULL,
  `subjectop` varchar(20) DEFAULT NULL,
  `subject` varchar(255) DEFAULT NULL,
  `bodyop` varchar(20) DEFAULT NULL,
  `body` varchar(255) DEFAULT NULL,
  `matchusing` varchar(5) DEFAULT NULL,
  `sequence` int(11) DEFAULT NULL,
  `assigned_to` int(10) DEFAULT NULL,
  `cc` varchar(255) DEFAULT NULL,
  `bcc` varchar(255) DEFAULT NULL,
  PRIMARY KEY (`ruleid`)
) ENGINE=InnoDB DEFAULT CHARSET=latin1;
/*!40101 SET character_set_client = @saved_cs_client */;

--
-- Dumping data for table `vtiger_mailscanner_rules`
--

LOCK TABLES `vtiger_mailscanner_rules` WRITE;
/*!40000 ALTER TABLE `vtiger_mailscanner_rules` DISABLE KEYS */;
/*!40000 ALTER TABLE `vtiger_mailscanner_rules` ENABLE KEYS */;
UNLOCK TABLES;

--
-- Table structure for table `vtiger_manufacturer`
--

DROP TABLE IF EXISTS `vtiger_manufacturer`;
/*!40101 SET @saved_cs_client     = @@character_set_client */;
/*!40101 SET character_set_client = utf8 */;
CREATE TABLE `vtiger_manufacturer` (
  `manufacturerid` int(19) NOT NULL AUTO_INCREMENT,
  `manufacturer` varchar(200) NOT NULL,
  `presence` int(1) NOT NULL DEFAULT '1',
  `picklist_valueid` int(19) NOT NULL DEFAULT '0',
  `sortorderid` int(11) DEFAULT NULL,
  PRIMARY KEY (`manufacturerid`),
  UNIQUE KEY `manufacturer_manufacturer_idx` (`manufacturer`)
) ENGINE=InnoDB AUTO_INCREMENT=5 DEFAULT CHARSET=latin1;
/*!40101 SET character_set_client = @saved_cs_client */;

--
-- Dumping data for table `vtiger_manufacturer`
--

LOCK TABLES `vtiger_manufacturer` WRITE;
/*!40000 ALTER TABLE `vtiger_manufacturer` DISABLE KEYS */;
INSERT INTO `vtiger_manufacturer` VALUES (2,'AltvetPet Inc.',1,124,1),(3,'LexPon Inc.',1,125,2),(4,'MetBeat Corp',1,126,3);
/*!40000 ALTER TABLE `vtiger_manufacturer` ENABLE KEYS */;
UNLOCK TABLES;

--
-- Table structure for table `vtiger_manufacturer_seq`
--

DROP TABLE IF EXISTS `vtiger_manufacturer_seq`;
/*!40101 SET @saved_cs_client     = @@character_set_client */;
/*!40101 SET character_set_client = utf8 */;
CREATE TABLE `vtiger_manufacturer_seq` (
  `id` int(11) NOT NULL
) ENGINE=InnoDB DEFAULT CHARSET=latin1;
/*!40101 SET character_set_client = @saved_cs_client */;

--
-- Dumping data for table `vtiger_manufacturer_seq`
--

LOCK TABLES `vtiger_manufacturer_seq` WRITE;
/*!40000 ALTER TABLE `vtiger_manufacturer_seq` DISABLE KEYS */;
INSERT INTO `vtiger_manufacturer_seq` VALUES (4);
/*!40000 ALTER TABLE `vtiger_manufacturer_seq` ENABLE KEYS */;
UNLOCK TABLES;

--
-- Table structure for table `vtiger_mobile_alerts`
--

DROP TABLE IF EXISTS `vtiger_mobile_alerts`;
/*!40101 SET @saved_cs_client     = @@character_set_client */;
/*!40101 SET character_set_client = utf8 */;
CREATE TABLE `vtiger_mobile_alerts` (
  `id` int(11) NOT NULL AUTO_INCREMENT,
  `handler_path` varchar(500) DEFAULT NULL,
  `handler_class` varchar(50) DEFAULT NULL,
  `sequence` int(11) DEFAULT NULL,
  `deleted` int(11) NOT NULL DEFAULT '0',
  PRIMARY KEY (`id`)
) ENGINE=InnoDB AUTO_INCREMENT=8 DEFAULT CHARSET=utf8;
/*!40101 SET character_set_client = @saved_cs_client */;

--
-- Dumping data for table `vtiger_mobile_alerts`
--

LOCK TABLES `vtiger_mobile_alerts` WRITE;
/*!40000 ALTER TABLE `vtiger_mobile_alerts` DISABLE KEYS */;
INSERT INTO `vtiger_mobile_alerts` VALUES (1,'modules/Mobile/api/ws/models/alerts/IdleTicketsOfMine.php','Mobile_WS_AlertModel_IdleTicketsOfMine',NULL,0),(2,'modules/Mobile/api/ws/models/alerts/NewTicketOfMine.php','Mobile_WS_AlertModel_NewTicketOfMine',NULL,0),(3,'modules/Mobile/api/ws/models/alerts/PendingTicketsOfMine.php','Mobile_WS_AlertModel_PendingTicketsOfMine',NULL,0),(4,'modules/Mobile/api/ws/models/alerts/PotentialsDueIn5Days.php','Mobile_WS_AlertModel_PotentialsDueIn5Days',NULL,0),(5,'modules/Mobile/api/ws/models/alerts/EventsOfMineToday.php','Mobile_WS_AlertModel_EventsOfMineToday',NULL,0),(6,'modules/Mobile/api/ws/models/alerts/ProjectTasksOfMine.php','Mobile_WS_AlertModel_ProjectTasksOfMine',NULL,0),(7,'modules/Mobile/api/ws/models/alerts/Projects.php','Mobile_WS_AlertModel_Projects',NULL,0);
/*!40000 ALTER TABLE `vtiger_mobile_alerts` ENABLE KEYS */;
UNLOCK TABLES;

--
-- Table structure for table `vtiger_modcomments`
--

DROP TABLE IF EXISTS `vtiger_modcomments`;
/*!40101 SET @saved_cs_client     = @@character_set_client */;
/*!40101 SET character_set_client = utf8 */;
CREATE TABLE `vtiger_modcomments` (
  `modcommentsid` int(11) DEFAULT NULL,
  `commentcontent` text,
  `related_to` int(19) DEFAULT NULL,
  `parent_comments` varchar(100) DEFAULT NULL,
  `customer` varchar(100) DEFAULT NULL,
  `userid` varchar(100) DEFAULT NULL,
  `reasontoedit` varchar(100) DEFAULT NULL,
  KEY `relatedto_idx` (`related_to`)
) ENGINE=InnoDB DEFAULT CHARSET=utf8;
/*!40101 SET character_set_client = @saved_cs_client */;

--
-- Dumping data for table `vtiger_modcomments`
--

LOCK TABLES `vtiger_modcomments` WRITE;
/*!40000 ALTER TABLE `vtiger_modcomments` DISABLE KEYS */;
/*!40000 ALTER TABLE `vtiger_modcomments` ENABLE KEYS */;
UNLOCK TABLES;

--
-- Table structure for table `vtiger_modcommentscf`
--

DROP TABLE IF EXISTS `vtiger_modcommentscf`;
/*!40101 SET @saved_cs_client     = @@character_set_client */;
/*!40101 SET character_set_client = utf8 */;
CREATE TABLE `vtiger_modcommentscf` (
  `modcommentsid` int(11) NOT NULL,
  PRIMARY KEY (`modcommentsid`)
) ENGINE=InnoDB DEFAULT CHARSET=utf8;
/*!40101 SET character_set_client = @saved_cs_client */;

--
-- Dumping data for table `vtiger_modcommentscf`
--

LOCK TABLES `vtiger_modcommentscf` WRITE;
/*!40000 ALTER TABLE `vtiger_modcommentscf` DISABLE KEYS */;
/*!40000 ALTER TABLE `vtiger_modcommentscf` ENABLE KEYS */;
UNLOCK TABLES;

--
-- Table structure for table `vtiger_modentity_num`
--

DROP TABLE IF EXISTS `vtiger_modentity_num`;
/*!40101 SET @saved_cs_client     = @@character_set_client */;
/*!40101 SET character_set_client = utf8 */;
CREATE TABLE `vtiger_modentity_num` (
  `num_id` int(19) NOT NULL,
  `semodule` varchar(50) NOT NULL,
  `prefix` varchar(50) NOT NULL DEFAULT '',
  `start_id` varchar(50) NOT NULL,
  `cur_id` varchar(50) NOT NULL,
  `active` varchar(2) NOT NULL,
  PRIMARY KEY (`num_id`),
  UNIQUE KEY `num_idx` (`num_id`),
  KEY `semodule_active_idx` (`semodule`,`active`)
) ENGINE=InnoDB DEFAULT CHARSET=latin1;
/*!40101 SET character_set_client = @saved_cs_client */;

--
-- Dumping data for table `vtiger_modentity_num`
--

LOCK TABLES `vtiger_modentity_num` WRITE;
/*!40000 ALTER TABLE `vtiger_modentity_num` DISABLE KEYS */;
INSERT INTO `vtiger_modentity_num` VALUES (1,'Leads','LEA','1','2','1'),(2,'Accounts','ACC','1','3','1'),(3,'Campaigns','CAM','1','1','1'),(4,'Contacts','CON','1','2','1'),(5,'Potentials','POT','1','1','1'),(6,'HelpDesk','TT','1','1','1'),(7,'Quotes','QUO','1','1','1'),(8,'SalesOrder','SO','1','1','1'),(9,'PurchaseOrder','PO','1','1','1'),(10,'Invoice','INV','1','1','1'),(11,'Products','PRO','1','1','1'),(12,'Vendors','VEN','1','1','1'),(13,'PriceBooks','PB','1','1','1'),(14,'Faq','FAQ','1','1','1'),(15,'Documents','DOC','1','2','1'),(16,'Services','SER','1','1','1'),(17,'ServiceContracts','SERCON','1','1','1'),(18,'ProjectMilestone','PM','1','1','1'),(19,'ProjectTask','PT','1','1','1'),(20,'Project','PROJ','1','1','1'),(21,'Assets','ASSET','1','1','1'),(22,'Blockplan','BLPL','001','014','1'),(23,'BuildingPlan','BLDG','1','7','1'),(24,'Coc','COC','1','7','1'),(25,'StreetLine','STLN','1','7','1'),(26,'Resubmission','RSUB','1','20','1'),(27,'AssesmentNumber','ASSE','1','9','1'),(28,'NameChanges','NAME','1','1','0'),(29,'NatureOfChanges','NAT','1','6','1'),(30,'Assesments','ASS','1','5','1'),(31,'NameChanges','NAM','1','5','1'),(32,'OwnershipVerification','OWNV','1','4','1'),(33,'NumberVerification','NUMV','1','5','1');
/*!40000 ALTER TABLE `vtiger_modentity_num` ENABLE KEYS */;
UNLOCK TABLES;

--
-- Table structure for table `vtiger_modentity_num_seq`
--

DROP TABLE IF EXISTS `vtiger_modentity_num_seq`;
/*!40101 SET @saved_cs_client     = @@character_set_client */;
/*!40101 SET character_set_client = utf8 */;
CREATE TABLE `vtiger_modentity_num_seq` (
  `id` int(11) NOT NULL
) ENGINE=InnoDB DEFAULT CHARSET=latin1;
/*!40101 SET character_set_client = @saved_cs_client */;

--
-- Dumping data for table `vtiger_modentity_num_seq`
--

LOCK TABLES `vtiger_modentity_num_seq` WRITE;
/*!40000 ALTER TABLE `vtiger_modentity_num_seq` DISABLE KEYS */;
INSERT INTO `vtiger_modentity_num_seq` VALUES (33);
/*!40000 ALTER TABLE `vtiger_modentity_num_seq` ENABLE KEYS */;
UNLOCK TABLES;

--
-- Table structure for table `vtiger_modtracker_basic`
--

DROP TABLE IF EXISTS `vtiger_modtracker_basic`;
/*!40101 SET @saved_cs_client     = @@character_set_client */;
/*!40101 SET character_set_client = utf8 */;
CREATE TABLE `vtiger_modtracker_basic` (
  `id` int(20) NOT NULL,
  `crmid` int(20) DEFAULT NULL,
  `module` varchar(50) DEFAULT NULL,
  `whodid` int(20) DEFAULT NULL,
  `changedon` datetime DEFAULT NULL,
  `status` int(1) DEFAULT '0',
  PRIMARY KEY (`id`),
  KEY `crmidx` (`crmid`),
  KEY `idx` (`id`)
) ENGINE=InnoDB DEFAULT CHARSET=utf8;
/*!40101 SET character_set_client = @saved_cs_client */;

--
-- Dumping data for table `vtiger_modtracker_basic`
--

LOCK TABLES `vtiger_modtracker_basic` WRITE;
/*!40000 ALTER TABLE `vtiger_modtracker_basic` DISABLE KEYS */;
INSERT INTO `vtiger_modtracker_basic` VALUES (1,2,'Leads',1,'2017-02-20 12:19:27',2),(2,3,'Accounts',1,'2017-02-20 12:20:21',2),(3,4,'Contacts',1,'2017-02-20 12:20:21',2),(4,5,'Accounts',1,'2017-02-22 05:09:37',2),(5,6,'Blockplan',1,'2017-02-22 11:28:55',2),(6,7,'Blockplan',1,'2017-02-27 08:48:51',2),(7,6,'Blockplan',5,'2017-02-27 13:05:35',0),(8,8,'BuildingPlan',1,'2017-02-28 11:40:53',2),(9,9,'StreetLine',1,'2017-02-28 11:48:10',2),(10,10,'Coc',1,'2017-02-28 11:49:18',2),(11,10,'Coc',5,'2017-02-28 11:50:46',0),(12,11,'Blockplan',8,'2017-03-02 05:47:15',2),(13,12,'Blockplan',1,'2017-03-02 11:04:09',2),(14,8,'BuildingPlan',8,'2017-03-02 11:28:42',0),(15,9,'StreetLine',8,'2017-03-02 11:29:49',0),(16,9,'StreetLine',8,'2017-03-02 11:30:32',0),(17,13,'Documents',8,'2017-03-02 11:36:26',2),(18,15,'BuildingPlan',1,'2017-03-03 06:17:43',2),(19,16,'StreetLine',1,'2017-03-03 10:30:18',2),(20,12,'Blockplan',1,'2017-03-03 10:37:08',0),(21,17,'Coc',1,'2017-03-05 03:20:37',2),(22,7,'Blockplan',1,'2017-03-05 13:43:34',4),(23,8,'BuildingPlan',1,'2017-03-05 13:45:22',4),(24,16,'StreetLine',1,'2017-03-05 13:45:51',4),(25,17,'Coc',1,'2017-03-05 13:46:23',4),(26,23,'Coc',1,'2017-03-06 04:43:26',2),(27,23,'Coc',1,'2017-03-06 04:43:34',0),(28,24,'Blockplan',1,'2017-03-06 05:46:21',2),(29,24,'Blockplan',1,'2017-03-06 05:58:42',0),(30,24,'Blockplan',1,'2017-03-06 06:02:51',0),(31,24,'Blockplan',1,'2017-03-06 06:02:53',0),(32,24,'Blockplan',1,'2017-03-06 06:03:02',0),(33,24,'Blockplan',1,'2017-03-06 06:03:13',0),(34,25,'Blockplan',5,'2017-03-06 08:59:02',2),(35,7,'Blockplan',1,'2017-03-06 09:15:39',4),(36,8,'BuildingPlan',1,'2017-03-06 09:51:16',0),(37,15,'BuildingPlan',1,'2017-03-06 09:51:16',0),(38,15,'BuildingPlan',1,'2017-03-06 09:52:26',0),(39,10,'Coc',1,'2017-03-06 10:13:06',0),(40,9,'StreetLine',8,'2017-03-07 16:41:00',4),(41,25,'Blockplan',6,'2017-03-08 16:28:10',4),(42,25,'Blockplan',1,'2017-03-08 18:09:28',0),(43,25,'Blockplan',1,'2017-03-08 18:09:28',4),(44,8,'BuildingPlan',1,'2017-03-08 18:09:43',0),(45,8,'BuildingPlan',1,'2017-03-08 18:10:16',0),(46,8,'BuildingPlan',1,'2017-03-08 18:10:16',4),(47,9,'StreetLine',1,'2017-03-08 18:10:45',0),(48,9,'StreetLine',1,'2017-03-08 18:10:45',4),(49,9,'StreetLine',1,'2017-03-08 18:11:16',0),(50,9,'StreetLine',1,'2017-03-08 18:11:38',0),(51,9,'StreetLine',1,'2017-03-08 18:11:38',4),(52,17,'Coc',1,'2017-03-08 18:12:06',0),(53,17,'Coc',1,'2017-03-08 18:12:06',4),(54,8,'BuildingPlan',1,'2017-03-09 06:40:06',0),(55,17,'Coc',1,'2017-03-09 16:04:52',0),(56,34,'StreetLine',1,'2017-03-09 16:05:38',2),(57,8,'BuildingPlan',1,'2017-03-09 16:05:59',0),(58,25,'Blockplan',1,'2017-03-09 16:06:16',0),(59,36,'StreetLine',1,'2017-03-12 15:24:26',2),(60,36,'StreetLine',1,'2017-03-12 15:24:50',1),(61,35,'StreetLine',1,'2017-03-12 15:24:50',1),(62,34,'StreetLine',1,'2017-03-12 15:24:50',1),(63,9,'StreetLine',1,'2017-03-12 15:24:50',1),(64,16,'StreetLine',1,'2017-03-12 15:24:50',1),(65,37,'StreetLine',1,'2017-03-12 15:28:49',2),(66,25,'Blockplan',1,'2017-03-12 15:29:04',1),(67,7,'Blockplan',1,'2017-03-12 15:29:04',1),(68,24,'Blockplan',1,'2017-03-12 15:29:04',1),(69,12,'Blockplan',1,'2017-03-12 15:29:04',1),(70,11,'Blockplan',1,'2017-03-12 15:29:04',1),(71,6,'Blockplan',1,'2017-03-12 15:29:04',1),(72,38,'Blockplan',1,'2017-03-12 15:29:44',2),(73,37,'StreetLine',1,'2017-03-12 15:30:23',0),(74,39,'Blockplan',1,'2017-03-12 15:32:31',2),(75,8,'BuildingPlan',1,'2017-03-12 15:32:45',1),(76,15,'BuildingPlan',1,'2017-03-12 15:32:45',1),(77,40,'BuildingPlan',1,'2017-03-12 15:33:18',2),(78,39,'Blockplan',1,'2017-03-12 15:48:33',0),(79,39,'Blockplan',1,'2017-03-12 15:48:40',0),(80,17,'Coc',1,'2017-03-20 17:32:39',1),(81,10,'Coc',1,'2017-03-20 17:32:39',1),(82,23,'Coc',1,'2017-03-20 17:32:39',1),(83,40,'BuildingPlan',1,'2017-03-20 17:32:56',1),(84,62,'Coc',1,'2017-03-23 07:31:00',2),(85,60,'AssesmentNumber',1,'2017-03-23 07:31:26',0),(86,61,'NatureOfChanges',1,'2017-03-23 07:32:07',0),(87,61,'NatureOfChanges',1,'2017-03-23 07:32:18',0),(88,63,'NumberVerification',1,'2017-03-23 07:33:11',2),(89,63,'NumberVerification',1,'2017-03-23 07:33:30',0),(90,64,'OwnershipVerification',1,'2017-03-23 07:33:57',2),(91,65,'Assesments',1,'2017-03-23 07:34:33',2),(92,53,'NameChanges',1,'2017-03-23 07:34:59',0),(93,66,'Events',1,'2017-03-23 08:31:47',2),(94,67,'Events',1,'2017-03-23 08:35:03',2),(95,68,'Calendar',1,'2017-03-23 08:45:38',2),(96,69,'AssesmentNumber',1,'2017-04-05 09:28:21',2),(97,69,'AssesmentNumber',1,'2017-04-05 09:31:25',0),(98,70,'AssesmentNumber',1,'2017-04-29 17:11:02',2),(99,70,'AssesmentNumber',1,'2017-04-29 17:11:33',0),(100,69,'AssesmentNumber',1,'2017-04-29 17:15:32',0),(101,71,'NatureOfChanges',1,'2017-04-29 17:28:16',2),(102,71,'NatureOfChanges',1,'2017-04-29 17:28:35',0),(103,71,'NatureOfChanges',1,'2017-04-29 17:29:46',0),(104,64,'OwnershipVerification',1,'2017-04-29 17:44:14',0),(105,65,'Assesments',1,'2017-04-29 17:44:56',0),(106,69,'AssesmentNumber',1,'2017-05-18 05:16:44',0),(107,71,'NatureOfChanges',1,'2017-05-18 05:17:06',0),(108,53,'NameChanges',1,'2017-05-18 05:18:09',0),(109,65,'Assesments',1,'2017-05-18 05:18:30',0),(110,72,'AssesmentNumber',1,'2017-05-18 08:15:12',2),(111,73,'NatureOfChanges',1,'2017-05-18 08:15:33',2),(112,74,'NameChanges',1,'2017-05-18 08:16:01',2),(113,75,'Assesments',1,'2017-05-18 08:16:20',2),(114,78,'Blockplan',1,'2017-05-23 06:15:47',2),(115,78,'Blockplan',1,'2017-05-23 06:17:32',0),(116,79,'BuildingPlan',1,'2017-05-23 06:19:01',2),(117,78,'Blockplan',1,'2017-05-23 06:19:42',1),(118,73,'NatureOfChanges',15,'2017-05-23 09:32:50',0),(119,80,'Coc',15,'2017-05-23 09:33:42',2),(120,81,'Blockplan',15,'2017-05-23 09:34:18',2),(121,82,'BuildingPlan',1,'2017-05-23 09:40:19',2),(122,79,'BuildingPlan',1,'2017-05-23 09:40:34',1),(123,83,'Blockplan',1,'2017-05-29 07:14:11',2),(124,83,'Blockplan',1,'2017-05-29 07:14:47',0),(125,83,'Blockplan',6,'2017-05-29 07:17:42',0),(126,83,'Blockplan',6,'2017-05-29 07:18:23',0),(127,83,'Blockplan',1,'2017-05-29 07:26:39',0),(128,83,'Blockplan',16,'2017-05-29 07:26:39',4),(129,83,'Blockplan',16,'2017-05-29 07:27:42',0),(130,82,'BuildingPlan',1,'2017-05-31 07:33:49',0),(131,85,'BuildingPlan',1,'2017-05-31 07:34:41',2),(132,85,'BuildingPlan',1,'2017-05-31 07:39:21',0),(133,85,'BuildingPlan',1,'2017-05-31 07:39:29',0),(134,85,'BuildingPlan',1,'2017-05-31 07:39:47',0),(135,85,'BuildingPlan',1,'2017-05-31 07:39:51',0),(136,85,'BuildingPlan',1,'2017-05-31 07:41:48',0),(137,85,'BuildingPlan',1,'2017-05-31 07:41:48',4),(138,85,'BuildingPlan',1,'2017-05-31 07:42:36',4),(139,88,'Blockplan',5,'2017-05-31 17:40:25',2),(140,88,'Blockplan',5,'2017-05-31 17:41:50',0),(141,88,'Blockplan',6,'2017-05-31 17:47:25',0),(142,62,'Coc',6,'2017-05-31 17:50:26',0),(143,62,'Coc',6,'2017-05-31 17:51:46',0),(144,62,'Coc',7,'2017-05-31 17:53:33',0),(145,82,'BuildingPlan',1,'2017-06-01 04:02:03',0),(146,88,'Blockplan',5,'2017-06-01 04:05:47',0),(147,89,'Blockplan',5,'2017-06-01 05:45:41',2),(148,89,'Blockplan',1,'2017-06-01 05:51:51',0),(149,89,'Blockplan',5,'2017-06-01 05:51:51',4),(150,88,'Blockplan',6,'2017-06-01 06:19:37',0),(151,89,'Blockplan',6,'2017-06-01 06:46:37',0),(152,82,'BuildingPlan',6,'2017-06-01 06:49:05',0),(153,82,'BuildingPlan',6,'2017-06-01 06:54:24',0),(154,82,'BuildingPlan',6,'2017-06-01 06:54:58',0),(155,82,'BuildingPlan',1,'2017-06-01 07:05:43',0),(156,82,'BuildingPlan',16,'2017-06-01 07:05:44',4),(157,89,'Blockplan',1,'2018-05-25 05:58:22',0),(158,89,'Blockplan',1,'2018-05-25 06:00:24',0),(159,92,'Coc',1,'2018-05-25 06:40:54',2),(160,93,'Blockplan',1,'2018-06-01 08:41:32',2),(161,93,'Blockplan',1,'2018-06-01 08:51:13',0),(162,93,'Blockplan',6,'2018-06-01 08:52:35',0),(163,93,'Blockplan',7,'2018-06-01 08:57:48',0),(164,93,'Blockplan',7,'2018-06-01 08:58:31',0),(165,93,'Blockplan',1,'2018-06-01 08:59:56',0),(166,93,'Blockplan',1,'2018-06-01 09:00:43',0),(167,93,'Blockplan',16,'2018-06-01 09:00:43',4),(168,93,'Blockplan',16,'2018-06-01 09:03:19',0),(169,93,'Blockplan',16,'2018-06-01 09:03:44',0),(170,93,'Blockplan',7,'2018-06-01 09:04:57',0),(171,93,'Blockplan',7,'2018-06-01 09:05:09',0);
/*!40000 ALTER TABLE `vtiger_modtracker_basic` ENABLE KEYS */;
UNLOCK TABLES;

--
-- Table structure for table `vtiger_modtracker_basic_seq`
--

DROP TABLE IF EXISTS `vtiger_modtracker_basic_seq`;
/*!40101 SET @saved_cs_client     = @@character_set_client */;
/*!40101 SET character_set_client = utf8 */;
CREATE TABLE `vtiger_modtracker_basic_seq` (
  `id` int(11) NOT NULL
) ENGINE=InnoDB DEFAULT CHARSET=latin1;
/*!40101 SET character_set_client = @saved_cs_client */;

--
-- Dumping data for table `vtiger_modtracker_basic_seq`
--

LOCK TABLES `vtiger_modtracker_basic_seq` WRITE;
/*!40000 ALTER TABLE `vtiger_modtracker_basic_seq` DISABLE KEYS */;
INSERT INTO `vtiger_modtracker_basic_seq` VALUES (171);
/*!40000 ALTER TABLE `vtiger_modtracker_basic_seq` ENABLE KEYS */;
UNLOCK TABLES;

--
-- Table structure for table `vtiger_modtracker_detail`
--

DROP TABLE IF EXISTS `vtiger_modtracker_detail`;
/*!40101 SET @saved_cs_client     = @@character_set_client */;
/*!40101 SET character_set_client = utf8 */;
CREATE TABLE `vtiger_modtracker_detail` (
  `id` int(11) DEFAULT NULL,
  `fieldname` varchar(100) DEFAULT NULL,
  `prevalue` text,
  `postvalue` text,
  KEY `idx` (`id`)
) ENGINE=InnoDB DEFAULT CHARSET=utf8;
/*!40101 SET character_set_client = @saved_cs_client */;

--
-- Dumping data for table `vtiger_modtracker_detail`
--

LOCK TABLES `vtiger_modtracker_detail` WRITE;
/*!40000 ALTER TABLE `vtiger_modtracker_detail` DISABLE KEYS */;
INSERT INTO `vtiger_modtracker_detail` VALUES (1,'firstname',NULL,'Test Lead'),(1,'lead_no',NULL,'LEA1'),(1,'lastname',NULL,'Lead last'),(1,'annualrevenue',NULL,'0.00000000'),(1,'assigned_user_id',NULL,'1'),(1,'createdtime',NULL,'2017-02-20 12:19:27'),(1,'modifiedby',NULL,'1'),(1,'record_id',NULL,'2'),(1,'record_module',NULL,'Leads'),(2,'accountname',NULL,'Converted ORG'),(2,'account_no',NULL,'ACC1'),(2,'industry',NULL,'Apparel'),(2,'annual_revenue',NULL,'0.00000000'),(2,'assigned_user_id',NULL,'1'),(2,'createdtime',NULL,'2017-02-20 12:20:21'),(2,'modifiedby',NULL,'1'),(2,'record_id',NULL,'3'),(2,'record_module',NULL,'Accounts'),(3,'firstname',NULL,'Test Lead'),(3,'contact_no',NULL,'CON1'),(3,'lastname',NULL,'Lead last'),(3,'account_id',NULL,'3'),(3,'assigned_user_id',NULL,'1'),(3,'createdtime',NULL,'2017-02-20 12:20:21'),(3,'modifiedby',NULL,'1'),(3,'record_id',NULL,'4'),(3,'record_module',NULL,'Contacts'),(4,'accountname',NULL,'Converted ORG 2'),(4,'account_no',NULL,'ACC2'),(4,'account_id',NULL,'3'),(4,'industry',NULL,'Apparel'),(4,'annual_revenue',NULL,'0.00000000'),(4,'assigned_user_id',NULL,'1'),(4,'createdtime',NULL,'2017-02-22 05:09:37'),(4,'modifiedby',NULL,'1'),(4,'bill_street',NULL,'sdfsdf'),(4,'ship_street',NULL,'sdfsdf'),(4,'bill_pobox',NULL,'3'),(4,'record_id',NULL,'5'),(4,'record_module',NULL,'Accounts'),(5,'fullname',NULL,'Test Block Plan application'),(5,'assesment_no',NULL,'15/2'),(5,'assigned_user_id',NULL,'1'),(5,'createdtime',NULL,'2017-02-22 11:28:55'),(5,'record_id',NULL,'6'),(5,'record_module',NULL,'Blockplan'),(6,'blockplan_no',NULL,'BLPL001'),(6,'fullname',NULL,'Sutharsan Jeganathan'),(6,'assesment_no',NULL,'253'),(6,'assigned_user_id',NULL,'1'),(6,'createdtime',NULL,'2017-02-27 08:48:51'),(6,'record_id',NULL,'7'),(6,'record_module',NULL,'Blockplan'),(7,'assigned_user_id','1','6'),(8,'buildingplan_no',NULL,'BLDG1'),(8,'assesment_no',NULL,'Building plan'),(8,'fullname',NULL,'Jegan'),(8,'assigned_user_id',NULL,'1'),(8,'createdtime',NULL,'2017-02-28 11:40:53'),(8,'record_id',NULL,'8'),(8,'record_module',NULL,'BuildingPlan'),(9,'assesment_no',NULL,'54/1'),(9,'fullname',NULL,'Jeganathan Sutharsan'),(9,'assigned_user_id',NULL,'1'),(9,'createdtime',NULL,'2017-02-28 11:48:10'),(9,'record_id',NULL,'9'),(9,'record_module',NULL,'StreetLine'),(10,'assesment_no',NULL,'78'),(10,'fullname',NULL,'Ju'),(10,'assigned_user_id',NULL,'1'),(10,'createdtime',NULL,'2017-02-28 11:49:18'),(10,'record_id',NULL,'10'),(10,'record_module',NULL,'Coc'),(11,'fullname','Ju','JuX'),(12,'blockplan_no',NULL,'BLPL002'),(12,'assigned_user_id',NULL,'6'),(12,'createdtime',NULL,'2017-03-02 05:47:15'),(12,'record_id',NULL,'11'),(12,'record_module',NULL,'Blockplan'),(13,'blockplan_no',NULL,'BLPL003'),(13,'fullname',NULL,'Test'),(13,'assesment_no',NULL,'Test'),(13,'assigned_user_id',NULL,'1'),(13,'createdtime',NULL,'2017-03-02 11:04:09'),(13,'plan_status',NULL,'Payment Made'),(13,'plan_approved_date',NULL,'2017-03-14'),(13,'payment_made',NULL,'1'),(13,'street',NULL,'Test'),(13,'city',NULL,'Test'),(13,'ward_no',NULL,'ARGAEREH'),(13,'lot_no',NULL,'Test'),(13,'submitted_date_to_draughtsman',NULL,'2017-03-09'),(13,'surveyors_plan_no',NULL,'Test6567'),(13,'name_of_the_surveyors',NULL,'Test'),(13,'date_of_surveyors_plan',NULL,'2017-03-17'),(13,'area_according_to_zone',NULL,'Test'),(13,'if_there_any_reservation',NULL,'Test'),(13,'sheet_no',NULL,'Test'),(13,'street_line',NULL,'Test'),(13,'building_line',NULL,'Test'),(13,'date_of_visit',NULL,'2017-03-24'),(13,'plan',NULL,'Test'),(13,'old_plan',NULL,'Test'),(13,'deed_copy',NULL,'Test'),(13,'record_id',NULL,'12'),(13,'record_module',NULL,'Blockplan'),(14,'assigned_user_id','1','6'),(15,'assigned_user_id','1','6'),(16,'assigned_user_id','6','7'),(17,'notes_title',NULL,'BP/236/21/1203'),(17,'createdtime',NULL,'2017-03-02 11:36:26'),(17,'filename',NULL,'Block_Plan_BP-236-21-1203.txt'),(17,'assigned_user_id',NULL,'8'),(17,'notecontent',NULL,'?Test Block plan is attached\n&lt;ul&gt;&lt;li&gt;Block plan&lt;/li&gt;\n	&lt;li&gt;ID copy&lt;/li&gt;\n	&lt;li&gt;&nbsp;&lt;/li&gt;\n&lt;/ul&gt;&lt;br /&gt;\nCursor&nbsp;issues are&nbsp;in, editing this box'),(17,'filetype',NULL,'text/plain'),(17,'filesize',NULL,'20'),(17,'filelocationtype',NULL,'I'),(17,'filestatus',NULL,'1'),(17,'folderid',NULL,'1'),(17,'note_no',NULL,'DOC1'),(17,'modifiedby',NULL,'8'),(17,'record_id',NULL,'13'),(17,'record_module',NULL,'Documents'),(18,'buildingplan_no',NULL,'BLDG2'),(18,'assesment_no',NULL,'Test'),(18,'fullname',NULL,'Saujanyan'),(18,'assigned_user_id',NULL,'1'),(18,'createdtime',NULL,'2017-03-03 06:17:43'),(18,'build_plan_status',NULL,'Payment Made'),(18,'plan_approved_date',NULL,'2017-03-08'),(18,'payment_made',NULL,'1'),(18,'street',NULL,'Test'),(18,'city',NULL,'Test'),(18,'ward_no',NULL,'Test'),(18,'lot_no',NULL,'Test'),(18,'submitted_date_to_draughtsman',NULL,'2017-03-20'),(18,'ass_build_draughtsman',NULL,'Draughtsman Test'),(18,'surveyors_plan_no',NULL,'Test6567'),(18,'name_of_the_surveyors',NULL,'Test'),(18,'date_of_surveyors_plan',NULL,'2017-03-16'),(18,'area_according_to_zone',NULL,'Test'),(18,'if_there_any_reservation',NULL,'Test'),(18,'sheet_no',NULL,'Test'),(18,'street_line',NULL,'Test'),(18,'building_line',NULL,'Test'),(18,'ass_build_tech_officer',NULL,'Technical Test'),(18,'ass_build_plan_engineer',NULL,'Plan Engineer'),(18,'purpose_of_building',NULL,'Purpose Test'),(18,'date_of_visit',NULL,'2017-03-13'),(18,'plan',NULL,'Test'),(18,'old_plan',NULL,'Test'),(18,'deed_copy',NULL,'Test'),(18,'field_visit_report',NULL,'Test'),(18,'field_visit_comments',NULL,'Test'),(18,'record_id',NULL,'15'),(18,'record_module',NULL,'BuildingPlan'),(19,'streetline_no',NULL,'STLN2'),(19,'assesment_no',NULL,'Test'),(19,'fullname',NULL,'Test'),(19,'assigned_user_id',NULL,'1'),(19,'createdtime',NULL,'2017-03-03 10:30:18'),(19,'street_plan_status',NULL,'Resubmission'),(19,'plan_approved_date',NULL,'2017-03-21'),(19,'payment_made',NULL,'1'),(19,'street',NULL,'Test'),(19,'city',NULL,'Test'),(19,'ward_no',NULL,'Test'),(19,'lot_no',NULL,'Test'),(19,'submitted_date_to_draughtsman',NULL,'2017-03-21'),(19,'ass_street_draughtsman',NULL,'Draughtsman Test'),(19,'surveyors_plan_no',NULL,'Test'),(19,'name_of_the_surveyors',NULL,'Test'),(19,'date_of_surveyors_plan',NULL,'2017-03-16'),(19,'ass_street_plan_engineer',NULL,'Street Engineer'),(19,'plan',NULL,'Test'),(19,'old_plan',NULL,'Test'),(19,'record_id',NULL,'16'),(19,'record_module',NULL,'StreetLine'),(20,'assaigned_draughtsman','','Draughsman Test'),(20,'assigned_technical_officer','','Technical Officer Test'),(20,'assigned_planing_engineer','','Engineer Test'),(21,'coc_no',NULL,'COC2'),(21,'assesment_no',NULL,'DV3435'),(21,'fullname',NULL,'Saujanyan'),(21,'assigned_user_id',NULL,'1'),(21,'createdtime',NULL,'2017-03-05 03:20:37'),(21,'coc_plan_status',NULL,'Open'),(21,'plan_approved_date',NULL,'2017-03-15'),(21,'date_of_residency',NULL,'2017-03-01'),(21,'street',NULL,'Test'),(21,'city',NULL,'Test'),(21,'ward_no',NULL,'Test'),(21,'lot_no',NULL,'Test'),(21,'old_coc_number',NULL,'Test343'),(21,'old_coc_date',NULL,'2017-03-29'),(21,'ass_build_tech_officer',NULL,'Technical Test'),(21,'coc_plan_engineer',NULL,'Plan Engineer'),(21,'date_of_visit',NULL,'2017-03-24'),(21,'building_plan_approval',NULL,'Test'),(21,'coc_block_plan_approval',NULL,'Test'),(21,'record_id',NULL,'17'),(21,'record_module',NULL,'Coc'),(26,'coc_no',NULL,'COC3'),(26,'assesment_no',NULL,'73/5'),(26,'fullname',NULL,'JuX'),(26,'assigned_user_id',NULL,'1'),(26,'createdtime',NULL,'2017-03-06 04:43:26'),(26,'coc_plan_status',NULL,'Open'),(26,'plan_approved_date',NULL,'2017-03-06'),(26,'record_id',NULL,'23'),(26,'record_module',NULL,'Coc'),(27,'coc_plan_status','Open','Draughsman Verification'),(28,'blockplan_no',NULL,'BLPL004'),(28,'fullname',NULL,'Test Customer'),(28,'assesment_no',NULL,'58/7f'),(28,'assigned_user_id',NULL,'1'),(28,'createdtime',NULL,'2017-03-06 05:46:21'),(28,'plan_status',NULL,'Open'),(28,'plan',NULL,'A/256/T01'),(28,'record_id',NULL,'24'),(28,'record_module',NULL,'Blockplan'),(29,'plan_status','Open','Draughsman Verification'),(30,'submitted_date_to_draughtsman','','2017-03-06'),(31,'assaigned_draughtsman','','Draughsman Test'),(32,'surveyors_plan_no','','256/88'),(33,'name_of_the_surveyors','','S Sabaratnam'),(34,'blockplan_no',NULL,'BLPL005'),(34,'fullname',NULL,'Managment Asst.'),(34,'assesment_no',NULL,'45/9'),(34,'assigned_user_id',NULL,'5'),(34,'createdtime',NULL,'2017-03-06 08:59:02'),(34,'plan_status',NULL,'Open'),(34,'plan',NULL,'DF4'),(34,'record_id',NULL,'25'),(34,'record_module',NULL,'Blockplan'),(36,'assigned_user_id','6','5'),(37,'assigned_user_id','1','5'),(38,'build_plan_status','Payment Made','Field Visit'),(39,'assigned_user_id','1','5'),(39,'coc_plan_status','','Open'),(42,'plan_status','Open','Resubmission'),(44,'build_plan_status','','Draughsman Verification'),(45,'build_plan_status','Draughsman Verification','Resubmission'),(47,'street_plan_status','','Resubmission'),(49,'street_plan_status','Resubmission','Engineer Review'),(50,'street_plan_status','Engineer Review','Resubmission'),(52,'coc_plan_status','Open','Resubmission'),(54,'plan','','AS22'),(55,'assesment_no','DV3435','56/5'),(56,'streetline_no',NULL,'STLN3'),(56,'assesment_no',NULL,'56/5'),(56,'fullname',NULL,'SLL'),(56,'assigned_user_id',NULL,'1'),(56,'createdtime',NULL,'2017-03-09 16:05:38'),(56,'street_plan_status',NULL,'Open'),(56,'plan_approved_date',NULL,'2017-03-10'),(56,'plan',NULL,'aa'),(56,'file_no',NULL,'KBB/01/2017'),(56,'record_id',NULL,'34'),(56,'record_module',NULL,'StreetLine'),(57,'file_no','','dd/5/2017'),(58,'file_no','','KBB/01/2017'),(59,'streetline_no',NULL,'STLN5'),(59,'assesment_no',NULL,'78/2'),(59,'fullname',NULL,'Jjeg suth'),(59,'assigned_user_id',NULL,'1'),(59,'createdtime',NULL,'2017-03-12 15:24:26'),(59,'street_plan_status',NULL,'Open'),(59,'plan_approved_date',NULL,'2017-03-12'),(59,'plan',NULL,'ase'),(59,'file_no',NULL,'/1/2017'),(59,'record_id',NULL,'36'),(59,'record_module',NULL,'StreetLine'),(65,'streetline_no',NULL,'STLN6'),(65,'assesment_no',NULL,'78/9'),(65,'fullname',NULL,'Jjeg suth'),(65,'assigned_user_id',NULL,'1'),(65,'createdtime',NULL,'2017-03-12 15:28:49'),(65,'street_plan_status',NULL,'Open'),(65,'plan_approved_date',NULL,'2017-03-12'),(65,'plan',NULL,'QW2'),(65,'file_no',NULL,'M/2/2017'),(65,'division',NULL,'Mt. Lavinia'),(65,'record_id',NULL,'37'),(65,'record_module',NULL,'StreetLine'),(72,'blockplan_no',NULL,'BLPL006'),(72,'fullname',NULL,'Jeganathan Sutharsan'),(72,'assesment_no',NULL,'52/9'),(72,'assigned_user_id',NULL,'1'),(72,'createdtime',NULL,'2017-03-12 15:29:44'),(72,'plan_status',NULL,'Open'),(72,'plan',NULL,'AD05'),(72,'division',NULL,'Ratmalana'),(72,'record_id',NULL,'38'),(72,'record_module',NULL,'Blockplan'),(73,'division','Mt. Lavinia','Ratmalana'),(74,'blockplan_no',NULL,'BLPL007'),(74,'fullname',NULL,'Amason Blog'),(74,'assesment_no',NULL,'568/2'),(74,'assigned_user_id',NULL,'1'),(74,'createdtime',NULL,'2017-03-12 15:32:31'),(74,'plan_status',NULL,'Open'),(74,'plan',NULL,'s3'),(74,'file_no',NULL,'BP/KB/1/2017'),(74,'division',NULL,'Kalubowila'),(74,'record_id',NULL,'39'),(74,'record_module',NULL,'Blockplan'),(77,'buildingplan_no',NULL,'BLDG3'),(77,'assesment_no',NULL,'56/2'),(77,'fullname',NULL,'Jeganathan Sutharsan'),(77,'assigned_user_id',NULL,'1'),(77,'createdtime',NULL,'2017-03-12 15:33:18'),(77,'build_plan_status',NULL,'Open'),(77,'plan',NULL,'PP/02'),(77,'file_no',NULL,'DB/1/2017'),(77,'division',NULL,'Dehiwala'),(77,'record_id',NULL,'40'),(77,'record_module',NULL,'BuildingPlan'),(78,'division','Kalubowila','Ratmalana'),(79,'file_no','BP/KB/1/2017','BP/R/1/2017'),(84,'coc_no',NULL,'COC4'),(84,'assesment_no',NULL,'Test COC application'),(84,'fullname',NULL,'JSu'),(84,'assigned_user_id',NULL,'1'),(84,'createdtime',NULL,'2017-03-23 07:31:00'),(84,'coc_plan_status',NULL,'Open'),(84,'date_of_residency',NULL,'2016-09-07'),(84,'street',NULL,'WSE'),(84,'record_id',NULL,'62'),(84,'record_module',NULL,'Coc'),(85,'application_category','New building / house','Dividing building / house'),(86,'existing_assesment_no','456','458'),(87,'changes_app_file_number','DMMC/FN/CVC/M/2/456/Js/2017','DMMC/FN/CVC/M/2/458/Js/2017'),(88,'number_verification_no',NULL,'NUMV4'),(88,'fullname',NULL,'JSu'),(88,'assigned_user_id',NULL,'1'),(88,'createdtime',NULL,'2017-03-23 07:33:11'),(88,'existing_assesment_no',NULL,'128/2'),(88,'street',NULL,'JE'),(88,'record_id',NULL,'63'),(88,'record_module',NULL,'NumberVerification'),(89,'existing_assesment_no','128/2','128/3'),(90,'owner_verification_no',NULL,'OWNV3'),(90,'fullname',NULL,'AHD'),(90,'assigned_user_id',NULL,'1'),(90,'createdtime',NULL,'2017-03-23 07:33:57'),(90,'existing_assesment_no',NULL,'36'),(90,'changes_app_phone_number',NULL,'112555444'),(90,'record_id',NULL,'64'),(90,'record_module',NULL,'OwnershipVerification'),(91,'assesment_no',NULL,'ASS3'),(91,'file_number',NULL,'DMMC/FN/CVC/BA/3/65/Peterson/2017'),(91,'assigned_user_id',NULL,'1'),(91,'createdtime',NULL,'2017-03-23 07:34:33'),(91,'existing_assesment_no',NULL,'65'),(91,'assesment_type',NULL,'Proposed'),(91,'street',NULL,'Peterson'),(91,'record_id',NULL,'65'),(91,'record_module',NULL,'Assesments'),(92,'changes_app_phone_number','','112244444'),(93,'subject',NULL,'Field visit'),(93,'assigned_user_id',NULL,'1'),(93,'date_start',NULL,'2017-03-21'),(93,'time_start',NULL,'02:30:00'),(93,'time_end',NULL,'02:35:00'),(93,'due_date',NULL,'2017-03-21'),(93,'eventstatus',NULL,'Planned'),(93,'createdtime',NULL,'2017-03-23 08:31:47'),(93,'activitytype',NULL,'Call'),(93,'visibility',NULL,'Public'),(93,'duration_minutes',NULL,'5'),(93,'modifiedby',NULL,'1'),(93,'created_user_id',NULL,'1'),(93,'record_id',NULL,'66'),(93,'record_module',NULL,'Events'),(94,'subject',NULL,'Field visit'),(94,'assigned_user_id',NULL,'1'),(94,'date_start',NULL,'2017-03-19'),(94,'time_start',NULL,'19:30:00'),(94,'time_end',NULL,'20:00:00'),(94,'due_date',NULL,'2017-03-19'),(94,'eventstatus',NULL,'Planned'),(94,'createdtime',NULL,'2017-03-23 08:35:03'),(94,'activitytype',NULL,'Call'),(94,'visibility',NULL,'Public'),(94,'duration_minutes',NULL,'30'),(94,'modifiedby',NULL,'1'),(94,'created_user_id',NULL,'1'),(94,'record_id',NULL,'67'),(94,'record_module',NULL,'Events'),(95,'subject',NULL,'Valuation'),(95,'assigned_user_id',NULL,'1'),(95,'date_start',NULL,'2017-03-20'),(95,'time_start',NULL,'04:00:00'),(95,'due_date',NULL,'2017-03-20'),(95,'taskstatus',NULL,'Pending Input'),(95,'createdtime',NULL,'2017-03-23 08:45:38'),(95,'activitytype',NULL,'Task'),(95,'visibility',NULL,'Private'),(95,'duration_hours',NULL,'-413956'),(95,'modifiedby',NULL,'1'),(95,'created_user_id',NULL,'1'),(95,'record_id',NULL,'68'),(95,'record_module',NULL,'Calendar'),(96,'assesment_number_no',NULL,'ASSE6'),(96,'fullname',NULL,'Jeganathan Sutharsan'),(96,'phone',NULL,'114555666'),(96,'assigned_user_id',NULL,'1'),(96,'createdtime',NULL,'2017-04-05 09:28:21'),(96,'existing_assesment_no',NULL,'5/8'),(96,'application_type',NULL,'Proposed'),(96,'application_category',NULL,'New building / house'),(96,'application_file_number',NULL,'DMMC/FN/CVC/M//4/5/8/IBC/2017'),(96,'application_status',NULL,'Inspection'),(96,'street',NULL,'IBC'),(96,'city',NULL,'Colombo'),(96,'ward_no',NULL,'45'),(96,'lot_no',NULL,'23'),(96,'record_id',NULL,'69'),(96,'record_module',NULL,'AssesmentNumber'),(97,'valuation_inspector_name','','Valuation Inspector'),(98,'assesment_number_no',NULL,'ASSE7'),(98,'fullname',NULL,'M . M . Soheil'),(98,'phone',NULL,'009456789'),(98,'assigned_user_id',NULL,'11'),(98,'createdtime',NULL,'2017-04-29 17:11:02'),(98,'application_type',NULL,'Proposed'),(98,'application_category',NULL,'New building / house'),(98,'application_file_number',NULL,'DMMC/FN/CVC/M//5//34/2,  Charles Place/2017'),(98,'application_status',NULL,'Inspection'),(98,'street',NULL,'34/2,  Charles Place'),(98,'city',NULL,'Dehiwela'),(98,'ward_no',NULL,'33'),(98,'lot_no',NULL,'22'),(98,'record_id',NULL,'70'),(98,'record_module',NULL,'AssesmentNumber'),(99,'date_of_inspection','','2017-05-02'),(99,'valuation_inspector_name','','Valuation Inspector'),(100,'valuation_inspector_name','Valuation Inspector 01','Valuation Inspector II'),(101,'nature_of_changes_no',NULL,'NAT4'),(101,'full_name',NULL,'M T Namer'),(101,'assigned_user_id',NULL,'11'),(101,'createdtime',NULL,'2017-04-29 17:28:16'),(101,'existing_assesment_no',NULL,'22'),(101,'changes_app_file_number',NULL,'DMMC/FN/CVC/M/3/22/22, initium rd/2017'),(101,'changes_application_status',NULL,'Inspection'),(101,'street',NULL,'22, initium rd'),(101,'city',NULL,'Dehiwela'),(101,'ward_no',NULL,'22'),(101,'record_id',NULL,'71'),(101,'record_module',NULL,'NatureOfChanges'),(102,'changes_app_phone_number','','00776655'),(103,'plan','','2233'),(103,'deed_copy','','qqqww'),(103,'sketch','','ww'),(104,'valuation_officer','','Valuation Inspector 01'),(105,'ass_val_inspector_name','','Valuation Inspector 01'),(106,'address','','fafasf'),(107,'address','','Colombo'),(108,'address','','Colombo'),(109,'address','','Colombo'),(110,'assesment_number_no',NULL,'ASSE8'),(110,'fullname',NULL,'Test'),(110,'assigned_user_id',NULL,'1'),(110,'createdtime',NULL,'2017-05-18 08:15:12'),(110,'application_file_number',NULL,'DMMC/FN/CVC/M//6//11/2017'),(110,'street',NULL,'11'),(110,'address',NULL,'Colombo 06'),(110,'record_id',NULL,'72'),(110,'record_module',NULL,'AssesmentNumber'),(111,'nature_of_changes_no',NULL,'NAT5'),(111,'full_name',NULL,'Test'),(111,'assigned_user_id',NULL,'1'),(111,'createdtime',NULL,'2017-05-18 08:15:33'),(111,'changes_app_file_number',NULL,'DMMC/FN/CVC/M/4///2017'),(111,'address',NULL,'Colombo 06'),(111,'record_id',NULL,'73'),(111,'record_module',NULL,'NatureOfChanges'),(112,'name_changes_no',NULL,'NAM4'),(112,'fullname',NULL,'Test'),(112,'assigned_user_id',NULL,'1'),(112,'createdtime',NULL,'2017-05-18 08:16:01'),(112,'changes_app_file_number',NULL,'DMMC/FN/CVC/AT/3///2017'),(112,'address',NULL,'Colombo 06'),(112,'record_id',NULL,'74'),(112,'record_module',NULL,'NameChanges'),(113,'assesment_no',NULL,'ASS4'),(113,'file_number',NULL,'DMMC/FN/CVC/BA/4///2017'),(113,'assigned_user_id',NULL,'1'),(113,'createdtime',NULL,'2017-05-18 08:16:20'),(113,'address',NULL,'Colombo 06'),(113,'record_id',NULL,'75'),(113,'record_module',NULL,'Assesments'),(114,'blockplan_no',NULL,'BLPL008'),(114,'assigned_user_id',NULL,'10'),(114,'createdtime',NULL,'2017-05-23 06:15:47'),(114,'plan_status',NULL,'Payment Made'),(114,'plan',NULL,'fefqEF'),(114,'file_no',NULL,'BP/R/2/2017'),(114,'division',NULL,'Ratmalana'),(114,'record_id',NULL,'78'),(114,'record_module',NULL,'Blockplan'),(115,'fullname','','123'),(115,'assigned_user_id','10','14'),(116,'buildingplan_no',NULL,'BLDG4'),(116,'assesment_no',NULL,'1231'),(116,'fullname',NULL,'SAUJI'),(116,'assigned_user_id',NULL,'14'),(116,'createdtime',NULL,'2017-05-23 06:19:01'),(116,'build_plan_status',NULL,'Payment Made'),(116,'plan',NULL,'dfVSD'),(116,'file_no',NULL,'MB/2/2017'),(116,'division',NULL,'Mt. Lavinia'),(116,'record_id',NULL,'79'),(116,'record_module',NULL,'BuildingPlan'),(118,'street','','123E'),(119,'coc_no',NULL,'COC5'),(119,'assesment_no',NULL,'21/3'),(119,'fullname',NULL,'TEST'),(119,'assigned_user_id',NULL,'6'),(119,'createdtime',NULL,'2017-05-23 09:33:42'),(119,'coc_plan_status',NULL,'Draughsman Verification'),(119,'record_id',NULL,'80'),(119,'record_module',NULL,'Coc'),(120,'blockplan_no',NULL,'BLPL009'),(120,'fullname',NULL,'TEST'),(120,'assesment_no',NULL,'12313D12E'),(120,'assigned_user_id',NULL,'15'),(120,'createdtime',NULL,'2017-05-23 09:34:18'),(120,'plan_status',NULL,'Engineer Review'),(120,'plan',NULL,'DFADF34FA'),(120,'file_no',NULL,'BP/R/3/2017'),(120,'division',NULL,'Ratmalana'),(120,'record_id',NULL,'81'),(120,'record_module',NULL,'Blockplan'),(121,'buildingplan_no',NULL,'BLDG5'),(121,'assesment_no',NULL,'12/34D'),(121,'fullname',NULL,'TestTest'),(121,'assigned_user_id',NULL,'1'),(121,'createdtime',NULL,'2017-05-23 09:40:19'),(121,'build_plan_status',NULL,'Engineer Review'),(121,'plan',NULL,'FSDFR35'),(121,'file_no',NULL,'RB/3/2017'),(121,'division',NULL,'Ratmalana'),(121,'record_id',NULL,'82'),(121,'record_module',NULL,'BuildingPlan'),(123,'blockplan_no',NULL,'BLPL010'),(123,'fullname',NULL,'Mathan R'),(123,'assesment_no',NULL,'2'),(123,'assigned_user_id',NULL,'1'),(123,'createdtime',NULL,'2017-05-29 07:14:11'),(123,'plan_status',NULL,'Open'),(123,'payment_made',NULL,'1'),(123,'ward_no',NULL,'45'),(123,'lot_no',NULL,'2112'),(123,'plan',NULL,'P7899'),(123,'file_no',NULL,'BP/M/4/2017'),(123,'division',NULL,'Mt. Lavinia'),(123,'record_id',NULL,'83'),(123,'record_module',NULL,'Blockplan'),(124,'submitted_date_to_draughtsman','','2017-05-29'),(124,'assaigned_draughtsman','','Draughsman Test'),(125,'surveyors_plan_no','','PL789'),(125,'date_of_surveyors_plan','','2016-11-02'),(125,'plan','P7899','EIR2'),(126,'assigned_technical_officer','','Technical Officer Test'),(126,'assigned_planing_engineer','','Engineer Test'),(126,'date_of_visit','','2017-05-31'),(127,'plan_status','Open','Resubmission'),(129,'plan_status','Resubmission','Field Visit'),(130,'division','Ratmalana','Kalubowila'),(131,'buildingplan_no',NULL,'BLDG6'),(131,'assesment_no',NULL,'34'),(131,'fullname',NULL,'Mathan R'),(131,'assigned_user_id',NULL,'1'),(131,'createdtime',NULL,'2017-05-31 07:34:41'),(131,'build_plan_status',NULL,'Open'),(131,'street',NULL,'22'),(131,'plan',NULL,'123'),(131,'file_no',NULL,'MB/4/2017'),(131,'division',NULL,'Mt. Lavinia'),(131,'record_id',NULL,'85'),(131,'record_module',NULL,'BuildingPlan'),(132,'build_plan_status','Open','Draughsman Verification'),(133,'build_plan_status','Draughsman Verification','Field Visit'),(134,'ass_build_tech_officer','','Technical Officer Test TO'),(135,'date_of_visit','','2017-05-31'),(136,'build_plan_status','Field Visit','Resubmission'),(139,'blockplan_no',NULL,'BLPL011'),(139,'fullname',NULL,'Test Mathan'),(139,'assesment_no',NULL,'34'),(139,'assigned_user_id',NULL,'5'),(139,'createdtime',NULL,'2017-05-31 17:40:25'),(139,'plan_status',NULL,'Open'),(139,'payment_made',NULL,'1'),(139,'street',NULL,'Mount Avenue'),(139,'city',NULL,'Ratmalana'),(139,'submitted_date_to_draughtsman',NULL,'2017-06-05'),(139,'assaigned_draughtsman',NULL,'Draughsman Test'),(139,'surveyors_plan_no',NULL,'12'),(139,'date_of_surveyors_plan',NULL,'2017-05-16'),(139,'plan',NULL,'cupboard 2'),(139,'file_no',NULL,'BP/R/5/2017'),(139,'division',NULL,'Ratmalana'),(139,'record_id',NULL,'88'),(139,'record_module',NULL,'Blockplan'),(140,'assigned_user_id','5','6'),(141,'division','Ratmalana','Mt. Lavinia'),(142,'plan_approved_date','','2017-05-31'),(143,'assigned_user_id','1','7'),(143,'coc_plan_status','Open','Engineer Review'),(144,'assigned_user_id','7','1'),(144,'coc_plan_status','Engineer Review','Approved'),(145,'ass_build_draughtsman','','Draughtsman Test'),(146,'assigned_user_id','6','5'),(147,'blockplan_no',NULL,'BLPL012'),(147,'fullname',NULL,'Suranjith Yapa'),(147,'assigned_user_id',NULL,'5'),(147,'createdtime',NULL,'2017-06-01 05:45:41'),(147,'plan_status',NULL,'Open'),(147,'payment_made',NULL,'1'),(147,'street',NULL,'Mount Avenue'),(147,'city',NULL,'mount lavenia'),(147,'ward_no',NULL,'23'),(147,'submitted_date_to_draughtsman',NULL,'2017-06-01'),(147,'assigned_technical_officer',NULL,'Technical Officer Test'),(147,'plan',NULL,'cupboard 2,3rd'),(147,'file_no',NULL,'BP/M/6/2017'),(147,'division',NULL,'Mt. Lavinia'),(147,'record_id',NULL,'89'),(147,'record_module',NULL,'Blockplan'),(148,'plan_status','Open','Resubmission'),(150,'assigned_user_id','5','15'),(150,'plan_status','Open','Field Visit'),(151,'assigned_user_id','5','15'),(151,'plan_status','Resubmission','Field Visit'),(152,'assigned_user_id','1','15'),(152,'build_plan_status','Engineer Review','Field Visit'),(153,'assigned_user_id','15','7'),(153,'build_plan_status','Field Visit','Engineer Review'),(154,'assigned_user_id','7','15'),(154,'build_plan_status','Engineer Review','Field Visit'),(155,'build_plan_status','Field Visit','Resubmission'),(157,'assesment_no','','55/2'),(158,'assigned_user_id','15','6'),(159,'coc_no',NULL,'COC6'),(159,'assesment_no',NULL,'456'),(159,'fullname',NULL,'Ajas'),(159,'assigned_user_id',NULL,'1'),(159,'createdtime',NULL,'2018-05-25 06:40:54'),(159,'coc_plan_status',NULL,'Open'),(159,'date_of_residency',NULL,'2018-01-02'),(159,'street',NULL,'A street'),(159,'old_coc_number',NULL,'34'),(159,'old_coc_date',NULL,'2013-02-05'),(159,'date_of_visit',NULL,'2018-05-25'),(159,'record_id',NULL,'92'),(159,'record_module',NULL,'Coc'),(160,'blockplan_no',NULL,'BLPL013'),(160,'fullname',NULL,'Jegas'),(160,'assesment_no',NULL,'122/1'),(160,'assigned_user_id',NULL,'1'),(160,'createdtime',NULL,'2018-06-01 08:41:32'),(160,'plan_status',NULL,'Open'),(160,'street',NULL,'CHARLES PLACE RIGHT'),(160,'city',NULL,'Dehiwela'),(160,'ward_no',NULL,'Dehiwela East'),(160,'lot_no',NULL,'125'),(160,'submitted_date_to_draughtsman',NULL,'2018-06-01'),(160,'assaigned_draughtsman',NULL,'Draughsman Test'),(160,'assigned_technical_officer',NULL,'Technical Officer Test'),(160,'assigned_planing_engineer',NULL,'Engineer Test'),(160,'plan',NULL,'12'),(160,'file_no',NULL,'BP/M/1/2018'),(160,'division',NULL,'Mt. Lavinia'),(160,'record_id',NULL,'93'),(160,'record_module',NULL,'Blockplan'),(161,'assigned_user_id','1','6'),(162,'assigned_user_id','6','7'),(162,'surveyors_plan_no','','536'),(162,'name_of_the_surveyors','','Jayasurua'),(162,'date_of_surveyors_plan','','2013-02-13'),(162,'area_according_to_zone','','Mt. lavinia'),(162,'if_there_any_reservation','','reservation detail'),(162,'sheet_no','','25'),(163,'date_of_visit','','2018-06-05'),(164,'assigned_user_id','7','15'),(165,'assigned_user_id','15','16'),(166,'plan_status','Open','Resubmission'),(168,'date_of_visit','2018-06-05','2018-06-06'),(169,'assigned_user_id','16','7'),(170,'plan_status','Resubmission','For commitee approval'),(171,'assigned_user_id','7','5');
/*!40000 ALTER TABLE `vtiger_modtracker_detail` ENABLE KEYS */;
UNLOCK TABLES;

--
-- Table structure for table `vtiger_modtracker_relations`
--

DROP TABLE IF EXISTS `vtiger_modtracker_relations`;
/*!40101 SET @saved_cs_client     = @@character_set_client */;
/*!40101 SET character_set_client = utf8 */;
CREATE TABLE `vtiger_modtracker_relations` (
  `id` int(19) NOT NULL,
  `targetmodule` varchar(100) NOT NULL,
  `targetid` int(19) NOT NULL,
  `changedon` datetime DEFAULT NULL,
  PRIMARY KEY (`id`)
) ENGINE=InnoDB DEFAULT CHARSET=utf8;
/*!40101 SET character_set_client = @saved_cs_client */;

--
-- Dumping data for table `vtiger_modtracker_relations`
--

LOCK TABLES `vtiger_modtracker_relations` WRITE;
/*!40000 ALTER TABLE `vtiger_modtracker_relations` DISABLE KEYS */;
INSERT INTO `vtiger_modtracker_relations` VALUES (22,'Resubmission',19,'2017-03-05 13:43:34'),(23,'Resubmission',20,'2017-03-05 13:45:22'),(24,'Resubmission',21,'2017-03-05 13:45:51'),(25,'Resubmission',22,'2017-03-05 13:46:23'),(35,'Resubmission',26,'2017-03-06 09:15:39'),(40,'Resubmission',27,'2017-03-07 16:41:00'),(41,'Resubmission',28,'2017-03-08 16:28:10'),(43,'Resubmission',29,'2017-03-08 18:09:28'),(46,'Resubmission',30,'2017-03-08 18:10:16'),(48,'Resubmission',31,'2017-03-08 18:10:45'),(51,'Resubmission',32,'2017-03-08 18:11:38'),(53,'Resubmission',33,'2017-03-08 18:12:06'),(128,'Resubmission',84,'2017-05-29 07:26:39'),(137,'Resubmission',86,'2017-05-31 07:41:48'),(138,'Resubmission',87,'2017-05-31 07:42:36'),(149,'Resubmission',90,'2017-06-01 05:51:51'),(156,'Resubmission',91,'2017-06-01 07:05:44'),(167,'Resubmission',94,'2018-06-01 09:00:43');
/*!40000 ALTER TABLE `vtiger_modtracker_relations` ENABLE KEYS */;
UNLOCK TABLES;

--
-- Table structure for table `vtiger_modtracker_tabs`
--

DROP TABLE IF EXISTS `vtiger_modtracker_tabs`;
/*!40101 SET @saved_cs_client     = @@character_set_client */;
/*!40101 SET character_set_client = utf8 */;
CREATE TABLE `vtiger_modtracker_tabs` (
  `tabid` int(11) NOT NULL,
  `visible` int(11) DEFAULT '0',
  PRIMARY KEY (`tabid`)
) ENGINE=InnoDB DEFAULT CHARSET=utf8;
/*!40101 SET character_set_client = @saved_cs_client */;

--
-- Dumping data for table `vtiger_modtracker_tabs`
--

LOCK TABLES `vtiger_modtracker_tabs` WRITE;
/*!40000 ALTER TABLE `vtiger_modtracker_tabs` DISABLE KEYS */;
INSERT INTO `vtiger_modtracker_tabs` VALUES (2,1),(4,1),(6,1),(7,1),(8,1),(9,1),(10,1),(13,1),(14,1),(15,1),(16,1),(18,1),(19,1),(20,1),(21,1),(22,1),(23,1),(26,1),(28,1),(30,1),(31,1),(34,1),(38,1),(39,1),(40,1),(41,1),(42,1),(44,1),(51,1),(52,1),(53,1),(54,1),(56,1),(57,1),(58,1),(59,1),(60,1),(61,1);
/*!40000 ALTER TABLE `vtiger_modtracker_tabs` ENABLE KEYS */;
UNLOCK TABLES;

--
-- Table structure for table `vtiger_module_dashboard_widgets`
--

DROP TABLE IF EXISTS `vtiger_module_dashboard_widgets`;
/*!40101 SET @saved_cs_client     = @@character_set_client */;
/*!40101 SET character_set_client = utf8 */;
CREATE TABLE `vtiger_module_dashboard_widgets` (
  `id` int(19) NOT NULL AUTO_INCREMENT,
  `linkid` int(19) DEFAULT NULL,
  `userid` int(19) DEFAULT NULL,
  `filterid` int(19) DEFAULT NULL,
  `title` varchar(100) DEFAULT NULL,
  `data` text,
  `position` varchar(50) DEFAULT NULL,
  PRIMARY KEY (`id`)
) ENGINE=InnoDB AUTO_INCREMENT=7 DEFAULT CHARSET=latin1;
/*!40101 SET character_set_client = @saved_cs_client */;

--
-- Dumping data for table `vtiger_module_dashboard_widgets`
--

LOCK TABLES `vtiger_module_dashboard_widgets` WRITE;
/*!40000 ALTER TABLE `vtiger_module_dashboard_widgets` DISABLE KEYS */;
INSERT INTO `vtiger_module_dashboard_widgets` VALUES (1,101,1,50,'0','{\"module\":\"Blockplan\",\"fields\":[\"fullname\",\"assesment_no\"]}','{\"row\":\"1\",\"col\":\"1\"}'),(2,57,8,0,'0','false',NULL),(3,100,8,0,'0','false',NULL),(4,101,8,50,'0','{\"module\":\"Blockplan\",\"fields\":[\"assesment_no\"]}',NULL),(5,57,6,0,'0','false',NULL),(6,105,6,0,'Test Note pad','{\"contents\":\"Test Note pad\",\"lastSavedOn\":\"2017-05-31 17:45:41\"}',NULL);
/*!40000 ALTER TABLE `vtiger_module_dashboard_widgets` ENABLE KEYS */;
UNLOCK TABLES;

--
-- Table structure for table `vtiger_name_changes_type`
--

DROP TABLE IF EXISTS `vtiger_name_changes_type`;
/*!40101 SET @saved_cs_client     = @@character_set_client */;
/*!40101 SET character_set_client = utf8 */;
CREATE TABLE `vtiger_name_changes_type` (
  `name_changes_typeid` int(11) NOT NULL AUTO_INCREMENT,
  `name_changes_type` varchar(200) NOT NULL,
  `presence` int(1) NOT NULL DEFAULT '1',
  `picklist_valueid` int(11) NOT NULL DEFAULT '0',
  `sortorderid` int(11) DEFAULT '0',
  PRIMARY KEY (`name_changes_typeid`)
) ENGINE=InnoDB AUTO_INCREMENT=3 DEFAULT CHARSET=utf8;
/*!40101 SET character_set_client = @saved_cs_client */;

--
-- Dumping data for table `vtiger_name_changes_type`
--

LOCK TABLES `vtiger_name_changes_type` WRITE;
/*!40000 ALTER TABLE `vtiger_name_changes_type` DISABLE KEYS */;
INSERT INTO `vtiger_name_changes_type` VALUES (1,'Existing',1,414,1),(2,'New',1,415,2);
/*!40000 ALTER TABLE `vtiger_name_changes_type` ENABLE KEYS */;
UNLOCK TABLES;

--
-- Table structure for table `vtiger_name_changes_type_seq`
--

DROP TABLE IF EXISTS `vtiger_name_changes_type_seq`;
/*!40101 SET @saved_cs_client     = @@character_set_client */;
/*!40101 SET character_set_client = utf8 */;
CREATE TABLE `vtiger_name_changes_type_seq` (
  `id` int(11) NOT NULL
) ENGINE=MyISAM DEFAULT CHARSET=utf8 COLLATE=utf8_unicode_ci;
/*!40101 SET character_set_client = @saved_cs_client */;

--
-- Dumping data for table `vtiger_name_changes_type_seq`
--

LOCK TABLES `vtiger_name_changes_type_seq` WRITE;
/*!40000 ALTER TABLE `vtiger_name_changes_type_seq` DISABLE KEYS */;
INSERT INTO `vtiger_name_changes_type_seq` VALUES (2);
/*!40000 ALTER TABLE `vtiger_name_changes_type_seq` ENABLE KEYS */;
UNLOCK TABLES;

--
-- Table structure for table `vtiger_namechanges`
--

DROP TABLE IF EXISTS `vtiger_namechanges`;
/*!40101 SET @saved_cs_client     = @@character_set_client */;
/*!40101 SET character_set_client = utf8 */;
CREATE TABLE `vtiger_namechanges` (
  `namechangesid` int(11) NOT NULL DEFAULT '0',
  `name_changes_no` varchar(32) DEFAULT NULL,
  `fullname` varchar(128) DEFAULT NULL,
  `existing_assesment_no` varchar(100) DEFAULT NULL,
  `changes_app_file_number` varchar(100) DEFAULT NULL,
  `name_changes_type` varchar(100) DEFAULT NULL,
  `changes_app_phone_number` varchar(100) DEFAULT NULL,
  `changes_application_status` varchar(100) DEFAULT NULL,
  `street` varchar(100) DEFAULT NULL,
  `city` varchar(100) DEFAULT NULL,
  `ward_no` varchar(100) DEFAULT NULL,
  `lot_no` varchar(100) DEFAULT NULL,
  `date_of_inspection` date DEFAULT NULL,
  `chng_val_inspector_name` varchar(100) DEFAULT NULL,
  `comments_of_accountant` varchar(255) DEFAULT NULL,
  `approved_date` date DEFAULT NULL,
  `approval_assesment_number` varchar(100) DEFAULT NULL,
  `plan` varchar(100) DEFAULT NULL,
  `deed_copy` varchar(100) DEFAULT NULL,
  `Power_of_attorney` varchar(100) DEFAULT NULL,
  `Condominium_approval` varchar(100) DEFAULT NULL,
  `sketch` varchar(100) DEFAULT NULL,
  `property_owner_name` varchar(100) DEFAULT NULL,
  `address` varchar(100) DEFAULT NULL,
  PRIMARY KEY (`namechangesid`)
) ENGINE=InnoDB DEFAULT CHARSET=utf8;
/*!40101 SET character_set_client = @saved_cs_client */;

--
-- Dumping data for table `vtiger_namechanges`
--

LOCK TABLES `vtiger_namechanges` WRITE;
/*!40000 ALTER TABLE `vtiger_namechanges` DISABLE KEYS */;
INSERT INTO `vtiger_namechanges` VALUES (46,'NAM1','Saujanyan','Test','sdad3434','Existing','Test','Inspection','Test','TestTest','Test','Test','2017-03-03','Valuation Inspector 01','cssfsdgsdg','2017-03-18','Test','Test','TestTest','Test','Test','Test',NULL,NULL),(52,'NAM2','Jeganathan Sutharsan','47','','','','','Jaffna','','','',NULL,'','',NULL,'','','','','','',NULL,NULL),(53,'NAM3','Jeganathan Sutharsan22','48','DMMC/FN/CVC/AT/2/48/Jaffna/2017','','112244444','','Jaffna','','','',NULL,'','',NULL,'','','','','','',NULL,'Colombo'),(74,'NAM4','Test','','DMMC/FN/CVC/AT/3///2017','','','','',NULL,'','',NULL,'','',NULL,'','','','','','',NULL,'Colombo 06');
/*!40000 ALTER TABLE `vtiger_namechanges` ENABLE KEYS */;
UNLOCK TABLES;

--
-- Table structure for table `vtiger_namechangescf`
--

DROP TABLE IF EXISTS `vtiger_namechangescf`;
/*!40101 SET @saved_cs_client     = @@character_set_client */;
/*!40101 SET character_set_client = utf8 */;
CREATE TABLE `vtiger_namechangescf` (
  `namechangesid` int(11) NOT NULL,
  PRIMARY KEY (`namechangesid`)
) ENGINE=InnoDB DEFAULT CHARSET=utf8;
/*!40101 SET character_set_client = @saved_cs_client */;

--
-- Dumping data for table `vtiger_namechangescf`
--

LOCK TABLES `vtiger_namechangescf` WRITE;
/*!40000 ALTER TABLE `vtiger_namechangescf` DISABLE KEYS */;
INSERT INTO `vtiger_namechangescf` VALUES (46),(52),(53),(74);
/*!40000 ALTER TABLE `vtiger_namechangescf` ENABLE KEYS */;
UNLOCK TABLES;

--
-- Table structure for table `vtiger_natureofchanges`
--

DROP TABLE IF EXISTS `vtiger_natureofchanges`;
/*!40101 SET @saved_cs_client     = @@character_set_client */;
/*!40101 SET character_set_client = utf8 */;
CREATE TABLE `vtiger_natureofchanges` (
  `natureofchangesid` int(11) NOT NULL DEFAULT '0',
  `nature_of_changes_no` varchar(128) DEFAULT NULL,
  `full_name` varchar(128) DEFAULT NULL,
  `existing_assesment_no` varchar(100) DEFAULT NULL,
  `changes_app_file_number` varchar(100) DEFAULT NULL,
  `changes_app_phone_number` varchar(100) DEFAULT NULL,
  `changes_application_status` varchar(100) DEFAULT NULL,
  `street` varchar(100) DEFAULT NULL,
  `city` varchar(100) DEFAULT NULL,
  `ward_no` varchar(100) DEFAULT NULL,
  `lot_no` varchar(100) DEFAULT NULL,
  `date_of_inspection` date DEFAULT NULL,
  `chng_val_inspector_name` varchar(100) DEFAULT NULL,
  `changes_revalue` varchar(3) DEFAULT NULL,
  `comments_of_accountant` varchar(255) DEFAULT NULL,
  `comments_of_commissioner` varchar(255) DEFAULT NULL,
  `LBL_APPROVED_DATE` date DEFAULT NULL,
  `approval_assesment_number` varchar(100) DEFAULT NULL,
  `plan` varchar(100) DEFAULT NULL,
  `deed_copy` varchar(100) DEFAULT NULL,
  `sketch` varchar(100) DEFAULT NULL,
  `property_owner_name` varchar(100) DEFAULT NULL,
  `address` varchar(100) DEFAULT NULL,
  PRIMARY KEY (`natureofchangesid`)
) ENGINE=InnoDB DEFAULT CHARSET=utf8;
/*!40101 SET character_set_client = @saved_cs_client */;

--
-- Dumping data for table `vtiger_natureofchanges`
--

LOCK TABLES `vtiger_natureofchanges` WRITE;
/*!40000 ALTER TABLE `vtiger_natureofchanges` DISABLE KEYS */;
INSERT INTO `vtiger_natureofchanges` VALUES (44,'NAT1','Test','Test','Test','Test','Inspection','Test','TestTest','Test','Test','2017-03-07','Valuation Inspector 01','1','Test','Test','2017-03-20','Test','Test','Test','Test',NULL,NULL),(54,'NAT2','J Sutharsan','65','DMMC/FN/CVC/M/1/65/CTO/2017','','','CTO','','','',NULL,'','0','','',NULL,'','','','',NULL,NULL),(61,'NAT3','AJ Tharsan','458','DMMC/FN/CVC/M/2/458/Js/2017','','Inspection','Js','','','',NULL,'Valuation Inspector 01','0','','',NULL,'','','','',NULL,NULL),(71,'NAT4','M T Namer','22','DMMC/FN/CVC/M/3/22/22, initium rd/2017','00776655','Inspection','22, initium rd','Dehiwela','22','',NULL,'','0','','',NULL,'','2233','qqqww','ww',NULL,'Colombo'),(73,'NAT5','Test','','DMMC/FN/CVC/M/4///2017','','','123E',NULL,'','',NULL,'','0','','',NULL,'','','','',NULL,'Colombo 06');
/*!40000 ALTER TABLE `vtiger_natureofchanges` ENABLE KEYS */;
UNLOCK TABLES;

--
-- Table structure for table `vtiger_natureofchangescf`
--

DROP TABLE IF EXISTS `vtiger_natureofchangescf`;
/*!40101 SET @saved_cs_client     = @@character_set_client */;
/*!40101 SET character_set_client = utf8 */;
CREATE TABLE `vtiger_natureofchangescf` (
  `natureofchangesid` int(11) NOT NULL,
  PRIMARY KEY (`natureofchangesid`)
) ENGINE=InnoDB DEFAULT CHARSET=utf8;
/*!40101 SET character_set_client = @saved_cs_client */;

--
-- Dumping data for table `vtiger_natureofchangescf`
--

LOCK TABLES `vtiger_natureofchangescf` WRITE;
/*!40000 ALTER TABLE `vtiger_natureofchangescf` DISABLE KEYS */;
INSERT INTO `vtiger_natureofchangescf` VALUES (44),(54),(61),(71),(73);
/*!40000 ALTER TABLE `vtiger_natureofchangescf` ENABLE KEYS */;
UNLOCK TABLES;

--
-- Table structure for table `vtiger_no_of_currency_decimals`
--

DROP TABLE IF EXISTS `vtiger_no_of_currency_decimals`;
/*!40101 SET @saved_cs_client     = @@character_set_client */;
/*!40101 SET character_set_client = utf8 */;
CREATE TABLE `vtiger_no_of_currency_decimals` (
  `no_of_currency_decimalsid` int(11) NOT NULL AUTO_INCREMENT,
  `no_of_currency_decimals` varchar(200) NOT NULL,
  `sortorderid` int(11) DEFAULT NULL,
  `presence` int(11) NOT NULL DEFAULT '1',
  PRIMARY KEY (`no_of_currency_decimalsid`)
) ENGINE=InnoDB AUTO_INCREMENT=8 DEFAULT CHARSET=utf8;
/*!40101 SET character_set_client = @saved_cs_client */;

--
-- Dumping data for table `vtiger_no_of_currency_decimals`
--

LOCK TABLES `vtiger_no_of_currency_decimals` WRITE;
/*!40000 ALTER TABLE `vtiger_no_of_currency_decimals` DISABLE KEYS */;
INSERT INTO `vtiger_no_of_currency_decimals` VALUES (2,'2',2,1),(3,'3',3,1),(4,'4',4,1),(5,'5',5,1),(6,'0',0,1),(7,'1',1,1);
/*!40000 ALTER TABLE `vtiger_no_of_currency_decimals` ENABLE KEYS */;
UNLOCK TABLES;

--
-- Table structure for table `vtiger_no_of_currency_decimals_seq`
--

DROP TABLE IF EXISTS `vtiger_no_of_currency_decimals_seq`;
/*!40101 SET @saved_cs_client     = @@character_set_client */;
/*!40101 SET character_set_client = utf8 */;
CREATE TABLE `vtiger_no_of_currency_decimals_seq` (
  `id` int(11) NOT NULL
) ENGINE=InnoDB DEFAULT CHARSET=latin1;
/*!40101 SET character_set_client = @saved_cs_client */;

--
-- Dumping data for table `vtiger_no_of_currency_decimals_seq`
--

LOCK TABLES `vtiger_no_of_currency_decimals_seq` WRITE;
/*!40000 ALTER TABLE `vtiger_no_of_currency_decimals_seq` DISABLE KEYS */;
INSERT INTO `vtiger_no_of_currency_decimals_seq` VALUES (7);
/*!40000 ALTER TABLE `vtiger_no_of_currency_decimals_seq` ENABLE KEYS */;
UNLOCK TABLES;

--
-- Table structure for table `vtiger_notebook_contents`
--

DROP TABLE IF EXISTS `vtiger_notebook_contents`;
/*!40101 SET @saved_cs_client     = @@character_set_client */;
/*!40101 SET character_set_client = utf8 */;
CREATE TABLE `vtiger_notebook_contents` (
  `userid` int(19) NOT NULL,
  `notebookid` int(19) NOT NULL,
  `contents` text
) ENGINE=InnoDB DEFAULT CHARSET=latin1;
/*!40101 SET character_set_client = @saved_cs_client */;

--
-- Dumping data for table `vtiger_notebook_contents`
--

LOCK TABLES `vtiger_notebook_contents` WRITE;
/*!40000 ALTER TABLE `vtiger_notebook_contents` DISABLE KEYS */;
/*!40000 ALTER TABLE `vtiger_notebook_contents` ENABLE KEYS */;
UNLOCK TABLES;

--
-- Table structure for table `vtiger_notes`
--

DROP TABLE IF EXISTS `vtiger_notes`;
/*!40101 SET @saved_cs_client     = @@character_set_client */;
/*!40101 SET character_set_client = utf8 */;
CREATE TABLE `vtiger_notes` (
  `notesid` int(19) NOT NULL DEFAULT '0',
  `note_no` varchar(100) NOT NULL,
  `title` varchar(50) NOT NULL,
  `filename` varchar(200) DEFAULT NULL,
  `notecontent` text,
  `folderid` int(19) NOT NULL DEFAULT '1',
  `filetype` varchar(50) DEFAULT NULL,
  `filelocationtype` varchar(5) DEFAULT NULL,
  `filedownloadcount` int(19) DEFAULT NULL,
  `filestatus` int(19) DEFAULT NULL,
  `filesize` int(19) NOT NULL DEFAULT '0',
  `fileversion` varchar(50) DEFAULT NULL,
  PRIMARY KEY (`notesid`),
  KEY `notes_title_idx` (`title`),
  KEY `notes_notesid_idx` (`notesid`)
) ENGINE=InnoDB DEFAULT CHARSET=latin1;
/*!40101 SET character_set_client = @saved_cs_client */;

--
-- Dumping data for table `vtiger_notes`
--

LOCK TABLES `vtiger_notes` WRITE;
/*!40000 ALTER TABLE `vtiger_notes` DISABLE KEYS */;
INSERT INTO `vtiger_notes` VALUES (13,'DOC1','BP/236/21/1203','Block_Plan_BP-236-21-1203.txt','?Test Block plan is attached\n<ul><li>Block plan</li>\n	<li>ID copy</li>\n	<li></li>\n</ul><br />\nCursorissues arein, editing this box',1,'text/plain','I',2,1,20,'');
/*!40000 ALTER TABLE `vtiger_notes` ENABLE KEYS */;
UNLOCK TABLES;

--
-- Table structure for table `vtiger_notescf`
--

DROP TABLE IF EXISTS `vtiger_notescf`;
/*!40101 SET @saved_cs_client     = @@character_set_client */;
/*!40101 SET character_set_client = utf8 */;
CREATE TABLE `vtiger_notescf` (
  `notesid` int(19) NOT NULL DEFAULT '0',
  PRIMARY KEY (`notesid`)
) ENGINE=InnoDB DEFAULT CHARSET=latin1;
/*!40101 SET character_set_client = @saved_cs_client */;

--
-- Dumping data for table `vtiger_notescf`
--

LOCK TABLES `vtiger_notescf` WRITE;
/*!40000 ALTER TABLE `vtiger_notescf` DISABLE KEYS */;
INSERT INTO `vtiger_notescf` VALUES (13);
/*!40000 ALTER TABLE `vtiger_notescf` ENABLE KEYS */;
UNLOCK TABLES;

--
-- Table structure for table `vtiger_notificationscheduler`
--

DROP TABLE IF EXISTS `vtiger_notificationscheduler`;
/*!40101 SET @saved_cs_client     = @@character_set_client */;
/*!40101 SET character_set_client = utf8 */;
CREATE TABLE `vtiger_notificationscheduler` (
  `schedulednotificationid` int(19) NOT NULL AUTO_INCREMENT,
  `schedulednotificationname` varchar(200) DEFAULT NULL,
  `active` int(1) DEFAULT NULL,
  `notificationsubject` varchar(200) DEFAULT NULL,
  `notificationbody` text,
  `label` varchar(50) DEFAULT NULL,
  `type` varchar(10) DEFAULT NULL,
  PRIMARY KEY (`schedulednotificationid`),
  UNIQUE KEY `notificationscheduler_schedulednotificationname_idx` (`schedulednotificationname`)
) ENGINE=InnoDB AUTO_INCREMENT=9 DEFAULT CHARSET=latin1;
/*!40101 SET character_set_client = @saved_cs_client */;

--
-- Dumping data for table `vtiger_notificationscheduler`
--

LOCK TABLES `vtiger_notificationscheduler` WRITE;
/*!40000 ALTER TABLE `vtiger_notificationscheduler` DISABLE KEYS */;
INSERT INTO `vtiger_notificationscheduler` VALUES (1,'LBL_TASK_NOTIFICATION_DESCRITPION',1,'Task Delay Notification','Tasks delayed beyond 24 hrs ','LBL_TASK_NOTIFICATION',NULL),(2,'LBL_BIG_DEAL_DESCRIPTION',1,'Big Deal notification','Success! A big deal has been won! ','LBL_BIG_DEAL',NULL),(3,'LBL_TICKETS_DESCRIPTION',1,'Pending Tickets notification','Ticket pending please ','LBL_PENDING_TICKETS',NULL),(4,'LBL_MANY_TICKETS_DESCRIPTION',1,'Too many tickets Notification','Too many tickets pending against this entity ','LBL_MANY_TICKETS',NULL),(5,'LBL_START_DESCRIPTION',1,'Support Start Notification','10','LBL_START_NOTIFICATION','select'),(6,'LBL_SUPPORT_DESCRIPTION',1,'Support ending please','11','LBL_SUPPORT_NOTICIATION','select'),(7,'LBL_SUPPORT_DESCRIPTION_MONTH',1,'Support ending please','12','LBL_SUPPORT_NOTICIATION_MONTH','select'),(8,'LBL_ACTIVITY_REMINDER_DESCRIPTION',1,'Activity Reminder Notification','This is a reminder notification for the Activity','LBL_ACTIVITY_NOTIFICATION',NULL);
/*!40000 ALTER TABLE `vtiger_notificationscheduler` ENABLE KEYS */;
UNLOCK TABLES;

--
-- Table structure for table `vtiger_notificationscheduler_seq`
--

DROP TABLE IF EXISTS `vtiger_notificationscheduler_seq`;
/*!40101 SET @saved_cs_client     = @@character_set_client */;
/*!40101 SET character_set_client = utf8 */;
CREATE TABLE `vtiger_notificationscheduler_seq` (
  `id` int(11) NOT NULL
) ENGINE=InnoDB DEFAULT CHARSET=latin1;
/*!40101 SET character_set_client = @saved_cs_client */;

--
-- Dumping data for table `vtiger_notificationscheduler_seq`
--

LOCK TABLES `vtiger_notificationscheduler_seq` WRITE;
/*!40000 ALTER TABLE `vtiger_notificationscheduler_seq` DISABLE KEYS */;
INSERT INTO `vtiger_notificationscheduler_seq` VALUES (8);
/*!40000 ALTER TABLE `vtiger_notificationscheduler_seq` ENABLE KEYS */;
UNLOCK TABLES;

--
-- Table structure for table `vtiger_numberverification`
--

DROP TABLE IF EXISTS `vtiger_numberverification`;
/*!40101 SET @saved_cs_client     = @@character_set_client */;
/*!40101 SET character_set_client = utf8 */;
CREATE TABLE `vtiger_numberverification` (
  `numberverificationid` int(11) NOT NULL DEFAULT '0',
  `number_verification_no` varchar(32) DEFAULT NULL,
  `fullname` varchar(128) DEFAULT NULL,
  `numberveri_app_status` varchar(100) DEFAULT NULL,
  `existing_assesment_no` varchar(100) DEFAULT NULL,
  `numberveri_changes_type` varchar(100) DEFAULT NULL,
  `changes_app_phone_number` varchar(100) DEFAULT NULL,
  `street` varchar(100) DEFAULT NULL,
  `city` varchar(100) DEFAULT NULL,
  `ward_no` varchar(100) DEFAULT NULL,
  `lot_no` varchar(100) DEFAULT NULL,
  `comments_of_accountant` varchar(255) DEFAULT NULL,
  `approved_date` date DEFAULT NULL,
  `approval_assesment_number` varchar(100) DEFAULT NULL,
  PRIMARY KEY (`numberverificationid`)
) ENGINE=InnoDB DEFAULT CHARSET=utf8;
/*!40101 SET character_set_client = @saved_cs_client */;

--
-- Dumping data for table `vtiger_numberverification`
--

LOCK TABLES `vtiger_numberverification` WRITE;
/*!40000 ALTER TABLE `vtiger_numberverification` DISABLE KEYS */;
INSERT INTO `vtiger_numberverification` VALUES (47,'NUMV1','TestTest','Approval(Accountant)','TestTest','New','TestTest','TestTest','TestTestTestTestTest','TestTest','TestTestTestTest','TestTestTestTestTestTestTestTestTestTest','2017-02-28','TestTest'),(56,'NUMV2','Jeganathan Sutharsan','Approval(Accountant)','','','','','','','','',NULL,''),(59,'NUMV3','Jus','Approval(Accountant)','11','','','','','','','',NULL,''),(63,'NUMV4','JSu','','128/3','','','JE','','','','',NULL,'');
/*!40000 ALTER TABLE `vtiger_numberverification` ENABLE KEYS */;
UNLOCK TABLES;

--
-- Table structure for table `vtiger_numberverificationcf`
--

DROP TABLE IF EXISTS `vtiger_numberverificationcf`;
/*!40101 SET @saved_cs_client     = @@character_set_client */;
/*!40101 SET character_set_client = utf8 */;
CREATE TABLE `vtiger_numberverificationcf` (
  `numberverificationid` int(11) NOT NULL,
  PRIMARY KEY (`numberverificationid`)
) ENGINE=InnoDB DEFAULT CHARSET=utf8;
/*!40101 SET character_set_client = @saved_cs_client */;

--
-- Dumping data for table `vtiger_numberverificationcf`
--

LOCK TABLES `vtiger_numberverificationcf` WRITE;
/*!40000 ALTER TABLE `vtiger_numberverificationcf` DISABLE KEYS */;
INSERT INTO `vtiger_numberverificationcf` VALUES (47),(56),(59),(63);
/*!40000 ALTER TABLE `vtiger_numberverificationcf` ENABLE KEYS */;
UNLOCK TABLES;

--
-- Table structure for table `vtiger_occupantcertificate`
--

DROP TABLE IF EXISTS `vtiger_occupantcertificate`;
/*!40101 SET @saved_cs_client     = @@character_set_client */;
/*!40101 SET character_set_client = utf8 */;
CREATE TABLE `vtiger_occupantcertificate` (
  `occupantcertificateid` int(11) NOT NULL DEFAULT '0',
  `occupant_record_no` varchar(32) DEFAULT NULL,
  `full_name` varchar(128) DEFAULT NULL,
  `property_owner_name` varchar(128) DEFAULT NULL,
  `phone` decimal(25,3) DEFAULT NULL,
  `existing_assesment_no` varchar(100) DEFAULT NULL,
  `application_file_number` varchar(100) DEFAULT NULL,
  `street` varchar(100) DEFAULT NULL,
  `address` varchar(255) DEFAULT NULL,
  `ward_no` varchar(100) DEFAULT NULL,
  `lot_no` varchar(100) DEFAULT NULL,
  `date_of_inspection` date DEFAULT NULL,
  `valuation_inspector_name` varchar(100) DEFAULT NULL,
  `comments_of_accountant` varchar(100) DEFAULT NULL,
  `comments_of_commissioner` varchar(100) DEFAULT NULL,
  `LBL_APPROVED_DATE` date DEFAULT NULL,
  `approval_assesment_number` varchar(100) DEFAULT NULL,
  `application_type` varchar(100) DEFAULT NULL,
  `application_category` varchar(100) DEFAULT NULL,
  `application_status` varchar(100) DEFAULT NULL,
  PRIMARY KEY (`occupantcertificateid`)
) ENGINE=InnoDB DEFAULT CHARSET=utf8;
/*!40101 SET character_set_client = @saved_cs_client */;

--
-- Dumping data for table `vtiger_occupantcertificate`
--

LOCK TABLES `vtiger_occupantcertificate` WRITE;
/*!40000 ALTER TABLE `vtiger_occupantcertificate` DISABLE KEYS */;
INSERT INTO `vtiger_occupantcertificate` VALUES (76,'','Sauji_Test','Test',1232424.000,'123','2313','Moor Road','Colombo 06.','21','34','2017-05-10','Valuation Inspector II','3124fDGGDG','eqwffads','2017-05-24','',NULL,NULL,NULL),(77,'','Jeganath Su','Sutharsan JEganathan',233423423.000,'','','Charles Pl','#3 Charles Place','22','223',NULL,'','','',NULL,'',NULL,NULL,NULL);
/*!40000 ALTER TABLE `vtiger_occupantcertificate` ENABLE KEYS */;
UNLOCK TABLES;

--
-- Table structure for table `vtiger_occupantcertificatecf`
--

DROP TABLE IF EXISTS `vtiger_occupantcertificatecf`;
/*!40101 SET @saved_cs_client     = @@character_set_client */;
/*!40101 SET character_set_client = utf8 */;
CREATE TABLE `vtiger_occupantcertificatecf` (
  `occupantcertificateid` int(11) NOT NULL,
  PRIMARY KEY (`occupantcertificateid`)
) ENGINE=InnoDB DEFAULT CHARSET=utf8;
/*!40101 SET character_set_client = @saved_cs_client */;

--
-- Dumping data for table `vtiger_occupantcertificatecf`
--

LOCK TABLES `vtiger_occupantcertificatecf` WRITE;
/*!40000 ALTER TABLE `vtiger_occupantcertificatecf` DISABLE KEYS */;
INSERT INTO `vtiger_occupantcertificatecf` VALUES (76),(77);
/*!40000 ALTER TABLE `vtiger_occupantcertificatecf` ENABLE KEYS */;
UNLOCK TABLES;

--
-- Table structure for table `vtiger_opportunity_type`
--

DROP TABLE IF EXISTS `vtiger_opportunity_type`;
/*!40101 SET @saved_cs_client     = @@character_set_client */;
/*!40101 SET character_set_client = utf8 */;
CREATE TABLE `vtiger_opportunity_type` (
  `opptypeid` int(19) NOT NULL AUTO_INCREMENT,
  `opportunity_type` varchar(200) NOT NULL,
  `presence` int(1) NOT NULL DEFAULT '1',
  `picklist_valueid` int(19) NOT NULL DEFAULT '0',
  `sortorderid` int(11) DEFAULT NULL,
  PRIMARY KEY (`opptypeid`),
  UNIQUE KEY `opportunity_type_opportunity_type_idx` (`opportunity_type`)
) ENGINE=InnoDB AUTO_INCREMENT=4 DEFAULT CHARSET=latin1;
/*!40101 SET character_set_client = @saved_cs_client */;

--
-- Dumping data for table `vtiger_opportunity_type`
--

LOCK TABLES `vtiger_opportunity_type` WRITE;
/*!40000 ALTER TABLE `vtiger_opportunity_type` DISABLE KEYS */;
INSERT INTO `vtiger_opportunity_type` VALUES (2,'Existing Business',1,128,1),(3,'New Business',1,129,2);
/*!40000 ALTER TABLE `vtiger_opportunity_type` ENABLE KEYS */;
UNLOCK TABLES;

--
-- Table structure for table `vtiger_opportunity_type_seq`
--

DROP TABLE IF EXISTS `vtiger_opportunity_type_seq`;
/*!40101 SET @saved_cs_client     = @@character_set_client */;
/*!40101 SET character_set_client = utf8 */;
CREATE TABLE `vtiger_opportunity_type_seq` (
  `id` int(11) NOT NULL
) ENGINE=InnoDB DEFAULT CHARSET=latin1;
/*!40101 SET character_set_client = @saved_cs_client */;

--
-- Dumping data for table `vtiger_opportunity_type_seq`
--

LOCK TABLES `vtiger_opportunity_type_seq` WRITE;
/*!40000 ALTER TABLE `vtiger_opportunity_type_seq` DISABLE KEYS */;
INSERT INTO `vtiger_opportunity_type_seq` VALUES (3);
/*!40000 ALTER TABLE `vtiger_opportunity_type_seq` ENABLE KEYS */;
UNLOCK TABLES;

--
-- Table structure for table `vtiger_opportunitystage`
--

DROP TABLE IF EXISTS `vtiger_opportunitystage`;
/*!40101 SET @saved_cs_client     = @@character_set_client */;
/*!40101 SET character_set_client = utf8 */;
CREATE TABLE `vtiger_opportunitystage` (
  `potstageid` int(19) NOT NULL AUTO_INCREMENT,
  `stage` varchar(200) NOT NULL,
  `sortorderid` int(19) NOT NULL DEFAULT '0',
  `presence` int(1) NOT NULL DEFAULT '1',
  `probability` decimal(3,2) DEFAULT '0.00',
  PRIMARY KEY (`potstageid`),
  UNIQUE KEY `opportunitystage_stage_idx` (`stage`)
) ENGINE=InnoDB DEFAULT CHARSET=latin1;
/*!40101 SET character_set_client = @saved_cs_client */;

--
-- Dumping data for table `vtiger_opportunitystage`
--

LOCK TABLES `vtiger_opportunitystage` WRITE;
/*!40000 ALTER TABLE `vtiger_opportunitystage` DISABLE KEYS */;
/*!40000 ALTER TABLE `vtiger_opportunitystage` ENABLE KEYS */;
UNLOCK TABLES;

--
-- Table structure for table `vtiger_org_share_action2tab`
--

DROP TABLE IF EXISTS `vtiger_org_share_action2tab`;
/*!40101 SET @saved_cs_client     = @@character_set_client */;
/*!40101 SET character_set_client = utf8 */;
CREATE TABLE `vtiger_org_share_action2tab` (
  `share_action_id` int(19) NOT NULL,
  `tabid` int(19) NOT NULL,
  PRIMARY KEY (`share_action_id`,`tabid`)
) ENGINE=InnoDB DEFAULT CHARSET=latin1;
/*!40101 SET character_set_client = @saved_cs_client */;

--
-- Dumping data for table `vtiger_org_share_action2tab`
--

LOCK TABLES `vtiger_org_share_action2tab` WRITE;
/*!40000 ALTER TABLE `vtiger_org_share_action2tab` DISABLE KEYS */;
INSERT INTO `vtiger_org_share_action2tab` VALUES (0,2),(0,4),(0,6),(0,7),(0,8),(0,9),(0,10),(0,13),(0,14),(0,16),(0,18),(0,20),(0,21),(0,22),(0,23),(0,26),(0,30),(0,31),(0,34),(0,38),(0,39),(0,40),(0,41),(0,42),(0,44),(0,51),(0,52),(0,53),(0,54),(0,55),(0,58),(1,2),(1,4),(1,6),(1,7),(1,8),(1,9),(1,10),(1,13),(1,14),(1,16),(1,18),(1,20),(1,21),(1,22),(1,23),(1,26),(1,30),(1,31),(1,34),(1,38),(1,39),(1,40),(1,41),(1,42),(1,44),(1,51),(1,52),(1,53),(1,54),(1,55),(1,58),(2,2),(2,4),(2,6),(2,7),(2,8),(2,9),(2,10),(2,13),(2,14),(2,16),(2,18),(2,20),(2,21),(2,22),(2,23),(2,26),(2,30),(2,31),(2,34),(2,38),(2,39),(2,40),(2,41),(2,42),(2,44),(2,51),(2,52),(2,53),(2,54),(2,55),(2,58),(3,2),(3,4),(3,6),(3,7),(3,8),(3,9),(3,10),(3,13),(3,14),(3,16),(3,18),(3,20),(3,21),(3,22),(3,23),(3,26),(3,30),(3,31),(3,34),(3,38),(3,39),(3,40),(3,41),(3,42),(3,44),(3,51),(3,52),(3,53),(3,54),(3,55),(3,58);
/*!40000 ALTER TABLE `vtiger_org_share_action2tab` ENABLE KEYS */;
UNLOCK TABLES;

--
-- Table structure for table `vtiger_org_share_action_mapping`
--

DROP TABLE IF EXISTS `vtiger_org_share_action_mapping`;
/*!40101 SET @saved_cs_client     = @@character_set_client */;
/*!40101 SET character_set_client = utf8 */;
CREATE TABLE `vtiger_org_share_action_mapping` (
  `share_action_id` int(19) NOT NULL,
  `share_action_name` varchar(200) DEFAULT NULL,
  PRIMARY KEY (`share_action_id`)
) ENGINE=InnoDB DEFAULT CHARSET=latin1;
/*!40101 SET character_set_client = @saved_cs_client */;

--
-- Dumping data for table `vtiger_org_share_action_mapping`
--

LOCK TABLES `vtiger_org_share_action_mapping` WRITE;
/*!40000 ALTER TABLE `vtiger_org_share_action_mapping` DISABLE KEYS */;
INSERT INTO `vtiger_org_share_action_mapping` VALUES (0,'Public: Read Only'),(1,'Public: Read, Create/Edit'),(2,'Public: Read, Create/Edit, Delete'),(3,'Private'),(4,'Hide Details'),(5,'Hide Details and Add Events'),(6,'Show Details'),(7,'Show Details and Add Events');
/*!40000 ALTER TABLE `vtiger_org_share_action_mapping` ENABLE KEYS */;
UNLOCK TABLES;

--
-- Table structure for table `vtiger_organizationdetails`
--

DROP TABLE IF EXISTS `vtiger_organizationdetails`;
/*!40101 SET @saved_cs_client     = @@character_set_client */;
/*!40101 SET character_set_client = utf8 */;
CREATE TABLE `vtiger_organizationdetails` (
  `organization_id` int(11) NOT NULL,
  `organizationname` varchar(60) DEFAULT NULL,
  `address` varchar(150) DEFAULT NULL,
  `city` varchar(100) DEFAULT NULL,
  `state` varchar(100) DEFAULT NULL,
  `country` varchar(100) DEFAULT NULL,
  `code` varchar(30) DEFAULT NULL,
  `phone` varchar(30) DEFAULT NULL,
  `fax` varchar(30) DEFAULT NULL,
  `website` varchar(100) DEFAULT NULL,
  `logoname` varchar(50) DEFAULT NULL,
  `logo` text,
  `vatid` varchar(100) DEFAULT NULL,
  PRIMARY KEY (`organization_id`)
) ENGINE=InnoDB DEFAULT CHARSET=latin1;
/*!40101 SET character_set_client = @saved_cs_client */;

--
-- Dumping data for table `vtiger_organizationdetails`
--

LOCK TABLES `vtiger_organizationdetails` WRITE;
/*!40000 ALTER TABLE `vtiger_organizationdetails` DISABLE KEYS */;
INSERT INTO `vtiger_organizationdetails` VALUES (1,'DMMC','Galle Road, Dehiwela','Colombo','Western Province','Sri Lanka','','','','www.dmmc.lk','dmmc-logo.png',NULL,'');
/*!40000 ALTER TABLE `vtiger_organizationdetails` ENABLE KEYS */;
UNLOCK TABLES;

--
-- Table structure for table `vtiger_organizationdetails_seq`
--

DROP TABLE IF EXISTS `vtiger_organizationdetails_seq`;
/*!40101 SET @saved_cs_client     = @@character_set_client */;
/*!40101 SET character_set_client = utf8 */;
CREATE TABLE `vtiger_organizationdetails_seq` (
  `id` int(11) NOT NULL
) ENGINE=InnoDB DEFAULT CHARSET=latin1;
/*!40101 SET character_set_client = @saved_cs_client */;

--
-- Dumping data for table `vtiger_organizationdetails_seq`
--

LOCK TABLES `vtiger_organizationdetails_seq` WRITE;
/*!40000 ALTER TABLE `vtiger_organizationdetails_seq` DISABLE KEYS */;
INSERT INTO `vtiger_organizationdetails_seq` VALUES (1);
/*!40000 ALTER TABLE `vtiger_organizationdetails_seq` ENABLE KEYS */;
UNLOCK TABLES;

--
-- Table structure for table `vtiger_othereventduration`
--

DROP TABLE IF EXISTS `vtiger_othereventduration`;
/*!40101 SET @saved_cs_client     = @@character_set_client */;
/*!40101 SET character_set_client = utf8 */;
CREATE TABLE `vtiger_othereventduration` (
  `othereventdurationid` int(11) NOT NULL AUTO_INCREMENT,
  `othereventduration` varchar(200) NOT NULL,
  `sortorderid` int(11) DEFAULT NULL,
  `presence` int(11) NOT NULL DEFAULT '1',
  PRIMARY KEY (`othereventdurationid`)
) ENGINE=InnoDB AUTO_INCREMENT=6 DEFAULT CHARSET=utf8;
/*!40101 SET character_set_client = @saved_cs_client */;

--
-- Dumping data for table `vtiger_othereventduration`
--

LOCK TABLES `vtiger_othereventduration` WRITE;
/*!40000 ALTER TABLE `vtiger_othereventduration` DISABLE KEYS */;
INSERT INTO `vtiger_othereventduration` VALUES (1,'5',1,1),(2,'10',2,1),(3,'30',3,1),(4,'60',4,1),(5,'120',5,1);
/*!40000 ALTER TABLE `vtiger_othereventduration` ENABLE KEYS */;
UNLOCK TABLES;

--
-- Table structure for table `vtiger_othereventduration_seq`
--

DROP TABLE IF EXISTS `vtiger_othereventduration_seq`;
/*!40101 SET @saved_cs_client     = @@character_set_client */;
/*!40101 SET character_set_client = utf8 */;
CREATE TABLE `vtiger_othereventduration_seq` (
  `id` int(11) NOT NULL
) ENGINE=InnoDB DEFAULT CHARSET=latin1;
/*!40101 SET character_set_client = @saved_cs_client */;

--
-- Dumping data for table `vtiger_othereventduration_seq`
--

LOCK TABLES `vtiger_othereventduration_seq` WRITE;
/*!40000 ALTER TABLE `vtiger_othereventduration_seq` DISABLE KEYS */;
INSERT INTO `vtiger_othereventduration_seq` VALUES (5);
/*!40000 ALTER TABLE `vtiger_othereventduration_seq` ENABLE KEYS */;
UNLOCK TABLES;

--
-- Table structure for table `vtiger_ownershipverification`
--

DROP TABLE IF EXISTS `vtiger_ownershipverification`;
/*!40101 SET @saved_cs_client     = @@character_set_client */;
/*!40101 SET character_set_client = utf8 */;
CREATE TABLE `vtiger_ownershipverification` (
  `ownershipverificationid` int(11) NOT NULL DEFAULT '0',
  `owner_verification_no` varchar(32) DEFAULT NULL,
  `fullname` varchar(128) DEFAULT NULL,
  `existing_assesment_no` varchar(100) DEFAULT NULL,
  `changes_app_phone_number` varchar(100) DEFAULT NULL,
  `ownerveri_app_status` varchar(100) DEFAULT NULL,
  `visit_date` date DEFAULT NULL,
  `valuation_officer` varchar(100) DEFAULT NULL,
  `street` varchar(100) DEFAULT NULL,
  `city` varchar(100) DEFAULT NULL,
  `ward_no` varchar(100) DEFAULT NULL,
  `lot_no` varchar(100) DEFAULT NULL,
  `comments_of_accountant` varchar(255) DEFAULT NULL,
  `approved_date` date DEFAULT NULL,
  `approval_assesment_number` varchar(100) DEFAULT NULL,
  PRIMARY KEY (`ownershipverificationid`)
) ENGINE=InnoDB DEFAULT CHARSET=utf8;
/*!40101 SET character_set_client = @saved_cs_client */;

--
-- Dumping data for table `vtiger_ownershipverification`
--

LOCK TABLES `vtiger_ownershipverification` WRITE;
/*!40000 ALTER TABLE `vtiger_ownershipverification` DISABLE KEYS */;
INSERT INTO `vtiger_ownershipverification` VALUES (48,'OWNV1','TestTesttest','TestTesttest','45246264262','Field Visit','2017-03-15','Valuation Inspector 01','TestTesttest','TestTestTestTestTesttest','TestTesttest','','TestTesttestTestTesttestTestTesttestTestTesttestTestTesttestTestTesttest','2017-03-14','TestTesttest'),(55,'OWNV2','Sutharsan Jeganathan','66','','Field Visit',NULL,'','','','','','',NULL,''),(64,'OWNV3','AHD','36','112555444','',NULL,'Valuation Inspector 01','','','','','',NULL,'');
/*!40000 ALTER TABLE `vtiger_ownershipverification` ENABLE KEYS */;
UNLOCK TABLES;

--
-- Table structure for table `vtiger_ownershipverificationcf`
--

DROP TABLE IF EXISTS `vtiger_ownershipverificationcf`;
/*!40101 SET @saved_cs_client     = @@character_set_client */;
/*!40101 SET character_set_client = utf8 */;
CREATE TABLE `vtiger_ownershipverificationcf` (
  `ownershipverificationid` int(11) NOT NULL,
  PRIMARY KEY (`ownershipverificationid`)
) ENGINE=InnoDB DEFAULT CHARSET=utf8;
/*!40101 SET character_set_client = @saved_cs_client */;

--
-- Dumping data for table `vtiger_ownershipverificationcf`
--

LOCK TABLES `vtiger_ownershipverificationcf` WRITE;
/*!40000 ALTER TABLE `vtiger_ownershipverificationcf` DISABLE KEYS */;
INSERT INTO `vtiger_ownershipverificationcf` VALUES (48),(55),(64);
/*!40000 ALTER TABLE `vtiger_ownershipverificationcf` ENABLE KEYS */;
UNLOCK TABLES;

--
-- Table structure for table `vtiger_parenttab`
--

DROP TABLE IF EXISTS `vtiger_parenttab`;
/*!40101 SET @saved_cs_client     = @@character_set_client */;
/*!40101 SET character_set_client = utf8 */;
CREATE TABLE `vtiger_parenttab` (
  `parenttabid` int(19) NOT NULL,
  `parenttab_label` varchar(100) NOT NULL,
  `sequence` int(10) NOT NULL,
  `visible` int(2) NOT NULL DEFAULT '0',
  PRIMARY KEY (`parenttabid`),
  KEY `parenttab_parenttabid_parenttabl_label_visible_idx` (`parenttabid`,`parenttab_label`,`visible`)
) ENGINE=InnoDB DEFAULT CHARSET=latin1;
/*!40101 SET character_set_client = @saved_cs_client */;

--
-- Dumping data for table `vtiger_parenttab`
--

LOCK TABLES `vtiger_parenttab` WRITE;
/*!40000 ALTER TABLE `vtiger_parenttab` DISABLE KEYS */;
INSERT INTO `vtiger_parenttab` VALUES (1,'My Home Page',1,0),(2,'Marketing',2,0),(3,'Sales',3,0),(4,'Support',4,0),(5,'Analytics',5,0),(6,'Inventory',6,0),(7,'Tools',7,0),(8,'Settings',8,0);
/*!40000 ALTER TABLE `vtiger_parenttab` ENABLE KEYS */;
UNLOCK TABLES;

--
-- Table structure for table `vtiger_parenttabrel`
--

DROP TABLE IF EXISTS `vtiger_parenttabrel`;
/*!40101 SET @saved_cs_client     = @@character_set_client */;
/*!40101 SET character_set_client = utf8 */;
CREATE TABLE `vtiger_parenttabrel` (
  `parenttabid` int(19) NOT NULL,
  `tabid` int(19) NOT NULL,
  `sequence` int(3) NOT NULL,
  KEY `parenttabrel_tabid_parenttabid_idx` (`tabid`,`parenttabid`)
) ENGINE=InnoDB DEFAULT CHARSET=latin1;
/*!40101 SET character_set_client = @saved_cs_client */;

--
-- Dumping data for table `vtiger_parenttabrel`
--

LOCK TABLES `vtiger_parenttabrel` WRITE;
/*!40000 ALTER TABLE `vtiger_parenttabrel` DISABLE KEYS */;
INSERT INTO `vtiger_parenttabrel` VALUES (1,9,2),(1,28,4),(1,3,1),(3,7,1),(3,6,2),(3,4,3),(3,2,4),(3,20,5),(3,22,6),(3,23,7),(3,19,8),(3,8,9),(4,13,1),(4,15,2),(4,6,3),(4,4,4),(4,8,5),(5,1,2),(5,25,1),(6,14,1),(6,18,2),(6,19,3),(6,21,4),(6,22,5),(6,20,6),(6,23,7),(7,24,1),(7,27,2),(7,8,3),(2,26,1),(2,6,2),(2,4,3),(2,28,4),(4,28,7),(2,7,5),(2,9,6),(4,9,8),(2,8,8),(3,9,11),(6,30,8),(6,30,9),(7,31,4),(7,31,5),(4,34,9),(4,34,10),(7,36,6),(7,36,7),(7,38,8),(7,38,9),(7,39,10),(7,39,11),(4,40,11),(4,40,12),(4,41,13),(4,41,14),(4,42,15),(4,42,16),(6,44,10),(6,44,11),(7,46,12),(7,46,13),(7,47,14),(7,47,15),(8,49,1),(8,49,2),(4,51,17),(4,51,18),(4,52,19),(4,52,20),(4,53,21),(4,53,22),(4,54,23),(4,54,24),(4,55,25),(4,55,26),(4,58,29),(4,58,30);
/*!40000 ALTER TABLE `vtiger_parenttabrel` ENABLE KEYS */;
UNLOCK TABLES;

--
-- Table structure for table `vtiger_payment_duration`
--

DROP TABLE IF EXISTS `vtiger_payment_duration`;
/*!40101 SET @saved_cs_client     = @@character_set_client */;
/*!40101 SET character_set_client = utf8 */;
CREATE TABLE `vtiger_payment_duration` (
  `payment_duration_id` int(11) DEFAULT NULL,
  `payment_duration` varchar(200) DEFAULT NULL,
  `sortorderid` int(11) DEFAULT NULL,
  `presence` int(11) DEFAULT NULL
) ENGINE=InnoDB DEFAULT CHARSET=latin1;
/*!40101 SET character_set_client = @saved_cs_client */;

--
-- Dumping data for table `vtiger_payment_duration`
--

LOCK TABLES `vtiger_payment_duration` WRITE;
/*!40000 ALTER TABLE `vtiger_payment_duration` DISABLE KEYS */;
INSERT INTO `vtiger_payment_duration` VALUES (1,'Net 30 days',0,1),(2,'Net 45 days',1,1),(3,'Net 60 days',2,1);
/*!40000 ALTER TABLE `vtiger_payment_duration` ENABLE KEYS */;
UNLOCK TABLES;

--
-- Table structure for table `vtiger_payment_duration_seq`
--

DROP TABLE IF EXISTS `vtiger_payment_duration_seq`;
/*!40101 SET @saved_cs_client     = @@character_set_client */;
/*!40101 SET character_set_client = utf8 */;
CREATE TABLE `vtiger_payment_duration_seq` (
  `id` int(11) NOT NULL
) ENGINE=InnoDB DEFAULT CHARSET=latin1;
/*!40101 SET character_set_client = @saved_cs_client */;

--
-- Dumping data for table `vtiger_payment_duration_seq`
--

LOCK TABLES `vtiger_payment_duration_seq` WRITE;
/*!40000 ALTER TABLE `vtiger_payment_duration_seq` DISABLE KEYS */;
INSERT INTO `vtiger_payment_duration_seq` VALUES (3);
/*!40000 ALTER TABLE `vtiger_payment_duration_seq` ENABLE KEYS */;
UNLOCK TABLES;

--
-- Table structure for table `vtiger_pbxmanager`
--

DROP TABLE IF EXISTS `vtiger_pbxmanager`;
/*!40101 SET @saved_cs_client     = @@character_set_client */;
/*!40101 SET character_set_client = utf8 */;
CREATE TABLE `vtiger_pbxmanager` (
  `pbxmanagerid` int(20) NOT NULL AUTO_INCREMENT,
  `direction` varchar(10) DEFAULT NULL,
  `callstatus` varchar(20) DEFAULT NULL,
  `starttime` datetime DEFAULT NULL,
  `endtime` datetime DEFAULT NULL,
  `totalduration` int(11) DEFAULT NULL,
  `billduration` int(11) DEFAULT NULL,
  `recordingurl` varchar(200) DEFAULT NULL,
  `sourceuuid` varchar(100) DEFAULT NULL,
  `gateway` varchar(20) DEFAULT NULL,
  `customer` varchar(100) DEFAULT NULL,
  `user` varchar(100) DEFAULT NULL,
  `customernumber` varchar(100) DEFAULT NULL,
  `customertype` varchar(100) DEFAULT NULL,
  PRIMARY KEY (`pbxmanagerid`),
  KEY `index_sourceuuid` (`sourceuuid`),
  KEY `index_pbxmanager_id` (`pbxmanagerid`)
) ENGINE=InnoDB DEFAULT CHARSET=utf8;
/*!40101 SET character_set_client = @saved_cs_client */;

--
-- Dumping data for table `vtiger_pbxmanager`
--

LOCK TABLES `vtiger_pbxmanager` WRITE;
/*!40000 ALTER TABLE `vtiger_pbxmanager` DISABLE KEYS */;
/*!40000 ALTER TABLE `vtiger_pbxmanager` ENABLE KEYS */;
UNLOCK TABLES;

--
-- Table structure for table `vtiger_pbxmanager_gateway`
--

DROP TABLE IF EXISTS `vtiger_pbxmanager_gateway`;
/*!40101 SET @saved_cs_client     = @@character_set_client */;
/*!40101 SET character_set_client = utf8 */;
CREATE TABLE `vtiger_pbxmanager_gateway` (
  `id` int(11) NOT NULL AUTO_INCREMENT,
  `gateway` varchar(20) DEFAULT NULL,
  `parameters` text,
  PRIMARY KEY (`id`)
) ENGINE=InnoDB DEFAULT CHARSET=utf8;
/*!40101 SET character_set_client = @saved_cs_client */;

--
-- Dumping data for table `vtiger_pbxmanager_gateway`
--

LOCK TABLES `vtiger_pbxmanager_gateway` WRITE;
/*!40000 ALTER TABLE `vtiger_pbxmanager_gateway` DISABLE KEYS */;
/*!40000 ALTER TABLE `vtiger_pbxmanager_gateway` ENABLE KEYS */;
UNLOCK TABLES;

--
-- Table structure for table `vtiger_pbxmanager_phonelookup`
--

DROP TABLE IF EXISTS `vtiger_pbxmanager_phonelookup`;
/*!40101 SET @saved_cs_client     = @@character_set_client */;
/*!40101 SET character_set_client = utf8 */;
CREATE TABLE `vtiger_pbxmanager_phonelookup` (
  `crmid` int(20) DEFAULT NULL,
  `setype` varchar(30) DEFAULT NULL,
  `fnumber` varchar(100) DEFAULT NULL,
  `rnumber` varchar(100) DEFAULT NULL,
  `fieldname` varchar(50) DEFAULT NULL,
  UNIQUE KEY `unique_key` (`crmid`,`setype`,`fieldname`),
  KEY `index_phone_number` (`fnumber`,`rnumber`),
  CONSTRAINT `vtiger_pbxmanager_phonelookup_ibfk_1` FOREIGN KEY (`crmid`) REFERENCES `vtiger_crmentity` (`crmid`) ON DELETE CASCADE
) ENGINE=InnoDB DEFAULT CHARSET=utf8;
/*!40101 SET character_set_client = @saved_cs_client */;

--
-- Dumping data for table `vtiger_pbxmanager_phonelookup`
--

LOCK TABLES `vtiger_pbxmanager_phonelookup` WRITE;
/*!40000 ALTER TABLE `vtiger_pbxmanager_phonelookup` DISABLE KEYS */;
INSERT INTO `vtiger_pbxmanager_phonelookup` VALUES (4,'Contacts','0254','4520','phone');
/*!40000 ALTER TABLE `vtiger_pbxmanager_phonelookup` ENABLE KEYS */;
UNLOCK TABLES;

--
-- Table structure for table `vtiger_pbxmanagercf`
--

DROP TABLE IF EXISTS `vtiger_pbxmanagercf`;
/*!40101 SET @saved_cs_client     = @@character_set_client */;
/*!40101 SET character_set_client = utf8 */;
CREATE TABLE `vtiger_pbxmanagercf` (
  `pbxmanagerid` int(11) NOT NULL,
  PRIMARY KEY (`pbxmanagerid`)
) ENGINE=InnoDB DEFAULT CHARSET=utf8;
/*!40101 SET character_set_client = @saved_cs_client */;

--
-- Dumping data for table `vtiger_pbxmanagercf`
--

LOCK TABLES `vtiger_pbxmanagercf` WRITE;
/*!40000 ALTER TABLE `vtiger_pbxmanagercf` DISABLE KEYS */;
/*!40000 ALTER TABLE `vtiger_pbxmanagercf` ENABLE KEYS */;
UNLOCK TABLES;

--
-- Table structure for table `vtiger_picklist`
--

DROP TABLE IF EXISTS `vtiger_picklist`;
/*!40101 SET @saved_cs_client     = @@character_set_client */;
/*!40101 SET character_set_client = utf8 */;
CREATE TABLE `vtiger_picklist` (
  `picklistid` int(11) NOT NULL AUTO_INCREMENT,
  `name` varchar(200) NOT NULL,
  PRIMARY KEY (`picklistid`),
  UNIQUE KEY `picklist_name_idx` (`name`)
) ENGINE=InnoDB AUTO_INCREMENT=79 DEFAULT CHARSET=latin1;
/*!40101 SET character_set_client = @saved_cs_client */;

--
-- Dumping data for table `vtiger_picklist`
--

LOCK TABLES `vtiger_picklist` WRITE;
/*!40000 ALTER TABLE `vtiger_picklist` DISABLE KEYS */;
INSERT INTO `vtiger_picklist` VALUES (1,'accounttype'),(2,'activitytype'),(65,'application_category'),(66,'application_status'),(64,'application_type'),(50,'assaigned_draughtsman'),(69,'assesment_category'),(70,'assesment_status'),(68,'assesment_type'),(45,'assetstatus'),(52,'assigned_planing_engineer'),(51,'assigned_technical_officer'),(54,'ass_build_draughtsman'),(56,'ass_build_plan_engineer'),(55,'ass_build_tech_officer'),(59,'ass_street_draughtsman'),(60,'ass_street_plan_engineer'),(71,'ass_val_inspector_name'),(53,'build_plan_status'),(3,'campaignstatus'),(4,'campaigntype'),(5,'carrier'),(72,'changes_application_status'),(73,'chng_val_inspector_name'),(62,'coc_plan_engineer'),(61,'coc_plan_status'),(35,'contract_priority'),(34,'contract_status'),(36,'contract_type'),(48,'defaultactivitytype'),(47,'defaulteventstatus'),(63,'division'),(6,'eventstatus'),(7,'expectedresponse'),(8,'faqcategories'),(9,'faqstatus'),(10,'glacct'),(11,'industry'),(12,'invoicestatus'),(13,'leadsource'),(14,'leadstatus'),(15,'manufacturer'),(74,'name_changes_type'),(75,'numberveri_app_status'),(76,'numberveri_changes_type'),(16,'opportunity_type'),(77,'ownerveri_app_status'),(49,'plan_status'),(17,'postatus'),(18,'productcategory'),(44,'progress'),(37,'projectmilestonetype'),(43,'projectpriority'),(41,'projectstatus'),(39,'projecttaskpriority'),(40,'projecttaskprogress'),(46,'projecttaskstatus'),(38,'projecttasktype'),(42,'projecttype'),(57,'purpose_of_building'),(19,'quotestage'),(20,'rating'),(21,'sales_stage'),(22,'salutationtype'),(32,'servicecategory'),(31,'service_usageunit'),(23,'sostatus'),(58,'street_plan_status'),(24,'taskpriority'),(25,'taskstatus'),(26,'ticketcategories'),(27,'ticketpriorities'),(28,'ticketseverities'),(29,'ticketstatus'),(33,'tracking_unit'),(30,'usageunit'),(67,'valuation_inspector_name'),(78,'valuation_officer');
/*!40000 ALTER TABLE `vtiger_picklist` ENABLE KEYS */;
UNLOCK TABLES;

--
-- Table structure for table `vtiger_picklist_dependency`
--

DROP TABLE IF EXISTS `vtiger_picklist_dependency`;
/*!40101 SET @saved_cs_client     = @@character_set_client */;
/*!40101 SET character_set_client = utf8 */;
CREATE TABLE `vtiger_picklist_dependency` (
  `id` int(11) NOT NULL,
  `tabid` int(19) NOT NULL,
  `sourcefield` varchar(255) DEFAULT NULL,
  `targetfield` varchar(255) DEFAULT NULL,
  `sourcevalue` varchar(100) DEFAULT NULL,
  `targetvalues` text,
  `criteria` text,
  PRIMARY KEY (`id`)
) ENGINE=InnoDB DEFAULT CHARSET=latin1;
/*!40101 SET character_set_client = @saved_cs_client */;

--
-- Dumping data for table `vtiger_picklist_dependency`
--

LOCK TABLES `vtiger_picklist_dependency` WRITE;
/*!40000 ALTER TABLE `vtiger_picklist_dependency` DISABLE KEYS */;
/*!40000 ALTER TABLE `vtiger_picklist_dependency` ENABLE KEYS */;
UNLOCK TABLES;

--
-- Table structure for table `vtiger_picklist_dependency_seq`
--

DROP TABLE IF EXISTS `vtiger_picklist_dependency_seq`;
/*!40101 SET @saved_cs_client     = @@character_set_client */;
/*!40101 SET character_set_client = utf8 */;
CREATE TABLE `vtiger_picklist_dependency_seq` (
  `id` int(11) NOT NULL
) ENGINE=MyISAM DEFAULT CHARSET=utf8 COLLATE=utf8_unicode_ci;
/*!40101 SET character_set_client = @saved_cs_client */;

--
-- Dumping data for table `vtiger_picklist_dependency_seq`
--

LOCK TABLES `vtiger_picklist_dependency_seq` WRITE;
/*!40000 ALTER TABLE `vtiger_picklist_dependency_seq` DISABLE KEYS */;
INSERT INTO `vtiger_picklist_dependency_seq` VALUES (6);
/*!40000 ALTER TABLE `vtiger_picklist_dependency_seq` ENABLE KEYS */;
UNLOCK TABLES;

--
-- Table structure for table `vtiger_picklist_seq`
--

DROP TABLE IF EXISTS `vtiger_picklist_seq`;
/*!40101 SET @saved_cs_client     = @@character_set_client */;
/*!40101 SET character_set_client = utf8 */;
CREATE TABLE `vtiger_picklist_seq` (
  `id` int(11) NOT NULL
) ENGINE=InnoDB DEFAULT CHARSET=latin1;
/*!40101 SET character_set_client = @saved_cs_client */;

--
-- Dumping data for table `vtiger_picklist_seq`
--

LOCK TABLES `vtiger_picklist_seq` WRITE;
/*!40000 ALTER TABLE `vtiger_picklist_seq` DISABLE KEYS */;
INSERT INTO `vtiger_picklist_seq` VALUES (81);
/*!40000 ALTER TABLE `vtiger_picklist_seq` ENABLE KEYS */;
UNLOCK TABLES;

--
-- Table structure for table `vtiger_picklistvalues_seq`
--

DROP TABLE IF EXISTS `vtiger_picklistvalues_seq`;
/*!40101 SET @saved_cs_client     = @@character_set_client */;
/*!40101 SET character_set_client = utf8 */;
CREATE TABLE `vtiger_picklistvalues_seq` (
  `id` int(11) NOT NULL
) ENGINE=InnoDB DEFAULT CHARSET=latin1;
/*!40101 SET character_set_client = @saved_cs_client */;

--
-- Dumping data for table `vtiger_picklistvalues_seq`
--

LOCK TABLES `vtiger_picklistvalues_seq` WRITE;
/*!40000 ALTER TABLE `vtiger_picklistvalues_seq` DISABLE KEYS */;
INSERT INTO `vtiger_picklistvalues_seq` VALUES (548);
/*!40000 ALTER TABLE `vtiger_picklistvalues_seq` ENABLE KEYS */;
UNLOCK TABLES;

--
-- Table structure for table `vtiger_plan_status`
--

DROP TABLE IF EXISTS `vtiger_plan_status`;
/*!40101 SET @saved_cs_client     = @@character_set_client */;
/*!40101 SET character_set_client = utf8 */;
CREATE TABLE `vtiger_plan_status` (
  `plan_statusid` int(11) NOT NULL AUTO_INCREMENT,
  `plan_status` varchar(200) NOT NULL,
  `presence` int(1) NOT NULL DEFAULT '1',
  `picklist_valueid` int(11) NOT NULL DEFAULT '0',
  `sortorderid` int(11) DEFAULT '0',
  PRIMARY KEY (`plan_statusid`)
) ENGINE=InnoDB AUTO_INCREMENT=13 DEFAULT CHARSET=utf8;
/*!40101 SET character_set_client = @saved_cs_client */;

--
-- Dumping data for table `vtiger_plan_status`
--

LOCK TABLES `vtiger_plan_status` WRITE;
/*!40000 ALTER TABLE `vtiger_plan_status` DISABLE KEYS */;
INSERT INTO `vtiger_plan_status` VALUES (1,'Open',1,303,1),(2,'Draughsman Verification',1,304,2),(3,'Payment Made',1,305,3),(4,'Resubmission',1,306,4),(5,'Engineer Review',1,307,5),(6,'Field Visit',1,308,6),(7,'For commitee approval',1,309,7),(8,'Approved',1,310,8),(9,'Rejected',1,311,9),(10,'Submitted to Juries',1,312,10),(11,'Submitted to Legal Officers',1,313,11),(12,'Submitted to Drainage Engineer',1,314,12);
/*!40000 ALTER TABLE `vtiger_plan_status` ENABLE KEYS */;
UNLOCK TABLES;

--
-- Table structure for table `vtiger_plan_status_seq`
--

DROP TABLE IF EXISTS `vtiger_plan_status_seq`;
/*!40101 SET @saved_cs_client     = @@character_set_client */;
/*!40101 SET character_set_client = utf8 */;
CREATE TABLE `vtiger_plan_status_seq` (
  `id` int(11) NOT NULL
) ENGINE=MyISAM DEFAULT CHARSET=utf8 COLLATE=utf8_unicode_ci;
/*!40101 SET character_set_client = @saved_cs_client */;

--
-- Dumping data for table `vtiger_plan_status_seq`
--

LOCK TABLES `vtiger_plan_status_seq` WRITE;
/*!40000 ALTER TABLE `vtiger_plan_status_seq` DISABLE KEYS */;
INSERT INTO `vtiger_plan_status_seq` VALUES (12);
/*!40000 ALTER TABLE `vtiger_plan_status_seq` ENABLE KEYS */;
UNLOCK TABLES;

--
-- Table structure for table `vtiger_pobillads`
--

DROP TABLE IF EXISTS `vtiger_pobillads`;
/*!40101 SET @saved_cs_client     = @@character_set_client */;
/*!40101 SET character_set_client = utf8 */;
CREATE TABLE `vtiger_pobillads` (
  `pobilladdressid` int(19) NOT NULL DEFAULT '0',
  `bill_city` varchar(30) DEFAULT NULL,
  `bill_code` varchar(30) DEFAULT NULL,
  `bill_country` varchar(30) DEFAULT NULL,
  `bill_state` varchar(30) DEFAULT NULL,
  `bill_street` varchar(250) DEFAULT NULL,
  `bill_pobox` varchar(30) DEFAULT NULL,
  PRIMARY KEY (`pobilladdressid`)
) ENGINE=InnoDB DEFAULT CHARSET=latin1;
/*!40101 SET character_set_client = @saved_cs_client */;

--
-- Dumping data for table `vtiger_pobillads`
--

LOCK TABLES `vtiger_pobillads` WRITE;
/*!40000 ALTER TABLE `vtiger_pobillads` DISABLE KEYS */;
/*!40000 ALTER TABLE `vtiger_pobillads` ENABLE KEYS */;
UNLOCK TABLES;

--
-- Table structure for table `vtiger_portal`
--

DROP TABLE IF EXISTS `vtiger_portal`;
/*!40101 SET @saved_cs_client     = @@character_set_client */;
/*!40101 SET character_set_client = utf8 */;
CREATE TABLE `vtiger_portal` (
  `portalid` int(19) NOT NULL,
  `portalname` varchar(200) NOT NULL,
  `portalurl` varchar(255) NOT NULL,
  `sequence` int(3) NOT NULL,
  `setdefault` int(3) NOT NULL DEFAULT '0',
  `createdtime` datetime DEFAULT NULL,
  PRIMARY KEY (`portalid`),
  KEY `portal_portalname_idx` (`portalname`)
) ENGINE=InnoDB DEFAULT CHARSET=latin1;
/*!40101 SET character_set_client = @saved_cs_client */;

--
-- Dumping data for table `vtiger_portal`
--

LOCK TABLES `vtiger_portal` WRITE;
/*!40000 ALTER TABLE `vtiger_portal` DISABLE KEYS */;
/*!40000 ALTER TABLE `vtiger_portal` ENABLE KEYS */;
UNLOCK TABLES;

--
-- Table structure for table `vtiger_portalinfo`
--

DROP TABLE IF EXISTS `vtiger_portalinfo`;
/*!40101 SET @saved_cs_client     = @@character_set_client */;
/*!40101 SET character_set_client = utf8 */;
CREATE TABLE `vtiger_portalinfo` (
  `id` int(11) NOT NULL,
  `user_name` varchar(50) DEFAULT NULL,
  `user_password` varchar(255) DEFAULT NULL,
  `type` varchar(5) DEFAULT NULL,
  `cryptmode` varchar(20) DEFAULT NULL,
  `last_login_time` datetime DEFAULT NULL,
  `login_time` datetime DEFAULT NULL,
  `logout_time` datetime DEFAULT NULL,
  `isactive` int(1) DEFAULT NULL,
  PRIMARY KEY (`id`)
) ENGINE=InnoDB DEFAULT CHARSET=latin1;
/*!40101 SET character_set_client = @saved_cs_client */;

--
-- Dumping data for table `vtiger_portalinfo`
--

LOCK TABLES `vtiger_portalinfo` WRITE;
/*!40000 ALTER TABLE `vtiger_portalinfo` DISABLE KEYS */;
/*!40000 ALTER TABLE `vtiger_portalinfo` ENABLE KEYS */;
UNLOCK TABLES;

--
-- Table structure for table `vtiger_poshipads`
--

DROP TABLE IF EXISTS `vtiger_poshipads`;
/*!40101 SET @saved_cs_client     = @@character_set_client */;
/*!40101 SET character_set_client = utf8 */;
CREATE TABLE `vtiger_poshipads` (
  `poshipaddressid` int(19) NOT NULL DEFAULT '0',
  `ship_city` varchar(30) DEFAULT NULL,
  `ship_code` varchar(30) DEFAULT NULL,
  `ship_country` varchar(30) DEFAULT NULL,
  `ship_state` varchar(30) DEFAULT NULL,
  `ship_street` varchar(250) DEFAULT NULL,
  `ship_pobox` varchar(30) DEFAULT NULL,
  PRIMARY KEY (`poshipaddressid`)
) ENGINE=InnoDB DEFAULT CHARSET=latin1;
/*!40101 SET character_set_client = @saved_cs_client */;

--
-- Dumping data for table `vtiger_poshipads`
--

LOCK TABLES `vtiger_poshipads` WRITE;
/*!40000 ALTER TABLE `vtiger_poshipads` DISABLE KEYS */;
/*!40000 ALTER TABLE `vtiger_poshipads` ENABLE KEYS */;
UNLOCK TABLES;

--
-- Table structure for table `vtiger_postatus`
--

DROP TABLE IF EXISTS `vtiger_postatus`;
/*!40101 SET @saved_cs_client     = @@character_set_client */;
/*!40101 SET character_set_client = utf8 */;
CREATE TABLE `vtiger_postatus` (
  `postatusid` int(19) NOT NULL AUTO_INCREMENT,
  `postatus` varchar(200) NOT NULL,
  `presence` int(1) NOT NULL DEFAULT '1',
  `picklist_valueid` int(19) NOT NULL DEFAULT '0',
  `sortorderid` int(11) DEFAULT NULL,
  PRIMARY KEY (`postatusid`),
  UNIQUE KEY `postatus_postatus_idx` (`postatus`)
) ENGINE=InnoDB AUTO_INCREMENT=6 DEFAULT CHARSET=latin1;
/*!40101 SET character_set_client = @saved_cs_client */;

--
-- Dumping data for table `vtiger_postatus`
--

LOCK TABLES `vtiger_postatus` WRITE;
/*!40000 ALTER TABLE `vtiger_postatus` DISABLE KEYS */;
INSERT INTO `vtiger_postatus` VALUES (1,'Created',0,130,0),(2,'Approved',0,131,1),(3,'Delivered',0,132,2),(4,'Cancelled',0,133,3),(5,'Received Shipment',0,134,4);
/*!40000 ALTER TABLE `vtiger_postatus` ENABLE KEYS */;
UNLOCK TABLES;

--
-- Table structure for table `vtiger_postatus_seq`
--

DROP TABLE IF EXISTS `vtiger_postatus_seq`;
/*!40101 SET @saved_cs_client     = @@character_set_client */;
/*!40101 SET character_set_client = utf8 */;
CREATE TABLE `vtiger_postatus_seq` (
  `id` int(11) NOT NULL
) ENGINE=InnoDB DEFAULT CHARSET=latin1;
/*!40101 SET character_set_client = @saved_cs_client */;

--
-- Dumping data for table `vtiger_postatus_seq`
--

LOCK TABLES `vtiger_postatus_seq` WRITE;
/*!40000 ALTER TABLE `vtiger_postatus_seq` DISABLE KEYS */;
INSERT INTO `vtiger_postatus_seq` VALUES (5);
/*!40000 ALTER TABLE `vtiger_postatus_seq` ENABLE KEYS */;
UNLOCK TABLES;

--
-- Table structure for table `vtiger_postatushistory`
--

DROP TABLE IF EXISTS `vtiger_postatushistory`;
/*!40101 SET @saved_cs_client     = @@character_set_client */;
/*!40101 SET character_set_client = utf8 */;
CREATE TABLE `vtiger_postatushistory` (
  `historyid` int(19) NOT NULL AUTO_INCREMENT,
  `purchaseorderid` int(19) NOT NULL,
  `vendorname` varchar(100) DEFAULT NULL,
  `total` decimal(10,0) DEFAULT NULL,
  `postatus` varchar(200) DEFAULT NULL,
  `lastmodified` datetime DEFAULT NULL,
  PRIMARY KEY (`historyid`),
  KEY `postatushistory_purchaseorderid_idx` (`purchaseorderid`)
) ENGINE=InnoDB DEFAULT CHARSET=latin1;
/*!40101 SET character_set_client = @saved_cs_client */;

--
-- Dumping data for table `vtiger_postatushistory`
--

LOCK TABLES `vtiger_postatushistory` WRITE;
/*!40000 ALTER TABLE `vtiger_postatushistory` DISABLE KEYS */;
/*!40000 ALTER TABLE `vtiger_postatushistory` ENABLE KEYS */;
UNLOCK TABLES;

--
-- Table structure for table `vtiger_potential`
--

DROP TABLE IF EXISTS `vtiger_potential`;
/*!40101 SET @saved_cs_client     = @@character_set_client */;
/*!40101 SET character_set_client = utf8 */;
CREATE TABLE `vtiger_potential` (
  `potentialid` int(19) NOT NULL DEFAULT '0',
  `potential_no` varchar(100) NOT NULL,
  `related_to` int(19) DEFAULT NULL,
  `potentialname` varchar(120) NOT NULL,
  `amount` decimal(25,8) DEFAULT NULL,
  `currency` varchar(20) DEFAULT NULL,
  `closingdate` date DEFAULT NULL,
  `typeofrevenue` varchar(50) DEFAULT NULL,
  `nextstep` varchar(100) DEFAULT NULL,
  `private` int(1) DEFAULT '0',
  `probability` decimal(7,3) DEFAULT '0.000',
  `campaignid` int(19) DEFAULT NULL,
  `sales_stage` varchar(200) DEFAULT NULL,
  `potentialtype` varchar(200) DEFAULT NULL,
  `leadsource` varchar(200) DEFAULT NULL,
  `productid` int(50) DEFAULT NULL,
  `productversion` varchar(50) DEFAULT NULL,
  `quotationref` varchar(50) DEFAULT NULL,
  `partnercontact` varchar(50) DEFAULT NULL,
  `remarks` varchar(50) DEFAULT NULL,
  `runtimefee` int(19) DEFAULT '0',
  `followupdate` date DEFAULT NULL,
  `evaluationstatus` varchar(50) DEFAULT NULL,
  `description` text,
  `forecastcategory` int(19) DEFAULT '0',
  `outcomeanalysis` int(19) DEFAULT '0',
  `forecast_amount` decimal(25,8) DEFAULT NULL,
  `isconvertedfromlead` varchar(3) DEFAULT '0',
  `contact_id` int(19) DEFAULT NULL,
  PRIMARY KEY (`potentialid`),
  KEY `potential_relatedto_idx` (`related_to`),
  KEY `potentail_sales_stage_idx` (`sales_stage`),
  KEY `potentail_sales_stage_amount_idx` (`amount`,`sales_stage`)
) ENGINE=InnoDB DEFAULT CHARSET=latin1;
/*!40101 SET character_set_client = @saved_cs_client */;

--
-- Dumping data for table `vtiger_potential`
--

LOCK TABLES `vtiger_potential` WRITE;
/*!40000 ALTER TABLE `vtiger_potential` DISABLE KEYS */;
/*!40000 ALTER TABLE `vtiger_potential` ENABLE KEYS */;
UNLOCK TABLES;

--
-- Table structure for table `vtiger_potentialscf`
--

DROP TABLE IF EXISTS `vtiger_potentialscf`;
/*!40101 SET @saved_cs_client     = @@character_set_client */;
/*!40101 SET character_set_client = utf8 */;
CREATE TABLE `vtiger_potentialscf` (
  `potentialid` int(19) NOT NULL DEFAULT '0',
  PRIMARY KEY (`potentialid`)
) ENGINE=InnoDB DEFAULT CHARSET=latin1;
/*!40101 SET character_set_client = @saved_cs_client */;

--
-- Dumping data for table `vtiger_potentialscf`
--

LOCK TABLES `vtiger_potentialscf` WRITE;
/*!40000 ALTER TABLE `vtiger_potentialscf` DISABLE KEYS */;
/*!40000 ALTER TABLE `vtiger_potentialscf` ENABLE KEYS */;
UNLOCK TABLES;

--
-- Table structure for table `vtiger_potstagehistory`
--

DROP TABLE IF EXISTS `vtiger_potstagehistory`;
/*!40101 SET @saved_cs_client     = @@character_set_client */;
/*!40101 SET character_set_client = utf8 */;
CREATE TABLE `vtiger_potstagehistory` (
  `historyid` int(19) NOT NULL AUTO_INCREMENT,
  `potentialid` int(19) NOT NULL,
  `amount` decimal(10,0) DEFAULT NULL,
  `stage` varchar(100) DEFAULT NULL,
  `probability` decimal(7,3) DEFAULT NULL,
  `expectedrevenue` decimal(10,0) DEFAULT NULL,
  `closedate` date DEFAULT NULL,
  `lastmodified` datetime DEFAULT NULL,
  PRIMARY KEY (`historyid`),
  KEY `potstagehistory_potentialid_idx` (`potentialid`)
) ENGINE=InnoDB DEFAULT CHARSET=latin1;
/*!40101 SET character_set_client = @saved_cs_client */;

--
-- Dumping data for table `vtiger_potstagehistory`
--

LOCK TABLES `vtiger_potstagehistory` WRITE;
/*!40000 ALTER TABLE `vtiger_potstagehistory` DISABLE KEYS */;
/*!40000 ALTER TABLE `vtiger_potstagehistory` ENABLE KEYS */;
UNLOCK TABLES;

--
-- Table structure for table `vtiger_pricebook`
--

DROP TABLE IF EXISTS `vtiger_pricebook`;
/*!40101 SET @saved_cs_client     = @@character_set_client */;
/*!40101 SET character_set_client = utf8 */;
CREATE TABLE `vtiger_pricebook` (
  `pricebookid` int(19) NOT NULL DEFAULT '0',
  `pricebook_no` varchar(100) NOT NULL,
  `bookname` varchar(100) DEFAULT NULL,
  `active` int(1) DEFAULT NULL,
  `currency_id` int(19) NOT NULL DEFAULT '1',
  PRIMARY KEY (`pricebookid`)
) ENGINE=InnoDB DEFAULT CHARSET=latin1;
/*!40101 SET character_set_client = @saved_cs_client */;

--
-- Dumping data for table `vtiger_pricebook`
--

LOCK TABLES `vtiger_pricebook` WRITE;
/*!40000 ALTER TABLE `vtiger_pricebook` DISABLE KEYS */;
/*!40000 ALTER TABLE `vtiger_pricebook` ENABLE KEYS */;
UNLOCK TABLES;

--
-- Table structure for table `vtiger_pricebookcf`
--

DROP TABLE IF EXISTS `vtiger_pricebookcf`;
/*!40101 SET @saved_cs_client     = @@character_set_client */;
/*!40101 SET character_set_client = utf8 */;
CREATE TABLE `vtiger_pricebookcf` (
  `pricebookid` int(19) NOT NULL DEFAULT '0',
  PRIMARY KEY (`pricebookid`)
) ENGINE=InnoDB DEFAULT CHARSET=latin1;
/*!40101 SET character_set_client = @saved_cs_client */;

--
-- Dumping data for table `vtiger_pricebookcf`
--

LOCK TABLES `vtiger_pricebookcf` WRITE;
/*!40000 ALTER TABLE `vtiger_pricebookcf` DISABLE KEYS */;
/*!40000 ALTER TABLE `vtiger_pricebookcf` ENABLE KEYS */;
UNLOCK TABLES;

--
-- Table structure for table `vtiger_pricebookproductrel`
--

DROP TABLE IF EXISTS `vtiger_pricebookproductrel`;
/*!40101 SET @saved_cs_client     = @@character_set_client */;
/*!40101 SET character_set_client = utf8 */;
CREATE TABLE `vtiger_pricebookproductrel` (
  `pricebookid` int(19) NOT NULL,
  `productid` int(19) NOT NULL,
  `listprice` decimal(27,8) DEFAULT NULL,
  `usedcurrency` int(11) NOT NULL DEFAULT '1',
  PRIMARY KEY (`pricebookid`,`productid`),
  KEY `pricebookproductrel_pricebookid_idx` (`pricebookid`),
  KEY `pricebookproductrel_productid_idx` (`productid`)
) ENGINE=InnoDB DEFAULT CHARSET=latin1;
/*!40101 SET character_set_client = @saved_cs_client */;

--
-- Dumping data for table `vtiger_pricebookproductrel`
--

LOCK TABLES `vtiger_pricebookproductrel` WRITE;
/*!40000 ALTER TABLE `vtiger_pricebookproductrel` DISABLE KEYS */;
/*!40000 ALTER TABLE `vtiger_pricebookproductrel` ENABLE KEYS */;
UNLOCK TABLES;

--
-- Table structure for table `vtiger_priority`
--

DROP TABLE IF EXISTS `vtiger_priority`;
/*!40101 SET @saved_cs_client     = @@character_set_client */;
/*!40101 SET character_set_client = utf8 */;
CREATE TABLE `vtiger_priority` (
  `priorityid` int(19) NOT NULL AUTO_INCREMENT,
  `priority` varchar(200) NOT NULL,
  `sortorderid` int(19) NOT NULL DEFAULT '0',
  `presence` int(1) NOT NULL DEFAULT '1',
  PRIMARY KEY (`priorityid`),
  UNIQUE KEY `priority_priority_idx` (`priority`)
) ENGINE=InnoDB DEFAULT CHARSET=latin1;
/*!40101 SET character_set_client = @saved_cs_client */;

--
-- Dumping data for table `vtiger_priority`
--

LOCK TABLES `vtiger_priority` WRITE;
/*!40000 ALTER TABLE `vtiger_priority` DISABLE KEYS */;
/*!40000 ALTER TABLE `vtiger_priority` ENABLE KEYS */;
UNLOCK TABLES;

--
-- Table structure for table `vtiger_productcategory`
--

DROP TABLE IF EXISTS `vtiger_productcategory`;
/*!40101 SET @saved_cs_client     = @@character_set_client */;
/*!40101 SET character_set_client = utf8 */;
CREATE TABLE `vtiger_productcategory` (
  `productcategoryid` int(19) NOT NULL AUTO_INCREMENT,
  `productcategory` varchar(200) NOT NULL,
  `presence` int(1) NOT NULL DEFAULT '1',
  `picklist_valueid` int(19) NOT NULL DEFAULT '0',
  `sortorderid` int(11) DEFAULT NULL,
  PRIMARY KEY (`productcategoryid`),
  UNIQUE KEY `productcategory_productcategory_idx` (`productcategory`)
) ENGINE=InnoDB AUTO_INCREMENT=5 DEFAULT CHARSET=latin1;
/*!40101 SET character_set_client = @saved_cs_client */;

--
-- Dumping data for table `vtiger_productcategory`
--

LOCK TABLES `vtiger_productcategory` WRITE;
/*!40000 ALTER TABLE `vtiger_productcategory` DISABLE KEYS */;
INSERT INTO `vtiger_productcategory` VALUES (2,'Hardware',1,136,1),(3,'Software',1,137,2),(4,'CRM Applications',1,138,3);
/*!40000 ALTER TABLE `vtiger_productcategory` ENABLE KEYS */;
UNLOCK TABLES;

--
-- Table structure for table `vtiger_productcategory_seq`
--

DROP TABLE IF EXISTS `vtiger_productcategory_seq`;
/*!40101 SET @saved_cs_client     = @@character_set_client */;
/*!40101 SET character_set_client = utf8 */;
CREATE TABLE `vtiger_productcategory_seq` (
  `id` int(11) NOT NULL
) ENGINE=InnoDB DEFAULT CHARSET=latin1;
/*!40101 SET character_set_client = @saved_cs_client */;

--
-- Dumping data for table `vtiger_productcategory_seq`
--

LOCK TABLES `vtiger_productcategory_seq` WRITE;
/*!40000 ALTER TABLE `vtiger_productcategory_seq` DISABLE KEYS */;
INSERT INTO `vtiger_productcategory_seq` VALUES (4);
/*!40000 ALTER TABLE `vtiger_productcategory_seq` ENABLE KEYS */;
UNLOCK TABLES;

--
-- Table structure for table `vtiger_productcf`
--

DROP TABLE IF EXISTS `vtiger_productcf`;
/*!40101 SET @saved_cs_client     = @@character_set_client */;
/*!40101 SET character_set_client = utf8 */;
CREATE TABLE `vtiger_productcf` (
  `productid` int(19) NOT NULL DEFAULT '0',
  PRIMARY KEY (`productid`)
) ENGINE=InnoDB DEFAULT CHARSET=latin1;
/*!40101 SET character_set_client = @saved_cs_client */;

--
-- Dumping data for table `vtiger_productcf`
--

LOCK TABLES `vtiger_productcf` WRITE;
/*!40000 ALTER TABLE `vtiger_productcf` DISABLE KEYS */;
/*!40000 ALTER TABLE `vtiger_productcf` ENABLE KEYS */;
UNLOCK TABLES;

--
-- Table structure for table `vtiger_productcurrencyrel`
--

DROP TABLE IF EXISTS `vtiger_productcurrencyrel`;
/*!40101 SET @saved_cs_client     = @@character_set_client */;
/*!40101 SET character_set_client = utf8 */;
CREATE TABLE `vtiger_productcurrencyrel` (
  `productid` int(11) NOT NULL,
  `currencyid` int(11) NOT NULL,
  `converted_price` decimal(28,8) DEFAULT NULL,
  `actual_price` decimal(28,8) DEFAULT NULL
) ENGINE=InnoDB DEFAULT CHARSET=latin1;
/*!40101 SET character_set_client = @saved_cs_client */;

--
-- Dumping data for table `vtiger_productcurrencyrel`
--

LOCK TABLES `vtiger_productcurrencyrel` WRITE;
/*!40000 ALTER TABLE `vtiger_productcurrencyrel` DISABLE KEYS */;
/*!40000 ALTER TABLE `vtiger_productcurrencyrel` ENABLE KEYS */;
UNLOCK TABLES;

--
-- Table structure for table `vtiger_products`
--

DROP TABLE IF EXISTS `vtiger_products`;
/*!40101 SET @saved_cs_client     = @@character_set_client */;
/*!40101 SET character_set_client = utf8 */;
CREATE TABLE `vtiger_products` (
  `productid` int(11) NOT NULL,
  `product_no` varchar(100) NOT NULL,
  `productname` varchar(100) DEFAULT NULL,
  `productcode` varchar(40) DEFAULT NULL,
  `productcategory` varchar(200) DEFAULT NULL,
  `manufacturer` varchar(200) DEFAULT NULL,
  `qty_per_unit` decimal(11,2) DEFAULT '0.00',
  `unit_price` decimal(25,8) DEFAULT NULL,
  `weight` decimal(11,3) DEFAULT NULL,
  `pack_size` int(11) DEFAULT NULL,
  `sales_start_date` date DEFAULT NULL,
  `sales_end_date` date DEFAULT NULL,
  `start_date` date DEFAULT NULL,
  `expiry_date` date DEFAULT NULL,
  `cost_factor` int(11) DEFAULT NULL,
  `commissionrate` decimal(7,3) DEFAULT NULL,
  `commissionmethod` varchar(50) DEFAULT NULL,
  `discontinued` int(1) NOT NULL DEFAULT '0',
  `usageunit` varchar(200) DEFAULT NULL,
  `reorderlevel` int(11) DEFAULT NULL,
  `website` varchar(100) DEFAULT NULL,
  `taxclass` varchar(200) DEFAULT NULL,
  `mfr_part_no` varchar(200) DEFAULT NULL,
  `vendor_part_no` varchar(200) DEFAULT NULL,
  `serialno` varchar(200) DEFAULT NULL,
  `qtyinstock` decimal(25,3) DEFAULT NULL,
  `productsheet` varchar(200) DEFAULT NULL,
  `qtyindemand` int(11) DEFAULT NULL,
  `glacct` varchar(200) DEFAULT NULL,
  `vendor_id` int(11) DEFAULT NULL,
  `imagename` text,
  `currency_id` int(19) NOT NULL DEFAULT '1',
  PRIMARY KEY (`productid`)
) ENGINE=InnoDB DEFAULT CHARSET=latin1;
/*!40101 SET character_set_client = @saved_cs_client */;

--
-- Dumping data for table `vtiger_products`
--

LOCK TABLES `vtiger_products` WRITE;
/*!40000 ALTER TABLE `vtiger_products` DISABLE KEYS */;
/*!40000 ALTER TABLE `vtiger_products` ENABLE KEYS */;
UNLOCK TABLES;

--
-- Table structure for table `vtiger_producttaxrel`
--

DROP TABLE IF EXISTS `vtiger_producttaxrel`;
/*!40101 SET @saved_cs_client     = @@character_set_client */;
/*!40101 SET character_set_client = utf8 */;
CREATE TABLE `vtiger_producttaxrel` (
  `productid` int(11) NOT NULL,
  `taxid` int(3) NOT NULL,
  `taxpercentage` decimal(7,3) DEFAULT NULL,
  KEY `producttaxrel_productid_idx` (`productid`),
  KEY `producttaxrel_taxid_idx` (`taxid`)
) ENGINE=InnoDB DEFAULT CHARSET=latin1;
/*!40101 SET character_set_client = @saved_cs_client */;

--
-- Dumping data for table `vtiger_producttaxrel`
--

LOCK TABLES `vtiger_producttaxrel` WRITE;
/*!40000 ALTER TABLE `vtiger_producttaxrel` DISABLE KEYS */;
/*!40000 ALTER TABLE `vtiger_producttaxrel` ENABLE KEYS */;
UNLOCK TABLES;

--
-- Table structure for table `vtiger_profile`
--

DROP TABLE IF EXISTS `vtiger_profile`;
/*!40101 SET @saved_cs_client     = @@character_set_client */;
/*!40101 SET character_set_client = utf8 */;
CREATE TABLE `vtiger_profile` (
  `profileid` int(10) NOT NULL AUTO_INCREMENT,
  `profilename` varchar(50) NOT NULL,
  `description` text,
  `directly_related_to_role` int(1) DEFAULT '0',
  PRIMARY KEY (`profileid`)
) ENGINE=InnoDB AUTO_INCREMENT=20 DEFAULT CHARSET=latin1;
/*!40101 SET character_set_client = @saved_cs_client */;

--
-- Dumping data for table `vtiger_profile`
--

LOCK TABLES `vtiger_profile` WRITE;
/*!40000 ALTER TABLE `vtiger_profile` DISABLE KEYS */;
INSERT INTO `vtiger_profile` VALUES (1,'Administrator','Admin Profile',0),(2,'Sales Profile','Profile Related to Sales',0),(3,'Support Profile','Profile Related to Support',0),(4,'Guest Profile','Guest Profile for Test Users',0),(5,'Engineer-Planning+Profile','0',1),(6,'Draughtsman+Profile','0',1),(7,'Committee Member+Profile','0',1),(8,'Management Assistant - Planning+Profile','0',1),(9,'Commissioner+Profile','0',1),(10,'System Administrator+Profile','0',1),(11,'Technical Officer+Profile','0',1),(12,'Accountant (Revenue)+Profile','0',1),(13,'Management Assistant - Valuation+Profile','0',1),(14,'Valuation Inspector+Profile','0',1),(15,'Chief Management Assistant+Profile','0',1),(16,'Chief Valuation Inspector+Profile','0',1),(17,'Land Officer+Profile','0',1),(18,'Legal Officer+Profile','0',1),(19,'Planning Officer+Profile','0',1);
/*!40000 ALTER TABLE `vtiger_profile` ENABLE KEYS */;
UNLOCK TABLES;

--
-- Table structure for table `vtiger_profile2field`
--

DROP TABLE IF EXISTS `vtiger_profile2field`;
/*!40101 SET @saved_cs_client     = @@character_set_client */;
/*!40101 SET character_set_client = utf8 */;
CREATE TABLE `vtiger_profile2field` (
  `profileid` int(11) NOT NULL,
  `tabid` int(10) DEFAULT NULL,
  `fieldid` int(19) NOT NULL,
  `visible` int(19) DEFAULT NULL,
  `readonly` int(19) DEFAULT NULL,
  PRIMARY KEY (`profileid`,`fieldid`),
  KEY `profile2field_profileid_tabid_fieldname_idx` (`profileid`,`tabid`),
  KEY `profile2field_tabid_profileid_idx` (`tabid`,`profileid`),
  KEY `profile2field_visible_profileid_idx` (`visible`,`profileid`)
) ENGINE=InnoDB DEFAULT CHARSET=latin1;
/*!40101 SET character_set_client = @saved_cs_client */;

--
-- Dumping data for table `vtiger_profile2field`
--

LOCK TABLES `vtiger_profile2field` WRITE;
/*!40000 ALTER TABLE `vtiger_profile2field` DISABLE KEYS */;
INSERT INTO `vtiger_profile2field` VALUES (1,6,1,0,0),(1,6,2,0,0),(1,6,3,0,0),(1,6,4,0,0),(1,6,5,0,0),(1,6,6,0,0),(1,6,7,0,0),(1,6,8,0,0),(1,6,9,0,0),(1,6,10,0,0),(1,6,11,0,0),(1,6,12,0,0),(1,6,13,0,0),(1,6,14,0,0),(1,6,15,0,0),(1,6,16,0,0),(1,6,17,0,0),(1,6,18,0,0),(1,6,19,0,0),(1,6,20,0,0),(1,6,21,0,0),(1,6,22,0,0),(1,6,23,0,0),(1,6,24,0,0),(1,6,25,0,0),(1,6,26,0,0),(1,6,27,0,0),(1,6,28,0,0),(1,6,29,0,0),(1,6,30,0,0),(1,6,31,0,0),(1,6,32,0,0),(1,6,33,0,0),(1,6,34,0,0),(1,6,35,0,0),(1,6,36,0,0),(1,7,37,0,0),(1,7,38,0,0),(1,7,39,0,0),(1,7,40,0,0),(1,7,41,0,0),(1,7,42,0,0),(1,7,43,0,0),(1,7,44,0,0),(1,7,45,0,0),(1,7,46,0,0),(1,7,47,0,0),(1,7,48,0,0),(1,7,49,0,0),(1,7,50,0,0),(1,7,51,0,0),(1,7,52,0,0),(1,7,53,0,0),(1,7,54,0,0),(1,7,55,0,0),(1,7,56,0,0),(1,7,57,0,0),(1,7,58,0,0),(1,7,59,0,0),(1,7,60,0,0),(1,7,61,0,0),(1,7,62,0,0),(1,7,63,0,0),(1,7,64,0,0),(1,7,65,0,0),(1,4,66,0,0),(1,4,67,0,0),(1,4,68,0,0),(1,4,69,0,0),(1,4,70,0,0),(1,4,71,0,0),(1,4,72,0,0),(1,4,73,0,0),(1,4,74,0,0),(1,4,75,0,0),(1,4,76,0,0),(1,4,77,0,0),(1,4,78,0,0),(1,4,79,0,0),(1,4,80,0,0),(1,4,81,0,0),(1,4,82,0,0),(1,4,83,0,0),(1,4,84,0,0),(1,4,85,0,0),(1,4,86,0,0),(1,4,87,0,0),(1,4,88,0,0),(1,4,89,0,0),(1,4,90,0,0),(1,4,91,0,0),(1,4,92,0,0),(1,4,93,0,0),(1,4,94,0,0),(1,4,95,0,0),(1,4,96,0,0),(1,4,97,0,0),(1,4,98,0,0),(1,4,99,0,0),(1,4,100,0,0),(1,4,101,0,0),(1,4,102,0,0),(1,4,103,0,0),(1,4,104,0,0),(1,4,105,0,0),(1,4,106,0,0),(1,4,107,0,0),(1,4,108,0,0),(1,4,109,0,0),(1,2,110,0,0),(1,2,111,0,0),(1,2,112,0,0),(1,2,113,0,0),(1,2,114,0,0),(1,2,115,0,0),(1,2,116,0,0),(1,2,117,0,0),(1,2,118,0,0),(1,2,119,0,0),(1,2,120,0,0),(1,2,121,0,0),(1,2,122,0,0),(1,2,123,0,0),(1,2,124,0,0),(1,2,125,0,0),(1,26,126,0,0),(1,26,127,0,0),(1,26,128,0,0),(1,26,129,0,0),(1,26,130,0,0),(1,26,131,0,0),(1,26,132,0,0),(1,26,133,0,0),(1,26,134,0,0),(1,26,135,0,0),(1,26,136,0,0),(1,26,137,0,0),(1,26,138,0,0),(1,26,139,0,0),(1,26,140,0,0),(1,26,141,0,0),(1,26,142,0,0),(1,26,143,0,0),(1,26,144,0,0),(1,26,145,0,0),(1,26,146,0,0),(1,26,147,0,0),(1,26,148,0,0),(1,26,149,0,0),(1,26,150,0,0),(1,4,151,0,0),(1,6,152,0,0),(1,7,153,0,0),(1,26,154,0,0),(1,13,155,0,0),(1,13,156,0,0),(1,13,157,0,0),(1,13,158,0,0),(1,13,159,0,0),(1,13,160,0,0),(1,13,161,0,0),(1,13,162,0,0),(1,13,163,0,0),(1,13,164,0,0),(1,13,165,0,0),(1,13,166,0,0),(1,13,167,0,0),(1,13,168,0,0),(1,13,169,0,0),(1,13,170,0,0),(1,13,171,0,0),(1,13,172,0,0),(1,14,173,0,0),(1,14,174,0,0),(1,14,175,0,0),(1,14,176,0,0),(1,14,177,0,0),(1,14,178,0,0),(1,14,179,0,0),(1,14,180,0,0),(1,14,181,0,0),(1,14,182,0,0),(1,14,183,0,0),(1,14,184,0,0),(1,14,185,0,0),(1,14,186,0,0),(1,14,187,0,0),(1,14,188,0,0),(1,14,189,0,0),(1,14,190,0,0),(1,14,191,0,0),(1,14,192,0,0),(1,14,193,0,0),(1,14,194,0,0),(1,14,195,0,0),(1,14,196,0,0),(1,14,197,0,0),(1,14,198,0,0),(1,14,199,0,0),(1,14,200,0,0),(1,14,201,0,0),(1,14,202,0,0),(1,14,203,0,0),(1,8,204,0,0),(1,8,205,0,0),(1,8,206,0,0),(1,8,207,0,0),(1,8,208,0,0),(1,8,209,0,0),(1,8,210,0,0),(1,8,211,0,0),(1,8,212,0,0),(1,8,213,0,0),(1,8,214,0,0),(1,8,215,0,0),(1,8,216,0,0),(1,8,217,0,0),(1,8,218,0,0),(1,10,219,0,0),(1,10,220,0,0),(1,10,221,0,0),(1,10,222,0,0),(1,10,223,0,0),(1,10,224,0,0),(1,10,225,0,0),(1,10,226,0,0),(1,10,227,0,0),(1,10,228,0,0),(1,10,229,0,0),(1,10,230,0,0),(1,9,231,0,0),(1,9,232,0,0),(1,9,233,0,0),(1,9,234,0,0),(1,9,235,0,0),(1,9,236,0,0),(1,9,237,0,0),(1,9,238,0,0),(1,9,239,0,0),(1,9,240,0,0),(1,9,241,0,0),(1,9,242,0,0),(1,9,243,0,0),(1,9,244,0,0),(1,9,245,0,0),(1,9,246,0,0),(1,9,247,0,0),(1,9,248,0,0),(1,9,249,0,0),(1,9,250,0,0),(1,9,251,0,0),(1,9,252,0,0),(1,9,253,0,0),(1,9,254,0,0),(1,16,255,0,0),(1,16,256,0,0),(1,16,257,0,0),(1,16,258,0,0),(1,16,259,0,0),(1,16,260,0,0),(1,16,261,0,0),(1,16,262,0,0),(1,16,263,0,0),(1,16,264,0,0),(1,16,265,0,0),(1,16,266,0,0),(1,16,267,0,0),(1,16,268,0,0),(1,16,269,0,0),(1,16,270,0,0),(1,16,271,0,0),(1,16,272,0,0),(1,16,273,0,0),(1,16,274,0,0),(1,16,275,0,0),(1,16,276,0,0),(1,16,277,0,0),(1,15,278,0,0),(1,15,279,0,0),(1,15,280,0,0),(1,15,281,0,0),(1,15,282,0,0),(1,15,283,0,0),(1,15,284,0,0),(1,15,285,0,0),(1,15,286,0,0),(1,15,287,0,0),(1,18,288,0,0),(1,18,289,0,0),(1,18,290,0,0),(1,18,291,0,0),(1,18,292,0,0),(1,18,293,0,0),(1,18,294,0,0),(1,18,295,0,0),(1,18,296,0,0),(1,18,297,0,0),(1,18,298,0,0),(1,18,299,0,0),(1,18,300,0,0),(1,18,301,0,0),(1,18,302,0,0),(1,18,303,0,0),(1,18,304,0,0),(1,19,305,0,0),(1,19,306,0,0),(1,19,307,0,0),(1,19,308,0,0),(1,19,309,0,0),(1,19,310,0,0),(1,19,311,0,0),(1,19,312,0,0),(1,20,313,0,0),(1,20,314,0,0),(1,20,315,0,0),(1,20,316,0,0),(1,20,317,0,0),(1,20,318,0,0),(1,20,319,0,0),(1,20,320,0,0),(1,20,321,0,0),(1,20,322,0,0),(1,20,323,0,0),(1,20,324,0,0),(1,20,325,0,0),(1,20,326,0,0),(1,20,327,0,0),(1,20,328,0,0),(1,20,329,0,0),(1,20,330,0,0),(1,20,331,0,0),(1,20,332,0,0),(1,20,333,0,0),(1,20,334,0,0),(1,20,335,0,0),(1,20,336,0,0),(1,20,337,0,0),(1,20,338,0,0),(1,20,339,0,0),(1,20,340,0,0),(1,20,341,0,0),(1,20,342,0,0),(1,20,343,0,0),(1,20,344,0,0),(1,20,345,0,0),(1,20,346,0,0),(1,20,347,0,0),(1,20,348,0,0),(1,20,349,0,0),(1,21,350,0,0),(1,21,351,0,0),(1,21,352,0,0),(1,21,353,0,0),(1,21,354,0,0),(1,21,355,0,0),(1,21,356,0,0),(1,21,357,0,0),(1,21,358,0,0),(1,21,359,0,0),(1,21,360,0,0),(1,21,361,0,0),(1,21,362,0,0),(1,21,363,0,0),(1,21,364,0,0),(1,21,365,0,0),(1,21,366,0,0),(1,21,367,0,0),(1,21,368,0,0),(1,21,369,0,0),(1,21,370,0,0),(1,21,371,0,0),(1,21,372,0,0),(1,21,373,0,0),(1,21,374,0,0),(1,21,375,0,0),(1,21,376,0,0),(1,21,377,0,0),(1,21,378,0,0),(1,21,379,0,0),(1,21,380,0,0),(1,21,381,0,0),(1,21,382,0,0),(1,21,383,0,0),(1,21,384,0,0),(1,21,385,0,0),(1,21,386,0,0),(1,21,387,0,0),(1,22,388,0,0),(1,22,389,0,0),(1,22,390,0,0),(1,22,391,0,0),(1,22,392,0,0),(1,22,393,0,0),(1,22,394,0,0),(1,22,395,0,0),(1,22,396,0,0),(1,22,397,0,0),(1,22,398,0,0),(1,22,399,0,0),(1,22,400,0,0),(1,22,401,0,0),(1,22,402,0,0),(1,22,403,0,0),(1,22,404,0,0),(1,22,405,0,0),(1,22,406,0,0),(1,22,407,0,0),(1,22,408,0,0),(1,22,409,0,0),(1,22,410,0,0),(1,22,411,0,0),(1,22,412,0,0),(1,22,413,0,0),(1,22,414,0,0),(1,22,415,0,0),(1,22,416,0,0),(1,22,417,0,0),(1,22,418,0,0),(1,22,419,0,0),(1,22,420,0,0),(1,22,421,0,0),(1,22,422,0,0),(1,22,423,0,0),(1,22,424,0,0),(1,22,425,0,0),(1,22,426,0,0),(1,22,427,0,0),(1,22,428,0,0),(1,22,429,0,0),(1,22,430,0,0),(1,22,431,0,0),(1,22,432,0,0),(1,22,433,0,0),(1,22,434,0,0),(1,23,435,0,0),(1,23,436,0,0),(1,23,437,0,0),(1,23,438,0,0),(1,23,439,0,0),(1,23,440,0,0),(1,23,441,0,0),(1,23,442,0,0),(1,23,443,0,0),(1,23,444,0,0),(1,23,445,0,0),(1,23,446,0,0),(1,23,447,0,0),(1,23,448,0,0),(1,23,449,0,0),(1,23,450,0,0),(1,23,451,0,0),(1,23,452,0,0),(1,23,453,0,0),(1,23,454,0,0),(1,23,455,0,0),(1,23,456,0,0),(1,23,457,0,0),(1,23,458,0,0),(1,23,459,0,0),(1,23,460,0,0),(1,23,461,0,0),(1,23,462,0,0),(1,23,463,0,0),(1,23,464,0,0),(1,23,465,0,0),(1,23,466,0,0),(1,23,467,0,0),(1,23,468,0,0),(1,23,469,0,0),(1,23,470,0,0),(1,23,471,0,0),(1,23,472,0,0),(1,23,473,0,0),(1,29,474,0,0),(1,29,478,0,0),(1,29,479,0,0),(1,29,481,0,0),(1,29,488,0,0),(1,29,489,0,0),(1,29,490,0,0),(1,29,491,0,0),(1,29,493,0,0),(1,29,494,0,0),(1,29,495,0,0),(1,29,496,0,0),(1,29,497,0,0),(1,29,502,0,0),(1,29,503,0,0),(1,29,504,0,0),(1,29,505,0,0),(1,29,513,0,0),(1,10,518,0,0),(1,10,519,0,0),(1,10,520,0,0),(1,10,521,0,0),(1,10,522,0,0),(1,10,523,0,0),(1,30,524,0,0),(1,30,525,0,0),(1,30,526,0,0),(1,30,527,0,0),(1,30,528,0,0),(1,30,529,0,0),(1,30,530,0,0),(1,30,531,0,0),(1,30,532,0,0),(1,30,533,0,0),(1,30,534,0,0),(1,30,535,0,0),(1,30,536,0,0),(1,30,537,0,0),(1,30,538,0,0),(1,30,539,0,0),(1,30,540,0,0),(1,30,541,0,0),(1,30,542,0,0),(1,31,543,0,0),(1,31,544,0,0),(1,31,545,0,0),(1,31,546,0,0),(1,31,547,0,0),(1,31,548,0,0),(1,31,549,0,0),(1,31,550,0,0),(1,31,551,0,0),(1,31,552,0,0),(1,31,553,0,0),(1,31,554,0,0),(1,31,555,0,0),(1,31,556,0,0),(1,31,557,0,0),(1,31,558,0,0),(1,29,559,0,0),(1,34,560,0,0),(1,34,561,0,0),(1,34,562,0,0),(1,34,563,0,0),(1,34,564,0,0),(1,34,565,0,0),(1,34,566,0,0),(1,34,567,0,0),(1,34,568,0,0),(1,34,569,0,0),(1,34,570,0,0),(1,34,571,0,0),(1,34,572,0,0),(1,34,573,0,0),(1,34,574,0,0),(1,34,575,0,0),(1,34,576,0,0),(1,34,577,0,0),(1,34,578,0,0),(1,38,579,0,0),(1,38,580,0,0),(1,38,581,0,0),(1,38,582,0,0),(1,38,583,0,0),(1,38,584,0,0),(1,38,585,0,0),(1,39,586,0,0),(1,39,587,0,0),(1,39,588,0,0),(1,39,589,0,0),(1,39,590,0,0),(1,40,591,0,0),(1,40,592,0,0),(1,40,593,0,0),(1,40,594,0,0),(1,40,595,0,0),(1,40,596,0,0),(1,40,597,0,0),(1,40,598,0,0),(1,40,599,0,0),(1,40,600,0,0),(1,41,601,0,0),(1,41,602,0,0),(1,41,603,0,0),(1,41,604,0,0),(1,41,605,0,0),(1,41,606,0,0),(1,41,607,0,0),(1,41,608,0,0),(1,41,609,0,0),(1,41,610,0,0),(1,41,611,0,0),(1,41,612,0,0),(1,41,613,0,0),(1,41,614,0,0),(1,41,615,0,0),(1,42,616,0,0),(1,42,617,0,0),(1,42,618,0,0),(1,42,619,0,0),(1,42,620,0,0),(1,42,621,0,0),(1,42,622,0,0),(1,42,623,0,0),(1,42,624,0,0),(1,42,625,0,0),(1,42,626,0,0),(1,42,627,0,0),(1,42,628,0,0),(1,42,629,0,0),(1,42,630,0,0),(1,42,631,0,0),(1,42,632,0,0),(1,44,633,0,0),(1,44,634,0,0),(1,44,635,0,0),(1,44,636,0,0),(1,44,637,0,0),(1,44,638,0,0),(1,44,639,0,0),(1,44,640,0,0),(1,44,641,0,0),(1,44,642,0,0),(1,44,643,0,0),(1,44,644,0,0),(1,44,645,0,0),(1,44,646,0,0),(1,44,647,0,0),(1,44,648,0,0),(1,44,649,0,0),(1,44,650,0,0),(1,2,651,0,0),(1,29,652,0,0),(1,23,653,0,0),(1,23,654,0,0),(1,23,655,0,0),(1,23,656,0,0),(1,23,657,0,0),(1,23,658,0,0),(1,23,659,0,0),(1,23,660,0,0),(1,23,661,0,0),(1,22,662,0,0),(1,22,663,0,0),(1,22,664,0,0),(1,22,665,0,0),(1,22,666,0,0),(1,22,667,0,0),(1,22,668,0,0),(1,22,669,0,0),(1,22,670,0,0),(1,21,671,0,0),(1,21,672,0,0),(1,21,673,0,0),(1,21,674,0,0),(1,21,675,0,0),(1,21,676,0,0),(1,21,677,0,0),(1,21,678,0,0),(1,21,679,0,0),(1,20,680,0,0),(1,20,681,0,0),(1,20,682,0,0),(1,20,683,0,0),(1,20,684,0,0),(1,20,685,0,0),(1,20,686,0,0),(1,20,687,0,0),(1,20,688,0,0),(1,29,689,0,0),(1,41,690,0,0),(1,38,691,0,0),(1,29,692,0,0),(1,29,693,0,0),(1,29,694,0,0),(1,23,695,0,0),(1,22,696,0,0),(1,21,697,0,0),(1,20,698,0,0),(1,29,699,0,0),(1,6,700,0,0),(1,4,701,0,0),(1,2,702,0,0),(1,29,703,0,0),(1,23,704,0,0),(1,23,705,0,0),(1,21,706,0,0),(1,21,707,0,0),(1,18,708,0,0),(1,7,709,0,0),(1,38,710,0,0),(1,38,711,0,0),(1,23,712,0,0),(1,20,713,0,0),(1,21,714,0,0),(1,22,715,0,0),(1,29,716,0,0),(1,2,717,0,0),(1,13,718,0,0),(1,29,719,0,0),(1,13,720,0,0),(1,29,721,0,0),(1,29,722,0,0),(1,29,723,0,0),(1,9,729,0,0),(1,29,750,0,0),(1,51,751,0,0),(1,51,752,0,0),(1,51,753,0,0),(1,51,754,0,0),(1,51,755,0,0),(1,51,756,0,0),(1,52,757,0,0),(1,52,758,0,0),(1,52,759,0,0),(1,52,760,0,0),(1,52,761,0,0),(1,52,762,0,0),(1,53,763,0,0),(1,53,764,0,0),(1,53,765,0,0),(1,53,766,0,0),(1,53,767,0,0),(1,53,768,0,0),(1,54,769,0,0),(1,54,770,0,0),(1,54,771,0,0),(1,54,772,0,0),(1,54,773,0,0),(1,54,774,0,0),(1,51,775,0,0),(1,51,776,0,0),(1,51,777,0,0),(1,51,778,0,0),(1,51,779,0,0),(1,51,780,0,0),(1,51,781,0,0),(1,51,782,0,0),(1,51,783,0,0),(1,51,784,0,0),(1,51,785,0,0),(1,51,786,0,0),(1,51,787,0,0),(1,51,788,0,0),(1,51,789,0,0),(1,51,790,0,0),(1,51,791,0,0),(1,51,792,0,0),(1,51,793,0,0),(1,51,794,0,0),(1,51,795,0,0),(1,51,796,0,0),(1,51,797,0,0),(1,52,798,0,0),(1,52,799,0,0),(1,52,800,0,0),(1,52,801,0,0),(1,52,802,0,0),(1,52,803,0,0),(1,52,804,0,0),(1,52,805,0,0),(1,52,806,0,0),(1,52,807,0,0),(1,52,808,0,0),(1,52,809,0,0),(1,52,810,0,0),(1,52,811,0,0),(1,52,812,0,0),(1,52,813,0,0),(1,52,814,0,0),(1,52,815,0,0),(1,52,816,0,0),(1,52,817,0,0),(1,52,818,0,0),(1,52,819,0,0),(1,52,820,0,0),(1,52,821,0,0),(1,52,822,0,0),(1,52,823,0,0),(1,53,824,0,0),(1,53,825,0,0),(1,53,826,0,0),(1,53,827,0,0),(1,53,828,0,0),(1,53,829,0,0),(1,53,830,0,0),(1,53,831,0,0),(1,53,832,0,0),(1,53,833,0,0),(1,53,834,0,0),(1,53,835,0,0),(1,53,836,0,0),(1,53,837,0,0),(1,53,838,0,0),(1,54,839,0,0),(1,54,840,0,0),(1,54,841,0,0),(1,54,842,0,0),(1,54,843,0,0),(1,54,844,0,0),(1,54,845,0,0),(1,54,846,0,0),(1,54,847,0,0),(1,54,848,0,0),(1,54,849,0,0),(1,54,850,0,0),(1,54,851,0,0),(1,54,852,0,0),(1,55,853,0,0),(1,55,854,0,0),(1,55,855,0,0),(1,55,856,0,0),(1,55,857,0,0),(1,55,858,0,0),(1,55,859,0,0),(1,55,860,0,0),(1,51,861,0,0),(1,52,862,0,0),(1,53,863,0,0),(1,51,864,0,0),(1,52,865,0,0),(1,53,866,0,0),(1,56,867,0,0),(1,56,868,0,0),(1,56,869,0,0),(1,56,870,0,0),(1,56,871,0,0),(1,56,872,0,0),(1,56,873,0,0),(1,56,874,0,0),(1,56,875,0,0),(1,56,876,0,0),(1,56,877,0,0),(1,56,878,0,0),(1,56,879,0,0),(1,56,880,0,0),(1,56,881,0,0),(1,56,882,0,0),(1,56,883,0,0),(1,56,884,0,0),(1,56,885,0,0),(1,56,886,0,0),(1,56,887,0,0),(1,57,888,0,0),(1,57,889,0,0),(1,57,890,0,0),(1,57,891,0,0),(1,57,892,0,0),(1,57,893,0,0),(1,57,894,0,0),(1,57,895,0,0),(1,57,896,0,0),(1,57,897,0,0),(1,57,898,0,0),(1,57,899,0,0),(1,57,900,0,0),(1,57,901,0,0),(1,57,902,0,0),(1,57,903,0,0),(1,57,904,0,0),(1,57,905,0,0),(1,57,906,0,0),(1,58,907,0,0),(1,58,908,0,0),(1,58,909,0,0),(1,58,910,0,0),(1,58,911,0,0),(1,58,912,0,0),(1,58,913,0,0),(1,58,914,0,0),(1,58,915,0,0),(1,58,916,0,0),(1,58,917,0,0),(1,58,918,0,0),(1,58,919,0,0),(1,58,920,0,0),(1,58,921,0,0),(1,58,922,0,0),(1,58,923,0,0),(1,58,924,0,0),(1,58,925,0,0),(1,58,926,0,0),(1,58,927,0,0),(1,58,928,0,0),(1,58,929,0,0),(1,59,930,0,0),(1,59,931,0,0),(1,59,932,0,0),(1,59,933,0,0),(1,59,934,0,0),(1,59,935,0,0),(1,59,936,0,0),(1,59,937,0,0),(1,59,938,0,0),(1,59,939,0,0),(1,59,940,0,0),(1,59,941,0,0),(1,59,942,0,0),(1,59,943,0,0),(1,59,944,0,0),(1,59,945,0,0),(1,59,946,0,0),(1,59,947,0,0),(1,59,948,0,0),(1,59,949,0,0),(1,59,950,0,0),(1,59,951,0,0),(1,59,952,0,0),(1,59,953,0,0),(1,60,954,0,0),(1,60,955,0,0),(1,60,956,0,0),(1,60,957,0,0),(1,60,958,0,0),(1,60,959,0,0),(1,60,960,0,0),(1,60,961,0,0),(1,60,962,0,0),(1,60,963,0,0),(1,60,964,0,0),(1,60,965,0,0),(1,60,966,0,0),(1,60,967,0,0),(1,60,968,0,0),(1,60,969,0,0),(1,61,970,0,0),(1,61,971,0,0),(1,61,972,0,0),(1,61,973,0,0),(1,61,974,0,0),(1,61,975,0,0),(1,61,976,0,0),(1,61,977,0,0),(1,61,978,0,0),(1,61,979,0,0),(1,61,980,0,0),(1,61,981,0,0),(1,61,982,0,0),(1,61,983,0,0),(1,61,984,0,0),(1,61,985,0,0),(1,61,986,0,0),(1,57,987,0,0),(1,56,988,0,0),(1,56,989,0,0),(1,59,990,0,0),(1,59,991,0,0),(1,58,992,0,0),(1,58,993,0,0),(1,62,994,0,0),(1,62,995,0,0),(1,62,996,0,0),(1,62,997,0,0),(1,62,998,0,0),(1,62,999,0,0),(1,62,1000,0,0),(1,62,1001,0,0),(1,62,1002,0,0),(1,62,1003,0,0),(1,62,1004,0,0),(1,62,1005,0,0),(1,62,1006,0,0),(1,62,1007,0,0),(1,62,1008,0,0),(1,62,1009,0,0),(1,62,1010,0,0),(1,62,1011,0,0),(1,62,1012,0,0),(1,62,1013,0,0),(1,62,1014,0,0),(1,62,1015,0,0),(1,62,1016,0,0),(1,62,1017,0,0),(1,62,1018,0,0),(2,6,1,0,0),(2,6,2,0,0),(2,6,3,0,0),(2,6,4,0,0),(2,6,5,0,0),(2,6,6,0,0),(2,6,7,0,0),(2,6,8,0,0),(2,6,9,0,0),(2,6,10,0,0),(2,6,11,0,0),(2,6,12,0,0),(2,6,13,0,0),(2,6,14,0,0),(2,6,15,0,0),(2,6,16,0,0),(2,6,17,0,0),(2,6,18,0,0),(2,6,19,0,0),(2,6,20,0,0),(2,6,21,0,0),(2,6,22,0,0),(2,6,23,0,0),(2,6,24,0,0),(2,6,25,0,0),(2,6,26,0,0),(2,6,27,0,0),(2,6,28,0,0),(2,6,29,0,0),(2,6,30,0,0),(2,6,31,0,0),(2,6,32,0,0),(2,6,33,0,0),(2,6,34,0,0),(2,6,35,0,0),(2,6,36,0,0),(2,7,37,0,0),(2,7,38,0,0),(2,7,39,0,0),(2,7,40,0,0),(2,7,41,0,0),(2,7,42,0,0),(2,7,43,0,0),(2,7,44,0,0),(2,7,45,0,0),(2,7,46,0,0),(2,7,47,0,0),(2,7,48,0,0),(2,7,49,0,0),(2,7,50,0,0),(2,7,51,0,0),(2,7,52,0,0),(2,7,53,0,0),(2,7,54,0,0),(2,7,55,0,0),(2,7,56,0,0),(2,7,57,0,0),(2,7,58,0,0),(2,7,59,0,0),(2,7,60,0,0),(2,7,61,0,0),(2,7,62,0,0),(2,7,63,0,0),(2,7,64,0,0),(2,7,65,0,0),(2,4,66,0,0),(2,4,67,0,0),(2,4,68,0,0),(2,4,69,0,0),(2,4,70,0,0),(2,4,71,0,0),(2,4,72,0,0),(2,4,73,0,0),(2,4,74,0,0),(2,4,75,0,0),(2,4,76,0,0),(2,4,77,0,0),(2,4,78,0,0),(2,4,79,0,0),(2,4,80,0,0),(2,4,81,0,0),(2,4,82,0,0),(2,4,83,0,0),(2,4,84,0,0),(2,4,85,0,0),(2,4,86,0,0),(2,4,87,0,0),(2,4,88,0,0),(2,4,89,0,0),(2,4,90,0,0),(2,4,91,0,0),(2,4,92,0,0),(2,4,93,0,0),(2,4,94,0,0),(2,4,95,0,0),(2,4,96,0,0),(2,4,97,0,0),(2,4,98,0,0),(2,4,99,0,0),(2,4,100,0,0),(2,4,101,0,0),(2,4,102,0,0),(2,4,103,0,0),(2,4,104,0,0),(2,4,105,0,0),(2,4,106,0,0),(2,4,107,0,0),(2,4,108,0,0),(2,4,109,0,0),(2,2,110,0,0),(2,2,111,0,0),(2,2,112,0,0),(2,2,113,0,0),(2,2,114,0,0),(2,2,115,0,0),(2,2,116,0,0),(2,2,117,0,0),(2,2,118,0,0),(2,2,119,0,0),(2,2,120,0,0),(2,2,121,0,0),(2,2,122,0,0),(2,2,123,0,0),(2,2,124,0,0),(2,2,125,0,0),(2,26,126,0,0),(2,26,127,0,0),(2,26,128,0,0),(2,26,129,0,0),(2,26,130,0,0),(2,26,131,0,0),(2,26,132,0,0),(2,26,133,0,0),(2,26,134,0,0),(2,26,135,0,0),(2,26,136,0,0),(2,26,137,0,0),(2,26,138,0,0),(2,26,139,0,0),(2,26,140,0,0),(2,26,141,0,0),(2,26,142,0,0),(2,26,143,0,0),(2,26,144,0,0),(2,26,145,0,0),(2,26,146,0,0),(2,26,147,0,0),(2,26,148,0,0),(2,26,149,0,0),(2,26,150,0,0),(2,4,151,0,0),(2,6,152,0,0),(2,7,153,0,0),(2,26,154,0,0),(2,13,155,0,0),(2,13,156,0,0),(2,13,157,0,0),(2,13,158,0,0),(2,13,159,0,0),(2,13,160,0,0),(2,13,161,0,0),(2,13,162,0,0),(2,13,163,0,0),(2,13,164,0,0),(2,13,165,0,0),(2,13,166,0,0),(2,13,167,0,0),(2,13,168,0,0),(2,13,169,0,0),(2,13,170,0,0),(2,13,171,0,0),(2,13,172,0,0),(2,14,173,0,0),(2,14,174,0,0),(2,14,175,0,0),(2,14,176,0,0),(2,14,177,0,0),(2,14,178,0,0),(2,14,179,0,0),(2,14,180,0,0),(2,14,181,0,0),(2,14,182,0,0),(2,14,183,0,0),(2,14,184,0,0),(2,14,185,0,0),(2,14,186,0,0),(2,14,187,0,0),(2,14,188,0,0),(2,14,189,0,0),(2,14,190,0,0),(2,14,191,0,0),(2,14,192,0,0),(2,14,193,0,0),(2,14,194,0,0),(2,14,195,0,0),(2,14,196,0,0),(2,14,197,0,0),(2,14,198,0,0),(2,14,199,0,0),(2,14,200,0,0),(2,14,201,0,0),(2,14,202,0,0),(2,14,203,0,0),(2,8,204,0,0),(2,8,205,0,0),(2,8,206,0,0),(2,8,207,0,0),(2,8,208,0,0),(2,8,209,0,0),(2,8,210,0,0),(2,8,211,0,0),(2,8,212,0,0),(2,8,213,0,0),(2,8,214,0,0),(2,8,215,0,0),(2,8,216,0,0),(2,8,217,0,0),(2,8,218,0,0),(2,10,219,0,0),(2,10,220,0,0),(2,10,221,0,0),(2,10,222,0,0),(2,10,223,0,0),(2,10,224,0,0),(2,10,225,0,0),(2,10,226,0,0),(2,10,227,0,0),(2,10,228,0,0),(2,10,229,0,0),(2,10,230,0,0),(2,9,231,0,0),(2,9,232,0,0),(2,9,233,0,0),(2,9,234,0,0),(2,9,235,0,0),(2,9,236,0,0),(2,9,237,0,0),(2,9,238,0,0),(2,9,239,0,0),(2,9,240,0,0),(2,9,241,0,0),(2,9,242,0,0),(2,9,243,0,0),(2,9,244,0,0),(2,9,245,0,0),(2,9,246,0,0),(2,9,247,0,0),(2,9,248,0,0),(2,9,249,0,0),(2,9,250,0,0),(2,9,251,0,0),(2,9,252,0,0),(2,9,253,0,0),(2,9,254,0,0),(2,16,255,0,0),(2,16,256,0,0),(2,16,257,0,0),(2,16,258,0,0),(2,16,259,0,0),(2,16,260,0,0),(2,16,261,0,0),(2,16,262,0,0),(2,16,263,0,0),(2,16,264,0,0),(2,16,265,0,0),(2,16,266,0,0),(2,16,267,0,0),(2,16,268,0,0),(2,16,269,0,0),(2,16,270,0,0),(2,16,271,0,0),(2,16,272,0,0),(2,16,273,0,0),(2,16,274,0,0),(2,16,275,0,0),(2,16,276,0,0),(2,16,277,0,0),(2,15,278,0,0),(2,15,279,0,0),(2,15,280,0,0),(2,15,281,0,0),(2,15,282,0,0),(2,15,283,0,0),(2,15,284,0,0),(2,15,285,0,0),(2,15,286,0,0),(2,15,287,0,0),(2,18,288,0,0),(2,18,289,0,0),(2,18,290,0,0),(2,18,291,0,0),(2,18,292,0,0),(2,18,293,0,0),(2,18,294,0,0),(2,18,295,0,0),(2,18,296,0,0),(2,18,297,0,0),(2,18,298,0,0),(2,18,299,0,0),(2,18,300,0,0),(2,18,301,0,0),(2,18,302,0,0),(2,18,303,0,0),(2,18,304,0,0),(2,19,305,0,0),(2,19,306,0,0),(2,19,307,0,0),(2,19,308,0,0),(2,19,309,0,0),(2,19,310,0,0),(2,19,311,0,0),(2,19,312,0,0),(2,20,313,0,0),(2,20,314,0,0),(2,20,315,0,0),(2,20,316,0,0),(2,20,317,0,0),(2,20,318,0,0),(2,20,319,0,0),(2,20,320,0,0),(2,20,321,0,0),(2,20,322,0,0),(2,20,323,0,0),(2,20,324,0,0),(2,20,325,0,0),(2,20,326,0,0),(2,20,327,0,0),(2,20,328,0,0),(2,20,329,0,0),(2,20,330,0,0),(2,20,331,0,0),(2,20,332,0,0),(2,20,333,0,0),(2,20,334,0,0),(2,20,335,0,0),(2,20,336,0,0),(2,20,337,0,0),(2,20,338,0,0),(2,20,339,0,0),(2,20,340,0,0),(2,20,341,0,0),(2,20,342,0,0),(2,20,343,0,0),(2,20,344,0,0),(2,20,345,0,0),(2,20,346,0,0),(2,20,347,0,0),(2,20,348,0,0),(2,20,349,0,0),(2,21,350,0,0),(2,21,351,0,0),(2,21,352,0,0),(2,21,353,0,0),(2,21,354,0,0),(2,21,355,0,0),(2,21,356,0,0),(2,21,357,0,0),(2,21,358,0,0),(2,21,359,0,0),(2,21,360,0,0),(2,21,361,0,0),(2,21,362,0,0),(2,21,363,0,0),(2,21,364,0,0),(2,21,365,0,0),(2,21,366,0,0),(2,21,367,0,0),(2,21,368,0,0),(2,21,369,0,0),(2,21,370,0,0),(2,21,371,0,0),(2,21,372,0,0),(2,21,373,0,0),(2,21,374,0,0),(2,21,375,0,0),(2,21,376,0,0),(2,21,377,0,0),(2,21,378,0,0),(2,21,379,0,0),(2,21,380,0,0),(2,21,381,0,0),(2,21,382,0,0),(2,21,383,0,0),(2,21,384,0,0),(2,21,385,0,0),(2,21,386,0,0),(2,21,387,0,0),(2,22,388,0,0),(2,22,389,0,0),(2,22,390,0,0),(2,22,391,0,0),(2,22,392,0,0),(2,22,393,0,0),(2,22,394,0,0),(2,22,395,0,0),(2,22,396,0,0),(2,22,397,0,0),(2,22,398,0,0),(2,22,399,0,0),(2,22,400,0,0),(2,22,401,0,0),(2,22,402,0,0),(2,22,403,0,0),(2,22,404,0,0),(2,22,405,0,0),(2,22,406,0,0),(2,22,407,0,0),(2,22,408,0,0),(2,22,409,0,0),(2,22,410,0,0),(2,22,411,0,0),(2,22,412,0,0),(2,22,413,0,0),(2,22,414,0,0),(2,22,415,0,0),(2,22,416,0,0),(2,22,417,0,0),(2,22,418,0,0),(2,22,419,0,0),(2,22,420,0,0),(2,22,421,0,0),(2,22,422,0,0),(2,22,423,0,0),(2,22,424,0,0),(2,22,425,0,0),(2,22,426,0,0),(2,22,427,0,0),(2,22,428,0,0),(2,22,429,0,0),(2,22,430,0,0),(2,22,431,0,0),(2,22,432,0,0),(2,22,433,0,0),(2,22,434,0,0),(2,23,435,0,0),(2,23,436,0,0),(2,23,437,0,0),(2,23,438,0,0),(2,23,439,0,0),(2,23,440,0,0),(2,23,441,0,0),(2,23,442,0,0),(2,23,443,0,0),(2,23,444,0,0),(2,23,445,0,0),(2,23,446,0,0),(2,23,447,0,0),(2,23,448,0,0),(2,23,449,0,0),(2,23,450,0,0),(2,23,451,0,0),(2,23,452,0,0),(2,23,453,0,0),(2,23,454,0,0),(2,23,455,0,0),(2,23,456,0,0),(2,23,457,0,0),(2,23,458,0,0),(2,23,459,0,0),(2,23,460,0,0),(2,23,461,0,0),(2,23,462,0,0),(2,23,463,0,0),(2,23,464,0,0),(2,23,465,0,0),(2,23,466,0,0),(2,23,467,0,0),(2,23,468,0,0),(2,23,469,0,0),(2,23,470,0,0),(2,23,471,0,0),(2,23,472,0,0),(2,23,473,0,0),(2,29,474,0,0),(2,29,478,0,0),(2,29,479,0,0),(2,29,481,0,0),(2,29,488,0,0),(2,29,489,0,0),(2,29,490,0,0),(2,29,491,0,0),(2,29,493,0,0),(2,29,494,0,0),(2,29,495,0,0),(2,29,496,0,0),(2,29,497,0,0),(2,29,502,0,0),(2,29,503,0,0),(2,29,504,0,0),(2,29,505,0,0),(2,29,513,0,0),(2,10,518,0,0),(2,10,519,0,0),(2,10,520,0,0),(2,10,521,0,0),(2,10,522,0,0),(2,10,523,0,0),(2,30,524,0,0),(2,30,525,0,0),(2,30,526,0,0),(2,30,527,0,0),(2,30,528,0,0),(2,30,529,0,0),(2,30,530,0,0),(2,30,531,0,0),(2,30,532,0,0),(2,30,533,0,0),(2,30,534,0,0),(2,30,535,0,0),(2,30,536,0,0),(2,30,537,0,0),(2,30,538,0,0),(2,30,539,0,0),(2,30,540,0,0),(2,30,541,0,0),(2,30,542,0,0),(2,31,543,0,0),(2,31,544,0,0),(2,31,545,0,0),(2,31,546,0,0),(2,31,547,0,0),(2,31,548,0,0),(2,31,549,0,0),(2,31,550,0,0),(2,31,551,0,0),(2,31,552,0,0),(2,31,553,0,0),(2,31,554,0,0),(2,31,555,0,0),(2,31,556,0,0),(2,31,557,0,0),(2,31,558,0,0),(2,29,559,0,0),(2,34,560,0,0),(2,34,561,0,0),(2,34,562,0,0),(2,34,563,0,0),(2,34,564,0,0),(2,34,565,0,0),(2,34,566,0,0),(2,34,567,0,0),(2,34,568,0,0),(2,34,569,0,0),(2,34,570,0,0),(2,34,571,0,0),(2,34,572,0,0),(2,34,573,0,0),(2,34,574,0,0),(2,34,575,0,0),(2,34,576,0,0),(2,34,577,0,0),(2,34,578,0,0),(2,38,579,0,0),(2,38,580,0,0),(2,38,581,0,0),(2,38,582,0,0),(2,38,583,0,0),(2,38,584,0,0),(2,38,585,0,0),(2,39,586,0,0),(2,39,587,0,0),(2,39,588,0,0),(2,39,589,0,0),(2,39,590,0,0),(2,40,591,0,0),(2,40,592,0,0),(2,40,593,0,0),(2,40,594,0,0),(2,40,595,0,0),(2,40,596,0,0),(2,40,597,0,0),(2,40,598,0,0),(2,40,599,0,0),(2,40,600,0,0),(2,41,601,0,0),(2,41,602,0,0),(2,41,603,0,0),(2,41,604,0,0),(2,41,605,0,0),(2,41,606,0,0),(2,41,607,0,0),(2,41,608,0,0),(2,41,609,0,0),(2,41,610,0,0),(2,41,611,0,0),(2,41,612,0,0),(2,41,613,0,0),(2,41,614,0,0),(2,41,615,0,0),(2,42,616,0,0),(2,42,617,0,0),(2,42,618,0,0),(2,42,619,0,0),(2,42,620,0,0),(2,42,621,0,0),(2,42,622,0,0),(2,42,623,0,0),(2,42,624,0,0),(2,42,625,0,0),(2,42,626,0,0),(2,42,627,0,0),(2,42,628,0,0),(2,42,629,0,0),(2,42,630,0,0),(2,42,631,0,0),(2,42,632,0,0),(2,44,633,0,0),(2,44,634,0,0),(2,44,635,0,0),(2,44,636,0,0),(2,44,637,0,0),(2,44,638,0,0),(2,44,639,0,0),(2,44,640,0,0),(2,44,641,0,0),(2,44,642,0,0),(2,44,643,0,0),(2,44,644,0,0),(2,44,645,0,0),(2,44,646,0,0),(2,44,647,0,0),(2,44,648,0,0),(2,44,649,0,0),(2,44,650,0,0),(2,2,651,0,0),(2,29,652,0,0),(2,23,653,0,0),(2,23,654,0,0),(2,23,655,0,0),(2,23,656,0,0),(2,23,657,0,0),(2,23,658,0,0),(2,23,659,0,0),(2,23,660,0,0),(2,23,661,0,0),(2,22,662,0,0),(2,22,663,0,0),(2,22,664,0,0),(2,22,665,0,0),(2,22,666,0,0),(2,22,667,0,0),(2,22,668,0,0),(2,22,669,0,0),(2,22,670,0,0),(2,21,671,0,0),(2,21,672,0,0),(2,21,673,0,0),(2,21,674,0,0),(2,21,675,0,0),(2,21,676,0,0),(2,21,677,0,0),(2,21,678,0,0),(2,21,679,0,0),(2,20,680,0,0),(2,20,681,0,0),(2,20,682,0,0),(2,20,683,0,0),(2,20,684,0,0),(2,20,685,0,0),(2,20,686,0,0),(2,20,687,0,0),(2,20,688,0,0),(2,29,689,0,0),(2,41,690,0,0),(2,38,691,0,0),(2,29,692,0,0),(2,29,693,0,0),(2,29,694,0,0),(2,23,695,0,0),(2,22,696,0,0),(2,21,697,0,0),(2,20,698,0,0),(2,29,699,0,0),(2,6,700,0,0),(2,4,701,0,0),(2,2,702,0,0),(2,29,703,0,0),(2,23,704,0,0),(2,23,705,0,0),(2,21,706,0,0),(2,21,707,0,0),(2,18,708,0,0),(2,7,709,0,0),(2,38,710,0,0),(2,38,711,0,0),(2,23,712,0,0),(2,20,713,0,0),(2,21,714,0,0),(2,22,715,0,0),(2,29,716,0,0),(2,2,717,0,0),(2,13,718,0,0),(2,29,719,0,0),(2,13,720,0,0),(2,29,721,0,0),(2,29,722,0,0),(2,29,723,0,0),(2,9,729,0,0),(2,29,750,0,0),(2,51,751,0,0),(2,51,752,0,0),(2,51,753,0,0),(2,51,754,0,0),(2,51,755,0,0),(2,51,756,0,0),(2,52,757,0,0),(2,52,758,0,0),(2,52,759,0,0),(2,52,760,0,0),(2,52,761,0,0),(2,52,762,0,0),(2,53,763,0,0),(2,53,764,0,0),(2,53,765,0,0),(2,53,766,0,0),(2,53,767,0,0),(2,53,768,0,0),(2,54,769,0,0),(2,54,770,0,0),(2,54,771,0,0),(2,54,772,0,0),(2,54,773,0,0),(2,54,774,0,0),(2,51,775,0,0),(2,51,776,0,0),(2,51,777,0,0),(2,51,778,0,0),(2,51,779,0,0),(2,51,780,0,0),(2,51,781,0,0),(2,51,782,0,0),(2,51,783,0,0),(2,51,784,0,0),(2,51,785,0,0),(2,51,786,0,0),(2,51,787,0,0),(2,51,788,0,0),(2,51,789,0,0),(2,51,790,0,0),(2,51,791,0,0),(2,51,792,0,0),(2,51,793,0,0),(2,51,794,0,0),(2,51,795,0,0),(2,51,796,0,0),(2,51,797,0,0),(2,52,798,0,0),(2,52,799,0,0),(2,52,800,0,0),(2,52,801,0,0),(2,52,802,0,0),(2,52,803,0,0),(2,52,804,0,0),(2,52,805,0,0),(2,52,806,0,0),(2,52,807,0,0),(2,52,808,0,0),(2,52,809,0,0),(2,52,810,0,0),(2,52,811,0,0),(2,52,812,0,0),(2,52,813,0,0),(2,52,814,0,0),(2,52,815,0,0),(2,52,816,0,0),(2,52,817,0,0),(2,52,818,0,0),(2,52,819,0,0),(2,52,820,0,0),(2,52,821,0,0),(2,52,822,0,0),(2,52,823,0,0),(2,53,824,0,0),(2,53,825,0,0),(2,53,826,0,0),(2,53,827,0,0),(2,53,828,0,0),(2,53,829,0,0),(2,53,830,0,0),(2,53,831,0,0),(2,53,832,0,0),(2,53,833,0,0),(2,53,834,0,0),(2,53,835,0,0),(2,53,836,0,0),(2,53,837,0,0),(2,53,838,0,0),(2,54,839,0,0),(2,54,840,0,0),(2,54,841,0,0),(2,54,842,0,0),(2,54,843,0,0),(2,54,844,0,0),(2,54,845,0,0),(2,54,846,0,0),(2,54,847,0,0),(2,54,848,0,0),(2,54,849,0,0),(2,54,850,0,0),(2,54,851,0,0),(2,54,852,0,0),(2,55,853,0,0),(2,55,854,0,0),(2,55,855,0,0),(2,55,856,0,0),(2,55,857,0,0),(2,55,858,0,0),(2,55,859,0,0),(2,55,860,0,0),(2,51,861,0,0),(2,52,862,0,0),(2,53,863,0,0),(2,51,864,0,0),(2,52,865,0,0),(2,53,866,0,0),(2,56,867,0,0),(2,56,868,0,0),(2,56,869,0,0),(2,56,870,0,0),(2,56,871,0,0),(2,56,872,0,0),(2,56,873,0,0),(2,56,874,0,0),(2,56,875,0,0),(2,56,876,0,0),(2,56,877,0,0),(2,56,878,0,0),(2,56,879,0,0),(2,56,880,0,0),(2,56,881,0,0),(2,56,882,0,0),(2,56,883,0,0),(2,56,884,0,0),(2,56,885,0,0),(2,56,886,0,0),(2,56,887,0,0),(2,57,888,0,0),(2,57,889,0,0),(2,57,890,0,0),(2,57,891,0,0),(2,57,892,0,0),(2,57,893,0,0),(2,57,894,0,0),(2,57,895,0,0),(2,57,896,0,0),(2,57,897,0,0),(2,57,898,0,0),(2,57,899,0,0),(2,57,900,0,0),(2,57,901,0,0),(2,57,902,0,0),(2,57,903,0,0),(2,57,904,0,0),(2,57,905,0,0),(2,57,906,0,0),(2,58,907,0,0),(2,58,908,0,0),(2,58,909,0,0),(2,58,910,0,0),(2,58,911,0,0),(2,58,912,0,0),(2,58,913,0,0),(2,58,914,0,0),(2,58,915,0,0),(2,58,916,0,0),(2,58,917,0,0),(2,58,918,0,0),(2,58,919,0,0),(2,58,920,0,0),(2,58,921,0,0),(2,58,922,0,0),(2,58,923,0,0),(2,58,924,0,0),(2,58,925,0,0),(2,58,926,0,0),(2,58,927,0,0),(2,58,928,0,0),(2,58,929,0,0),(2,59,930,0,0),(2,59,931,0,0),(2,59,932,0,0),(2,59,933,0,0),(2,59,934,0,0),(2,59,935,0,0),(2,59,936,0,0),(2,59,937,0,0),(2,59,938,0,0),(2,59,939,0,0),(2,59,940,0,0),(2,59,941,0,0),(2,59,942,0,0),(2,59,943,0,0),(2,59,944,0,0),(2,59,945,0,0),(2,59,946,0,0),(2,59,947,0,0),(2,59,948,0,0),(2,59,949,0,0),(2,59,950,0,0),(2,59,951,0,0),(2,59,952,0,0),(2,59,953,0,0),(2,60,954,0,0),(2,60,955,0,0),(2,60,956,0,0),(2,60,957,0,0),(2,60,958,0,0),(2,60,959,0,0),(2,60,960,0,0),(2,60,961,0,0),(2,60,962,0,0),(2,60,963,0,0),(2,60,964,0,0),(2,60,965,0,0),(2,60,966,0,0),(2,60,967,0,0),(2,60,968,0,0),(2,60,969,0,0),(2,61,970,0,0),(2,61,971,0,0),(2,61,972,0,0),(2,61,973,0,0),(2,61,974,0,0),(2,61,975,0,0),(2,61,976,0,0),(2,61,977,0,0),(2,61,978,0,0),(2,61,979,0,0),(2,61,980,0,0),(2,61,981,0,0),(2,61,982,0,0),(2,61,983,0,0),(2,61,984,0,0),(2,61,985,0,0),(2,61,986,0,0),(2,57,987,0,0),(2,56,988,0,0),(2,56,989,0,0),(2,59,990,0,0),(2,59,991,0,0),(2,58,992,0,0),(2,58,993,0,0),(2,62,994,0,0),(2,62,995,0,0),(2,62,996,0,0),(2,62,997,0,0),(2,62,998,0,0),(2,62,999,0,0),(2,62,1000,0,0),(2,62,1001,0,0),(2,62,1002,0,0),(2,62,1003,0,0),(2,62,1004,0,0),(2,62,1005,0,0),(2,62,1006,0,0),(2,62,1007,0,0),(2,62,1008,0,0),(2,62,1009,0,0),(2,62,1010,0,0),(2,62,1011,0,0),(2,62,1012,0,0),(2,62,1013,0,0),(2,62,1014,0,0),(2,62,1015,0,0),(2,62,1016,0,0),(2,62,1017,0,0),(2,62,1018,0,0),(3,6,1,0,0),(3,6,2,0,0),(3,6,3,0,0),(3,6,4,0,0),(3,6,5,0,0),(3,6,6,0,0),(3,6,7,0,0),(3,6,8,0,0),(3,6,9,0,0),(3,6,10,0,0),(3,6,11,0,0),(3,6,12,0,0),(3,6,13,0,0),(3,6,14,0,0),(3,6,15,0,0),(3,6,16,0,0),(3,6,17,0,0),(3,6,18,0,0),(3,6,19,0,0),(3,6,20,0,0),(3,6,21,0,0),(3,6,22,0,0),(3,6,23,0,0),(3,6,24,0,0),(3,6,25,0,0),(3,6,26,0,0),(3,6,27,0,0),(3,6,28,0,0),(3,6,29,0,0),(3,6,30,0,0),(3,6,31,0,0),(3,6,32,0,0),(3,6,33,0,0),(3,6,34,0,0),(3,6,35,0,0),(3,6,36,0,0),(3,7,37,0,0),(3,7,38,0,0),(3,7,39,0,0),(3,7,40,0,0),(3,7,41,0,0),(3,7,42,0,0),(3,7,43,0,0),(3,7,44,0,0),(3,7,45,0,0),(3,7,46,0,0),(3,7,47,0,0),(3,7,48,0,0),(3,7,49,0,0),(3,7,50,0,0),(3,7,51,0,0),(3,7,52,0,0),(3,7,53,0,0),(3,7,54,0,0),(3,7,55,0,0),(3,7,56,0,0),(3,7,57,0,0),(3,7,58,0,0),(3,7,59,0,0),(3,7,60,0,0),(3,7,61,0,0),(3,7,62,0,0),(3,7,63,0,0),(3,7,64,0,0),(3,7,65,0,0),(3,4,66,0,0),(3,4,67,0,0),(3,4,68,0,0),(3,4,69,0,0),(3,4,70,0,0),(3,4,71,0,0),(3,4,72,0,0),(3,4,73,0,0),(3,4,74,0,0),(3,4,75,0,0),(3,4,76,0,0),(3,4,77,0,0),(3,4,78,0,0),(3,4,79,0,0),(3,4,80,0,0),(3,4,81,0,0),(3,4,82,0,0),(3,4,83,0,0),(3,4,84,0,0),(3,4,85,0,0),(3,4,86,0,0),(3,4,87,0,0),(3,4,88,0,0),(3,4,89,0,0),(3,4,90,0,0),(3,4,91,0,0),(3,4,92,0,0),(3,4,93,0,0),(3,4,94,0,0),(3,4,95,0,0),(3,4,96,0,0),(3,4,97,0,0),(3,4,98,0,0),(3,4,99,0,0),(3,4,100,0,0),(3,4,101,0,0),(3,4,102,0,0),(3,4,103,0,0),(3,4,104,0,0),(3,4,105,0,0),(3,4,106,0,0),(3,4,107,0,0),(3,4,108,0,0),(3,4,109,0,0),(3,2,110,0,0),(3,2,111,0,0),(3,2,112,0,0),(3,2,113,0,0),(3,2,114,0,0),(3,2,115,0,0),(3,2,116,0,0),(3,2,117,0,0),(3,2,118,0,0),(3,2,119,0,0),(3,2,120,0,0),(3,2,121,0,0),(3,2,122,0,0),(3,2,123,0,0),(3,2,124,0,0),(3,2,125,0,0),(3,26,126,0,0),(3,26,127,0,0),(3,26,128,0,0),(3,26,129,0,0),(3,26,130,0,0),(3,26,131,0,0),(3,26,132,0,0),(3,26,133,0,0),(3,26,134,0,0),(3,26,135,0,0),(3,26,136,0,0),(3,26,137,0,0),(3,26,138,0,0),(3,26,139,0,0),(3,26,140,0,0),(3,26,141,0,0),(3,26,142,0,0),(3,26,143,0,0),(3,26,144,0,0),(3,26,145,0,0),(3,26,146,0,0),(3,26,147,0,0),(3,26,148,0,0),(3,26,149,0,0),(3,26,150,0,0),(3,4,151,0,0),(3,6,152,0,0),(3,7,153,0,0),(3,26,154,0,0),(3,13,155,0,0),(3,13,156,0,0),(3,13,157,0,0),(3,13,158,0,0),(3,13,159,0,0),(3,13,160,0,0),(3,13,161,0,0),(3,13,162,0,0),(3,13,163,0,0),(3,13,164,0,0),(3,13,165,0,0),(3,13,166,0,0),(3,13,167,0,0),(3,13,168,0,0),(3,13,169,0,0),(3,13,170,0,0),(3,13,171,0,0),(3,13,172,0,0),(3,14,173,0,0),(3,14,174,0,0),(3,14,175,0,0),(3,14,176,0,0),(3,14,177,0,0),(3,14,178,0,0),(3,14,179,0,0),(3,14,180,0,0),(3,14,181,0,0),(3,14,182,0,0),(3,14,183,0,0),(3,14,184,0,0),(3,14,185,0,0),(3,14,186,0,0),(3,14,187,0,0),(3,14,188,0,0),(3,14,189,0,0),(3,14,190,0,0),(3,14,191,0,0),(3,14,192,0,0),(3,14,193,0,0),(3,14,194,0,0),(3,14,195,0,0),(3,14,196,0,0),(3,14,197,0,0),(3,14,198,0,0),(3,14,199,0,0),(3,14,200,0,0),(3,14,201,0,0),(3,14,202,0,0),(3,14,203,0,0),(3,8,204,0,0),(3,8,205,0,0),(3,8,206,0,0),(3,8,207,0,0),(3,8,208,0,0),(3,8,209,0,0),(3,8,210,0,0),(3,8,211,0,0),(3,8,212,0,0),(3,8,213,0,0),(3,8,214,0,0),(3,8,215,0,0),(3,8,216,0,0),(3,8,217,0,0),(3,8,218,0,0),(3,10,219,0,0),(3,10,220,0,0),(3,10,221,0,0),(3,10,222,0,0),(3,10,223,0,0),(3,10,224,0,0),(3,10,225,0,0),(3,10,226,0,0),(3,10,227,0,0),(3,10,228,0,0),(3,10,229,0,0),(3,10,230,0,0),(3,9,231,0,0),(3,9,232,0,0),(3,9,233,0,0),(3,9,234,0,0),(3,9,235,0,0),(3,9,236,0,0),(3,9,237,0,0),(3,9,238,0,0),(3,9,239,0,0),(3,9,240,0,0),(3,9,241,0,0),(3,9,242,0,0),(3,9,243,0,0),(3,9,244,0,0),(3,9,245,0,0),(3,9,246,0,0),(3,9,247,0,0),(3,9,248,0,0),(3,9,249,0,0),(3,9,250,0,0),(3,9,251,0,0),(3,9,252,0,0),(3,9,253,0,0),(3,9,254,0,0),(3,16,255,0,0),(3,16,256,0,0),(3,16,257,0,0),(3,16,258,0,0),(3,16,259,0,0),(3,16,260,0,0),(3,16,261,0,0),(3,16,262,0,0),(3,16,263,0,0),(3,16,264,0,0),(3,16,265,0,0),(3,16,266,0,0),(3,16,267,0,0),(3,16,268,0,0),(3,16,269,0,0),(3,16,270,0,0),(3,16,271,0,0),(3,16,272,0,0),(3,16,273,0,0),(3,16,274,0,0),(3,16,275,0,0),(3,16,276,0,0),(3,16,277,0,0),(3,15,278,0,0),(3,15,279,0,0),(3,15,280,0,0),(3,15,281,0,0),(3,15,282,0,0),(3,15,283,0,0),(3,15,284,0,0),(3,15,285,0,0),(3,15,286,0,0),(3,15,287,0,0),(3,18,288,0,0),(3,18,289,0,0),(3,18,290,0,0),(3,18,291,0,0),(3,18,292,0,0),(3,18,293,0,0),(3,18,294,0,0),(3,18,295,0,0),(3,18,296,0,0),(3,18,297,0,0),(3,18,298,0,0),(3,18,299,0,0),(3,18,300,0,0),(3,18,301,0,0),(3,18,302,0,0),(3,18,303,0,0),(3,18,304,0,0),(3,19,305,0,0),(3,19,306,0,0),(3,19,307,0,0),(3,19,308,0,0),(3,19,309,0,0),(3,19,310,0,0),(3,19,311,0,0),(3,19,312,0,0),(3,20,313,0,0),(3,20,314,0,0),(3,20,315,0,0),(3,20,316,0,0),(3,20,317,0,0),(3,20,318,0,0),(3,20,319,0,0),(3,20,320,0,0),(3,20,321,0,0),(3,20,322,0,0),(3,20,323,0,0),(3,20,324,0,0),(3,20,325,0,0),(3,20,326,0,0),(3,20,327,0,0),(3,20,328,0,0),(3,20,329,0,0),(3,20,330,0,0),(3,20,331,0,0),(3,20,332,0,0),(3,20,333,0,0),(3,20,334,0,0),(3,20,335,0,0),(3,20,336,0,0),(3,20,337,0,0),(3,20,338,0,0),(3,20,339,0,0),(3,20,340,0,0),(3,20,341,0,0),(3,20,342,0,0),(3,20,343,0,0),(3,20,344,0,0),(3,20,345,0,0),(3,20,346,0,0),(3,20,347,0,0),(3,20,348,0,0),(3,20,349,0,0),(3,21,350,0,0),(3,21,351,0,0),(3,21,352,0,0),(3,21,353,0,0),(3,21,354,0,0),(3,21,355,0,0),(3,21,356,0,0),(3,21,357,0,0),(3,21,358,0,0),(3,21,359,0,0),(3,21,360,0,0),(3,21,361,0,0),(3,21,362,0,0),(3,21,363,0,0),(3,21,364,0,0),(3,21,365,0,0),(3,21,366,0,0),(3,21,367,0,0),(3,21,368,0,0),(3,21,369,0,0),(3,21,370,0,0),(3,21,371,0,0),(3,21,372,0,0),(3,21,373,0,0),(3,21,374,0,0),(3,21,375,0,0),(3,21,376,0,0),(3,21,377,0,0),(3,21,378,0,0),(3,21,379,0,0),(3,21,380,0,0),(3,21,381,0,0),(3,21,382,0,0),(3,21,383,0,0),(3,21,384,0,0),(3,21,385,0,0),(3,21,386,0,0),(3,21,387,0,0),(3,22,388,0,0),(3,22,389,0,0),(3,22,390,0,0),(3,22,391,0,0),(3,22,392,0,0),(3,22,393,0,0),(3,22,394,0,0),(3,22,395,0,0),(3,22,396,0,0),(3,22,397,0,0),(3,22,398,0,0),(3,22,399,0,0),(3,22,400,0,0),(3,22,401,0,0),(3,22,402,0,0),(3,22,403,0,0),(3,22,404,0,0),(3,22,405,0,0),(3,22,406,0,0),(3,22,407,0,0),(3,22,408,0,0),(3,22,409,0,0),(3,22,410,0,0),(3,22,411,0,0),(3,22,412,0,0),(3,22,413,0,0),(3,22,414,0,0),(3,22,415,0,0),(3,22,416,0,0),(3,22,417,0,0),(3,22,418,0,0),(3,22,419,0,0),(3,22,420,0,0),(3,22,421,0,0),(3,22,422,0,0),(3,22,423,0,0),(3,22,424,0,0),(3,22,425,0,0),(3,22,426,0,0),(3,22,427,0,0),(3,22,428,0,0),(3,22,429,0,0),(3,22,430,0,0),(3,22,431,0,0),(3,22,432,0,0),(3,22,433,0,0),(3,22,434,0,0),(3,23,435,0,0),(3,23,436,0,0),(3,23,437,0,0),(3,23,438,0,0),(3,23,439,0,0),(3,23,440,0,0),(3,23,441,0,0),(3,23,442,0,0),(3,23,443,0,0),(3,23,444,0,0),(3,23,445,0,0),(3,23,446,0,0),(3,23,447,0,0),(3,23,448,0,0),(3,23,449,0,0),(3,23,450,0,0),(3,23,451,0,0),(3,23,452,0,0),(3,23,453,0,0),(3,23,454,0,0),(3,23,455,0,0),(3,23,456,0,0),(3,23,457,0,0),(3,23,458,0,0),(3,23,459,0,0),(3,23,460,0,0),(3,23,461,0,0),(3,23,462,0,0),(3,23,463,0,0),(3,23,464,0,0),(3,23,465,0,0),(3,23,466,0,0),(3,23,467,0,0),(3,23,468,0,0),(3,23,469,0,0),(3,23,470,0,0),(3,23,471,0,0),(3,23,472,0,0),(3,23,473,0,0),(3,29,474,0,0),(3,29,478,0,0),(3,29,479,0,0),(3,29,481,0,0),(3,29,488,0,0),(3,29,489,0,0),(3,29,490,0,0),(3,29,491,0,0),(3,29,493,0,0),(3,29,494,0,0),(3,29,495,0,0),(3,29,496,0,0),(3,29,497,0,0),(3,29,502,0,0),(3,29,503,0,0),(3,29,504,0,0),(3,29,505,0,0),(3,29,513,0,0),(3,10,518,0,0),(3,10,519,0,0),(3,10,520,0,0),(3,10,521,0,0),(3,10,522,0,0),(3,10,523,0,0),(3,30,524,0,0),(3,30,525,0,0),(3,30,526,0,0),(3,30,527,0,0),(3,30,528,0,0),(3,30,529,0,0),(3,30,530,0,0),(3,30,531,0,0),(3,30,532,0,0),(3,30,533,0,0),(3,30,534,0,0),(3,30,535,0,0),(3,30,536,0,0),(3,30,537,0,0),(3,30,538,0,0),(3,30,539,0,0),(3,30,540,0,0),(3,30,541,0,0),(3,30,542,0,0),(3,31,543,0,0),(3,31,544,0,0),(3,31,545,0,0),(3,31,546,0,0),(3,31,547,0,0),(3,31,548,0,0),(3,31,549,0,0),(3,31,550,0,0),(3,31,551,0,0),(3,31,552,0,0),(3,31,553,0,0),(3,31,554,0,0),(3,31,555,0,0),(3,31,556,0,0),(3,31,557,0,0),(3,31,558,0,0),(3,29,559,0,0),(3,34,560,0,0),(3,34,561,0,0),(3,34,562,0,0),(3,34,563,0,0),(3,34,564,0,0),(3,34,565,0,0),(3,34,566,0,0),(3,34,567,0,0),(3,34,568,0,0),(3,34,569,0,0),(3,34,570,0,0),(3,34,571,0,0),(3,34,572,0,0),(3,34,573,0,0),(3,34,574,0,0),(3,34,575,0,0),(3,34,576,0,0),(3,34,577,0,0),(3,34,578,0,0),(3,38,579,0,0),(3,38,580,0,0),(3,38,581,0,0),(3,38,582,0,0),(3,38,583,0,0),(3,38,584,0,0),(3,38,585,0,0),(3,39,586,0,0),(3,39,587,0,0),(3,39,588,0,0),(3,39,589,0,0),(3,39,590,0,0),(3,40,591,0,0),(3,40,592,0,0),(3,40,593,0,0),(3,40,594,0,0),(3,40,595,0,0),(3,40,596,0,0),(3,40,597,0,0),(3,40,598,0,0),(3,40,599,0,0),(3,40,600,0,0),(3,41,601,0,0),(3,41,602,0,0),(3,41,603,0,0),(3,41,604,0,0),(3,41,605,0,0),(3,41,606,0,0),(3,41,607,0,0),(3,41,608,0,0),(3,41,609,0,0),(3,41,610,0,0),(3,41,611,0,0),(3,41,612,0,0),(3,41,613,0,0),(3,41,614,0,0),(3,41,615,0,0),(3,42,616,0,0),(3,42,617,0,0),(3,42,618,0,0),(3,42,619,0,0),(3,42,620,0,0),(3,42,621,0,0),(3,42,622,0,0),(3,42,623,0,0),(3,42,624,0,0),(3,42,625,0,0),(3,42,626,0,0),(3,42,627,0,0),(3,42,628,0,0),(3,42,629,0,0),(3,42,630,0,0),(3,42,631,0,0),(3,42,632,0,0),(3,44,633,0,0),(3,44,634,0,0),(3,44,635,0,0),(3,44,636,0,0),(3,44,637,0,0),(3,44,638,0,0),(3,44,639,0,0),(3,44,640,0,0),(3,44,641,0,0),(3,44,642,0,0),(3,44,643,0,0),(3,44,644,0,0),(3,44,645,0,0),(3,44,646,0,0),(3,44,647,0,0),(3,44,648,0,0),(3,44,649,0,0),(3,44,650,0,0),(3,2,651,0,0),(3,29,652,0,0),(3,23,653,0,0),(3,23,654,0,0),(3,23,655,0,0),(3,23,656,0,0),(3,23,657,0,0),(3,23,658,0,0),(3,23,659,0,0),(3,23,660,0,0),(3,23,661,0,0),(3,22,662,0,0),(3,22,663,0,0),(3,22,664,0,0),(3,22,665,0,0),(3,22,666,0,0),(3,22,667,0,0),(3,22,668,0,0),(3,22,669,0,0),(3,22,670,0,0),(3,21,671,0,0),(3,21,672,0,0),(3,21,673,0,0),(3,21,674,0,0),(3,21,675,0,0),(3,21,676,0,0),(3,21,677,0,0),(3,21,678,0,0),(3,21,679,0,0),(3,20,680,0,0),(3,20,681,0,0),(3,20,682,0,0),(3,20,683,0,0),(3,20,684,0,0),(3,20,685,0,0),(3,20,686,0,0),(3,20,687,0,0),(3,20,688,0,0),(3,29,689,0,0),(3,41,690,0,0),(3,38,691,0,0),(3,29,692,0,0),(3,29,693,0,0),(3,29,694,0,0),(3,23,695,0,0),(3,22,696,0,0),(3,21,697,0,0),(3,20,698,0,0),(3,29,699,0,0),(3,6,700,0,0),(3,4,701,0,0),(3,2,702,0,0),(3,29,703,0,0),(3,23,704,0,0),(3,23,705,0,0),(3,21,706,0,0),(3,21,707,0,0),(3,18,708,0,0),(3,7,709,0,0),(3,38,710,0,0),(3,38,711,0,0),(3,23,712,0,0),(3,20,713,0,0),(3,21,714,0,0),(3,22,715,0,0),(3,29,716,0,0),(3,2,717,0,0),(3,13,718,0,0),(3,29,719,0,0),(3,13,720,0,0),(3,29,721,0,0),(3,29,722,0,0),(3,29,723,0,0),(3,9,729,0,0),(3,29,750,0,0),(3,51,751,0,0),(3,51,752,0,0),(3,51,753,0,0),(3,51,754,0,0),(3,51,755,0,0),(3,51,756,0,0),(3,52,757,0,0),(3,52,758,0,0),(3,52,759,0,0),(3,52,760,0,0),(3,52,761,0,0),(3,52,762,0,0),(3,53,763,0,0),(3,53,764,0,0),(3,53,765,0,0),(3,53,766,0,0),(3,53,767,0,0),(3,53,768,0,0),(3,54,769,0,0),(3,54,770,0,0),(3,54,771,0,0),(3,54,772,0,0),(3,54,773,0,0),(3,54,774,0,0),(3,51,775,0,0),(3,51,776,0,0),(3,51,777,0,0),(3,51,778,0,0),(3,51,779,0,0),(3,51,780,0,0),(3,51,781,0,0),(3,51,782,0,0),(3,51,783,0,0),(3,51,784,0,0),(3,51,785,0,0),(3,51,786,0,0),(3,51,787,0,0),(3,51,788,0,0),(3,51,789,0,0),(3,51,790,0,0),(3,51,791,0,0),(3,51,792,0,0),(3,51,793,0,0),(3,51,794,0,0),(3,51,795,0,0),(3,51,796,0,0),(3,51,797,0,0),(3,52,798,0,0),(3,52,799,0,0),(3,52,800,0,0),(3,52,801,0,0),(3,52,802,0,0),(3,52,803,0,0),(3,52,804,0,0),(3,52,805,0,0),(3,52,806,0,0),(3,52,807,0,0),(3,52,808,0,0),(3,52,809,0,0),(3,52,810,0,0),(3,52,811,0,0),(3,52,812,0,0),(3,52,813,0,0),(3,52,814,0,0),(3,52,815,0,0),(3,52,816,0,0),(3,52,817,0,0),(3,52,818,0,0),(3,52,819,0,0),(3,52,820,0,0),(3,52,821,0,0),(3,52,822,0,0),(3,52,823,0,0),(3,53,824,0,0),(3,53,825,0,0),(3,53,826,0,0),(3,53,827,0,0),(3,53,828,0,0),(3,53,829,0,0),(3,53,830,0,0),(3,53,831,0,0),(3,53,832,0,0),(3,53,833,0,0),(3,53,834,0,0),(3,53,835,0,0),(3,53,836,0,0),(3,53,837,0,0),(3,53,838,0,0),(3,54,839,0,0),(3,54,840,0,0),(3,54,841,0,0),(3,54,842,0,0),(3,54,843,0,0),(3,54,844,0,0),(3,54,845,0,0),(3,54,846,0,0),(3,54,847,0,0),(3,54,848,0,0),(3,54,849,0,0),(3,54,850,0,0),(3,54,851,0,0),(3,54,852,0,0),(3,55,853,0,0),(3,55,854,0,0),(3,55,855,0,0),(3,55,856,0,0),(3,55,857,0,0),(3,55,858,0,0),(3,55,859,0,0),(3,55,860,0,0),(3,51,861,0,0),(3,52,862,0,0),(3,53,863,0,0),(3,51,864,0,0),(3,52,865,0,0),(3,53,866,0,0),(3,56,867,0,0),(3,56,868,0,0),(3,56,869,0,0),(3,56,870,0,0),(3,56,871,0,0),(3,56,872,0,0),(3,56,873,0,0),(3,56,874,0,0),(3,56,875,0,0),(3,56,876,0,0),(3,56,877,0,0),(3,56,878,0,0),(3,56,879,0,0),(3,56,880,0,0),(3,56,881,0,0),(3,56,882,0,0),(3,56,883,0,0),(3,56,884,0,0),(3,56,885,0,0),(3,56,886,0,0),(3,56,887,0,0),(3,57,888,0,0),(3,57,889,0,0),(3,57,890,0,0),(3,57,891,0,0),(3,57,892,0,0),(3,57,893,0,0),(3,57,894,0,0),(3,57,895,0,0),(3,57,896,0,0),(3,57,897,0,0),(3,57,898,0,0),(3,57,899,0,0),(3,57,900,0,0),(3,57,901,0,0),(3,57,902,0,0),(3,57,903,0,0),(3,57,904,0,0),(3,57,905,0,0),(3,57,906,0,0),(3,58,907,0,0),(3,58,908,0,0),(3,58,909,0,0),(3,58,910,0,0),(3,58,911,0,0),(3,58,912,0,0),(3,58,913,0,0),(3,58,914,0,0),(3,58,915,0,0),(3,58,916,0,0),(3,58,917,0,0),(3,58,918,0,0),(3,58,919,0,0),(3,58,920,0,0),(3,58,921,0,0),(3,58,922,0,0),(3,58,923,0,0),(3,58,924,0,0),(3,58,925,0,0),(3,58,926,0,0),(3,58,927,0,0),(3,58,928,0,0),(3,58,929,0,0),(3,59,930,0,0),(3,59,931,0,0),(3,59,932,0,0),(3,59,933,0,0),(3,59,934,0,0),(3,59,935,0,0),(3,59,936,0,0),(3,59,937,0,0),(3,59,938,0,0),(3,59,939,0,0),(3,59,940,0,0),(3,59,941,0,0),(3,59,942,0,0),(3,59,943,0,0),(3,59,944,0,0),(3,59,945,0,0),(3,59,946,0,0),(3,59,947,0,0),(3,59,948,0,0),(3,59,949,0,0),(3,59,950,0,0),(3,59,951,0,0),(3,59,952,0,0),(3,59,953,0,0),(3,60,954,0,0),(3,60,955,0,0),(3,60,956,0,0),(3,60,957,0,0),(3,60,958,0,0),(3,60,959,0,0),(3,60,960,0,0),(3,60,961,0,0),(3,60,962,0,0),(3,60,963,0,0),(3,60,964,0,0),(3,60,965,0,0),(3,60,966,0,0),(3,60,967,0,0),(3,60,968,0,0),(3,60,969,0,0),(3,61,970,0,0),(3,61,971,0,0),(3,61,972,0,0),(3,61,973,0,0),(3,61,974,0,0),(3,61,975,0,0),(3,61,976,0,0),(3,61,977,0,0),(3,61,978,0,0),(3,61,979,0,0),(3,61,980,0,0),(3,61,981,0,0),(3,61,982,0,0),(3,61,983,0,0),(3,61,984,0,0),(3,61,985,0,0),(3,61,986,0,0),(3,57,987,0,0),(3,56,988,0,0),(3,56,989,0,0),(3,59,990,0,0),(3,59,991,0,0),(3,58,992,0,0),(3,58,993,0,0),(3,62,994,0,0),(3,62,995,0,0),(3,62,996,0,0),(3,62,997,0,0),(3,62,998,0,0),(3,62,999,0,0),(3,62,1000,0,0),(3,62,1001,0,0),(3,62,1002,0,0),(3,62,1003,0,0),(3,62,1004,0,0),(3,62,1005,0,0),(3,62,1006,0,0),(3,62,1007,0,0),(3,62,1008,0,0),(3,62,1009,0,0),(3,62,1010,0,0),(3,62,1011,0,0),(3,62,1012,0,0),(3,62,1013,0,0),(3,62,1014,0,0),(3,62,1015,0,0),(3,62,1016,0,0),(3,62,1017,0,0),(3,62,1018,0,0),(4,6,1,0,0),(4,6,2,0,0),(4,6,3,0,0),(4,6,4,0,0),(4,6,5,0,0),(4,6,6,0,0),(4,6,7,0,0),(4,6,8,0,0),(4,6,9,0,0),(4,6,10,0,0),(4,6,11,0,0),(4,6,12,0,0),(4,6,13,0,0),(4,6,14,0,0),(4,6,15,0,0),(4,6,16,0,0),(4,6,17,0,0),(4,6,18,0,0),(4,6,19,0,0),(4,6,20,0,0),(4,6,21,0,0),(4,6,22,0,0),(4,6,23,0,0),(4,6,24,0,0),(4,6,25,0,0),(4,6,26,0,0),(4,6,27,0,0),(4,6,28,0,0),(4,6,29,0,0),(4,6,30,0,0),(4,6,31,0,0),(4,6,32,0,0),(4,6,33,0,0),(4,6,34,0,0),(4,6,35,0,0),(4,6,36,0,0),(4,7,37,0,0),(4,7,38,0,0),(4,7,39,0,0),(4,7,40,0,0),(4,7,41,0,0),(4,7,42,0,0),(4,7,43,0,0),(4,7,44,0,0),(4,7,45,0,0),(4,7,46,0,0),(4,7,47,0,0),(4,7,48,0,0),(4,7,49,0,0),(4,7,50,0,0),(4,7,51,0,0),(4,7,52,0,0),(4,7,53,0,0),(4,7,54,0,0),(4,7,55,0,0),(4,7,56,0,0),(4,7,57,0,0),(4,7,58,0,0),(4,7,59,0,0),(4,7,60,0,0),(4,7,61,0,0),(4,7,62,0,0),(4,7,63,0,0),(4,7,64,0,0),(4,7,65,0,0),(4,4,66,0,0),(4,4,67,0,0),(4,4,68,0,0),(4,4,69,0,0),(4,4,70,0,0),(4,4,71,0,0),(4,4,72,0,0),(4,4,73,0,0),(4,4,74,0,0),(4,4,75,0,0),(4,4,76,0,0),(4,4,77,0,0),(4,4,78,0,0),(4,4,79,0,0),(4,4,80,0,0),(4,4,81,0,0),(4,4,82,0,0),(4,4,83,0,0),(4,4,84,0,0),(4,4,85,0,0),(4,4,86,0,0),(4,4,87,0,0),(4,4,88,0,0),(4,4,89,0,0),(4,4,90,0,0),(4,4,91,0,0),(4,4,92,0,0),(4,4,93,0,0),(4,4,94,0,0),(4,4,95,0,0),(4,4,96,0,0),(4,4,97,0,0),(4,4,98,0,0),(4,4,99,0,0),(4,4,100,0,0),(4,4,101,0,0),(4,4,102,0,0),(4,4,103,0,0),(4,4,104,0,0),(4,4,105,0,0),(4,4,106,0,0),(4,4,107,0,0),(4,4,108,0,0),(4,4,109,0,0),(4,2,110,0,0),(4,2,111,0,0),(4,2,112,0,0),(4,2,113,0,0),(4,2,114,0,0),(4,2,115,0,0),(4,2,116,0,0),(4,2,117,0,0),(4,2,118,0,0),(4,2,119,0,0),(4,2,120,0,0),(4,2,121,0,0),(4,2,122,0,0),(4,2,123,0,0),(4,2,124,0,0),(4,2,125,0,0),(4,26,126,0,0),(4,26,127,0,0),(4,26,128,0,0),(4,26,129,0,0),(4,26,130,0,0),(4,26,131,0,0),(4,26,132,0,0),(4,26,133,0,0),(4,26,134,0,0),(4,26,135,0,0),(4,26,136,0,0),(4,26,137,0,0),(4,26,138,0,0),(4,26,139,0,0),(4,26,140,0,0),(4,26,141,0,0),(4,26,142,0,0),(4,26,143,0,0),(4,26,144,0,0),(4,26,145,0,0),(4,26,146,0,0),(4,26,147,0,0),(4,26,148,0,0),(4,26,149,0,0),(4,26,150,0,0),(4,4,151,0,0),(4,6,152,0,0),(4,7,153,0,0),(4,26,154,0,0),(4,13,155,0,0),(4,13,156,0,0),(4,13,157,0,0),(4,13,158,0,0),(4,13,159,0,0),(4,13,160,0,0),(4,13,161,0,0),(4,13,162,0,0),(4,13,163,0,0),(4,13,164,0,0),(4,13,165,0,0),(4,13,166,0,0),(4,13,167,0,0),(4,13,168,0,0),(4,13,169,0,0),(4,13,170,0,0),(4,13,171,0,0),(4,13,172,0,0),(4,14,173,0,0),(4,14,174,0,0),(4,14,175,0,0),(4,14,176,0,0),(4,14,177,0,0),(4,14,178,0,0),(4,14,179,0,0),(4,14,180,0,0),(4,14,181,0,0),(4,14,182,0,0),(4,14,183,0,0),(4,14,184,0,0),(4,14,185,0,0),(4,14,186,0,0),(4,14,187,0,0),(4,14,188,0,0),(4,14,189,0,0),(4,14,190,0,0),(4,14,191,0,0),(4,14,192,0,0),(4,14,193,0,0),(4,14,194,0,0),(4,14,195,0,0),(4,14,196,0,0),(4,14,197,0,0),(4,14,198,0,0),(4,14,199,0,0),(4,14,200,0,0),(4,14,201,0,0),(4,14,202,0,0),(4,14,203,0,0),(4,8,204,0,0),(4,8,205,0,0),(4,8,206,0,0),(4,8,207,0,0),(4,8,208,0,0),(4,8,209,0,0),(4,8,210,0,0),(4,8,211,0,0),(4,8,212,0,0),(4,8,213,0,0),(4,8,214,0,0),(4,8,215,0,0),(4,8,216,0,0),(4,8,217,0,0),(4,8,218,0,0),(4,10,219,0,0),(4,10,220,0,0),(4,10,221,0,0),(4,10,222,0,0),(4,10,223,0,0),(4,10,224,0,0),(4,10,225,0,0),(4,10,226,0,0),(4,10,227,0,0),(4,10,228,0,0),(4,10,229,0,0),(4,10,230,0,0),(4,9,231,0,0),(4,9,232,0,0),(4,9,233,0,0),(4,9,234,0,0),(4,9,235,0,0),(4,9,236,0,0),(4,9,237,0,0),(4,9,238,0,0),(4,9,239,0,0),(4,9,240,0,0),(4,9,241,0,0),(4,9,242,0,0),(4,9,243,0,0),(4,9,244,0,0),(4,9,245,0,0),(4,9,246,0,0),(4,9,247,0,0),(4,9,248,0,0),(4,9,249,0,0),(4,9,250,0,0),(4,9,251,0,0),(4,9,252,0,0),(4,9,253,0,0),(4,9,254,0,0),(4,16,255,0,0),(4,16,256,0,0),(4,16,257,0,0),(4,16,258,0,0),(4,16,259,0,0),(4,16,260,0,0),(4,16,261,0,0),(4,16,262,0,0),(4,16,263,0,0),(4,16,264,0,0),(4,16,265,0,0),(4,16,266,0,0),(4,16,267,0,0),(4,16,268,0,0),(4,16,269,0,0),(4,16,270,0,0),(4,16,271,0,0),(4,16,272,0,0),(4,16,273,0,0),(4,16,274,0,0),(4,16,275,0,0),(4,16,276,0,0),(4,16,277,0,0),(4,15,278,0,0),(4,15,279,0,0),(4,15,280,0,0),(4,15,281,0,0),(4,15,282,0,0),(4,15,283,0,0),(4,15,284,0,0),(4,15,285,0,0),(4,15,286,0,0),(4,15,287,0,0),(4,18,288,0,0),(4,18,289,0,0),(4,18,290,0,0),(4,18,291,0,0),(4,18,292,0,0),(4,18,293,0,0),(4,18,294,0,0),(4,18,295,0,0),(4,18,296,0,0),(4,18,297,0,0),(4,18,298,0,0),(4,18,299,0,0),(4,18,300,0,0),(4,18,301,0,0),(4,18,302,0,0),(4,18,303,0,0),(4,18,304,0,0),(4,19,305,0,0),(4,19,306,0,0),(4,19,307,0,0),(4,19,308,0,0),(4,19,309,0,0),(4,19,310,0,0),(4,19,311,0,0),(4,19,312,0,0),(4,20,313,0,0),(4,20,314,0,0),(4,20,315,0,0),(4,20,316,0,0),(4,20,317,0,0),(4,20,318,0,0),(4,20,319,0,0),(4,20,320,0,0),(4,20,321,0,0),(4,20,322,0,0),(4,20,323,0,0),(4,20,324,0,0),(4,20,325,0,0),(4,20,326,0,0),(4,20,327,0,0),(4,20,328,0,0),(4,20,329,0,0),(4,20,330,0,0),(4,20,331,0,0),(4,20,332,0,0),(4,20,333,0,0),(4,20,334,0,0),(4,20,335,0,0),(4,20,336,0,0),(4,20,337,0,0),(4,20,338,0,0),(4,20,339,0,0),(4,20,340,0,0),(4,20,341,0,0),(4,20,342,0,0),(4,20,343,0,0),(4,20,344,0,0),(4,20,345,0,0),(4,20,346,0,0),(4,20,347,0,0),(4,20,348,0,0),(4,20,349,0,0),(4,21,350,0,0),(4,21,351,0,0),(4,21,352,0,0),(4,21,353,0,0),(4,21,354,0,0),(4,21,355,0,0),(4,21,356,0,0),(4,21,357,0,0),(4,21,358,0,0),(4,21,359,0,0),(4,21,360,0,0),(4,21,361,0,0),(4,21,362,0,0),(4,21,363,0,0),(4,21,364,0,0),(4,21,365,0,0),(4,21,366,0,0),(4,21,367,0,0),(4,21,368,0,0),(4,21,369,0,0),(4,21,370,0,0),(4,21,371,0,0),(4,21,372,0,0),(4,21,373,0,0),(4,21,374,0,0),(4,21,375,0,0),(4,21,376,0,0),(4,21,377,0,0),(4,21,378,0,0),(4,21,379,0,0),(4,21,380,0,0),(4,21,381,0,0),(4,21,382,0,0),(4,21,383,0,0),(4,21,384,0,0),(4,21,385,0,0),(4,21,386,0,0),(4,21,387,0,0),(4,22,388,0,0),(4,22,389,0,0),(4,22,390,0,0),(4,22,391,0,0),(4,22,392,0,0),(4,22,393,0,0),(4,22,394,0,0),(4,22,395,0,0),(4,22,396,0,0),(4,22,397,0,0),(4,22,398,0,0),(4,22,399,0,0),(4,22,400,0,0),(4,22,401,0,0),(4,22,402,0,0),(4,22,403,0,0),(4,22,404,0,0),(4,22,405,0,0),(4,22,406,0,0),(4,22,407,0,0),(4,22,408,0,0),(4,22,409,0,0),(4,22,410,0,0),(4,22,411,0,0),(4,22,412,0,0),(4,22,413,0,0),(4,22,414,0,0),(4,22,415,0,0),(4,22,416,0,0),(4,22,417,0,0),(4,22,418,0,0),(4,22,419,0,0),(4,22,420,0,0),(4,22,421,0,0),(4,22,422,0,0),(4,22,423,0,0),(4,22,424,0,0),(4,22,425,0,0),(4,22,426,0,0),(4,22,427,0,0),(4,22,428,0,0),(4,22,429,0,0),(4,22,430,0,0),(4,22,431,0,0),(4,22,432,0,0),(4,22,433,0,0),(4,22,434,0,0),(4,23,435,0,0),(4,23,436,0,0),(4,23,437,0,0),(4,23,438,0,0),(4,23,439,0,0),(4,23,440,0,0),(4,23,441,0,0),(4,23,442,0,0),(4,23,443,0,0),(4,23,444,0,0),(4,23,445,0,0),(4,23,446,0,0),(4,23,447,0,0),(4,23,448,0,0),(4,23,449,0,0),(4,23,450,0,0),(4,23,451,0,0),(4,23,452,0,0),(4,23,453,0,0),(4,23,454,0,0),(4,23,455,0,0),(4,23,456,0,0),(4,23,457,0,0),(4,23,458,0,0),(4,23,459,0,0),(4,23,460,0,0),(4,23,461,0,0),(4,23,462,0,0),(4,23,463,0,0),(4,23,464,0,0),(4,23,465,0,0),(4,23,466,0,0),(4,23,467,0,0),(4,23,468,0,0),(4,23,469,0,0),(4,23,470,0,0),(4,23,471,0,0),(4,23,472,0,0),(4,23,473,0,0),(4,29,474,0,0),(4,29,478,0,0),(4,29,479,0,0),(4,29,481,0,0),(4,29,488,0,0),(4,29,489,0,0),(4,29,490,0,0),(4,29,491,0,0),(4,29,493,0,0),(4,29,494,0,0),(4,29,495,0,0),(4,29,496,0,0),(4,29,497,0,0),(4,29,502,0,0),(4,29,503,0,0),(4,29,504,0,0),(4,29,505,0,0),(4,29,513,0,0),(4,10,518,0,0),(4,10,519,0,0),(4,10,520,0,0),(4,10,521,0,0),(4,10,522,0,0),(4,10,523,0,0),(4,30,524,0,0),(4,30,525,0,0),(4,30,526,0,0),(4,30,527,0,0),(4,30,528,0,0),(4,30,529,0,0),(4,30,530,0,0),(4,30,531,0,0),(4,30,532,0,0),(4,30,533,0,0),(4,30,534,0,0),(4,30,535,0,0),(4,30,536,0,0),(4,30,537,0,0),(4,30,538,0,0),(4,30,539,0,0),(4,30,540,0,0),(4,30,541,0,0),(4,30,542,0,0),(4,31,543,0,0),(4,31,544,0,0),(4,31,545,0,0),(4,31,546,0,0),(4,31,547,0,0),(4,31,548,0,0),(4,31,549,0,0),(4,31,550,0,0),(4,31,551,0,0),(4,31,552,0,0),(4,31,553,0,0),(4,31,554,0,0),(4,31,555,0,0),(4,31,556,0,0),(4,31,557,0,0),(4,31,558,0,0),(4,29,559,0,0),(4,34,560,0,0),(4,34,561,0,0),(4,34,562,0,0),(4,34,563,0,0),(4,34,564,0,0),(4,34,565,0,0),(4,34,566,0,0),(4,34,567,0,0),(4,34,568,0,0),(4,34,569,0,0),(4,34,570,0,0),(4,34,571,0,0),(4,34,572,0,0),(4,34,573,0,0),(4,34,574,0,0),(4,34,575,0,0),(4,34,576,0,0),(4,34,577,0,0),(4,34,578,0,0),(4,38,579,0,0),(4,38,580,0,0),(4,38,581,0,0),(4,38,582,0,0),(4,38,583,0,0),(4,38,584,0,0),(4,38,585,0,0),(4,39,586,0,0),(4,39,587,0,0),(4,39,588,0,0),(4,39,589,0,0),(4,39,590,0,0),(4,40,591,0,0),(4,40,592,0,0),(4,40,593,0,0),(4,40,594,0,0),(4,40,595,0,0),(4,40,596,0,0),(4,40,597,0,0),(4,40,598,0,0),(4,40,599,0,0),(4,40,600,0,0),(4,41,601,0,0),(4,41,602,0,0),(4,41,603,0,0),(4,41,604,0,0),(4,41,605,0,0),(4,41,606,0,0),(4,41,607,0,0),(4,41,608,0,0),(4,41,609,0,0),(4,41,610,0,0),(4,41,611,0,0),(4,41,612,0,0),(4,41,613,0,0),(4,41,614,0,0),(4,41,615,0,0),(4,42,616,0,0),(4,42,617,0,0),(4,42,618,0,0),(4,42,619,0,0),(4,42,620,0,0),(4,42,621,0,0),(4,42,622,0,0),(4,42,623,0,0),(4,42,624,0,0),(4,42,625,0,0),(4,42,626,0,0),(4,42,627,0,0),(4,42,628,0,0),(4,42,629,0,0),(4,42,630,0,0),(4,42,631,0,0),(4,42,632,0,0),(4,44,633,0,0),(4,44,634,0,0),(4,44,635,0,0),(4,44,636,0,0),(4,44,637,0,0),(4,44,638,0,0),(4,44,639,0,0),(4,44,640,0,0),(4,44,641,0,0),(4,44,642,0,0),(4,44,643,0,0),(4,44,644,0,0),(4,44,645,0,0),(4,44,646,0,0),(4,44,647,0,0),(4,44,648,0,0),(4,44,649,0,0),(4,44,650,0,0),(4,2,651,0,0),(4,29,652,0,0),(4,23,653,0,0),(4,23,654,0,0),(4,23,655,0,0),(4,23,656,0,0),(4,23,657,0,0),(4,23,658,0,0),(4,23,659,0,0),(4,23,660,0,0),(4,23,661,0,0),(4,22,662,0,0),(4,22,663,0,0),(4,22,664,0,0),(4,22,665,0,0),(4,22,666,0,0),(4,22,667,0,0),(4,22,668,0,0),(4,22,669,0,0),(4,22,670,0,0),(4,21,671,0,0),(4,21,672,0,0),(4,21,673,0,0),(4,21,674,0,0),(4,21,675,0,0),(4,21,676,0,0),(4,21,677,0,0),(4,21,678,0,0),(4,21,679,0,0),(4,20,680,0,0),(4,20,681,0,0),(4,20,682,0,0),(4,20,683,0,0),(4,20,684,0,0),(4,20,685,0,0),(4,20,686,0,0),(4,20,687,0,0),(4,20,688,0,0),(4,29,689,0,0),(4,41,690,0,0),(4,38,691,0,0),(4,29,692,0,0),(4,29,693,0,0),(4,29,694,0,0),(4,23,695,0,0),(4,22,696,0,0),(4,21,697,0,0),(4,20,698,0,0),(4,29,699,0,0),(4,6,700,0,0),(4,4,701,0,0),(4,2,702,0,0),(4,29,703,0,0),(4,23,704,0,0),(4,23,705,0,0),(4,21,706,0,0),(4,21,707,0,0),(4,18,708,0,0),(4,7,709,0,0),(4,38,710,0,0),(4,38,711,0,0),(4,23,712,0,0),(4,20,713,0,0),(4,21,714,0,0),(4,22,715,0,0),(4,29,716,0,0),(4,2,717,0,0),(4,13,718,0,0),(4,29,719,0,0),(4,13,720,0,0),(4,29,721,0,0),(4,29,722,0,0),(4,29,723,0,0),(4,9,729,0,0),(4,29,750,0,0),(4,51,751,0,0),(4,51,752,0,0),(4,51,753,0,0),(4,51,754,0,0),(4,51,755,0,0),(4,51,756,0,0),(4,52,757,0,0),(4,52,758,0,0),(4,52,759,0,0),(4,52,760,0,0),(4,52,761,0,0),(4,52,762,0,0),(4,53,763,0,0),(4,53,764,0,0),(4,53,765,0,0),(4,53,766,0,0),(4,53,767,0,0),(4,53,768,0,0),(4,54,769,0,0),(4,54,770,0,0),(4,54,771,0,0),(4,54,772,0,0),(4,54,773,0,0),(4,54,774,0,0),(4,51,775,0,0),(4,51,776,0,0),(4,51,777,0,0),(4,51,778,0,0),(4,51,779,0,0),(4,51,780,0,0),(4,51,781,0,0),(4,51,782,0,0),(4,51,783,0,0),(4,51,784,0,0),(4,51,785,0,0),(4,51,786,0,0),(4,51,787,0,0),(4,51,788,0,0),(4,51,789,0,0),(4,51,790,0,0),(4,51,791,0,0),(4,51,792,0,0),(4,51,793,0,0),(4,51,794,0,0),(4,51,795,0,0),(4,51,796,0,0),(4,51,797,0,0),(4,52,798,0,0),(4,52,799,0,0),(4,52,800,0,0),(4,52,801,0,0),(4,52,802,0,0),(4,52,803,0,0),(4,52,804,0,0),(4,52,805,0,0),(4,52,806,0,0),(4,52,807,0,0),(4,52,808,0,0),(4,52,809,0,0),(4,52,810,0,0),(4,52,811,0,0),(4,52,812,0,0),(4,52,813,0,0),(4,52,814,0,0),(4,52,815,0,0),(4,52,816,0,0),(4,52,817,0,0),(4,52,818,0,0),(4,52,819,0,0),(4,52,820,0,0),(4,52,821,0,0),(4,52,822,0,0),(4,52,823,0,0),(4,53,824,0,0),(4,53,825,0,0),(4,53,826,0,0),(4,53,827,0,0),(4,53,828,0,0),(4,53,829,0,0),(4,53,830,0,0),(4,53,831,0,0),(4,53,832,0,0),(4,53,833,0,0),(4,53,834,0,0),(4,53,835,0,0),(4,53,836,0,0),(4,53,837,0,0),(4,53,838,0,0),(4,54,839,0,0),(4,54,840,0,0),(4,54,841,0,0),(4,54,842,0,0),(4,54,843,0,0),(4,54,844,0,0),(4,54,845,0,0),(4,54,846,0,0),(4,54,847,0,0),(4,54,848,0,0),(4,54,849,0,0),(4,54,850,0,0),(4,54,851,0,0),(4,54,852,0,0),(4,55,853,0,0),(4,55,854,0,0),(4,55,855,0,0),(4,55,856,0,0),(4,55,857,0,0),(4,55,858,0,0),(4,55,859,0,0),(4,55,860,0,0),(4,51,861,0,0),(4,52,862,0,0),(4,53,863,0,0),(4,51,864,0,0),(4,52,865,0,0),(4,53,866,0,0),(4,56,867,0,0),(4,56,868,0,0),(4,56,869,0,0),(4,56,870,0,0),(4,56,871,0,0),(4,56,872,0,0),(4,56,873,0,0),(4,56,874,0,0),(4,56,875,0,0),(4,56,876,0,0),(4,56,877,0,0),(4,56,878,0,0),(4,56,879,0,0),(4,56,880,0,0),(4,56,881,0,0),(4,56,882,0,0),(4,56,883,0,0),(4,56,884,0,0),(4,56,885,0,0),(4,56,886,0,0),(4,56,887,0,0),(4,57,888,0,0),(4,57,889,0,0),(4,57,890,0,0),(4,57,891,0,0),(4,57,892,0,0),(4,57,893,0,0),(4,57,894,0,0),(4,57,895,0,0),(4,57,896,0,0),(4,57,897,0,0),(4,57,898,0,0),(4,57,899,0,0),(4,57,900,0,0),(4,57,901,0,0),(4,57,902,0,0),(4,57,903,0,0),(4,57,904,0,0),(4,57,905,0,0),(4,57,906,0,0),(4,58,907,0,0),(4,58,908,0,0),(4,58,909,0,0),(4,58,910,0,0),(4,58,911,0,0),(4,58,912,0,0),(4,58,913,0,0),(4,58,914,0,0),(4,58,915,0,0),(4,58,916,0,0),(4,58,917,0,0),(4,58,918,0,0),(4,58,919,0,0),(4,58,920,0,0),(4,58,921,0,0),(4,58,922,0,0),(4,58,923,0,0),(4,58,924,0,0),(4,58,925,0,0),(4,58,926,0,0),(4,58,927,0,0),(4,58,928,0,0),(4,58,929,0,0),(4,59,930,0,0),(4,59,931,0,0),(4,59,932,0,0),(4,59,933,0,0),(4,59,934,0,0),(4,59,935,0,0),(4,59,936,0,0),(4,59,937,0,0),(4,59,938,0,0),(4,59,939,0,0),(4,59,940,0,0),(4,59,941,0,0),(4,59,942,0,0),(4,59,943,0,0),(4,59,944,0,0),(4,59,945,0,0),(4,59,946,0,0),(4,59,947,0,0),(4,59,948,0,0),(4,59,949,0,0),(4,59,950,0,0),(4,59,951,0,0),(4,59,952,0,0),(4,59,953,0,0),(4,60,954,0,0),(4,60,955,0,0),(4,60,956,0,0),(4,60,957,0,0),(4,60,958,0,0),(4,60,959,0,0),(4,60,960,0,0),(4,60,961,0,0),(4,60,962,0,0),(4,60,963,0,0),(4,60,964,0,0),(4,60,965,0,0),(4,60,966,0,0),(4,60,967,0,0),(4,60,968,0,0),(4,60,969,0,0),(4,61,970,0,0),(4,61,971,0,0),(4,61,972,0,0),(4,61,973,0,0),(4,61,974,0,0),(4,61,975,0,0),(4,61,976,0,0),(4,61,977,0,0),(4,61,978,0,0),(4,61,979,0,0),(4,61,980,0,0),(4,61,981,0,0),(4,61,982,0,0),(4,61,983,0,0),(4,61,984,0,0),(4,61,985,0,0),(4,61,986,0,0),(4,57,987,0,0),(4,56,988,0,0),(4,56,989,0,0),(4,59,990,0,0),(4,59,991,0,0),(4,58,992,0,0),(4,58,993,0,0),(4,62,994,0,0),(4,62,995,0,0),(4,62,996,0,0),(4,62,997,0,0),(4,62,998,0,0),(4,62,999,0,0),(4,62,1000,0,0),(4,62,1001,0,0),(4,62,1002,0,0),(4,62,1003,0,0),(4,62,1004,0,0),(4,62,1005,0,0),(4,62,1006,0,0),(4,62,1007,0,0),(4,62,1008,0,0),(4,62,1009,0,0),(4,62,1010,0,0),(4,62,1011,0,0),(4,62,1012,0,0),(4,62,1013,0,0),(4,62,1014,0,0),(4,62,1015,0,0),(4,62,1016,0,0),(4,62,1017,0,0),(4,62,1018,0,0),(5,4,66,0,0),(5,4,67,0,0),(5,4,68,0,0),(5,4,69,0,0),(5,4,70,0,0),(5,4,71,0,0),(5,4,72,0,0),(5,4,73,0,0),(5,4,74,0,0),(5,4,75,0,0),(5,4,76,0,0),(5,4,77,0,0),(5,4,78,0,0),(5,4,79,0,0),(5,4,80,0,0),(5,4,81,0,0),(5,4,82,0,0),(5,4,83,0,0),(5,4,84,0,0),(5,4,85,0,0),(5,4,86,0,0),(5,4,87,0,0),(5,4,88,0,0),(5,4,89,0,0),(5,4,90,0,1),(5,4,91,0,1),(5,4,92,0,0),(5,4,93,0,0),(5,4,94,0,0),(5,4,95,0,0),(5,4,96,0,0),(5,4,97,0,0),(5,4,98,0,0),(5,4,99,0,0),(5,4,100,0,0),(5,4,101,0,0),(5,4,102,0,0),(5,4,103,0,0),(5,4,104,0,0),(5,4,105,0,0),(5,4,106,0,0),(5,4,107,0,0),(5,4,108,0,0),(5,4,109,0,0),(5,8,204,0,0),(5,8,205,0,1),(5,8,206,0,1),(5,8,207,0,0),(5,8,208,0,0),(5,8,209,0,0),(5,8,210,0,1),(5,8,211,0,1),(5,8,212,0,0),(5,8,213,0,0),(5,8,214,0,0),(5,8,215,0,1),(5,8,216,0,0),(5,8,217,0,0),(5,8,218,0,0),(5,9,231,0,0),(5,9,232,0,0),(5,9,233,0,0),(5,9,234,0,0),(5,9,235,0,0),(5,9,236,0,0),(5,9,237,0,0),(5,9,238,0,0),(5,9,239,0,0),(5,9,240,0,0),(5,9,241,0,0),(5,9,242,0,0),(5,9,243,0,1),(5,9,244,0,1),(5,9,245,0,0),(5,9,246,0,0),(5,9,247,0,0),(5,9,248,0,0),(5,9,249,0,0),(5,9,250,0,0),(5,9,251,0,0),(5,9,252,0,0),(5,9,253,0,0),(5,9,254,0,0),(5,16,255,0,0),(5,16,256,0,0),(5,16,257,0,0),(5,16,258,0,0),(5,16,259,0,0),(5,16,260,0,0),(5,16,261,0,0),(5,16,262,0,0),(5,16,263,0,0),(5,16,264,0,0),(5,16,265,0,0),(5,16,266,0,0),(5,16,267,0,0),(5,16,268,0,0),(5,16,269,0,1),(5,16,270,0,1),(5,16,271,0,0),(5,16,272,0,0),(5,16,273,0,0),(5,16,274,0,0),(5,16,275,0,0),(5,16,276,0,0),(5,16,277,0,0),(5,29,474,0,0),(5,29,478,0,0),(5,29,479,0,0),(5,29,481,0,0),(5,29,488,0,0),(5,29,489,0,0),(5,29,490,0,0),(5,29,491,0,0),(5,29,493,0,0),(5,29,494,0,0),(5,29,495,0,0),(5,29,496,0,0),(5,29,497,0,0),(5,29,502,0,0),(5,29,503,0,0),(5,29,504,0,0),(5,29,505,0,0),(5,29,559,0,0),(5,4,701,0,1),(5,9,729,0,1),(5,29,750,0,0),(5,51,751,0,0),(5,51,752,0,0),(5,51,753,0,0),(5,51,754,0,0),(5,51,755,0,1),(5,51,756,0,1),(5,52,757,0,0),(5,52,758,0,0),(5,52,759,0,0),(5,52,760,0,0),(5,52,761,0,1),(5,52,762,0,1),(5,53,763,0,0),(5,53,764,0,0),(5,53,765,0,0),(5,53,766,0,0),(5,53,767,0,1),(5,53,768,0,1),(5,54,769,0,0),(5,54,770,0,0),(5,54,771,0,0),(5,54,772,0,0),(5,54,773,0,1),(5,54,774,0,1),(5,51,775,0,0),(5,51,776,0,0),(5,51,777,0,0),(5,51,778,0,0),(5,51,779,0,0),(5,51,780,0,0),(5,51,781,0,0),(5,51,782,0,0),(5,51,783,0,0),(5,51,784,0,0),(5,51,785,0,0),(5,51,786,0,0),(5,51,787,0,0),(5,51,788,0,0),(5,51,789,0,0),(5,51,790,0,0),(5,51,791,0,0),(5,51,792,0,0),(5,51,793,0,0),(5,51,794,0,0),(5,51,795,0,0),(5,51,796,0,0),(5,51,797,0,0),(5,52,798,0,0),(5,52,799,0,0),(5,52,800,0,0),(5,52,801,0,0),(5,52,802,0,0),(5,52,803,0,0),(5,52,804,0,0),(5,52,805,0,0),(5,52,806,0,0),(5,52,807,0,0),(5,52,808,0,0),(5,52,809,0,0),(5,52,810,0,0),(5,52,811,0,0),(5,52,812,0,0),(5,52,813,0,0),(5,52,814,0,0),(5,52,815,0,0),(5,52,816,0,0),(5,52,817,0,0),(5,52,818,0,0),(5,52,819,0,0),(5,52,820,0,0),(5,52,821,0,0),(5,52,822,0,0),(5,52,823,0,0),(5,53,824,0,0),(5,53,825,0,0),(5,53,826,0,0),(5,53,827,0,0),(5,53,828,0,0),(5,53,829,0,0),(5,53,830,0,0),(5,53,831,0,0),(5,53,832,0,0),(5,53,833,0,0),(5,53,834,0,0),(5,53,835,0,0),(5,53,836,0,0),(5,53,837,0,0),(5,53,838,0,0),(5,54,839,0,0),(5,54,840,0,0),(5,54,841,0,0),(5,54,842,0,0),(5,54,843,0,0),(5,54,844,0,0),(5,54,845,0,0),(5,54,846,0,0),(5,54,847,0,0),(5,54,848,0,0),(5,54,849,0,0),(5,54,850,0,0),(5,54,851,0,0),(5,54,852,0,0),(5,55,853,0,0),(5,55,854,0,0),(5,55,855,0,0),(5,55,856,0,0),(5,55,857,0,0),(5,55,858,0,0),(5,55,859,0,1),(5,55,860,0,1),(5,51,861,0,0),(5,52,862,0,0),(5,53,863,0,0),(5,51,864,0,0),(5,52,865,0,0),(5,53,866,0,0),(5,56,867,0,0),(5,56,868,0,0),(5,56,869,0,0),(5,56,870,0,0),(5,56,871,0,1),(5,56,872,0,1),(5,56,873,0,0),(5,56,874,0,0),(5,56,875,0,0),(5,56,876,0,0),(5,56,877,0,0),(5,56,878,0,0),(5,56,879,0,0),(5,56,880,0,0),(5,56,881,0,0),(5,56,882,0,0),(5,56,883,0,0),(5,56,884,0,0),(5,56,885,0,0),(5,56,886,0,0),(5,56,887,0,0),(5,57,888,0,0),(5,57,889,0,0),(5,57,890,0,0),(5,57,891,0,1),(5,57,892,0,1),(5,57,893,0,0),(5,57,894,0,0),(5,57,895,0,0),(5,57,896,0,0),(5,57,897,0,0),(5,57,898,0,0),(5,57,899,0,0),(5,57,900,0,0),(5,57,901,0,0),(5,57,902,0,0),(5,57,903,0,0),(5,57,904,0,0),(5,57,905,0,0),(5,57,906,0,0),(5,58,907,0,0),(5,58,908,0,0),(5,58,909,0,0),(5,58,910,0,1),(5,58,911,0,1),(5,58,912,0,0),(5,58,913,0,0),(5,58,914,0,0),(5,58,915,0,0),(5,58,916,0,0),(5,58,917,0,0),(5,58,918,0,0),(5,58,919,0,0),(5,58,920,0,0),(5,58,921,0,0),(5,58,922,0,0),(5,58,923,0,0),(5,58,924,0,0),(5,58,925,0,0),(5,58,926,0,0),(5,58,927,0,0),(5,58,928,0,0),(5,58,929,0,0),(5,59,930,0,0),(5,59,931,0,0),(5,59,932,0,0),(5,59,933,0,1),(5,59,934,0,1),(5,59,935,0,0),(5,59,936,0,0),(5,59,937,0,0),(5,59,938,0,0),(5,59,939,0,0),(5,59,940,0,0),(5,59,941,0,0),(5,59,942,0,0),(5,59,943,0,0),(5,59,944,0,0),(5,59,945,0,0),(5,59,946,0,0),(5,59,947,0,0),(5,59,948,0,0),(5,59,949,0,0),(5,59,950,0,0),(5,59,951,0,0),(5,59,952,0,0),(5,59,953,0,0),(5,60,954,0,0),(5,60,955,0,0),(5,60,956,0,0),(5,60,957,0,1),(5,60,958,0,1),(5,60,959,0,0),(5,60,960,0,0),(5,60,961,0,0),(5,60,962,0,0),(5,60,963,0,0),(5,60,964,0,0),(5,60,965,0,0),(5,60,966,0,0),(5,60,967,0,0),(5,60,968,0,0),(5,60,969,0,0),(5,61,970,0,0),(5,61,971,0,0),(5,61,972,0,0),(5,61,973,0,1),(5,61,974,0,1),(5,61,975,0,0),(5,61,976,0,0),(5,61,977,0,0),(5,61,978,0,0),(5,61,979,0,0),(5,61,980,0,0),(5,61,981,0,0),(5,61,982,0,0),(5,61,983,0,0),(5,61,984,0,0),(5,61,985,0,0),(5,61,986,0,0),(5,57,987,0,0),(5,56,988,0,1),(5,56,989,0,0),(5,59,990,0,1),(5,59,991,0,0),(5,58,992,0,1),(5,58,993,0,0),(5,62,994,0,0),(5,62,995,0,0),(5,62,996,0,0),(5,62,997,0,0),(5,62,998,0,0),(5,62,999,0,1),(5,62,1000,0,1),(5,62,1001,0,0),(5,62,1002,0,0),(5,62,1003,0,0),(5,62,1004,0,0),(5,62,1005,0,0),(5,62,1006,0,0),(5,62,1007,0,0),(5,62,1008,0,0),(5,62,1009,0,0),(5,62,1010,0,0),(5,62,1011,0,0),(5,62,1012,0,0),(5,62,1013,0,0),(5,62,1014,0,0),(5,62,1015,0,0),(5,62,1016,0,0),(5,62,1017,0,0),(5,62,1018,0,0),(6,4,66,0,0),(6,4,67,0,0),(6,4,68,0,0),(6,4,69,0,0),(6,4,70,0,0),(6,4,71,0,0),(6,4,72,0,0),(6,4,73,0,0),(6,4,74,0,0),(6,4,75,0,0),(6,4,76,0,0),(6,4,77,0,0),(6,4,78,0,0),(6,4,79,0,0),(6,4,80,0,0),(6,4,81,0,0),(6,4,82,0,0),(6,4,83,0,0),(6,4,84,0,0),(6,4,85,0,0),(6,4,86,0,0),(6,4,87,0,0),(6,4,88,0,0),(6,4,89,0,0),(6,4,90,0,1),(6,4,91,0,1),(6,4,92,0,0),(6,4,93,0,0),(6,4,94,0,0),(6,4,95,0,0),(6,4,96,0,0),(6,4,97,0,0),(6,4,98,0,0),(6,4,99,0,0),(6,4,100,0,0),(6,4,101,0,0),(6,4,102,0,0),(6,4,103,0,0),(6,4,104,0,0),(6,4,105,0,0),(6,4,106,0,0),(6,4,107,0,0),(6,4,108,0,0),(6,4,109,0,0),(6,8,204,0,0),(6,8,205,0,1),(6,8,206,0,1),(6,8,207,0,0),(6,8,208,0,0),(6,8,209,0,0),(6,8,210,0,1),(6,8,211,0,1),(6,8,212,0,0),(6,8,213,0,0),(6,8,214,0,0),(6,8,215,0,1),(6,8,216,0,0),(6,8,217,0,0),(6,8,218,0,0),(6,9,231,0,0),(6,9,232,0,0),(6,9,233,0,0),(6,9,234,0,0),(6,9,235,0,0),(6,9,236,0,0),(6,9,237,0,0),(6,9,238,0,0),(6,9,239,0,0),(6,9,240,0,0),(6,9,241,0,0),(6,9,242,0,0),(6,9,243,0,1),(6,9,244,0,1),(6,9,245,0,0),(6,9,246,0,0),(6,9,247,0,0),(6,9,248,0,0),(6,9,249,0,0),(6,9,250,0,0),(6,9,251,0,0),(6,9,252,0,0),(6,9,253,0,0),(6,9,254,0,0),(6,16,255,0,0),(6,16,256,0,0),(6,16,257,0,0),(6,16,258,0,0),(6,16,259,0,0),(6,16,260,0,0),(6,16,261,0,0),(6,16,262,0,0),(6,16,263,0,0),(6,16,264,0,0),(6,16,265,0,0),(6,16,266,0,0),(6,16,267,0,0),(6,16,268,0,0),(6,16,269,0,1),(6,16,270,0,1),(6,16,271,0,0),(6,16,272,0,0),(6,16,273,0,0),(6,16,274,0,0),(6,16,275,0,0),(6,16,276,0,0),(6,16,277,0,0),(6,29,474,0,0),(6,29,478,0,0),(6,29,479,0,0),(6,29,481,0,0),(6,29,488,0,0),(6,29,489,0,0),(6,29,490,0,0),(6,29,491,0,0),(6,29,493,0,0),(6,29,494,0,0),(6,29,495,0,0),(6,29,496,0,0),(6,29,497,0,0),(6,29,502,0,0),(6,29,503,0,0),(6,29,504,0,0),(6,29,505,0,0),(6,29,559,0,0),(6,4,701,0,1),(6,9,729,0,1),(6,29,750,0,0),(6,51,751,0,0),(6,51,752,0,0),(6,51,753,0,0),(6,51,754,0,0),(6,51,755,0,1),(6,51,756,0,1),(6,52,757,0,0),(6,52,758,0,0),(6,52,759,0,0),(6,52,760,0,0),(6,52,761,0,1),(6,52,762,0,1),(6,53,763,0,0),(6,53,764,0,0),(6,53,765,0,0),(6,53,766,0,0),(6,53,767,0,1),(6,53,768,0,1),(6,54,769,0,0),(6,54,770,0,0),(6,54,771,0,0),(6,54,772,0,0),(6,54,773,0,1),(6,54,774,0,1),(6,51,775,0,0),(6,51,776,0,0),(6,51,777,0,0),(6,51,778,0,0),(6,51,779,0,0),(6,51,780,0,0),(6,51,781,0,0),(6,51,782,0,0),(6,51,783,0,0),(6,51,784,0,0),(6,51,785,0,0),(6,51,786,0,0),(6,51,787,0,0),(6,51,788,0,0),(6,51,789,0,0),(6,51,790,0,0),(6,51,791,0,0),(6,51,792,0,0),(6,51,793,0,0),(6,51,794,0,0),(6,51,795,0,0),(6,51,796,0,0),(6,51,797,0,0),(6,52,798,0,0),(6,52,799,0,0),(6,52,800,0,0),(6,52,801,0,0),(6,52,802,0,0),(6,52,803,0,0),(6,52,804,0,0),(6,52,805,0,0),(6,52,806,0,0),(6,52,807,0,0),(6,52,808,0,0),(6,52,809,0,0),(6,52,810,0,0),(6,52,811,0,0),(6,52,812,0,0),(6,52,813,0,0),(6,52,814,0,0),(6,52,815,0,0),(6,52,816,0,0),(6,52,817,0,0),(6,52,818,0,0),(6,52,819,0,0),(6,52,820,0,0),(6,52,821,0,0),(6,52,822,0,0),(6,52,823,0,0),(6,53,824,0,0),(6,53,825,0,0),(6,53,826,0,0),(6,53,827,0,0),(6,53,828,0,0),(6,53,829,0,0),(6,53,830,0,0),(6,53,831,0,0),(6,53,832,0,0),(6,53,833,0,0),(6,53,834,0,0),(6,53,835,0,0),(6,53,836,0,0),(6,53,837,0,0),(6,53,838,0,0),(6,54,839,0,0),(6,54,840,0,0),(6,54,841,0,0),(6,54,842,0,0),(6,54,843,0,0),(6,54,844,0,0),(6,54,845,0,0),(6,54,846,0,0),(6,54,847,0,0),(6,54,848,0,0),(6,54,849,0,0),(6,54,850,0,0),(6,54,851,0,0),(6,54,852,0,0),(6,55,853,0,0),(6,55,854,0,0),(6,55,855,0,0),(6,55,856,0,0),(6,55,857,0,0),(6,55,858,0,0),(6,55,859,0,1),(6,55,860,0,1),(6,51,861,0,0),(6,52,862,0,0),(6,53,863,0,0),(6,51,864,0,0),(6,52,865,0,0),(6,53,866,0,0),(6,56,867,0,0),(6,56,868,0,0),(6,56,869,0,0),(6,56,870,0,0),(6,56,871,0,1),(6,56,872,0,1),(6,56,873,0,0),(6,56,874,0,0),(6,56,875,0,0),(6,56,876,0,0),(6,56,877,0,0),(6,56,878,0,0),(6,56,879,0,0),(6,56,880,0,0),(6,56,881,0,0),(6,56,882,0,0),(6,56,883,0,0),(6,56,884,0,0),(6,56,885,0,0),(6,56,886,0,0),(6,56,887,0,0),(6,57,888,0,0),(6,57,889,0,0),(6,57,890,0,0),(6,57,891,0,1),(6,57,892,0,1),(6,57,893,0,0),(6,57,894,0,0),(6,57,895,0,0),(6,57,896,0,0),(6,57,897,0,0),(6,57,898,0,0),(6,57,899,0,0),(6,57,900,0,0),(6,57,901,0,0),(6,57,902,0,0),(6,57,903,0,0),(6,57,904,0,0),(6,57,905,0,0),(6,57,906,0,0),(6,58,907,0,0),(6,58,908,0,0),(6,58,909,0,0),(6,58,910,0,1),(6,58,911,0,1),(6,58,912,0,0),(6,58,913,0,0),(6,58,914,0,0),(6,58,915,0,0),(6,58,916,0,0),(6,58,917,0,0),(6,58,918,0,0),(6,58,919,0,0),(6,58,920,0,0),(6,58,921,0,0),(6,58,922,0,0),(6,58,923,0,0),(6,58,924,0,0),(6,58,925,0,0),(6,58,926,0,0),(6,58,927,0,0),(6,58,928,0,0),(6,58,929,0,0),(6,59,930,0,0),(6,59,931,0,0),(6,59,932,0,0),(6,59,933,0,1),(6,59,934,0,1),(6,59,935,0,0),(6,59,936,0,0),(6,59,937,0,0),(6,59,938,0,0),(6,59,939,0,0),(6,59,940,0,0),(6,59,941,0,0),(6,59,942,0,0),(6,59,943,0,0),(6,59,944,0,0),(6,59,945,0,0),(6,59,946,0,0),(6,59,947,0,0),(6,59,948,0,0),(6,59,949,0,0),(6,59,950,0,0),(6,59,951,0,0),(6,59,952,0,0),(6,59,953,0,0),(6,60,954,0,0),(6,60,955,0,0),(6,60,956,0,0),(6,60,957,0,1),(6,60,958,0,1),(6,60,959,0,0),(6,60,960,0,0),(6,60,961,0,0),(6,60,962,0,0),(6,60,963,0,0),(6,60,964,0,0),(6,60,965,0,0),(6,60,966,0,0),(6,60,967,0,0),(6,60,968,0,0),(6,60,969,0,0),(6,61,970,0,0),(6,61,971,0,0),(6,61,972,0,0),(6,61,973,0,1),(6,61,974,0,1),(6,61,975,0,0),(6,61,976,0,0),(6,61,977,0,0),(6,61,978,0,0),(6,61,979,0,0),(6,61,980,0,0),(6,61,981,0,0),(6,61,982,0,0),(6,61,983,0,0),(6,61,984,0,0),(6,61,985,0,0),(6,61,986,0,0),(6,57,987,0,0),(6,56,988,0,1),(6,56,989,0,0),(6,59,990,0,1),(6,59,991,0,0),(6,58,992,0,1),(6,58,993,0,0),(6,62,994,0,0),(6,62,995,0,0),(6,62,996,0,0),(6,62,997,0,0),(6,62,998,0,0),(6,62,999,0,1),(6,62,1000,0,1),(6,62,1001,0,0),(6,62,1002,0,0),(6,62,1003,0,0),(6,62,1004,0,0),(6,62,1005,0,0),(6,62,1006,0,0),(6,62,1007,0,0),(6,62,1008,0,0),(6,62,1009,0,0),(6,62,1010,0,0),(6,62,1011,0,0),(6,62,1012,0,0),(6,62,1013,0,0),(6,62,1014,0,0),(6,62,1015,0,0),(6,62,1016,0,0),(6,62,1017,0,0),(6,62,1018,0,0),(7,4,66,0,0),(7,4,67,0,0),(7,4,68,0,0),(7,4,69,0,0),(7,4,70,0,0),(7,4,71,0,0),(7,4,72,0,0),(7,4,73,0,0),(7,4,74,0,0),(7,4,75,0,0),(7,4,76,0,0),(7,4,77,0,0),(7,4,78,0,0),(7,4,79,0,0),(7,4,80,0,0),(7,4,81,0,0),(7,4,82,0,0),(7,4,83,0,0),(7,4,84,0,0),(7,4,85,0,0),(7,4,86,0,0),(7,4,87,0,0),(7,4,88,0,0),(7,4,89,0,0),(7,4,90,0,1),(7,4,91,0,1),(7,4,92,0,0),(7,4,93,0,0),(7,4,94,0,0),(7,4,95,0,0),(7,4,96,0,0),(7,4,97,0,0),(7,4,98,0,0),(7,4,99,0,0),(7,4,100,0,0),(7,4,101,0,0),(7,4,102,0,0),(7,4,103,0,0),(7,4,104,0,0),(7,4,105,0,0),(7,4,106,0,0),(7,4,107,0,0),(7,4,108,0,0),(7,4,109,0,0),(7,8,204,0,0),(7,8,205,0,1),(7,8,206,0,1),(7,8,207,0,0),(7,8,208,0,0),(7,8,209,0,0),(7,8,210,0,1),(7,8,211,0,1),(7,8,212,0,0),(7,8,213,0,0),(7,8,214,0,0),(7,8,215,0,1),(7,8,216,0,0),(7,8,217,0,0),(7,8,218,0,0),(7,29,474,0,0),(7,29,478,0,0),(7,29,479,0,0),(7,29,481,0,0),(7,29,488,0,0),(7,29,489,0,0),(7,29,490,0,0),(7,29,491,0,0),(7,29,493,0,0),(7,29,494,0,0),(7,29,495,0,0),(7,29,496,0,0),(7,29,497,0,0),(7,29,502,0,0),(7,29,503,0,0),(7,29,504,0,0),(7,29,505,0,0),(7,29,559,0,0),(7,4,701,0,1),(7,29,750,0,0),(7,51,751,0,0),(7,51,752,0,0),(7,51,753,0,0),(7,51,754,0,0),(7,51,755,0,1),(7,51,756,0,1),(7,52,757,0,0),(7,52,758,0,0),(7,52,759,0,0),(7,52,760,0,0),(7,52,761,0,1),(7,52,762,0,1),(7,53,763,0,0),(7,53,764,0,0),(7,53,765,0,0),(7,53,766,0,0),(7,53,767,0,1),(7,53,768,0,1),(7,54,769,0,0),(7,54,770,0,0),(7,54,771,0,0),(7,54,772,0,0),(7,54,773,0,1),(7,54,774,0,1),(7,51,775,0,0),(7,51,776,0,0),(7,51,777,0,0),(7,51,778,0,0),(7,51,779,0,0),(7,51,780,0,0),(7,51,781,0,0),(7,51,782,0,0),(7,51,783,0,0),(7,51,784,0,0),(7,51,785,0,0),(7,51,786,0,0),(7,51,787,0,0),(7,51,788,0,0),(7,51,789,0,0),(7,51,790,0,0),(7,51,791,0,0),(7,51,792,0,0),(7,51,793,0,0),(7,51,794,0,0),(7,51,795,0,0),(7,51,796,0,0),(7,51,797,0,0),(7,52,798,0,0),(7,52,799,0,0),(7,52,800,0,0),(7,52,801,0,0),(7,52,802,0,0),(7,52,803,0,0),(7,52,804,0,0),(7,52,805,0,0),(7,52,806,0,0),(7,52,807,0,0),(7,52,808,0,0),(7,52,809,0,0),(7,52,810,0,0),(7,52,811,0,0),(7,52,812,0,0),(7,52,813,0,0),(7,52,814,0,0),(7,52,815,0,0),(7,52,816,0,0),(7,52,817,0,0),(7,52,818,0,0),(7,52,819,0,0),(7,52,820,0,0),(7,52,821,0,0),(7,52,822,0,0),(7,52,823,0,0),(7,53,824,0,0),(7,53,825,0,0),(7,53,826,0,0),(7,53,827,0,0),(7,53,828,0,0),(7,53,829,0,0),(7,53,830,0,0),(7,53,831,0,0),(7,53,832,0,0),(7,53,833,0,0),(7,53,834,0,0),(7,53,835,0,0),(7,53,836,0,0),(7,53,837,0,0),(7,53,838,0,0),(7,54,839,0,0),(7,54,840,0,0),(7,54,841,0,0),(7,54,842,0,0),(7,54,843,0,0),(7,54,844,0,0),(7,54,845,0,0),(7,54,846,0,0),(7,54,847,0,0),(7,54,848,0,0),(7,54,849,0,0),(7,54,850,0,0),(7,54,851,0,0),(7,54,852,0,0),(7,55,853,0,0),(7,55,854,0,0),(7,55,855,0,0),(7,55,856,0,0),(7,55,857,0,0),(7,55,858,0,0),(7,55,859,0,1),(7,55,860,0,1),(7,51,861,0,0),(7,52,862,0,0),(7,53,863,0,0),(7,51,864,0,0),(7,52,865,0,0),(7,53,866,0,0),(7,56,867,0,0),(7,56,868,0,0),(7,56,869,0,0),(7,56,870,0,0),(7,56,871,0,0),(7,56,872,0,0),(7,56,873,0,0),(7,56,874,0,0),(7,56,875,0,0),(7,56,876,0,0),(7,56,877,0,0),(7,56,878,0,0),(7,56,879,0,0),(7,56,880,0,0),(7,56,881,0,0),(7,56,882,0,0),(7,56,883,0,0),(7,56,884,0,0),(7,56,885,0,0),(7,56,886,0,0),(7,56,887,0,0),(7,57,888,0,0),(7,57,889,0,0),(7,57,890,0,0),(7,57,891,0,0),(7,57,892,0,0),(7,57,893,0,0),(7,57,894,0,0),(7,57,895,0,0),(7,57,896,0,0),(7,57,897,0,0),(7,57,898,0,0),(7,57,899,0,0),(7,57,900,0,0),(7,57,901,0,0),(7,57,902,0,0),(7,57,903,0,0),(7,57,904,0,0),(7,57,905,0,0),(7,57,906,0,0),(7,58,907,0,0),(7,58,908,0,0),(7,58,909,0,0),(7,58,910,0,0),(7,58,911,0,0),(7,58,912,0,0),(7,58,913,0,0),(7,58,914,0,0),(7,58,915,0,0),(7,58,916,0,0),(7,58,917,0,0),(7,58,918,0,0),(7,58,919,0,0),(7,58,920,0,0),(7,58,921,0,0),(7,58,922,0,0),(7,58,923,0,0),(7,58,924,0,0),(7,58,925,0,0),(7,58,926,0,0),(7,58,927,0,0),(7,58,928,0,0),(7,58,929,0,0),(7,59,930,0,0),(7,59,931,0,0),(7,59,932,0,0),(7,59,933,0,0),(7,59,934,0,0),(7,59,935,0,0),(7,59,936,0,0),(7,59,937,0,0),(7,59,938,0,0),(7,59,939,0,0),(7,59,940,0,0),(7,59,941,0,0),(7,59,942,0,0),(7,59,943,0,0),(7,59,944,0,0),(7,59,945,0,0),(7,59,946,0,0),(7,59,947,0,0),(7,59,948,0,0),(7,59,949,0,0),(7,59,950,0,0),(7,59,951,0,0),(7,59,952,0,0),(7,59,953,0,0),(7,60,954,0,0),(7,60,955,0,0),(7,60,956,0,0),(7,60,957,0,0),(7,60,958,0,0),(7,60,959,0,0),(7,60,960,0,0),(7,60,961,0,0),(7,60,962,0,0),(7,60,963,0,0),(7,60,964,0,0),(7,60,965,0,0),(7,60,966,0,0),(7,60,967,0,0),(7,60,968,0,0),(7,60,969,0,0),(7,61,970,0,0),(7,61,971,0,0),(7,61,972,0,0),(7,61,973,0,0),(7,61,974,0,0),(7,61,975,0,0),(7,61,976,0,0),(7,61,977,0,0),(7,61,978,0,0),(7,61,979,0,0),(7,61,980,0,0),(7,61,981,0,0),(7,61,982,0,0),(7,61,983,0,0),(7,61,984,0,0),(7,61,985,0,0),(7,61,986,0,0),(7,57,987,0,0),(7,56,988,0,0),(7,56,989,0,0),(7,59,990,0,0),(7,59,991,0,0),(7,58,992,0,0),(7,58,993,0,0),(7,62,994,0,0),(7,62,995,0,0),(7,62,996,0,0),(7,62,997,0,0),(7,62,998,0,0),(7,62,999,0,0),(7,62,1000,0,0),(7,62,1001,0,0),(7,62,1002,0,0),(7,62,1003,0,0),(7,62,1004,0,0),(7,62,1005,0,0),(7,62,1006,0,0),(7,62,1007,0,0),(7,62,1008,0,0),(7,62,1009,0,0),(7,62,1010,0,0),(7,62,1011,0,0),(7,62,1012,0,0),(7,62,1013,0,0),(7,62,1014,0,0),(7,62,1015,0,0),(7,62,1016,0,0),(7,62,1017,0,0),(7,62,1018,0,0),(8,4,66,0,0),(8,4,67,0,0),(8,4,68,0,0),(8,4,69,0,0),(8,4,70,0,0),(8,4,71,0,0),(8,4,72,0,0),(8,4,73,0,0),(8,4,74,0,0),(8,4,75,0,0),(8,4,76,0,0),(8,4,77,0,0),(8,4,78,0,0),(8,4,79,0,0),(8,4,80,0,0),(8,4,81,0,0),(8,4,82,0,0),(8,4,83,0,0),(8,4,84,0,0),(8,4,85,0,0),(8,4,86,0,0),(8,4,87,0,0),(8,4,88,0,0),(8,4,89,0,0),(8,4,90,0,1),(8,4,91,0,1),(8,4,92,0,0),(8,4,93,0,0),(8,4,94,0,0),(8,4,95,0,0),(8,4,96,0,0),(8,4,97,0,0),(8,4,98,0,0),(8,4,99,0,0),(8,4,100,0,0),(8,4,101,0,0),(8,4,102,0,0),(8,4,103,0,0),(8,4,104,0,0),(8,4,105,0,0),(8,4,106,0,0),(8,4,107,0,0),(8,4,108,0,0),(8,4,109,0,0),(8,8,204,0,0),(8,8,205,0,1),(8,8,206,0,1),(8,8,207,0,0),(8,8,208,0,0),(8,8,209,0,0),(8,8,210,0,1),(8,8,211,0,1),(8,8,212,0,0),(8,8,213,0,0),(8,8,214,0,0),(8,8,215,0,1),(8,8,216,0,0),(8,8,217,0,0),(8,8,218,0,0),(8,9,231,0,0),(8,9,232,0,0),(8,9,233,0,0),(8,9,234,0,0),(8,9,235,0,0),(8,9,236,0,0),(8,9,237,0,0),(8,9,238,0,0),(8,9,239,0,0),(8,9,240,0,0),(8,9,241,0,0),(8,9,242,0,0),(8,9,243,0,1),(8,9,244,0,1),(8,9,245,0,0),(8,9,246,0,0),(8,9,247,0,0),(8,9,248,0,0),(8,9,249,0,0),(8,9,250,0,0),(8,9,251,0,0),(8,9,252,0,0),(8,9,253,0,0),(8,9,254,0,0),(8,16,255,0,0),(8,16,256,0,0),(8,16,257,0,0),(8,16,258,0,0),(8,16,259,0,0),(8,16,260,0,0),(8,16,261,0,0),(8,16,262,0,0),(8,16,263,0,0),(8,16,264,0,0),(8,16,265,0,0),(8,16,266,0,0),(8,16,267,0,0),(8,16,268,0,0),(8,16,269,0,1),(8,16,270,0,1),(8,16,271,0,0),(8,16,272,0,0),(8,16,273,0,0),(8,16,274,0,0),(8,16,275,0,0),(8,16,276,0,0),(8,16,277,0,0),(8,29,474,0,0),(8,29,478,0,0),(8,29,479,0,0),(8,29,481,0,0),(8,29,488,0,0),(8,29,489,0,0),(8,29,490,0,0),(8,29,491,0,0),(8,29,493,0,0),(8,29,494,0,0),(8,29,495,0,0),(8,29,496,0,0),(8,29,497,0,0),(8,29,502,0,0),(8,29,503,0,0),(8,29,504,0,0),(8,29,505,0,0),(8,29,559,0,0),(8,4,701,0,1),(8,9,729,0,1),(8,29,750,0,0),(8,51,751,0,0),(8,51,752,0,0),(8,51,753,0,0),(8,51,754,0,0),(8,51,755,0,1),(8,51,756,0,1),(8,52,757,0,0),(8,52,758,0,0),(8,52,759,0,0),(8,52,760,0,0),(8,52,761,0,1),(8,52,762,0,1),(8,53,763,0,0),(8,53,764,0,0),(8,53,765,0,0),(8,53,766,0,0),(8,53,767,0,1),(8,53,768,0,1),(8,54,769,0,0),(8,54,770,0,0),(8,54,771,0,0),(8,54,772,0,0),(8,54,773,0,1),(8,54,774,0,1),(8,51,775,0,0),(8,51,776,0,0),(8,51,777,0,0),(8,51,778,0,0),(8,51,779,0,0),(8,51,780,0,0),(8,51,781,0,0),(8,51,782,0,0),(8,51,783,0,0),(8,51,784,0,0),(8,51,785,0,0),(8,51,786,0,0),(8,51,787,0,0),(8,51,788,0,0),(8,51,789,0,0),(8,51,790,0,0),(8,51,791,0,0),(8,51,792,0,0),(8,51,793,0,0),(8,51,794,0,0),(8,51,795,0,0),(8,51,796,0,0),(8,51,797,0,0),(8,52,798,0,0),(8,52,799,0,0),(8,52,800,0,0),(8,52,801,0,0),(8,52,802,0,0),(8,52,803,0,0),(8,52,804,0,0),(8,52,805,0,0),(8,52,806,0,0),(8,52,807,0,0),(8,52,808,0,0),(8,52,809,0,0),(8,52,810,0,0),(8,52,811,0,0),(8,52,812,0,0),(8,52,813,0,0),(8,52,814,0,0),(8,52,815,0,0),(8,52,816,0,0),(8,52,817,0,0),(8,52,818,0,0),(8,52,819,0,0),(8,52,820,0,0),(8,52,821,0,0),(8,52,822,0,0),(8,52,823,0,0),(8,53,824,0,0),(8,53,825,0,0),(8,53,826,0,0),(8,53,827,0,0),(8,53,828,0,0),(8,53,829,0,0),(8,53,830,0,0),(8,53,831,0,0),(8,53,832,0,0),(8,53,833,0,0),(8,53,834,0,0),(8,53,835,0,0),(8,53,836,0,0),(8,53,837,0,0),(8,53,838,0,0),(8,54,839,0,0),(8,54,840,0,0),(8,54,841,0,0),(8,54,842,0,0),(8,54,843,0,0),(8,54,844,0,0),(8,54,845,0,0),(8,54,846,0,0),(8,54,847,0,0),(8,54,848,0,0),(8,54,849,0,0),(8,54,850,0,0),(8,54,851,0,0),(8,54,852,0,0),(8,55,853,0,0),(8,55,854,0,0),(8,55,855,0,0),(8,55,856,0,0),(8,55,857,0,0),(8,55,858,0,0),(8,55,859,0,1),(8,55,860,0,1),(8,51,861,0,0),(8,52,862,0,0),(8,53,863,0,0),(8,51,864,0,0),(8,52,865,0,0),(8,53,866,0,0),(8,56,867,0,0),(8,56,868,0,0),(8,56,869,0,0),(8,56,870,0,0),(8,56,871,0,1),(8,56,872,0,1),(8,56,873,0,0),(8,56,874,0,0),(8,56,875,0,0),(8,56,876,0,0),(8,56,877,0,0),(8,56,878,0,0),(8,56,879,0,0),(8,56,880,0,0),(8,56,881,0,0),(8,56,882,0,0),(8,56,883,0,0),(8,56,884,0,0),(8,56,885,0,0),(8,56,886,0,0),(8,56,887,0,0),(8,57,888,0,0),(8,57,889,0,0),(8,57,890,0,0),(8,57,891,0,1),(8,57,892,0,1),(8,57,893,0,0),(8,57,894,0,0),(8,57,895,0,0),(8,57,896,0,0),(8,57,897,0,0),(8,57,898,0,0),(8,57,899,0,0),(8,57,900,0,0),(8,57,901,0,0),(8,57,902,0,0),(8,57,903,0,0),(8,57,904,0,0),(8,57,905,0,0),(8,57,906,0,0),(8,58,907,0,0),(8,58,908,0,0),(8,58,909,0,0),(8,58,910,0,1),(8,58,911,0,1),(8,58,912,0,0),(8,58,913,0,0),(8,58,914,0,0),(8,58,915,0,0),(8,58,916,0,0),(8,58,917,0,0),(8,58,918,0,0),(8,58,919,0,0),(8,58,920,0,0),(8,58,921,0,0),(8,58,922,0,0),(8,58,923,0,0),(8,58,924,0,0),(8,58,925,0,0),(8,58,926,0,0),(8,58,927,0,0),(8,58,928,0,0),(8,58,929,0,0),(8,59,930,0,0),(8,59,931,0,0),(8,59,932,0,0),(8,59,933,0,1),(8,59,934,0,1),(8,59,935,0,0),(8,59,936,0,0),(8,59,937,0,0),(8,59,938,0,0),(8,59,939,0,0),(8,59,940,0,0),(8,59,941,0,0),(8,59,942,0,0),(8,59,943,0,0),(8,59,944,0,0),(8,59,945,0,0),(8,59,946,0,0),(8,59,947,0,0),(8,59,948,0,0),(8,59,949,0,0),(8,59,950,0,0),(8,59,951,0,0),(8,59,952,0,0),(8,59,953,0,0),(8,60,954,0,0),(8,60,955,0,0),(8,60,956,0,0),(8,60,957,0,1),(8,60,958,0,1),(8,60,959,0,0),(8,60,960,0,0),(8,60,961,0,0),(8,60,962,0,0),(8,60,963,0,0),(8,60,964,0,0),(8,60,965,0,0),(8,60,966,0,0),(8,60,967,0,0),(8,60,968,0,0),(8,60,969,0,0),(8,61,970,0,0),(8,61,971,0,0),(8,61,972,0,0),(8,61,973,0,1),(8,61,974,0,1),(8,61,975,0,0),(8,61,976,0,0),(8,61,977,0,0),(8,61,978,0,0),(8,61,979,0,0),(8,61,980,0,0),(8,61,981,0,0),(8,61,982,0,0),(8,61,983,0,0),(8,61,984,0,0),(8,61,985,0,0),(8,61,986,0,0),(8,57,987,0,0),(8,56,988,0,1),(8,56,989,0,0),(8,59,990,0,1),(8,59,991,0,0),(8,58,992,0,1),(8,58,993,0,0),(8,62,994,0,0),(8,62,995,0,0),(8,62,996,0,0),(8,62,997,0,0),(8,62,998,0,0),(8,62,999,0,1),(8,62,1000,0,1),(8,62,1001,0,0),(8,62,1002,0,0),(8,62,1003,0,0),(8,62,1004,0,0),(8,62,1005,0,0),(8,62,1006,0,0),(8,62,1007,0,0),(8,62,1008,0,0),(8,62,1009,0,0),(8,62,1010,0,0),(8,62,1011,0,0),(8,62,1012,0,0),(8,62,1013,0,0),(8,62,1014,0,0),(8,62,1015,0,0),(8,62,1016,0,0),(8,62,1017,0,0),(8,62,1018,0,0),(9,4,66,0,0),(9,4,67,0,0),(9,4,68,0,0),(9,4,69,0,0),(9,4,70,0,0),(9,4,71,0,0),(9,4,72,0,0),(9,4,73,0,0),(9,4,74,0,0),(9,4,75,0,0),(9,4,76,0,0),(9,4,77,0,0),(9,4,78,0,0),(9,4,79,0,0),(9,4,80,0,0),(9,4,81,0,0),(9,4,82,0,0),(9,4,83,0,0),(9,4,84,0,0),(9,4,85,0,0),(9,4,86,0,0),(9,4,87,0,0),(9,4,88,0,0),(9,4,89,0,0),(9,4,90,0,1),(9,4,91,0,1),(9,4,92,0,0),(9,4,93,0,0),(9,4,94,0,0),(9,4,95,0,0),(9,4,96,0,0),(9,4,97,0,0),(9,4,98,0,0),(9,4,99,0,0),(9,4,100,0,0),(9,4,101,0,0),(9,4,102,0,0),(9,4,103,0,0),(9,4,104,0,0),(9,4,105,0,0),(9,4,106,0,0),(9,4,107,0,0),(9,4,108,0,0),(9,4,109,0,0),(9,8,204,0,0),(9,8,205,0,1),(9,8,206,0,1),(9,8,207,0,0),(9,8,208,0,0),(9,8,209,0,0),(9,8,210,0,1),(9,8,211,0,1),(9,8,212,0,0),(9,8,213,0,0),(9,8,214,0,0),(9,8,215,0,1),(9,8,216,0,0),(9,8,217,0,0),(9,8,218,0,0),(9,9,231,0,0),(9,9,232,0,0),(9,9,233,0,0),(9,9,234,0,0),(9,9,235,0,0),(9,9,236,0,0),(9,9,237,0,0),(9,9,238,0,0),(9,9,239,0,0),(9,9,240,0,0),(9,9,241,0,0),(9,9,242,0,0),(9,9,243,0,1),(9,9,244,0,1),(9,9,245,0,0),(9,9,246,0,0),(9,9,247,0,0),(9,9,248,0,0),(9,9,249,0,0),(9,9,250,0,0),(9,9,251,0,0),(9,9,252,0,0),(9,9,253,0,0),(9,9,254,0,0),(9,16,255,0,0),(9,16,256,0,0),(9,16,257,0,0),(9,16,258,0,0),(9,16,259,0,0),(9,16,260,0,0),(9,16,261,0,0),(9,16,262,0,0),(9,16,263,0,0),(9,16,264,0,0),(9,16,265,0,0),(9,16,266,0,0),(9,16,267,0,0),(9,16,268,0,0),(9,16,269,0,1),(9,16,270,0,1),(9,16,271,0,0),(9,16,272,0,0),(9,16,273,0,0),(9,16,274,0,0),(9,16,275,0,0),(9,16,276,0,0),(9,16,277,0,0),(9,29,474,0,0),(9,29,478,0,0),(9,29,479,0,0),(9,29,481,0,0),(9,29,488,0,0),(9,29,489,0,0),(9,29,490,0,0),(9,29,491,0,0),(9,29,493,0,0),(9,29,494,0,0),(9,29,495,0,0),(9,29,496,0,0),(9,29,497,0,0),(9,29,502,0,0),(9,29,503,0,0),(9,29,504,0,0),(9,29,505,0,0),(9,29,559,0,0),(9,4,701,0,1),(9,9,729,0,1),(9,29,750,0,0),(9,51,751,0,0),(9,51,752,0,0),(9,51,753,0,0),(9,51,754,0,0),(9,51,755,0,1),(9,51,756,0,1),(9,52,757,0,0),(9,52,758,0,0),(9,52,759,0,0),(9,52,760,0,0),(9,52,761,0,1),(9,52,762,0,1),(9,53,763,0,0),(9,53,764,0,0),(9,53,765,0,0),(9,53,766,0,0),(9,53,767,0,1),(9,53,768,0,1),(9,54,769,0,0),(9,54,770,0,0),(9,54,771,0,0),(9,54,772,0,0),(9,54,773,0,1),(9,54,774,0,1),(9,51,775,0,0),(9,51,776,0,0),(9,51,777,0,0),(9,51,778,0,0),(9,51,779,0,0),(9,51,780,0,0),(9,51,781,0,0),(9,51,782,0,0),(9,51,783,0,0),(9,51,784,0,0),(9,51,785,0,0),(9,51,786,0,0),(9,51,787,0,0),(9,51,788,0,0),(9,51,789,0,0),(9,51,790,0,0),(9,51,791,0,0),(9,51,792,0,0),(9,51,793,0,0),(9,51,794,0,0),(9,51,795,0,0),(9,51,796,0,0),(9,51,797,0,0),(9,52,798,0,0),(9,52,799,0,0),(9,52,800,0,0),(9,52,801,0,0),(9,52,802,0,0),(9,52,803,0,0),(9,52,804,0,0),(9,52,805,0,0),(9,52,806,0,0),(9,52,807,0,0),(9,52,808,0,0),(9,52,809,0,0),(9,52,810,0,0),(9,52,811,0,0),(9,52,812,0,0),(9,52,813,0,0),(9,52,814,0,0),(9,52,815,0,0),(9,52,816,0,0),(9,52,817,0,0),(9,52,818,0,0),(9,52,819,0,0),(9,52,820,0,0),(9,52,821,0,0),(9,52,822,0,0),(9,52,823,0,0),(9,53,824,0,0),(9,53,825,0,0),(9,53,826,0,0),(9,53,827,0,0),(9,53,828,0,0),(9,53,829,0,0),(9,53,830,0,0),(9,53,831,0,0),(9,53,832,0,0),(9,53,833,0,0),(9,53,834,0,0),(9,53,835,0,0),(9,53,836,0,0),(9,53,837,0,0),(9,53,838,0,0),(9,54,839,0,0),(9,54,840,0,0),(9,54,841,0,0),(9,54,842,0,0),(9,54,843,0,0),(9,54,844,0,0),(9,54,845,0,0),(9,54,846,0,0),(9,54,847,0,0),(9,54,848,0,0),(9,54,849,0,0),(9,54,850,0,0),(9,54,851,0,0),(9,54,852,0,0),(9,55,853,0,0),(9,55,854,0,0),(9,55,855,0,0),(9,55,856,0,0),(9,55,857,0,0),(9,55,858,0,0),(9,55,859,0,1),(9,55,860,0,1),(9,51,861,0,0),(9,52,862,0,0),(9,53,863,0,0),(9,51,864,0,0),(9,52,865,0,0),(9,53,866,0,0),(9,56,867,0,0),(9,56,868,0,0),(9,56,869,0,0),(9,56,870,0,0),(9,56,871,0,0),(9,56,872,0,0),(9,56,873,0,0),(9,56,874,0,0),(9,56,875,0,0),(9,56,876,0,0),(9,56,877,0,0),(9,56,878,0,0),(9,56,879,0,0),(9,56,880,0,0),(9,56,881,0,0),(9,56,882,0,0),(9,56,883,0,0),(9,56,884,0,0),(9,56,885,0,0),(9,56,886,0,0),(9,56,887,0,0),(9,57,888,0,0),(9,57,889,0,0),(9,57,890,0,0),(9,57,891,0,0),(9,57,892,0,0),(9,57,893,0,0),(9,57,894,0,0),(9,57,895,0,0),(9,57,896,0,0),(9,57,897,0,0),(9,57,898,0,0),(9,57,899,0,0),(9,57,900,0,0),(9,57,901,0,0),(9,57,902,0,0),(9,57,903,0,0),(9,57,904,0,0),(9,57,905,0,0),(9,57,906,0,0),(9,58,907,0,0),(9,58,908,0,0),(9,58,909,0,0),(9,58,910,0,0),(9,58,911,0,0),(9,58,912,0,0),(9,58,913,0,0),(9,58,914,0,0),(9,58,915,0,0),(9,58,916,0,0),(9,58,917,0,0),(9,58,918,0,0),(9,58,919,0,0),(9,58,920,0,0),(9,58,921,0,0),(9,58,922,0,0),(9,58,923,0,0),(9,58,924,0,0),(9,58,925,0,0),(9,58,926,0,0),(9,58,927,0,0),(9,58,928,0,0),(9,58,929,0,0),(9,59,930,0,0),(9,59,931,0,0),(9,59,932,0,0),(9,59,933,0,0),(9,59,934,0,0),(9,59,935,0,0),(9,59,936,0,0),(9,59,937,0,0),(9,59,938,0,0),(9,59,939,0,0),(9,59,940,0,0),(9,59,941,0,0),(9,59,942,0,0),(9,59,943,0,0),(9,59,944,0,0),(9,59,945,0,0),(9,59,946,0,0),(9,59,947,0,0),(9,59,948,0,0),(9,59,949,0,0),(9,59,950,0,0),(9,59,951,0,0),(9,59,952,0,0),(9,59,953,0,0),(9,60,954,0,0),(9,60,955,0,0),(9,60,956,0,0),(9,60,957,0,0),(9,60,958,0,0),(9,60,959,0,0),(9,60,960,0,0),(9,60,961,0,0),(9,60,962,0,0),(9,60,963,0,0),(9,60,964,0,0),(9,60,965,0,0),(9,60,966,0,0),(9,60,967,0,0),(9,60,968,0,0),(9,60,969,0,0),(9,61,970,0,0),(9,61,971,0,0),(9,61,972,0,0),(9,61,973,0,0),(9,61,974,0,0),(9,61,975,0,0),(9,61,976,0,0),(9,61,977,0,0),(9,61,978,0,0),(9,61,979,0,0),(9,61,980,0,0),(9,61,981,0,0),(9,61,982,0,0),(9,61,983,0,0),(9,61,984,0,0),(9,61,985,0,0),(9,61,986,0,0),(9,57,987,0,0),(9,56,988,0,0),(9,56,989,0,0),(9,59,990,0,0),(9,59,991,0,0),(9,58,992,0,0),(9,58,993,0,0),(9,62,994,0,0),(9,62,995,0,0),(9,62,996,0,0),(9,62,997,0,0),(9,62,998,0,0),(9,62,999,0,0),(9,62,1000,0,0),(9,62,1001,0,0),(9,62,1002,0,0),(9,62,1003,0,0),(9,62,1004,0,0),(9,62,1005,0,0),(9,62,1006,0,0),(9,62,1007,0,0),(9,62,1008,0,0),(9,62,1009,0,0),(9,62,1010,0,0),(9,62,1011,0,0),(9,62,1012,0,0),(9,62,1013,0,0),(9,62,1014,0,0),(9,62,1015,0,0),(9,62,1016,0,0),(9,62,1017,0,0),(9,62,1018,0,0),(10,4,66,0,0),(10,4,67,0,0),(10,4,68,0,0),(10,4,69,0,0),(10,4,70,0,0),(10,4,71,0,0),(10,4,72,0,0),(10,4,73,0,0),(10,4,74,0,0),(10,4,75,0,0),(10,4,76,0,0),(10,4,77,0,0),(10,4,78,0,0),(10,4,79,0,0),(10,4,80,0,0),(10,4,81,0,0),(10,4,82,0,0),(10,4,83,0,0),(10,4,84,0,0),(10,4,85,0,0),(10,4,86,0,0),(10,4,87,0,0),(10,4,88,0,0),(10,4,89,0,0),(10,4,90,0,1),(10,4,91,0,1),(10,4,92,0,0),(10,4,93,0,0),(10,4,94,0,0),(10,4,95,0,0),(10,4,96,0,0),(10,4,97,0,0),(10,4,98,0,0),(10,4,99,0,0),(10,4,100,0,0),(10,4,101,0,0),(10,4,102,0,0),(10,4,103,0,0),(10,4,104,0,0),(10,4,105,0,0),(10,4,106,0,0),(10,4,107,0,0),(10,4,108,0,0),(10,4,109,0,0),(10,8,204,0,0),(10,8,205,0,1),(10,8,206,0,1),(10,8,207,0,0),(10,8,208,0,0),(10,8,209,0,0),(10,8,210,0,1),(10,8,211,0,1),(10,8,212,0,0),(10,8,213,0,0),(10,8,214,0,0),(10,8,215,0,1),(10,8,216,0,0),(10,8,217,0,0),(10,8,218,0,0),(10,29,474,0,0),(10,29,478,0,0),(10,29,479,0,0),(10,29,481,0,0),(10,29,488,0,0),(10,29,489,0,0),(10,29,490,0,0),(10,29,491,0,0),(10,29,493,0,0),(10,29,494,0,0),(10,29,495,0,0),(10,29,496,0,0),(10,29,497,0,0),(10,29,502,0,0),(10,29,503,0,0),(10,29,504,0,0),(10,29,505,0,0),(10,29,559,0,0),(10,4,701,0,1),(10,29,750,0,0),(10,51,751,0,0),(10,51,752,0,0),(10,51,753,0,0),(10,51,754,0,0),(10,51,755,0,1),(10,51,756,0,1),(10,52,757,0,0),(10,52,758,0,0),(10,52,759,0,0),(10,52,760,0,0),(10,52,761,0,1),(10,52,762,0,1),(10,53,763,0,0),(10,53,764,0,0),(10,53,765,0,0),(10,53,766,0,0),(10,53,767,0,1),(10,53,768,0,1),(10,54,769,0,0),(10,54,770,0,0),(10,54,771,0,0),(10,54,772,0,0),(10,54,773,0,1),(10,54,774,0,1),(10,51,775,0,0),(10,51,776,0,0),(10,51,777,0,0),(10,51,778,0,0),(10,51,779,0,0),(10,51,780,0,0),(10,51,781,0,0),(10,51,782,0,0),(10,51,783,0,0),(10,51,784,0,0),(10,51,785,0,0),(10,51,786,0,0),(10,51,787,0,0),(10,51,788,0,0),(10,51,789,0,0),(10,51,790,0,0),(10,51,791,0,0),(10,51,792,0,0),(10,51,793,0,0),(10,51,794,0,0),(10,51,795,0,0),(10,51,796,0,0),(10,51,797,0,0),(10,52,798,0,0),(10,52,799,0,0),(10,52,800,0,0),(10,52,801,0,0),(10,52,802,0,0),(10,52,803,0,0),(10,52,804,0,0),(10,52,805,0,0),(10,52,806,0,0),(10,52,807,0,0),(10,52,808,0,0),(10,52,809,0,0),(10,52,810,0,0),(10,52,811,0,0),(10,52,812,0,0),(10,52,813,0,0),(10,52,814,0,0),(10,52,815,0,0),(10,52,816,0,0),(10,52,817,0,0),(10,52,818,0,0),(10,52,819,0,0),(10,52,820,0,0),(10,52,821,0,0),(10,52,822,0,0),(10,52,823,0,0),(10,53,824,0,0),(10,53,825,0,0),(10,53,826,0,0),(10,53,827,0,0),(10,53,828,0,0),(10,53,829,0,0),(10,53,830,0,0),(10,53,831,0,0),(10,53,832,0,0),(10,53,833,0,0),(10,53,834,0,0),(10,53,835,0,0),(10,53,836,0,0),(10,53,837,0,0),(10,53,838,0,0),(10,54,839,0,0),(10,54,840,0,0),(10,54,841,0,0),(10,54,842,0,0),(10,54,843,0,0),(10,54,844,0,0),(10,54,845,0,0),(10,54,846,0,0),(10,54,847,0,0),(10,54,848,0,0),(10,54,849,0,0),(10,54,850,0,0),(10,54,851,0,0),(10,54,852,0,0),(10,55,853,0,0),(10,55,854,0,0),(10,55,855,0,0),(10,55,856,0,0),(10,55,857,0,0),(10,55,858,0,0),(10,55,859,0,1),(10,55,860,0,1),(10,51,861,0,0),(10,52,862,0,0),(10,53,863,0,0),(10,51,864,0,0),(10,52,865,0,0),(10,53,866,0,0),(10,56,867,0,0),(10,56,868,0,0),(10,56,869,0,0),(10,56,870,0,0),(10,56,871,0,0),(10,56,872,0,0),(10,56,873,0,0),(10,56,874,0,0),(10,56,875,0,0),(10,56,876,0,0),(10,56,877,0,0),(10,56,878,0,0),(10,56,879,0,0),(10,56,880,0,0),(10,56,881,0,0),(10,56,882,0,0),(10,56,883,0,0),(10,56,884,0,0),(10,56,885,0,0),(10,56,886,0,0),(10,56,887,0,0),(10,57,888,0,0),(10,57,889,0,0),(10,57,890,0,0),(10,57,891,0,0),(10,57,892,0,0),(10,57,893,0,0),(10,57,894,0,0),(10,57,895,0,0),(10,57,896,0,0),(10,57,897,0,0),(10,57,898,0,0),(10,57,899,0,0),(10,57,900,0,0),(10,57,901,0,0),(10,57,902,0,0),(10,57,903,0,0),(10,57,904,0,0),(10,57,905,0,0),(10,57,906,0,0),(10,58,907,0,0),(10,58,908,0,0),(10,58,909,0,0),(10,58,910,0,0),(10,58,911,0,0),(10,58,912,0,0),(10,58,913,0,0),(10,58,914,0,0),(10,58,915,0,0),(10,58,916,0,0),(10,58,917,0,0),(10,58,918,0,0),(10,58,919,0,0),(10,58,920,0,0),(10,58,921,0,0),(10,58,922,0,0),(10,58,923,0,0),(10,58,924,0,0),(10,58,925,0,0),(10,58,926,0,0),(10,58,927,0,0),(10,58,928,0,0),(10,58,929,0,0),(10,59,930,0,0),(10,59,931,0,0),(10,59,932,0,0),(10,59,933,0,0),(10,59,934,0,0),(10,59,935,0,0),(10,59,936,0,0),(10,59,937,0,0),(10,59,938,0,0),(10,59,939,0,0),(10,59,940,0,0),(10,59,941,0,0),(10,59,942,0,0),(10,59,943,0,0),(10,59,944,0,0),(10,59,945,0,0),(10,59,946,0,0),(10,59,947,0,0),(10,59,948,0,0),(10,59,949,0,0),(10,59,950,0,0),(10,59,951,0,0),(10,59,952,0,0),(10,59,953,0,0),(10,60,954,0,0),(10,60,955,0,0),(10,60,956,0,0),(10,60,957,0,0),(10,60,958,0,0),(10,60,959,0,0),(10,60,960,0,0),(10,60,961,0,0),(10,60,962,0,0),(10,60,963,0,0),(10,60,964,0,0),(10,60,965,0,0),(10,60,966,0,0),(10,60,967,0,0),(10,60,968,0,0),(10,60,969,0,0),(10,61,970,0,0),(10,61,971,0,0),(10,61,972,0,0),(10,61,973,0,0),(10,61,974,0,0),(10,61,975,0,0),(10,61,976,0,0),(10,61,977,0,0),(10,61,978,0,0),(10,61,979,0,0),(10,61,980,0,0),(10,61,981,0,0),(10,61,982,0,0),(10,61,983,0,0),(10,61,984,0,0),(10,61,985,0,0),(10,61,986,0,0),(10,57,987,0,0),(10,56,988,0,0),(10,56,989,0,0),(10,59,990,0,0),(10,59,991,0,0),(10,58,992,0,0),(10,58,993,0,0),(10,62,994,0,0),(10,62,995,0,0),(10,62,996,0,0),(10,62,997,0,0),(10,62,998,0,0),(10,62,999,0,0),(10,62,1000,0,0),(10,62,1001,0,0),(10,62,1002,0,0),(10,62,1003,0,0),(10,62,1004,0,0),(10,62,1005,0,0),(10,62,1006,0,0),(10,62,1007,0,0),(10,62,1008,0,0),(10,62,1009,0,0),(10,62,1010,0,0),(10,62,1011,0,0),(10,62,1012,0,0),(10,62,1013,0,0),(10,62,1014,0,0),(10,62,1015,0,0),(10,62,1016,0,0),(10,62,1017,0,0),(10,62,1018,0,0),(11,4,66,0,0),(11,4,67,0,0),(11,4,68,0,0),(11,4,69,0,0),(11,4,70,0,0),(11,4,71,0,0),(11,4,72,0,0),(11,4,73,0,0),(11,4,74,0,0),(11,4,75,0,0),(11,4,76,0,0),(11,4,77,0,0),(11,4,78,0,0),(11,4,79,0,0),(11,4,80,0,0),(11,4,81,0,0),(11,4,82,0,0),(11,4,83,0,0),(11,4,84,0,0),(11,4,85,0,0),(11,4,86,0,0),(11,4,87,0,0),(11,4,88,0,0),(11,4,89,0,0),(11,4,90,0,1),(11,4,91,0,1),(11,4,92,0,0),(11,4,93,0,0),(11,4,94,0,0),(11,4,95,0,0),(11,4,96,0,0),(11,4,97,0,0),(11,4,98,0,0),(11,4,99,0,0),(11,4,100,0,0),(11,4,101,0,0),(11,4,102,0,0),(11,4,103,0,0),(11,4,104,0,0),(11,4,105,0,0),(11,4,106,0,0),(11,4,107,0,0),(11,4,108,0,0),(11,4,109,0,0),(11,8,204,0,0),(11,8,205,0,1),(11,8,206,0,1),(11,8,207,0,0),(11,8,208,0,0),(11,8,209,0,0),(11,8,210,0,1),(11,8,211,0,1),(11,8,212,0,0),(11,8,213,0,0),(11,8,214,0,0),(11,8,215,0,1),(11,8,216,0,0),(11,8,217,0,0),(11,8,218,0,0),(11,9,231,0,0),(11,9,232,0,0),(11,9,233,0,0),(11,9,234,0,0),(11,9,235,0,0),(11,9,236,0,0),(11,9,237,0,0),(11,9,238,0,0),(11,9,239,0,0),(11,9,240,0,0),(11,9,241,0,0),(11,9,242,0,0),(11,9,243,0,1),(11,9,244,0,1),(11,9,245,0,0),(11,9,246,0,0),(11,9,247,0,0),(11,9,248,0,0),(11,9,249,0,0),(11,9,250,0,0),(11,9,251,0,0),(11,9,252,0,0),(11,9,253,0,0),(11,9,254,0,0),(11,16,255,0,0),(11,16,256,0,0),(11,16,257,0,0),(11,16,258,0,0),(11,16,259,0,0),(11,16,260,0,0),(11,16,261,0,0),(11,16,262,0,0),(11,16,263,0,0),(11,16,264,0,0),(11,16,265,0,0),(11,16,266,0,0),(11,16,267,0,0),(11,16,268,0,0),(11,16,269,0,1),(11,16,270,0,1),(11,16,271,0,0),(11,16,272,0,0),(11,16,273,0,0),(11,16,274,0,0),(11,16,275,0,0),(11,16,276,0,0),(11,16,277,0,0),(11,29,474,0,0),(11,29,478,0,0),(11,29,479,0,0),(11,29,481,0,0),(11,29,488,0,0),(11,29,489,0,0),(11,29,490,0,0),(11,29,491,0,0),(11,29,493,0,0),(11,29,494,0,0),(11,29,495,0,0),(11,29,496,0,0),(11,29,497,0,0),(11,29,502,0,0),(11,29,503,0,0),(11,29,504,0,0),(11,29,505,0,0),(11,29,559,0,0),(11,4,701,0,1),(11,9,729,0,1),(11,29,750,0,0),(11,51,751,0,0),(11,51,752,0,0),(11,51,753,0,0),(11,51,754,0,0),(11,51,755,0,1),(11,51,756,0,1),(11,52,757,0,0),(11,52,758,0,0),(11,52,759,0,0),(11,52,760,0,0),(11,52,761,0,1),(11,52,762,0,1),(11,53,763,0,0),(11,53,764,0,0),(11,53,765,0,0),(11,53,766,0,0),(11,53,767,0,1),(11,53,768,0,1),(11,54,769,0,0),(11,54,770,0,0),(11,54,771,0,0),(11,54,772,0,0),(11,54,773,0,1),(11,54,774,0,1),(11,51,775,0,0),(11,51,776,0,0),(11,51,777,0,0),(11,51,778,0,0),(11,51,779,0,0),(11,51,780,0,0),(11,51,781,0,0),(11,51,782,0,0),(11,51,783,0,0),(11,51,784,0,0),(11,51,785,0,0),(11,51,786,0,0),(11,51,787,0,0),(11,51,788,0,0),(11,51,789,0,0),(11,51,790,0,0),(11,51,791,0,0),(11,51,792,0,0),(11,51,793,0,0),(11,51,794,0,0),(11,51,795,0,0),(11,51,796,0,0),(11,51,797,0,0),(11,52,798,0,0),(11,52,799,0,0),(11,52,800,0,0),(11,52,801,0,0),(11,52,802,0,0),(11,52,803,0,0),(11,52,804,0,0),(11,52,805,0,0),(11,52,806,0,0),(11,52,807,0,0),(11,52,808,0,0),(11,52,809,0,0),(11,52,810,0,0),(11,52,811,0,0),(11,52,812,0,0),(11,52,813,0,0),(11,52,814,0,0),(11,52,815,0,0),(11,52,816,0,0),(11,52,817,0,0),(11,52,818,0,0),(11,52,819,0,0),(11,52,820,0,0),(11,52,821,0,0),(11,52,822,0,0),(11,52,823,0,0),(11,53,824,0,0),(11,53,825,0,0),(11,53,826,0,0),(11,53,827,0,0),(11,53,828,0,0),(11,53,829,0,0),(11,53,830,0,0),(11,53,831,0,0),(11,53,832,0,0),(11,53,833,0,0),(11,53,834,0,0),(11,53,835,0,0),(11,53,836,0,0),(11,53,837,0,0),(11,53,838,0,0),(11,54,839,0,0),(11,54,840,0,0),(11,54,841,0,0),(11,54,842,0,0),(11,54,843,0,0),(11,54,844,0,0),(11,54,845,0,0),(11,54,846,0,0),(11,54,847,0,0),(11,54,848,0,0),(11,54,849,0,0),(11,54,850,0,0),(11,54,851,0,0),(11,54,852,0,0),(11,55,853,0,0),(11,55,854,0,0),(11,55,855,0,0),(11,55,856,0,0),(11,55,857,0,0),(11,55,858,0,0),(11,55,859,0,1),(11,55,860,0,1),(11,51,861,0,0),(11,52,862,0,0),(11,53,863,0,0),(11,51,864,0,0),(11,52,865,0,0),(11,53,866,0,0),(11,56,867,0,0),(11,56,868,0,0),(11,56,869,0,0),(11,56,870,0,0),(11,56,871,0,1),(11,56,872,0,1),(11,56,873,0,0),(11,56,874,0,0),(11,56,875,0,0),(11,56,876,0,0),(11,56,877,0,0),(11,56,878,0,0),(11,56,879,0,0),(11,56,880,0,0),(11,56,881,0,0),(11,56,882,0,0),(11,56,883,0,0),(11,56,884,0,0),(11,56,885,0,0),(11,56,886,0,0),(11,56,887,0,0),(11,57,888,0,0),(11,57,889,0,0),(11,57,890,0,0),(11,57,891,0,1),(11,57,892,0,1),(11,57,893,0,0),(11,57,894,0,0),(11,57,895,0,0),(11,57,896,0,0),(11,57,897,0,0),(11,57,898,0,0),(11,57,899,0,0),(11,57,900,0,0),(11,57,901,0,0),(11,57,902,0,0),(11,57,903,0,0),(11,57,904,0,0),(11,57,905,0,0),(11,57,906,0,0),(11,58,907,0,0),(11,58,908,0,0),(11,58,909,0,0),(11,58,910,0,1),(11,58,911,0,1),(11,58,912,0,0),(11,58,913,0,0),(11,58,914,0,0),(11,58,915,0,0),(11,58,916,0,0),(11,58,917,0,0),(11,58,918,0,0),(11,58,919,0,0),(11,58,920,0,0),(11,58,921,0,0),(11,58,922,0,0),(11,58,923,0,0),(11,58,924,0,0),(11,58,925,0,0),(11,58,926,0,0),(11,58,927,0,0),(11,58,928,0,0),(11,58,929,0,0),(11,59,930,0,0),(11,59,931,0,0),(11,59,932,0,0),(11,59,933,0,1),(11,59,934,0,1),(11,59,935,0,0),(11,59,936,0,0),(11,59,937,0,0),(11,59,938,0,0),(11,59,939,0,0),(11,59,940,0,0),(11,59,941,0,0),(11,59,942,0,0),(11,59,943,0,0),(11,59,944,0,0),(11,59,945,0,0),(11,59,946,0,0),(11,59,947,0,0),(11,59,948,0,0),(11,59,949,0,0),(11,59,950,0,0),(11,59,951,0,0),(11,59,952,0,0),(11,59,953,0,0),(11,60,954,0,0),(11,60,955,0,0),(11,60,956,0,0),(11,60,957,0,1),(11,60,958,0,1),(11,60,959,0,0),(11,60,960,0,0),(11,60,961,0,0),(11,60,962,0,0),(11,60,963,0,0),(11,60,964,0,0),(11,60,965,0,0),(11,60,966,0,0),(11,60,967,0,0),(11,60,968,0,0),(11,60,969,0,0),(11,61,970,0,0),(11,61,971,0,0),(11,61,972,0,0),(11,61,973,0,1),(11,61,974,0,1),(11,61,975,0,0),(11,61,976,0,0),(11,61,977,0,0),(11,61,978,0,0),(11,61,979,0,0),(11,61,980,0,0),(11,61,981,0,0),(11,61,982,0,0),(11,61,983,0,0),(11,61,984,0,0),(11,61,985,0,0),(11,61,986,0,0),(11,57,987,0,0),(11,56,988,0,1),(11,56,989,0,0),(11,59,990,0,1),(11,59,991,0,0),(11,58,992,0,1),(11,58,993,0,0),(11,62,994,0,0),(11,62,995,0,0),(11,62,996,0,0),(11,62,997,0,0),(11,62,998,0,0),(11,62,999,0,1),(11,62,1000,0,1),(11,62,1001,0,0),(11,62,1002,0,0),(11,62,1003,0,0),(11,62,1004,0,0),(11,62,1005,0,0),(11,62,1006,0,0),(11,62,1007,0,0),(11,62,1008,0,0),(11,62,1009,0,0),(11,62,1010,0,0),(11,62,1011,0,0),(11,62,1012,0,0),(11,62,1013,0,0),(11,62,1014,0,0),(11,62,1015,0,0),(11,62,1016,0,0),(11,62,1017,0,0),(11,62,1018,0,0),(12,8,204,0,0),(12,8,205,0,1),(12,8,206,0,1),(12,8,207,0,0),(12,8,208,0,0),(12,8,209,0,0),(12,8,210,0,1),(12,8,211,0,1),(12,8,212,0,0),(12,8,213,0,0),(12,8,214,0,0),(12,8,215,0,1),(12,8,216,0,0),(12,8,217,0,0),(12,8,218,0,0),(12,9,231,0,0),(12,9,232,0,0),(12,9,233,0,0),(12,9,234,0,0),(12,9,235,0,0),(12,9,236,0,0),(12,9,237,0,0),(12,9,238,0,0),(12,9,239,0,0),(12,9,240,0,0),(12,9,241,0,0),(12,9,242,0,0),(12,9,243,0,1),(12,9,244,0,1),(12,9,245,0,0),(12,9,246,0,0),(12,9,247,0,0),(12,9,248,0,0),(12,9,249,0,0),(12,9,250,0,0),(12,9,251,0,0),(12,9,252,0,0),(12,9,253,0,0),(12,9,254,0,0),(12,16,255,0,0),(12,16,256,0,0),(12,16,257,0,0),(12,16,258,0,0),(12,16,259,0,0),(12,16,260,0,0),(12,16,261,0,0),(12,16,262,0,0),(12,16,263,0,0),(12,16,264,0,0),(12,16,265,0,0),(12,16,266,0,0),(12,16,267,0,0),(12,16,268,0,0),(12,16,269,0,1),(12,16,270,0,1),(12,16,271,0,0),(12,16,272,0,0),(12,16,273,0,0),(12,16,274,0,0),(12,16,275,0,0),(12,16,276,0,0),(12,16,277,0,0),(12,29,474,0,0),(12,29,478,0,0),(12,29,479,0,0),(12,29,481,0,0),(12,29,488,0,0),(12,29,489,0,0),(12,29,490,0,0),(12,29,491,0,0),(12,29,493,0,0),(12,29,494,0,0),(12,29,495,0,0),(12,29,496,0,0),(12,29,497,0,0),(12,29,502,0,0),(12,29,503,0,0),(12,29,504,0,0),(12,29,505,0,0),(12,29,559,0,0),(12,9,729,0,1),(12,29,750,0,0),(12,51,751,0,0),(12,51,752,0,0),(12,51,753,0,0),(12,51,754,0,0),(12,51,755,0,1),(12,51,756,0,1),(12,52,757,0,0),(12,52,758,0,0),(12,52,759,0,0),(12,52,760,0,0),(12,52,761,0,1),(12,52,762,0,1),(12,53,763,0,0),(12,53,764,0,0),(12,53,765,0,0),(12,53,766,0,0),(12,53,767,0,1),(12,53,768,0,1),(12,54,769,0,0),(12,54,770,0,0),(12,54,771,0,0),(12,54,772,0,0),(12,54,773,0,1),(12,54,774,0,1),(12,51,775,0,0),(12,51,776,0,0),(12,51,777,0,0),(12,51,778,0,0),(12,51,779,0,0),(12,51,780,0,0),(12,51,781,0,0),(12,51,782,0,0),(12,51,783,0,0),(12,51,784,0,0),(12,51,785,0,0),(12,51,786,0,0),(12,51,787,0,0),(12,51,788,0,0),(12,51,789,0,0),(12,51,790,0,0),(12,51,791,0,0),(12,51,792,0,0),(12,51,793,0,0),(12,51,794,0,0),(12,51,795,0,0),(12,51,796,0,0),(12,51,797,0,0),(12,52,798,0,0),(12,52,799,0,0),(12,52,800,0,0),(12,52,801,0,0),(12,52,802,0,0),(12,52,803,0,0),(12,52,804,0,0),(12,52,805,0,0),(12,52,806,0,0),(12,52,807,0,0),(12,52,808,0,0),(12,52,809,0,0),(12,52,810,0,0),(12,52,811,0,0),(12,52,812,0,0),(12,52,813,0,0),(12,52,814,0,0),(12,52,815,0,0),(12,52,816,0,0),(12,52,817,0,0),(12,52,818,0,0),(12,52,819,0,0),(12,52,820,0,0),(12,52,821,0,0),(12,52,822,0,0),(12,52,823,0,0),(12,53,824,0,0),(12,53,825,0,0),(12,53,826,0,0),(12,53,827,0,0),(12,53,828,0,0),(12,53,829,0,0),(12,53,830,0,0),(12,53,831,0,0),(12,53,832,0,0),(12,53,833,0,0),(12,53,834,0,0),(12,53,835,0,0),(12,53,836,0,0),(12,53,837,0,0),(12,53,838,0,0),(12,54,839,0,0),(12,54,840,0,0),(12,54,841,0,0),(12,54,842,0,0),(12,54,843,0,0),(12,54,844,0,0),(12,54,845,0,0),(12,54,846,0,0),(12,54,847,0,0),(12,54,848,0,0),(12,54,849,0,0),(12,54,850,0,0),(12,54,851,0,0),(12,54,852,0,0),(12,55,853,0,0),(12,55,854,0,0),(12,55,855,0,0),(12,55,856,0,0),(12,55,857,0,0),(12,55,858,0,0),(12,55,859,0,1),(12,55,860,0,1),(12,51,861,0,0),(12,52,862,0,0),(12,53,863,0,0),(12,51,864,0,0),(12,52,865,0,0),(12,53,866,0,0),(12,56,867,0,0),(12,56,868,0,0),(12,56,869,0,0),(12,56,870,0,0),(12,56,871,0,1),(12,56,872,0,1),(12,56,873,0,0),(12,56,874,0,0),(12,56,875,0,0),(12,56,876,0,0),(12,56,877,0,0),(12,56,878,0,0),(12,56,879,0,0),(12,56,880,0,0),(12,56,881,0,0),(12,56,882,0,0),(12,56,883,0,0),(12,56,884,0,0),(12,56,885,0,0),(12,56,886,0,0),(12,56,887,0,0),(12,57,888,0,0),(12,57,889,0,0),(12,57,890,0,0),(12,57,891,0,0),(12,57,892,0,0),(12,57,893,0,0),(12,57,894,0,0),(12,57,895,0,0),(12,57,896,0,0),(12,57,897,0,0),(12,57,898,0,0),(12,57,899,0,0),(12,57,900,0,0),(12,57,901,0,0),(12,57,902,0,0),(12,57,903,0,0),(12,57,904,0,0),(12,57,905,0,0),(12,57,906,0,0),(12,58,907,0,0),(12,58,908,0,0),(12,58,909,0,0),(12,58,910,0,0),(12,58,911,0,0),(12,58,912,0,0),(12,58,913,0,0),(12,58,914,0,0),(12,58,915,0,0),(12,58,916,0,0),(12,58,917,0,0),(12,58,918,0,0),(12,58,919,0,0),(12,58,920,0,0),(12,58,921,0,0),(12,58,922,0,0),(12,58,923,0,0),(12,58,924,0,0),(12,58,925,0,0),(12,58,926,0,0),(12,58,927,0,0),(12,58,928,0,0),(12,58,929,0,0),(12,59,930,0,0),(12,59,931,0,0),(12,59,932,0,0),(12,59,933,0,0),(12,59,934,0,0),(12,59,935,0,0),(12,59,936,0,0),(12,59,937,0,0),(12,59,938,0,0),(12,59,939,0,0),(12,59,940,0,0),(12,59,941,0,0),(12,59,942,0,0),(12,59,943,0,0),(12,59,944,0,0),(12,59,945,0,0),(12,59,946,0,0),(12,59,947,0,0),(12,59,948,0,0),(12,59,949,0,0),(12,59,950,0,0),(12,59,951,0,0),(12,59,952,0,0),(12,59,953,0,0),(12,60,954,0,0),(12,60,955,0,0),(12,60,956,0,0),(12,60,957,0,0),(12,60,958,0,0),(12,60,959,0,0),(12,60,960,0,0),(12,60,961,0,0),(12,60,962,0,0),(12,60,963,0,0),(12,60,964,0,0),(12,60,965,0,0),(12,60,966,0,0),(12,60,967,0,0),(12,60,968,0,0),(12,60,969,0,0),(12,61,970,0,0),(12,61,971,0,0),(12,61,972,0,0),(12,61,973,0,0),(12,61,974,0,0),(12,61,975,0,0),(12,61,976,0,0),(12,61,977,0,0),(12,61,978,0,0),(12,61,979,0,0),(12,61,980,0,0),(12,61,981,0,0),(12,61,982,0,0),(12,61,983,0,0),(12,61,984,0,0),(12,61,985,0,0),(12,61,986,0,0),(12,57,987,0,0),(12,56,988,0,0),(12,56,989,0,0),(12,59,990,0,0),(12,59,991,0,0),(12,58,992,0,0),(12,58,993,0,0),(12,62,994,0,0),(12,62,995,0,0),(12,62,996,0,0),(12,62,997,0,0),(12,62,998,0,0),(12,62,999,0,0),(12,62,1000,0,0),(12,62,1001,0,0),(12,62,1002,0,0),(12,62,1003,0,0),(12,62,1004,0,0),(12,62,1005,0,0),(12,62,1006,0,0),(12,62,1007,0,0),(12,62,1008,0,0),(12,62,1009,0,0),(12,62,1010,0,0),(12,62,1011,0,0),(12,62,1012,0,0),(12,62,1013,0,0),(12,62,1014,0,0),(12,62,1015,0,0),(12,62,1016,0,0),(12,62,1017,0,0),(12,62,1018,0,0),(13,8,204,0,0),(13,8,205,0,1),(13,8,206,0,1),(13,8,207,0,0),(13,8,208,0,0),(13,8,209,0,0),(13,8,210,0,1),(13,8,211,0,1),(13,8,212,0,0),(13,8,213,0,0),(13,8,214,0,0),(13,8,215,0,1),(13,8,216,0,0),(13,8,217,0,0),(13,8,218,0,0),(13,9,231,0,0),(13,9,232,0,0),(13,9,233,0,0),(13,9,234,0,0),(13,9,235,0,0),(13,9,236,0,0),(13,9,237,0,0),(13,9,238,0,0),(13,9,239,0,0),(13,9,240,0,0),(13,9,241,0,0),(13,9,242,0,0),(13,9,243,0,1),(13,9,244,0,1),(13,9,245,0,0),(13,9,246,0,0),(13,9,247,0,0),(13,9,248,0,0),(13,9,249,0,0),(13,9,250,0,0),(13,9,251,0,0),(13,9,252,0,0),(13,9,253,0,0),(13,9,254,0,0),(13,16,255,0,0),(13,16,256,0,0),(13,16,257,0,0),(13,16,258,0,0),(13,16,259,0,0),(13,16,260,0,0),(13,16,261,0,0),(13,16,262,0,0),(13,16,263,0,0),(13,16,264,0,0),(13,16,265,0,0),(13,16,266,0,0),(13,16,267,0,0),(13,16,268,0,0),(13,16,269,0,1),(13,16,270,0,1),(13,16,271,0,0),(13,16,272,0,0),(13,16,273,0,0),(13,16,274,0,0),(13,16,275,0,0),(13,16,276,0,0),(13,16,277,0,0),(13,29,474,0,0),(13,29,478,0,0),(13,29,479,0,0),(13,29,481,0,0),(13,29,488,0,0),(13,29,489,0,0),(13,29,490,0,0),(13,29,491,0,0),(13,29,493,0,0),(13,29,494,0,0),(13,29,495,0,0),(13,29,496,0,0),(13,29,497,0,0),(13,29,502,0,0),(13,29,503,0,0),(13,29,504,0,0),(13,29,505,0,0),(13,29,559,0,0),(13,9,729,0,1),(13,29,750,0,0),(13,51,751,0,0),(13,51,752,0,0),(13,51,753,0,0),(13,51,754,0,0),(13,51,755,0,1),(13,51,756,0,1),(13,52,757,0,0),(13,52,758,0,0),(13,52,759,0,0),(13,52,760,0,0),(13,52,761,0,1),(13,52,762,0,1),(13,53,763,0,0),(13,53,764,0,0),(13,53,765,0,0),(13,53,766,0,0),(13,53,767,0,1),(13,53,768,0,1),(13,54,769,0,0),(13,54,770,0,0),(13,54,771,0,0),(13,54,772,0,0),(13,54,773,0,1),(13,54,774,0,1),(13,51,775,0,0),(13,51,776,0,0),(13,51,777,0,0),(13,51,778,0,0),(13,51,779,0,0),(13,51,780,0,0),(13,51,781,0,0),(13,51,782,0,0),(13,51,783,0,0),(13,51,784,0,0),(13,51,785,0,0),(13,51,786,0,0),(13,51,787,0,0),(13,51,788,0,0),(13,51,789,0,0),(13,51,790,0,0),(13,51,791,0,0),(13,51,792,0,0),(13,51,793,0,0),(13,51,794,0,0),(13,51,795,0,0),(13,51,796,0,0),(13,51,797,0,0),(13,52,798,0,0),(13,52,799,0,0),(13,52,800,0,0),(13,52,801,0,0),(13,52,802,0,0),(13,52,803,0,0),(13,52,804,0,0),(13,52,805,0,0),(13,52,806,0,0),(13,52,807,0,0),(13,52,808,0,0),(13,52,809,0,0),(13,52,810,0,0),(13,52,811,0,0),(13,52,812,0,0),(13,52,813,0,0),(13,52,814,0,0),(13,52,815,0,0),(13,52,816,0,0),(13,52,817,0,0),(13,52,818,0,0),(13,52,819,0,0),(13,52,820,0,0),(13,52,821,0,0),(13,52,822,0,0),(13,52,823,0,0),(13,53,824,0,0),(13,53,825,0,0),(13,53,826,0,0),(13,53,827,0,0),(13,53,828,0,0),(13,53,829,0,0),(13,53,830,0,0),(13,53,831,0,0),(13,53,832,0,0),(13,53,833,0,0),(13,53,834,0,0),(13,53,835,0,0),(13,53,836,0,0),(13,53,837,0,0),(13,53,838,0,0),(13,54,839,0,0),(13,54,840,0,0),(13,54,841,0,0),(13,54,842,0,0),(13,54,843,0,0),(13,54,844,0,0),(13,54,845,0,0),(13,54,846,0,0),(13,54,847,0,0),(13,54,848,0,0),(13,54,849,0,0),(13,54,850,0,0),(13,54,851,0,0),(13,54,852,0,0),(13,55,853,0,0),(13,55,854,0,0),(13,55,855,0,0),(13,55,856,0,0),(13,55,857,0,0),(13,55,858,0,0),(13,55,859,0,1),(13,55,860,0,1),(13,51,861,0,0),(13,52,862,0,0),(13,53,863,0,0),(13,51,864,0,0),(13,52,865,0,0),(13,53,866,0,0),(13,56,867,0,0),(13,56,868,0,0),(13,56,869,0,0),(13,56,870,0,0),(13,56,871,0,1),(13,56,872,0,1),(13,56,873,0,0),(13,56,874,0,0),(13,56,875,0,0),(13,56,876,0,0),(13,56,877,0,0),(13,56,878,0,0),(13,56,879,0,0),(13,56,880,0,0),(13,56,881,0,0),(13,56,882,0,0),(13,56,883,0,0),(13,56,884,0,0),(13,56,885,0,0),(13,56,886,0,0),(13,56,887,0,0),(13,57,888,0,0),(13,57,889,0,0),(13,57,890,0,0),(13,57,891,0,0),(13,57,892,0,0),(13,57,893,0,0),(13,57,894,0,0),(13,57,895,0,0),(13,57,896,0,0),(13,57,897,0,0),(13,57,898,0,0),(13,57,899,0,0),(13,57,900,0,0),(13,57,901,0,0),(13,57,902,0,0),(13,57,903,0,0),(13,57,904,0,0),(13,57,905,0,0),(13,57,906,0,0),(13,58,907,0,0),(13,58,908,0,0),(13,58,909,0,0),(13,58,910,0,0),(13,58,911,0,0),(13,58,912,0,0),(13,58,913,0,0),(13,58,914,0,0),(13,58,915,0,0),(13,58,916,0,0),(13,58,917,0,0),(13,58,918,0,0),(13,58,919,0,0),(13,58,920,0,0),(13,58,921,0,0),(13,58,922,0,0),(13,58,923,0,0),(13,58,924,0,0),(13,58,925,0,0),(13,58,926,0,0),(13,58,927,0,0),(13,58,928,0,0),(13,58,929,0,0),(13,59,930,0,0),(13,59,931,0,0),(13,59,932,0,0),(13,59,933,0,0),(13,59,934,0,0),(13,59,935,0,0),(13,59,936,0,0),(13,59,937,0,0),(13,59,938,0,0),(13,59,939,0,0),(13,59,940,0,0),(13,59,941,0,0),(13,59,942,0,0),(13,59,943,0,0),(13,59,944,0,0),(13,59,945,0,0),(13,59,946,0,0),(13,59,947,0,0),(13,59,948,0,0),(13,59,949,0,0),(13,59,950,0,0),(13,59,951,0,0),(13,59,952,0,0),(13,59,953,0,0),(13,60,954,0,0),(13,60,955,0,0),(13,60,956,0,0),(13,60,957,0,0),(13,60,958,0,0),(13,60,959,0,0),(13,60,960,0,0),(13,60,961,0,0),(13,60,962,0,0),(13,60,963,0,0),(13,60,964,0,0),(13,60,965,0,0),(13,60,966,0,0),(13,60,967,0,0),(13,60,968,0,0),(13,60,969,0,0),(13,61,970,0,0),(13,61,971,0,0),(13,61,972,0,0),(13,61,973,0,0),(13,61,974,0,0),(13,61,975,0,0),(13,61,976,0,0),(13,61,977,0,0),(13,61,978,0,0),(13,61,979,0,0),(13,61,980,0,0),(13,61,981,0,0),(13,61,982,0,0),(13,61,983,0,0),(13,61,984,0,0),(13,61,985,0,0),(13,61,986,0,0),(13,57,987,0,0),(13,56,988,0,0),(13,56,989,0,0),(13,59,990,0,0),(13,59,991,0,0),(13,58,992,0,0),(13,58,993,0,0),(13,62,994,0,0),(13,62,995,0,0),(13,62,996,0,0),(13,62,997,0,0),(13,62,998,0,0),(13,62,999,0,0),(13,62,1000,0,0),(13,62,1001,0,0),(13,62,1002,0,0),(13,62,1003,0,0),(13,62,1004,0,0),(13,62,1005,0,0),(13,62,1006,0,0),(13,62,1007,0,0),(13,62,1008,0,0),(13,62,1009,0,0),(13,62,1010,0,0),(13,62,1011,0,0),(13,62,1012,0,0),(13,62,1013,0,0),(13,62,1014,0,0),(13,62,1015,0,0),(13,62,1016,0,0),(13,62,1017,0,0),(13,62,1018,0,0),(14,8,204,0,0),(14,8,205,0,1),(14,8,206,0,1),(14,8,207,0,0),(14,8,208,0,0),(14,8,209,0,0),(14,8,210,0,1),(14,8,211,0,1),(14,8,212,0,0),(14,8,213,0,0),(14,8,214,0,0),(14,8,215,0,1),(14,8,216,0,0),(14,8,217,0,0),(14,8,218,0,0),(14,9,231,0,0),(14,9,232,0,0),(14,9,233,0,0),(14,9,234,0,0),(14,9,235,0,0),(14,9,236,0,0),(14,9,237,0,0),(14,9,238,0,0),(14,9,239,0,0),(14,9,240,0,0),(14,9,241,0,0),(14,9,242,0,0),(14,9,243,0,1),(14,9,244,0,1),(14,9,245,0,0),(14,9,246,0,0),(14,9,247,0,0),(14,9,248,0,0),(14,9,249,0,0),(14,9,250,0,0),(14,9,251,0,0),(14,9,252,0,0),(14,9,253,0,0),(14,9,254,0,0),(14,16,255,0,0),(14,16,256,0,0),(14,16,257,0,0),(14,16,258,0,0),(14,16,259,0,0),(14,16,260,0,0),(14,16,261,0,0),(14,16,262,0,0),(14,16,263,0,0),(14,16,264,0,0),(14,16,265,0,0),(14,16,266,0,0),(14,16,267,0,0),(14,16,268,0,0),(14,16,269,0,1),(14,16,270,0,1),(14,16,271,0,0),(14,16,272,0,0),(14,16,273,0,0),(14,16,274,0,0),(14,16,275,0,0),(14,16,276,0,0),(14,16,277,0,0),(14,29,474,0,0),(14,29,478,0,0),(14,29,479,0,0),(14,29,481,0,0),(14,29,488,0,0),(14,29,489,0,0),(14,29,490,0,0),(14,29,491,0,0),(14,29,493,0,0),(14,29,494,0,0),(14,29,495,0,0),(14,29,496,0,0),(14,29,497,0,0),(14,29,502,0,0),(14,29,503,0,0),(14,29,504,0,0),(14,29,505,0,0),(14,29,559,0,0),(14,9,729,0,1),(14,29,750,0,0),(14,51,751,0,0),(14,51,752,0,0),(14,51,753,0,0),(14,51,754,0,0),(14,51,755,0,1),(14,51,756,0,1),(14,52,757,0,0),(14,52,758,0,0),(14,52,759,0,0),(14,52,760,0,0),(14,52,761,0,1),(14,52,762,0,1),(14,53,763,0,0),(14,53,764,0,0),(14,53,765,0,0),(14,53,766,0,0),(14,53,767,0,1),(14,53,768,0,1),(14,54,769,0,0),(14,54,770,0,0),(14,54,771,0,0),(14,54,772,0,0),(14,54,773,0,1),(14,54,774,0,1),(14,51,775,0,0),(14,51,776,0,0),(14,51,777,0,0),(14,51,778,0,0),(14,51,779,0,0),(14,51,780,0,0),(14,51,781,0,0),(14,51,782,0,0),(14,51,783,0,0),(14,51,784,0,0),(14,51,785,0,0),(14,51,786,0,0),(14,51,787,0,0),(14,51,788,0,0),(14,51,789,0,0),(14,51,790,0,0),(14,51,791,0,0),(14,51,792,0,0),(14,51,793,0,0),(14,51,794,0,0),(14,51,795,0,0),(14,51,796,0,0),(14,51,797,0,0),(14,52,798,0,0),(14,52,799,0,0),(14,52,800,0,0),(14,52,801,0,0),(14,52,802,0,0),(14,52,803,0,0),(14,52,804,0,0),(14,52,805,0,0),(14,52,806,0,0),(14,52,807,0,0),(14,52,808,0,0),(14,52,809,0,0),(14,52,810,0,0),(14,52,811,0,0),(14,52,812,0,0),(14,52,813,0,0),(14,52,814,0,0),(14,52,815,0,0),(14,52,816,0,0),(14,52,817,0,0),(14,52,818,0,0),(14,52,819,0,0),(14,52,820,0,0),(14,52,821,0,0),(14,52,822,0,0),(14,52,823,0,0),(14,53,824,0,0),(14,53,825,0,0),(14,53,826,0,0),(14,53,827,0,0),(14,53,828,0,0),(14,53,829,0,0),(14,53,830,0,0),(14,53,831,0,0),(14,53,832,0,0),(14,53,833,0,0),(14,53,834,0,0),(14,53,835,0,0),(14,53,836,0,0),(14,53,837,0,0),(14,53,838,0,0),(14,54,839,0,0),(14,54,840,0,0),(14,54,841,0,0),(14,54,842,0,0),(14,54,843,0,0),(14,54,844,0,0),(14,54,845,0,0),(14,54,846,0,0),(14,54,847,0,0),(14,54,848,0,0),(14,54,849,0,0),(14,54,850,0,0),(14,54,851,0,0),(14,54,852,0,0),(14,55,853,0,0),(14,55,854,0,0),(14,55,855,0,0),(14,55,856,0,0),(14,55,857,0,0),(14,55,858,0,0),(14,55,859,0,1),(14,55,860,0,1),(14,51,861,0,0),(14,52,862,0,0),(14,53,863,0,0),(14,51,864,0,0),(14,52,865,0,0),(14,53,866,0,0),(14,56,867,0,0),(14,56,868,0,0),(14,56,869,0,0),(14,56,870,0,0),(14,56,871,0,1),(14,56,872,0,1),(14,56,873,0,0),(14,56,874,0,0),(14,56,875,0,0),(14,56,876,0,0),(14,56,877,0,0),(14,56,878,0,0),(14,56,879,0,0),(14,56,880,0,0),(14,56,881,0,0),(14,56,882,0,0),(14,56,883,0,0),(14,56,884,0,0),(14,56,885,0,0),(14,56,886,0,0),(14,56,887,0,0),(14,57,888,0,0),(14,57,889,0,0),(14,57,890,0,0),(14,57,891,0,0),(14,57,892,0,0),(14,57,893,0,0),(14,57,894,0,0),(14,57,895,0,0),(14,57,896,0,0),(14,57,897,0,0),(14,57,898,0,0),(14,57,899,0,0),(14,57,900,0,0),(14,57,901,0,0),(14,57,902,0,0),(14,57,903,0,0),(14,57,904,0,0),(14,57,905,0,0),(14,57,906,0,0),(14,58,907,0,0),(14,58,908,0,0),(14,58,909,0,0),(14,58,910,0,0),(14,58,911,0,0),(14,58,912,0,0),(14,58,913,0,0),(14,58,914,0,0),(14,58,915,0,0),(14,58,916,0,0),(14,58,917,0,0),(14,58,918,0,0),(14,58,919,0,0),(14,58,920,0,0),(14,58,921,0,0),(14,58,922,0,0),(14,58,923,0,0),(14,58,924,0,0),(14,58,925,0,0),(14,58,926,0,0),(14,58,927,0,0),(14,58,928,0,0),(14,58,929,0,0),(14,59,930,0,0),(14,59,931,0,0),(14,59,932,0,0),(14,59,933,0,0),(14,59,934,0,0),(14,59,935,0,0),(14,59,936,0,0),(14,59,937,0,0),(14,59,938,0,0),(14,59,939,0,0),(14,59,940,0,0),(14,59,941,0,0),(14,59,942,0,0),(14,59,943,0,0),(14,59,944,0,0),(14,59,945,0,0),(14,59,946,0,0),(14,59,947,0,0),(14,59,948,0,0),(14,59,949,0,0),(14,59,950,0,0),(14,59,951,0,0),(14,59,952,0,0),(14,59,953,0,0),(14,60,954,0,0),(14,60,955,0,0),(14,60,956,0,0),(14,60,957,0,0),(14,60,958,0,0),(14,60,959,0,0),(14,60,960,0,0),(14,60,961,0,0),(14,60,962,0,0),(14,60,963,0,0),(14,60,964,0,0),(14,60,965,0,0),(14,60,966,0,0),(14,60,967,0,0),(14,60,968,0,0),(14,60,969,0,0),(14,61,970,0,0),(14,61,971,0,0),(14,61,972,0,0),(14,61,973,0,0),(14,61,974,0,0),(14,61,975,0,0),(14,61,976,0,0),(14,61,977,0,0),(14,61,978,0,0),(14,61,979,0,0),(14,61,980,0,0),(14,61,981,0,0),(14,61,982,0,0),(14,61,983,0,0),(14,61,984,0,0),(14,61,985,0,0),(14,61,986,0,0),(14,57,987,0,0),(14,56,988,0,0),(14,56,989,0,0),(14,59,990,0,0),(14,59,991,0,0),(14,58,992,0,0),(14,58,993,0,0),(14,62,994,0,0),(14,62,995,0,0),(14,62,996,0,0),(14,62,997,0,0),(14,62,998,0,0),(14,62,999,0,0),(14,62,1000,0,0),(14,62,1001,0,0),(14,62,1002,0,0),(14,62,1003,0,0),(14,62,1004,0,0),(14,62,1005,0,0),(14,62,1006,0,0),(14,62,1007,0,0),(14,62,1008,0,0),(14,62,1009,0,0),(14,62,1010,0,0),(14,62,1011,0,0),(14,62,1012,0,0),(14,62,1013,0,0),(14,62,1014,0,0),(14,62,1015,0,0),(14,62,1016,0,0),(14,62,1017,0,0),(14,62,1018,0,0),(15,8,204,0,0),(15,8,205,0,1),(15,8,206,0,1),(15,8,207,0,0),(15,8,208,0,0),(15,8,209,0,0),(15,8,210,0,1),(15,8,211,0,1),(15,8,212,0,0),(15,8,213,0,0),(15,8,214,0,0),(15,8,215,0,1),(15,8,216,0,0),(15,8,217,0,0),(15,8,218,0,0),(15,9,231,0,0),(15,9,232,0,0),(15,9,233,0,0),(15,9,234,0,0),(15,9,235,0,0),(15,9,236,0,0),(15,9,237,0,0),(15,9,238,0,0),(15,9,239,0,0),(15,9,240,0,0),(15,9,241,0,0),(15,9,242,0,0),(15,9,243,0,1),(15,9,244,0,1),(15,9,245,0,0),(15,9,246,0,0),(15,9,247,0,0),(15,9,248,0,0),(15,9,249,0,0),(15,9,250,0,0),(15,9,251,0,0),(15,9,252,0,0),(15,9,253,0,0),(15,9,254,0,0),(15,16,255,0,0),(15,16,256,0,0),(15,16,257,0,0),(15,16,258,0,0),(15,16,259,0,0),(15,16,260,0,0),(15,16,261,0,0),(15,16,262,0,0),(15,16,263,0,0),(15,16,264,0,0),(15,16,265,0,0),(15,16,266,0,0),(15,16,267,0,0),(15,16,268,0,0),(15,16,269,0,1),(15,16,270,0,1),(15,16,271,0,0),(15,16,272,0,0),(15,16,273,0,0),(15,16,274,0,0),(15,16,275,0,0),(15,16,276,0,0),(15,16,277,0,0),(15,29,474,0,0),(15,29,478,0,0),(15,29,479,0,0),(15,29,481,0,0),(15,29,488,0,0),(15,29,489,0,0),(15,29,490,0,0),(15,29,491,0,0),(15,29,493,0,0),(15,29,494,0,0),(15,29,495,0,0),(15,29,496,0,0),(15,29,497,0,0),(15,29,502,0,0),(15,29,503,0,0),(15,29,504,0,0),(15,29,505,0,0),(15,29,559,0,0),(15,9,729,0,1),(15,29,750,0,0),(15,51,751,0,0),(15,51,752,0,0),(15,51,753,0,0),(15,51,754,0,0),(15,51,755,0,1),(15,51,756,0,1),(15,52,757,0,0),(15,52,758,0,0),(15,52,759,0,0),(15,52,760,0,0),(15,52,761,0,1),(15,52,762,0,1),(15,53,763,0,0),(15,53,764,0,0),(15,53,765,0,0),(15,53,766,0,0),(15,53,767,0,1),(15,53,768,0,1),(15,54,769,0,0),(15,54,770,0,0),(15,54,771,0,0),(15,54,772,0,0),(15,54,773,0,1),(15,54,774,0,1),(15,51,775,0,0),(15,51,776,0,0),(15,51,777,0,0),(15,51,778,0,0),(15,51,779,0,0),(15,51,780,0,0),(15,51,781,0,0),(15,51,782,0,0),(15,51,783,0,0),(15,51,784,0,0),(15,51,785,0,0),(15,51,786,0,0),(15,51,787,0,0),(15,51,788,0,0),(15,51,789,0,0),(15,51,790,0,0),(15,51,791,0,0),(15,51,792,0,0),(15,51,793,0,0),(15,51,794,0,0),(15,51,795,0,0),(15,51,796,0,0),(15,51,797,0,0),(15,52,798,0,0),(15,52,799,0,0),(15,52,800,0,0),(15,52,801,0,0),(15,52,802,0,0),(15,52,803,0,0),(15,52,804,0,0),(15,52,805,0,0),(15,52,806,0,0),(15,52,807,0,0),(15,52,808,0,0),(15,52,809,0,0),(15,52,810,0,0),(15,52,811,0,0),(15,52,812,0,0),(15,52,813,0,0),(15,52,814,0,0),(15,52,815,0,0),(15,52,816,0,0),(15,52,817,0,0),(15,52,818,0,0),(15,52,819,0,0),(15,52,820,0,0),(15,52,821,0,0),(15,52,822,0,0),(15,52,823,0,0),(15,53,824,0,0),(15,53,825,0,0),(15,53,826,0,0),(15,53,827,0,0),(15,53,828,0,0),(15,53,829,0,0),(15,53,830,0,0),(15,53,831,0,0),(15,53,832,0,0),(15,53,833,0,0),(15,53,834,0,0),(15,53,835,0,0),(15,53,836,0,0),(15,53,837,0,0),(15,53,838,0,0),(15,54,839,0,0),(15,54,840,0,0),(15,54,841,0,0),(15,54,842,0,0),(15,54,843,0,0),(15,54,844,0,0),(15,54,845,0,0),(15,54,846,0,0),(15,54,847,0,0),(15,54,848,0,0),(15,54,849,0,0),(15,54,850,0,0),(15,54,851,0,0),(15,54,852,0,0),(15,55,853,0,0),(15,55,854,0,0),(15,55,855,0,0),(15,55,856,0,0),(15,55,857,0,0),(15,55,858,0,0),(15,55,859,0,1),(15,55,860,0,1),(15,51,861,0,0),(15,52,862,0,0),(15,53,863,0,0),(15,51,864,0,0),(15,52,865,0,0),(15,53,866,0,0),(15,56,867,0,0),(15,56,868,0,0),(15,56,869,0,0),(15,56,870,0,0),(15,56,871,0,1),(15,56,872,0,1),(15,56,873,0,0),(15,56,874,0,0),(15,56,875,0,0),(15,56,876,0,0),(15,56,877,0,0),(15,56,878,0,0),(15,56,880,0,0),(15,56,881,0,0),(15,56,882,0,0),(15,56,883,0,0),(15,56,884,0,0),(15,56,885,0,0),(15,56,886,0,0),(15,56,887,0,0),(15,57,888,0,0),(15,57,889,0,0),(15,57,890,0,0),(15,57,891,0,1),(15,57,892,0,1),(15,57,893,0,0),(15,57,894,0,0),(15,57,895,0,0),(15,57,896,0,0),(15,57,897,0,0),(15,57,899,0,0),(15,57,900,0,0),(15,57,901,0,0),(15,57,902,0,0),(15,57,903,0,0),(15,57,904,0,0),(15,57,905,0,0),(15,57,906,0,0),(15,58,907,0,0),(15,58,908,0,0),(15,58,909,0,0),(15,58,910,0,1),(15,58,911,0,1),(15,58,912,0,0),(15,58,913,0,0),(15,58,914,0,0),(15,58,915,0,0),(15,58,916,0,0),(15,58,918,0,0),(15,58,919,0,0),(15,58,920,0,0),(15,58,921,0,0),(15,58,922,0,0),(15,58,923,0,0),(15,58,924,0,0),(15,58,925,0,0),(15,58,926,0,0),(15,58,927,0,0),(15,58,928,0,0),(15,58,929,0,0),(15,59,930,0,0),(15,59,931,0,0),(15,59,932,0,0),(15,59,933,0,1),(15,59,934,0,1),(15,59,935,0,0),(15,59,936,0,0),(15,59,937,0,0),(15,59,938,0,0),(15,59,939,0,0),(15,59,940,0,0),(15,59,942,0,0),(15,59,943,0,0),(15,59,944,0,0),(15,59,945,0,0),(15,59,946,0,0),(15,59,947,0,0),(15,59,948,0,0),(15,59,949,0,0),(15,59,950,0,0),(15,59,951,0,0),(15,59,952,0,0),(15,59,953,0,0),(15,60,954,0,0),(15,60,955,0,0),(15,60,956,0,0),(15,60,957,0,1),(15,60,958,0,1),(15,60,959,0,0),(15,60,960,0,0),(15,60,961,0,0),(15,60,962,0,0),(15,60,963,0,0),(15,60,964,0,0),(15,60,965,0,0),(15,60,966,0,0),(15,60,967,0,0),(15,60,968,0,0),(15,60,969,0,0),(15,61,970,0,0),(15,61,971,0,0),(15,61,972,0,0),(15,61,973,0,1),(15,61,974,0,1),(15,61,975,0,0),(15,61,976,0,0),(15,61,977,0,0),(15,61,978,0,0),(15,61,979,0,0),(15,61,980,0,0),(15,61,981,0,0),(15,61,982,0,0),(15,61,983,0,0),(15,61,984,0,0),(15,61,985,0,0),(15,61,986,0,0),(15,57,987,0,0),(15,56,988,0,1),(15,56,989,0,0),(15,59,990,0,1),(15,59,991,0,0),(15,58,992,0,1),(15,58,993,0,0),(15,62,994,0,0),(15,62,995,0,0),(15,62,996,0,0),(15,62,997,0,0),(15,62,998,0,0),(15,62,999,0,1),(15,62,1000,0,1),(15,62,1001,0,0),(15,62,1002,0,0),(15,62,1003,0,0),(15,62,1004,0,0),(15,62,1005,0,0),(15,62,1006,0,0),(15,62,1007,0,0),(15,62,1008,0,0),(15,62,1009,0,0),(15,62,1010,0,0),(15,62,1011,0,0),(15,62,1012,0,0),(15,62,1013,0,0),(15,62,1014,0,0),(15,62,1015,0,0),(15,62,1016,0,0),(15,62,1017,0,0),(15,62,1018,0,0),(16,8,204,0,0),(16,8,205,0,1),(16,8,206,0,1),(16,8,207,0,0),(16,8,208,0,0),(16,8,209,0,0),(16,8,210,0,1),(16,8,211,0,1),(16,8,212,0,0),(16,8,213,0,0),(16,8,214,0,0),(16,8,215,0,1),(16,8,216,0,0),(16,8,217,0,0),(16,8,218,0,0),(16,9,231,0,0),(16,9,232,0,0),(16,9,233,0,0),(16,9,234,0,0),(16,9,235,0,0),(16,9,236,0,0),(16,9,237,0,0),(16,9,238,0,0),(16,9,239,0,0),(16,9,240,0,0),(16,9,241,0,0),(16,9,242,0,0),(16,9,243,0,1),(16,9,244,0,1),(16,9,245,0,0),(16,9,246,0,0),(16,9,247,0,0),(16,9,248,0,0),(16,9,249,0,0),(16,9,250,0,0),(16,9,251,0,0),(16,9,252,0,0),(16,9,253,0,0),(16,9,254,0,0),(16,16,255,0,0),(16,16,256,0,0),(16,16,257,0,0),(16,16,258,0,0),(16,16,259,0,0),(16,16,260,0,0),(16,16,261,0,0),(16,16,262,0,0),(16,16,263,0,0),(16,16,264,0,0),(16,16,265,0,0),(16,16,266,0,0),(16,16,267,0,0),(16,16,268,0,0),(16,16,269,0,1),(16,16,270,0,1),(16,16,271,0,0),(16,16,272,0,0),(16,16,273,0,0),(16,16,274,0,0),(16,16,275,0,0),(16,16,276,0,0),(16,16,277,0,0),(16,29,474,0,0),(16,29,478,0,0),(16,29,479,0,0),(16,29,481,0,0),(16,29,488,0,0),(16,29,489,0,0),(16,29,490,0,0),(16,29,491,0,0),(16,29,493,0,0),(16,29,494,0,0),(16,29,495,0,0),(16,29,496,0,0),(16,29,497,0,0),(16,29,502,0,0),(16,29,503,0,0),(16,29,504,0,0),(16,29,505,0,0),(16,29,559,0,0),(16,9,729,0,1),(16,29,750,0,0),(16,51,751,0,0),(16,51,752,0,0),(16,51,753,0,0),(16,51,754,0,0),(16,51,755,0,1),(16,51,756,0,1),(16,52,757,0,0),(16,52,758,0,0),(16,52,759,0,0),(16,52,760,0,0),(16,52,761,0,1),(16,52,762,0,1),(16,53,763,0,0),(16,53,764,0,0),(16,53,765,0,0),(16,53,766,0,0),(16,53,767,0,1),(16,53,768,0,1),(16,54,769,0,0),(16,54,770,0,0),(16,54,771,0,0),(16,54,772,0,0),(16,54,773,0,1),(16,54,774,0,1),(16,51,775,0,0),(16,51,776,0,0),(16,51,777,0,0),(16,51,778,0,0),(16,51,779,0,0),(16,51,780,0,0),(16,51,781,0,0),(16,51,782,0,0),(16,51,783,0,0),(16,51,784,0,0),(16,51,785,0,0),(16,51,786,0,0),(16,51,787,0,0),(16,51,788,0,0),(16,51,789,0,0),(16,51,790,0,0),(16,51,791,0,0),(16,51,792,0,0),(16,51,793,0,0),(16,51,794,0,0),(16,51,795,0,0),(16,51,796,0,0),(16,51,797,0,0),(16,52,798,0,0),(16,52,799,0,0),(16,52,800,0,0),(16,52,801,0,0),(16,52,802,0,0),(16,52,803,0,0),(16,52,804,0,0),(16,52,805,0,0),(16,52,806,0,0),(16,52,807,0,0),(16,52,808,0,0),(16,52,809,0,0),(16,52,810,0,0),(16,52,811,0,0),(16,52,812,0,0),(16,52,813,0,0),(16,52,814,0,0),(16,52,815,0,0),(16,52,816,0,0),(16,52,817,0,0),(16,52,818,0,0),(16,52,819,0,0),(16,52,820,0,0),(16,52,821,0,0),(16,52,822,0,0),(16,52,823,0,0),(16,53,824,0,0),(16,53,825,0,0),(16,53,826,0,0),(16,53,827,0,0),(16,53,828,0,0),(16,53,829,0,0),(16,53,830,0,0),(16,53,831,0,0),(16,53,832,0,0),(16,53,833,0,0),(16,53,834,0,0),(16,53,835,0,0),(16,53,836,0,0),(16,53,837,0,0),(16,53,838,0,0),(16,54,839,0,0),(16,54,840,0,0),(16,54,841,0,0),(16,54,842,0,0),(16,54,843,0,0),(16,54,844,0,0),(16,54,845,0,0),(16,54,846,0,0),(16,54,847,0,0),(16,54,848,0,0),(16,54,849,0,0),(16,54,850,0,0),(16,54,851,0,0),(16,54,852,0,0),(16,55,853,0,0),(16,55,854,0,0),(16,55,855,0,0),(16,55,856,0,0),(16,55,857,0,0),(16,55,858,0,0),(16,55,859,0,1),(16,55,860,0,1),(16,51,861,0,0),(16,52,862,0,0),(16,53,863,0,0),(16,51,864,0,0),(16,52,865,0,0),(16,53,866,0,0),(16,56,867,0,0),(16,56,868,0,0),(16,56,869,0,0),(16,56,870,0,0),(16,56,871,0,1),(16,56,872,0,1),(16,56,873,0,0),(16,56,874,0,0),(16,56,875,0,0),(16,56,876,0,0),(16,56,877,0,0),(16,56,878,0,0),(16,56,880,0,0),(16,56,881,0,0),(16,56,882,0,0),(16,56,883,0,0),(16,56,884,0,0),(16,56,885,0,0),(16,56,886,0,0),(16,56,887,0,0),(16,57,888,0,0),(16,57,889,0,0),(16,57,890,0,0),(16,57,891,0,1),(16,57,892,0,1),(16,57,893,0,0),(16,57,894,0,0),(16,57,895,0,0),(16,57,896,0,0),(16,57,897,0,0),(16,57,899,0,0),(16,57,900,0,0),(16,57,901,0,0),(16,57,902,0,0),(16,57,903,0,0),(16,57,904,0,0),(16,57,905,0,0),(16,57,906,0,0),(16,58,907,0,0),(16,58,908,0,0),(16,58,909,0,0),(16,58,910,0,1),(16,58,911,0,1),(16,58,912,0,0),(16,58,913,0,0),(16,58,914,0,0),(16,58,915,0,0),(16,58,916,0,0),(16,58,918,0,0),(16,58,919,0,0),(16,58,920,0,0),(16,58,921,0,0),(16,58,922,0,0),(16,58,923,0,0),(16,58,924,0,0),(16,58,925,0,0),(16,58,926,0,0),(16,58,927,0,0),(16,58,928,0,0),(16,58,929,0,0),(16,59,930,0,0),(16,59,931,0,0),(16,59,932,0,0),(16,59,933,0,1),(16,59,934,0,1),(16,59,935,0,0),(16,59,936,0,0),(16,59,937,0,0),(16,59,938,0,0),(16,59,939,0,0),(16,59,940,0,0),(16,59,942,0,0),(16,59,943,0,0),(16,59,944,0,0),(16,59,945,0,0),(16,59,946,0,0),(16,59,947,0,0),(16,59,948,0,0),(16,59,949,0,0),(16,59,950,0,0),(16,59,951,0,0),(16,59,952,0,0),(16,59,953,0,0),(16,60,954,0,0),(16,60,955,0,0),(16,60,956,0,0),(16,60,957,0,1),(16,60,958,0,1),(16,60,959,0,0),(16,60,960,0,0),(16,60,961,0,0),(16,60,962,0,0),(16,60,963,0,0),(16,60,964,0,0),(16,60,965,0,0),(16,60,966,0,0),(16,60,967,0,0),(16,60,968,0,0),(16,60,969,0,0),(16,61,970,0,0),(16,61,971,0,0),(16,61,972,0,0),(16,61,973,0,1),(16,61,974,0,1),(16,61,975,0,0),(16,61,976,0,0),(16,61,977,0,0),(16,61,978,0,0),(16,61,979,0,0),(16,61,980,0,0),(16,61,981,0,0),(16,61,982,0,0),(16,61,983,0,0),(16,61,984,0,0),(16,61,985,0,0),(16,61,986,0,0),(16,57,987,0,0),(16,56,988,0,1),(16,56,989,0,0),(16,59,990,0,1),(16,59,991,0,0),(16,58,992,0,1),(16,58,993,0,0),(16,62,994,0,0),(16,62,995,0,0),(16,62,996,0,0),(16,62,997,0,0),(16,62,998,0,0),(16,62,999,0,0),(16,62,1000,0,0),(16,62,1001,0,0),(16,62,1002,0,0),(16,62,1003,0,0),(16,62,1004,0,0),(16,62,1005,0,0),(16,62,1006,0,0),(16,62,1007,0,0),(16,62,1008,0,0),(16,62,1009,0,0),(16,62,1010,0,0),(16,62,1011,0,0),(16,62,1012,0,0),(16,62,1013,0,0),(16,62,1014,0,0),(16,62,1015,0,0),(16,62,1016,0,0),(16,62,1017,0,0),(16,62,1018,0,0),(17,8,204,0,0),(17,8,205,0,1),(17,8,206,0,1),(17,8,207,0,0),(17,8,208,0,0),(17,8,209,0,0),(17,8,210,0,1),(17,8,211,0,1),(17,8,212,0,0),(17,8,213,0,0),(17,8,214,0,0),(17,8,215,0,1),(17,8,216,0,0),(17,8,217,0,0),(17,8,218,0,0),(17,9,231,0,0),(17,9,232,0,0),(17,9,233,0,0),(17,9,234,0,0),(17,9,235,0,0),(17,9,236,0,0),(17,9,237,0,0),(17,9,238,0,0),(17,9,239,0,0),(17,9,240,0,0),(17,9,241,0,0),(17,9,242,0,0),(17,9,243,0,1),(17,9,244,0,1),(17,9,245,0,0),(17,9,246,0,0),(17,9,247,0,0),(17,9,248,0,0),(17,9,249,0,0),(17,9,250,0,0),(17,9,251,0,0),(17,9,252,0,0),(17,9,253,0,0),(17,9,254,0,0),(17,16,255,0,0),(17,16,256,0,0),(17,16,257,0,0),(17,16,258,0,0),(17,16,259,0,0),(17,16,260,0,0),(17,16,261,0,0),(17,16,262,0,0),(17,16,263,0,0),(17,16,264,0,0),(17,16,265,0,0),(17,16,266,0,0),(17,16,267,0,0),(17,16,268,0,0),(17,16,269,0,1),(17,16,270,0,1),(17,16,271,0,0),(17,16,272,0,0),(17,16,273,0,0),(17,16,274,0,0),(17,16,275,0,0),(17,16,276,0,0),(17,16,277,0,0),(17,29,474,0,0),(17,29,478,0,0),(17,29,479,0,0),(17,29,481,0,0),(17,29,488,0,0),(17,29,489,0,0),(17,29,490,0,0),(17,29,491,0,0),(17,29,493,0,0),(17,29,494,0,0),(17,29,495,0,0),(17,29,496,0,0),(17,29,497,0,0),(17,29,502,0,0),(17,29,503,0,0),(17,29,504,0,0),(17,29,505,0,0),(17,29,559,0,0),(17,9,729,0,1),(17,29,750,0,0),(17,51,751,0,0),(17,51,752,0,0),(17,51,753,0,0),(17,51,754,0,0),(17,51,755,0,1),(17,51,756,0,1),(17,52,757,0,0),(17,52,758,0,0),(17,52,759,0,0),(17,52,760,0,0),(17,52,761,0,1),(17,52,762,0,1),(17,53,763,0,0),(17,53,764,0,0),(17,53,765,0,0),(17,53,766,0,0),(17,53,767,0,1),(17,53,768,0,1),(17,54,769,0,0),(17,54,770,0,0),(17,54,771,0,0),(17,54,772,0,0),(17,54,773,0,1),(17,54,774,0,1),(17,51,775,0,0),(17,51,776,0,0),(17,51,777,0,0),(17,51,778,0,0),(17,51,779,0,0),(17,51,780,0,0),(17,51,781,0,0),(17,51,782,0,0),(17,51,783,0,0),(17,51,784,0,0),(17,51,785,0,0),(17,51,786,0,0),(17,51,787,0,0),(17,51,788,0,0),(17,51,789,0,0),(17,51,790,0,0),(17,51,791,0,0),(17,51,792,0,0),(17,51,793,0,0),(17,51,794,0,0),(17,51,795,0,0),(17,51,796,0,0),(17,51,797,0,0),(17,52,798,0,0),(17,52,799,0,0),(17,52,800,0,0),(17,52,801,0,0),(17,52,802,0,0),(17,52,803,0,0),(17,52,804,0,0),(17,52,805,0,0),(17,52,806,0,0),(17,52,807,0,0),(17,52,808,0,0),(17,52,809,0,0),(17,52,810,0,0),(17,52,811,0,0),(17,52,812,0,0),(17,52,813,0,0),(17,52,814,0,0),(17,52,815,0,0),(17,52,816,0,0),(17,52,817,0,0),(17,52,818,0,0),(17,52,819,0,0),(17,52,820,0,0),(17,52,821,0,0),(17,52,822,0,0),(17,52,823,0,0),(17,53,824,0,0),(17,53,825,0,0),(17,53,826,0,0),(17,53,827,0,0),(17,53,828,0,0),(17,53,829,0,0),(17,53,830,0,0),(17,53,831,0,0),(17,53,832,0,0),(17,53,833,0,0),(17,53,834,0,0),(17,53,835,0,0),(17,53,836,0,0),(17,53,837,0,0),(17,53,838,0,0),(17,54,839,0,0),(17,54,840,0,0),(17,54,841,0,0),(17,54,842,0,0),(17,54,843,0,0),(17,54,844,0,0),(17,54,845,0,0),(17,54,846,0,0),(17,54,847,0,0),(17,54,848,0,0),(17,54,849,0,0),(17,54,850,0,0),(17,54,851,0,0),(17,54,852,0,0),(17,55,853,0,0),(17,55,854,0,0),(17,55,855,0,0),(17,55,856,0,0),(17,55,857,0,0),(17,55,858,0,0),(17,55,859,0,1),(17,55,860,0,1),(17,51,861,0,0),(17,52,862,0,0),(17,53,863,0,0),(17,51,864,0,0),(17,52,865,0,0),(17,53,866,0,0),(17,56,867,0,0),(17,56,868,0,0),(17,56,869,0,0),(17,56,870,0,0),(17,56,871,0,1),(17,56,872,0,1),(17,56,873,0,0),(17,56,874,0,0),(17,56,875,0,0),(17,56,876,0,0),(17,56,877,0,0),(17,56,878,0,0),(17,56,880,0,0),(17,56,881,0,0),(17,56,882,0,0),(17,56,883,0,0),(17,56,884,0,0),(17,56,885,0,0),(17,56,886,0,0),(17,56,887,0,0),(17,57,888,0,0),(17,57,889,0,0),(17,57,890,0,0),(17,57,891,0,1),(17,57,892,0,1),(17,57,893,0,0),(17,57,894,0,0),(17,57,895,0,0),(17,57,896,0,0),(17,57,897,0,0),(17,57,899,0,0),(17,57,900,0,0),(17,57,901,0,0),(17,57,902,0,0),(17,57,903,0,0),(17,57,904,0,0),(17,57,905,0,0),(17,57,906,0,0),(17,58,907,0,0),(17,58,908,0,0),(17,58,909,0,0),(17,58,910,0,1),(17,58,911,0,1),(17,58,912,0,0),(17,58,913,0,0),(17,58,914,0,0),(17,58,915,0,0),(17,58,916,0,0),(17,58,918,0,0),(17,58,919,0,0),(17,58,920,0,0),(17,58,921,0,0),(17,58,922,0,0),(17,58,923,0,0),(17,58,924,0,0),(17,58,925,0,0),(17,58,926,0,0),(17,58,927,0,0),(17,58,928,0,0),(17,58,929,0,0),(17,59,930,0,0),(17,59,931,0,0),(17,59,932,0,0),(17,59,933,0,1),(17,59,934,0,1),(17,59,935,0,0),(17,59,936,0,0),(17,59,937,0,0),(17,59,938,0,0),(17,59,939,0,0),(17,59,940,0,0),(17,59,942,0,0),(17,59,943,0,0),(17,59,944,0,0),(17,59,945,0,0),(17,59,946,0,0),(17,59,947,0,0),(17,59,948,0,0),(17,59,949,0,0),(17,59,950,0,0),(17,59,951,0,0),(17,59,952,0,0),(17,59,953,0,0),(17,60,954,0,0),(17,60,955,0,0),(17,60,956,0,0),(17,60,957,0,1),(17,60,958,0,1),(17,60,959,0,0),(17,60,960,0,0),(17,60,961,0,0),(17,60,962,0,0),(17,60,963,0,0),(17,60,964,0,0),(17,60,965,0,0),(17,60,966,0,0),(17,60,967,0,0),(17,60,968,0,0),(17,60,969,0,0),(17,61,970,0,0),(17,61,971,0,0),(17,61,972,0,0),(17,61,973,0,1),(17,61,974,0,1),(17,61,975,0,0),(17,61,976,0,0),(17,61,977,0,0),(17,61,978,0,0),(17,61,979,0,0),(17,61,980,0,0),(17,61,981,0,0),(17,61,982,0,0),(17,61,983,0,0),(17,61,984,0,0),(17,61,985,0,0),(17,61,986,0,0),(17,57,987,0,0),(17,56,988,0,1),(17,56,989,0,0),(17,59,990,0,1),(17,59,991,0,0),(17,58,992,0,1),(17,58,993,0,0),(17,62,994,0,0),(17,62,995,0,0),(17,62,996,0,0),(17,62,997,0,0),(17,62,998,0,0),(17,62,999,0,0),(17,62,1000,0,0),(17,62,1001,0,0),(17,62,1002,0,0),(17,62,1003,0,0),(17,62,1004,0,0),(17,62,1005,0,0),(17,62,1006,0,0),(17,62,1007,0,0),(17,62,1008,0,0),(17,62,1009,0,0),(17,62,1010,0,0),(17,62,1011,0,0),(17,62,1012,0,0),(17,62,1013,0,0),(17,62,1014,0,0),(17,62,1015,0,0),(17,62,1016,0,0),(17,62,1017,0,0),(17,62,1018,0,0),(18,8,204,0,0),(18,8,205,0,1),(18,8,206,0,1),(18,8,207,0,0),(18,8,208,0,0),(18,8,209,0,0),(18,8,210,0,1),(18,8,211,0,1),(18,8,212,0,0),(18,8,213,0,0),(18,8,214,0,0),(18,8,215,0,1),(18,8,216,0,0),(18,8,217,0,0),(18,8,218,0,0),(18,9,231,0,0),(18,9,232,0,0),(18,9,233,0,0),(18,9,234,0,0),(18,9,235,0,0),(18,9,236,0,0),(18,9,237,0,0),(18,9,238,0,0),(18,9,239,0,0),(18,9,240,0,0),(18,9,241,0,0),(18,9,242,0,0),(18,9,243,0,1),(18,9,244,0,1),(18,9,245,0,0),(18,9,246,0,0),(18,9,247,0,0),(18,9,248,0,0),(18,9,249,0,0),(18,9,250,0,0),(18,9,251,0,0),(18,9,252,0,0),(18,9,253,0,0),(18,9,254,0,0),(18,16,255,0,0),(18,16,256,0,0),(18,16,257,0,0),(18,16,258,0,0),(18,16,259,0,0),(18,16,260,0,0),(18,16,261,0,0),(18,16,262,0,0),(18,16,263,0,0),(18,16,264,0,0),(18,16,265,0,0),(18,16,266,0,0),(18,16,267,0,0),(18,16,268,0,0),(18,16,269,0,1),(18,16,270,0,1),(18,16,271,0,0),(18,16,272,0,0),(18,16,273,0,0),(18,16,274,0,0),(18,16,275,0,0),(18,16,276,0,0),(18,16,277,0,0),(18,29,474,0,0),(18,29,478,0,0),(18,29,479,0,0),(18,29,481,0,0),(18,29,488,0,0),(18,29,489,0,0),(18,29,490,0,0),(18,29,491,0,0),(18,29,493,0,0),(18,29,494,0,0),(18,29,495,0,0),(18,29,496,0,0),(18,29,497,0,0),(18,29,502,0,0),(18,29,503,0,0),(18,29,504,0,0),(18,29,505,0,0),(18,29,559,0,0),(18,9,729,0,1),(18,29,750,0,0),(18,51,751,0,0),(18,51,752,0,0),(18,51,753,0,0),(18,51,754,0,0),(18,51,755,0,1),(18,51,756,0,1),(18,52,757,0,0),(18,52,758,0,0),(18,52,759,0,0),(18,52,760,0,0),(18,52,761,0,1),(18,52,762,0,1),(18,53,763,0,0),(18,53,764,0,0),(18,53,765,0,0),(18,53,766,0,0),(18,53,767,0,1),(18,53,768,0,1),(18,54,769,0,0),(18,54,770,0,0),(18,54,771,0,0),(18,54,772,0,0),(18,54,773,0,1),(18,54,774,0,1),(18,51,775,0,0),(18,51,776,0,0),(18,51,777,0,0),(18,51,778,0,0),(18,51,779,0,0),(18,51,780,0,0),(18,51,781,0,0),(18,51,782,0,0),(18,51,783,0,0),(18,51,784,0,0),(18,51,785,0,0),(18,51,786,0,0),(18,51,787,0,0),(18,51,788,0,0),(18,51,789,0,0),(18,51,790,0,0),(18,51,791,0,0),(18,51,792,0,0),(18,51,793,0,0),(18,51,794,0,0),(18,51,795,0,0),(18,51,796,0,0),(18,51,797,0,0),(18,52,798,0,0),(18,52,799,0,0),(18,52,800,0,0),(18,52,801,0,0),(18,52,802,0,0),(18,52,803,0,0),(18,52,804,0,0),(18,52,805,0,0),(18,52,806,0,0),(18,52,807,0,0),(18,52,808,0,0),(18,52,809,0,0),(18,52,810,0,0),(18,52,811,0,0),(18,52,812,0,0),(18,52,813,0,0),(18,52,814,0,0),(18,52,815,0,0),(18,52,816,0,0),(18,52,817,0,0),(18,52,818,0,0),(18,52,819,0,0),(18,52,820,0,0),(18,52,821,0,0),(18,52,822,0,0),(18,52,823,0,0),(18,53,824,0,0),(18,53,825,0,0),(18,53,826,0,0),(18,53,827,0,0),(18,53,828,0,0),(18,53,829,0,0),(18,53,830,0,0),(18,53,831,0,0),(18,53,832,0,0),(18,53,833,0,0),(18,53,834,0,0),(18,53,835,0,0),(18,53,836,0,0),(18,53,837,0,0),(18,53,838,0,0),(18,54,839,0,0),(18,54,840,0,0),(18,54,841,0,0),(18,54,842,0,0),(18,54,843,0,0),(18,54,844,0,0),(18,54,845,0,0),(18,54,846,0,0),(18,54,847,0,0),(18,54,848,0,0),(18,54,849,0,0),(18,54,850,0,0),(18,54,851,0,0),(18,54,852,0,0),(18,55,853,0,0),(18,55,854,0,0),(18,55,855,0,0),(18,55,856,0,0),(18,55,857,0,0),(18,55,858,0,0),(18,55,859,0,1),(18,55,860,0,1),(18,51,861,0,0),(18,52,862,0,0),(18,53,863,0,0),(18,51,864,0,0),(18,52,865,0,0),(18,53,866,0,0),(18,56,867,0,0),(18,56,868,0,0),(18,56,869,0,0),(18,56,870,0,0),(18,56,871,0,1),(18,56,872,0,1),(18,56,873,0,0),(18,56,874,0,0),(18,56,875,0,0),(18,56,876,0,0),(18,56,877,0,0),(18,56,878,0,0),(18,56,880,0,0),(18,56,881,0,0),(18,56,882,0,0),(18,56,883,0,0),(18,56,884,0,0),(18,56,885,0,0),(18,56,886,0,0),(18,56,887,0,0),(18,57,888,0,0),(18,57,889,0,0),(18,57,890,0,0),(18,57,891,0,1),(18,57,892,0,1),(18,57,893,0,0),(18,57,894,0,0),(18,57,895,0,0),(18,57,896,0,0),(18,57,897,0,0),(18,57,899,0,0),(18,57,900,0,0),(18,57,901,0,0),(18,57,902,0,0),(18,57,903,0,0),(18,57,904,0,0),(18,57,905,0,0),(18,57,906,0,0),(18,58,907,0,0),(18,58,908,0,0),(18,58,909,0,0),(18,58,910,0,1),(18,58,911,0,1),(18,58,912,0,0),(18,58,913,0,0),(18,58,914,0,0),(18,58,915,0,0),(18,58,916,0,0),(18,58,918,0,0),(18,58,919,0,0),(18,58,920,0,0),(18,58,921,0,0),(18,58,922,0,0),(18,58,923,0,0),(18,58,924,0,0),(18,58,925,0,0),(18,58,926,0,0),(18,58,927,0,0),(18,58,928,0,0),(18,58,929,0,0),(18,59,930,0,0),(18,59,931,0,0),(18,59,932,0,0),(18,59,933,0,1),(18,59,934,0,1),(18,59,935,0,0),(18,59,936,0,0),(18,59,937,0,0),(18,59,938,0,0),(18,59,939,0,0),(18,59,940,0,0),(18,59,942,0,0),(18,59,943,0,0),(18,59,944,0,0),(18,59,945,0,0),(18,59,946,0,0),(18,59,947,0,0),(18,59,948,0,0),(18,59,949,0,0),(18,59,950,0,0),(18,59,951,0,0),(18,59,952,0,0),(18,59,953,0,0),(18,60,954,0,0),(18,60,955,0,0),(18,60,956,0,0),(18,60,957,0,1),(18,60,958,0,1),(18,60,959,0,0),(18,60,960,0,0),(18,60,961,0,0),(18,60,962,0,0),(18,60,963,0,0),(18,60,964,0,0),(18,60,965,0,0),(18,60,966,0,0),(18,60,967,0,0),(18,60,968,0,0),(18,60,969,0,0),(18,61,970,0,0),(18,61,971,0,0),(18,61,972,0,0),(18,61,973,0,1),(18,61,974,0,1),(18,61,975,0,0),(18,61,976,0,0),(18,61,977,0,0),(18,61,978,0,0),(18,61,979,0,0),(18,61,980,0,0),(18,61,981,0,0),(18,61,982,0,0),(18,61,983,0,0),(18,61,984,0,0),(18,61,985,0,0),(18,61,986,0,0),(18,57,987,0,0),(18,56,988,0,1),(18,56,989,0,0),(18,59,990,0,1),(18,59,991,0,0),(18,58,992,0,1),(18,58,993,0,0),(18,62,994,0,0),(18,62,995,0,0),(18,62,996,0,0),(18,62,997,0,0),(18,62,998,0,0),(18,62,999,0,0),(18,62,1000,0,0),(18,62,1001,0,0),(18,62,1002,0,0),(18,62,1003,0,0),(18,62,1004,0,0),(18,62,1005,0,0),(18,62,1006,0,0),(18,62,1007,0,0),(18,62,1008,0,0),(18,62,1009,0,0),(18,62,1010,0,0),(18,62,1011,0,0),(18,62,1012,0,0),(18,62,1013,0,0),(18,62,1014,0,0),(18,62,1015,0,0),(18,62,1016,0,0),(18,62,1017,0,0),(18,62,1018,0,0),(19,8,204,0,0),(19,8,205,0,1),(19,8,206,0,1),(19,8,207,0,0),(19,8,208,0,0),(19,8,209,0,0),(19,8,210,0,1),(19,8,211,0,1),(19,8,212,0,0),(19,8,213,0,0),(19,8,214,0,0),(19,8,215,0,1),(19,8,216,0,0),(19,8,217,0,0),(19,8,218,0,0),(19,9,231,0,0),(19,9,232,0,0),(19,9,233,0,0),(19,9,234,0,0),(19,9,235,0,0),(19,9,236,0,0),(19,9,237,0,0),(19,9,238,0,0),(19,9,239,0,0),(19,9,240,0,0),(19,9,241,0,0),(19,9,242,0,0),(19,9,243,0,1),(19,9,244,0,1),(19,9,245,0,0),(19,9,246,0,0),(19,9,247,0,0),(19,9,248,0,0),(19,9,249,0,0),(19,9,250,0,0),(19,9,251,0,0),(19,9,252,0,0),(19,9,253,0,0),(19,9,254,0,0),(19,16,255,0,0),(19,16,256,0,0),(19,16,257,0,0),(19,16,258,0,0),(19,16,259,0,0),(19,16,260,0,0),(19,16,261,0,0),(19,16,262,0,0),(19,16,263,0,0),(19,16,264,0,0),(19,16,265,0,0),(19,16,266,0,0),(19,16,267,0,0),(19,16,268,0,0),(19,16,269,0,1),(19,16,270,0,1),(19,16,271,0,0),(19,16,272,0,0),(19,16,273,0,0),(19,16,274,0,0),(19,16,275,0,0),(19,16,276,0,0),(19,16,277,0,0),(19,29,474,0,0),(19,29,478,0,0),(19,29,479,0,0),(19,29,481,0,0),(19,29,488,0,0),(19,29,489,0,0),(19,29,490,0,0),(19,29,491,0,0),(19,29,493,0,0),(19,29,494,0,0),(19,29,495,0,0),(19,29,496,0,0),(19,29,497,0,0),(19,29,502,0,0),(19,29,503,0,0),(19,29,504,0,0),(19,29,505,0,0),(19,29,559,0,0),(19,9,729,0,1),(19,29,750,0,0),(19,51,751,0,0),(19,51,752,0,0),(19,51,753,0,0),(19,51,754,0,0),(19,51,755,0,1),(19,51,756,0,1),(19,52,757,0,0),(19,52,758,0,0),(19,52,759,0,0),(19,52,760,0,0),(19,52,761,0,1),(19,52,762,0,1),(19,53,763,0,0),(19,53,764,0,0),(19,53,765,0,0),(19,53,766,0,0),(19,53,767,0,1),(19,53,768,0,1),(19,54,769,0,0),(19,54,770,0,0),(19,54,771,0,0),(19,54,772,0,0),(19,54,773,0,1),(19,54,774,0,1),(19,51,775,0,0),(19,51,776,0,0),(19,51,777,0,0),(19,51,778,0,0),(19,51,779,0,0),(19,51,780,0,0),(19,51,781,0,0),(19,51,782,0,0),(19,51,783,0,0),(19,51,784,0,0),(19,51,785,0,0),(19,51,786,0,0),(19,51,787,0,0),(19,51,788,0,0),(19,51,789,0,0),(19,51,790,0,0),(19,51,791,0,0),(19,51,792,0,0),(19,51,793,0,0),(19,51,794,0,0),(19,51,795,0,0),(19,51,796,0,0),(19,51,797,0,0),(19,52,798,0,0),(19,52,799,0,0),(19,52,800,0,0),(19,52,801,0,0),(19,52,802,0,0),(19,52,803,0,0),(19,52,804,0,0),(19,52,805,0,0),(19,52,806,0,0),(19,52,807,0,0),(19,52,808,0,0),(19,52,809,0,0),(19,52,810,0,0),(19,52,811,0,0),(19,52,812,0,0),(19,52,813,0,0),(19,52,814,0,0),(19,52,815,0,0),(19,52,816,0,0),(19,52,817,0,0),(19,52,818,0,0),(19,52,819,0,0),(19,52,820,0,0),(19,52,821,0,0),(19,52,822,0,0),(19,52,823,0,0),(19,53,824,0,0),(19,53,825,0,0),(19,53,826,0,0),(19,53,827,0,0),(19,53,828,0,0),(19,53,829,0,0),(19,53,830,0,0),(19,53,831,0,0),(19,53,832,0,0),(19,53,833,0,0),(19,53,834,0,0),(19,53,835,0,0),(19,53,836,0,0),(19,53,837,0,0),(19,53,838,0,0),(19,54,839,0,0),(19,54,840,0,0),(19,54,841,0,0),(19,54,842,0,0),(19,54,843,0,0),(19,54,844,0,0),(19,54,845,0,0),(19,54,846,0,0),(19,54,847,0,0),(19,54,848,0,0),(19,54,849,0,0),(19,54,850,0,0),(19,54,851,0,0),(19,54,852,0,0),(19,55,853,0,0),(19,55,854,0,0),(19,55,855,0,0),(19,55,856,0,0),(19,55,857,0,0),(19,55,858,0,0),(19,55,859,0,1),(19,55,860,0,1),(19,51,861,0,0),(19,52,862,0,0),(19,53,863,0,0),(19,51,864,0,0),(19,52,865,0,0),(19,53,866,0,0),(19,56,867,0,0),(19,56,868,0,0),(19,56,869,0,0),(19,56,870,0,0),(19,56,871,0,1),(19,56,872,0,1),(19,56,873,0,0),(19,56,874,0,0),(19,56,875,0,0),(19,56,876,0,0),(19,56,877,0,0),(19,56,878,0,0),(19,56,880,0,0),(19,56,881,0,0),(19,56,882,0,0),(19,56,883,0,0),(19,56,884,0,0),(19,56,885,0,0),(19,56,886,0,0),(19,56,887,0,0),(19,57,888,0,0),(19,57,889,0,0),(19,57,890,0,0),(19,57,891,0,1),(19,57,892,0,1),(19,57,893,0,0),(19,57,894,0,0),(19,57,895,0,0),(19,57,896,0,0),(19,57,897,0,0),(19,57,899,0,0),(19,57,900,0,0),(19,57,901,0,0),(19,57,902,0,0),(19,57,903,0,0),(19,57,904,0,0),(19,57,905,0,0),(19,57,906,0,0),(19,58,907,0,0),(19,58,908,0,0),(19,58,909,0,0),(19,58,910,0,1),(19,58,911,0,1),(19,58,912,0,0),(19,58,913,0,0),(19,58,914,0,0),(19,58,915,0,0),(19,58,916,0,0),(19,58,918,0,0),(19,58,919,0,0),(19,58,920,0,0),(19,58,921,0,0),(19,58,922,0,0),(19,58,923,0,0),(19,58,924,0,0),(19,58,925,0,0),(19,58,926,0,0),(19,58,927,0,0),(19,58,928,0,0),(19,58,929,0,0),(19,59,930,0,0),(19,59,931,0,0),(19,59,932,0,0),(19,59,933,0,1),(19,59,934,0,1),(19,59,935,0,0),(19,59,936,0,0),(19,59,937,0,0),(19,59,938,0,0),(19,59,939,0,0),(19,59,940,0,0),(19,59,942,0,0),(19,59,943,0,0),(19,59,944,0,0),(19,59,945,0,0),(19,59,946,0,0),(19,59,947,0,0),(19,59,948,0,0),(19,59,949,0,0),(19,59,950,0,0),(19,59,951,0,0),(19,59,952,0,0),(19,59,953,0,0),(19,60,954,0,0),(19,60,955,0,0),(19,60,956,0,0),(19,60,957,0,1),(19,60,958,0,1),(19,60,959,0,0),(19,60,960,0,0),(19,60,961,0,0),(19,60,962,0,0),(19,60,963,0,0),(19,60,964,0,0),(19,60,965,0,0),(19,60,966,0,0),(19,60,967,0,0),(19,60,968,0,0),(19,60,969,0,0),(19,61,970,0,0),(19,61,971,0,0),(19,61,972,0,0),(19,61,973,0,1),(19,61,974,0,1),(19,61,975,0,0),(19,61,976,0,0),(19,61,977,0,0),(19,61,978,0,0),(19,61,979,0,0),(19,61,980,0,0),(19,61,981,0,0),(19,61,982,0,0),(19,61,983,0,0),(19,61,984,0,0),(19,61,985,0,0),(19,61,986,0,0),(19,57,987,0,0),(19,56,988,0,1),(19,56,989,0,0),(19,59,990,0,1),(19,59,991,0,0),(19,58,992,0,1),(19,58,993,0,0),(19,62,994,0,0),(19,62,995,0,0),(19,62,996,0,0),(19,62,997,0,0),(19,62,998,0,0),(19,62,999,0,0),(19,62,1000,0,0),(19,62,1001,0,0),(19,62,1002,0,0),(19,62,1003,0,0),(19,62,1004,0,0),(19,62,1005,0,0),(19,62,1006,0,0),(19,62,1007,0,0),(19,62,1008,0,0),(19,62,1009,0,0),(19,62,1010,0,0),(19,62,1011,0,0),(19,62,1012,0,0),(19,62,1013,0,0),(19,62,1014,0,0),(19,62,1015,0,0),(19,62,1016,0,0),(19,62,1017,0,0),(19,62,1018,0,0);
/*!40000 ALTER TABLE `vtiger_profile2field` ENABLE KEYS */;
UNLOCK TABLES;

--
-- Table structure for table `vtiger_profile2globalpermissions`
--

DROP TABLE IF EXISTS `vtiger_profile2globalpermissions`;
/*!40101 SET @saved_cs_client     = @@character_set_client */;
/*!40101 SET character_set_client = utf8 */;
CREATE TABLE `vtiger_profile2globalpermissions` (
  `profileid` int(19) NOT NULL,
  `globalactionid` int(19) NOT NULL,
  `globalactionpermission` int(19) DEFAULT NULL,
  PRIMARY KEY (`profileid`,`globalactionid`),
  KEY `idx_profile2globalpermissions` (`profileid`,`globalactionid`)
) ENGINE=InnoDB DEFAULT CHARSET=latin1;
/*!40101 SET character_set_client = @saved_cs_client */;

--
-- Dumping data for table `vtiger_profile2globalpermissions`
--

LOCK TABLES `vtiger_profile2globalpermissions` WRITE;
/*!40000 ALTER TABLE `vtiger_profile2globalpermissions` DISABLE KEYS */;
INSERT INTO `vtiger_profile2globalpermissions` VALUES (1,1,0),(1,2,0),(2,1,1),(2,2,1),(3,1,1),(3,2,1),(4,1,1),(4,2,1),(5,1,1),(5,2,1),(6,1,1),(6,2,1),(7,1,1),(7,2,1),(8,1,1),(8,2,1),(9,1,1),(9,2,1),(10,1,0),(10,2,0),(11,1,1),(11,2,1),(12,1,1),(12,2,1),(13,1,1),(13,2,1),(14,1,1),(14,2,1),(15,1,1),(15,2,1),(16,1,1),(16,2,1),(17,1,1),(17,2,1),(18,1,1),(18,2,1),(19,1,1),(19,2,1);
/*!40000 ALTER TABLE `vtiger_profile2globalpermissions` ENABLE KEYS */;
UNLOCK TABLES;

--
-- Table structure for table `vtiger_profile2standardpermissions`
--

DROP TABLE IF EXISTS `vtiger_profile2standardpermissions`;
/*!40101 SET @saved_cs_client     = @@character_set_client */;
/*!40101 SET character_set_client = utf8 */;
CREATE TABLE `vtiger_profile2standardpermissions` (
  `profileid` int(11) NOT NULL,
  `tabid` int(10) NOT NULL,
  `operation` int(10) NOT NULL,
  `permissions` int(1) DEFAULT NULL,
  PRIMARY KEY (`profileid`,`tabid`,`operation`),
  KEY `profile2standardpermissions_profileid_tabid_operation_idx` (`profileid`,`tabid`,`operation`)
) ENGINE=InnoDB DEFAULT CHARSET=latin1;
/*!40101 SET character_set_client = @saved_cs_client */;

--
-- Dumping data for table `vtiger_profile2standardpermissions`
--

LOCK TABLES `vtiger_profile2standardpermissions` WRITE;
/*!40000 ALTER TABLE `vtiger_profile2standardpermissions` DISABLE KEYS */;
INSERT INTO `vtiger_profile2standardpermissions` VALUES (1,2,0,0),(1,2,1,0),(1,2,2,0),(1,2,3,0),(1,2,4,0),(1,4,0,0),(1,4,1,0),(1,4,2,0),(1,4,3,0),(1,4,4,0),(1,6,0,0),(1,6,1,0),(1,6,2,0),(1,6,3,0),(1,6,4,0),(1,7,0,0),(1,7,1,0),(1,7,2,0),(1,7,3,0),(1,7,4,0),(1,8,0,0),(1,8,1,0),(1,8,2,0),(1,8,3,0),(1,8,4,0),(1,9,0,0),(1,9,1,0),(1,9,2,0),(1,9,3,0),(1,9,4,0),(1,13,0,0),(1,13,1,0),(1,13,2,0),(1,13,3,0),(1,13,4,0),(1,14,0,0),(1,14,1,0),(1,14,2,0),(1,14,3,0),(1,14,4,0),(1,15,0,0),(1,15,1,0),(1,15,2,0),(1,15,3,0),(1,15,4,0),(1,16,0,0),(1,16,1,0),(1,16,2,0),(1,16,3,0),(1,16,4,0),(1,18,0,0),(1,18,1,0),(1,18,2,0),(1,18,3,0),(1,18,4,0),(1,19,0,0),(1,19,1,0),(1,19,2,0),(1,19,3,0),(1,19,4,0),(1,20,0,0),(1,20,1,0),(1,20,2,0),(1,20,3,0),(1,20,4,0),(1,21,0,0),(1,21,1,0),(1,21,2,0),(1,21,3,0),(1,21,4,0),(1,22,0,0),(1,22,1,0),(1,22,2,0),(1,22,3,0),(1,22,4,0),(1,23,0,0),(1,23,1,0),(1,23,2,0),(1,23,3,0),(1,23,4,0),(1,26,0,0),(1,26,1,0),(1,26,2,0),(1,26,3,0),(1,26,4,0),(1,30,0,0),(1,30,1,0),(1,30,2,0),(1,30,3,0),(1,30,4,0),(1,31,0,0),(1,31,1,0),(1,31,2,0),(1,31,3,0),(1,31,4,0),(1,34,0,0),(1,34,1,0),(1,34,2,0),(1,34,3,0),(1,34,4,0),(1,38,0,0),(1,38,1,0),(1,38,2,0),(1,38,3,0),(1,38,4,0),(1,39,0,0),(1,39,1,0),(1,39,2,0),(1,39,3,0),(1,39,4,0),(1,40,0,0),(1,40,1,0),(1,40,2,0),(1,40,3,0),(1,40,4,0),(1,41,0,0),(1,41,1,0),(1,41,2,0),(1,41,3,0),(1,41,4,0),(1,42,0,0),(1,42,1,0),(1,42,2,0),(1,42,3,0),(1,42,4,0),(1,44,0,0),(1,44,1,0),(1,44,2,0),(1,44,3,0),(1,44,4,0),(1,51,0,0),(1,51,1,0),(1,51,2,0),(1,51,3,0),(1,51,4,0),(1,52,0,0),(1,52,1,0),(1,52,2,0),(1,52,3,0),(1,52,4,0),(1,53,0,0),(1,53,1,0),(1,53,2,0),(1,53,3,0),(1,53,4,0),(1,54,0,0),(1,54,1,0),(1,54,2,0),(1,54,3,0),(1,54,4,0),(1,55,0,0),(1,55,1,0),(1,55,2,0),(1,55,3,0),(1,55,4,0),(1,58,0,0),(1,58,1,0),(1,58,2,0),(1,58,3,0),(1,58,4,0),(2,2,0,0),(2,2,1,0),(2,2,2,0),(2,2,3,0),(2,2,4,0),(2,4,0,0),(2,4,1,0),(2,4,2,0),(2,4,3,0),(2,4,4,0),(2,6,0,0),(2,6,1,0),(2,6,2,0),(2,6,3,0),(2,6,4,0),(2,7,0,0),(2,7,1,0),(2,7,2,0),(2,7,3,0),(2,7,4,0),(2,8,0,0),(2,8,1,0),(2,8,2,0),(2,8,3,0),(2,8,4,0),(2,9,0,0),(2,9,1,0),(2,9,2,0),(2,9,3,0),(2,9,4,0),(2,13,0,1),(2,13,1,1),(2,13,2,1),(2,13,3,0),(2,13,4,0),(2,14,0,0),(2,14,1,0),(2,14,2,0),(2,14,3,0),(2,14,4,0),(2,15,0,0),(2,15,1,0),(2,15,2,0),(2,15,3,0),(2,15,4,0),(2,16,0,0),(2,16,1,0),(2,16,2,0),(2,16,3,0),(2,16,4,0),(2,18,0,0),(2,18,1,0),(2,18,2,0),(2,18,3,0),(2,18,4,0),(2,19,0,0),(2,19,1,0),(2,19,2,0),(2,19,3,0),(2,19,4,0),(2,20,0,0),(2,20,1,0),(2,20,2,0),(2,20,3,0),(2,20,4,0),(2,21,0,0),(2,21,1,0),(2,21,2,0),(2,21,3,0),(2,21,4,0),(2,22,0,0),(2,22,1,0),(2,22,2,0),(2,22,3,0),(2,22,4,0),(2,23,0,0),(2,23,1,0),(2,23,2,0),(2,23,3,0),(2,23,4,0),(2,26,0,0),(2,26,1,0),(2,26,2,0),(2,26,3,0),(2,26,4,0),(2,30,0,0),(2,30,1,0),(2,30,2,0),(2,30,3,0),(2,30,4,0),(2,31,0,0),(2,31,1,0),(2,31,2,0),(2,31,3,0),(2,31,4,0),(2,34,0,0),(2,34,1,0),(2,34,2,0),(2,34,3,0),(2,34,4,0),(2,38,0,0),(2,38,1,0),(2,38,2,0),(2,38,3,0),(2,38,4,0),(2,39,0,0),(2,39,1,0),(2,39,2,0),(2,39,3,0),(2,39,4,0),(2,40,0,0),(2,40,1,0),(2,40,2,0),(2,40,3,0),(2,40,4,0),(2,41,0,0),(2,41,1,0),(2,41,2,0),(2,41,3,0),(2,41,4,0),(2,42,0,0),(2,42,1,0),(2,42,2,0),(2,42,3,0),(2,42,4,0),(2,44,0,0),(2,44,1,0),(2,44,2,0),(2,44,3,0),(2,44,4,0),(2,51,0,0),(2,51,1,0),(2,51,2,0),(2,51,3,0),(2,51,4,0),(2,52,0,0),(2,52,1,0),(2,52,2,0),(2,52,3,0),(2,52,4,0),(2,53,0,0),(2,53,1,0),(2,53,2,0),(2,53,3,0),(2,53,4,0),(2,54,0,0),(2,54,1,0),(2,54,2,0),(2,54,3,0),(2,54,4,0),(2,55,0,0),(2,55,1,0),(2,55,2,0),(2,55,3,0),(2,55,4,0),(2,58,0,0),(2,58,1,0),(2,58,2,0),(2,58,3,0),(2,58,4,0),(3,2,0,1),(3,2,1,1),(3,2,2,1),(3,2,3,0),(3,2,4,0),(3,4,0,0),(3,4,1,0),(3,4,2,0),(3,4,3,0),(3,4,4,0),(3,6,0,0),(3,6,1,0),(3,6,2,0),(3,6,3,0),(3,6,4,0),(3,7,0,0),(3,7,1,0),(3,7,2,0),(3,7,3,0),(3,7,4,0),(3,8,0,0),(3,8,1,0),(3,8,2,0),(3,8,3,0),(3,8,4,0),(3,9,0,0),(3,9,1,0),(3,9,2,0),(3,9,3,0),(3,9,4,0),(3,13,0,0),(3,13,1,0),(3,13,2,0),(3,13,3,0),(3,13,4,0),(3,14,0,0),(3,14,1,0),(3,14,2,0),(3,14,3,0),(3,14,4,0),(3,15,0,0),(3,15,1,0),(3,15,2,0),(3,15,3,0),(3,15,4,0),(3,16,0,0),(3,16,1,0),(3,16,2,0),(3,16,3,0),(3,16,4,0),(3,18,0,0),(3,18,1,0),(3,18,2,0),(3,18,3,0),(3,18,4,0),(3,19,0,0),(3,19,1,0),(3,19,2,0),(3,19,3,0),(3,19,4,0),(3,20,0,0),(3,20,1,0),(3,20,2,0),(3,20,3,0),(3,20,4,0),(3,21,0,0),(3,21,1,0),(3,21,2,0),(3,21,3,0),(3,21,4,0),(3,22,0,0),(3,22,1,0),(3,22,2,0),(3,22,3,0),(3,22,4,0),(3,23,0,0),(3,23,1,0),(3,23,2,0),(3,23,3,0),(3,23,4,0),(3,26,0,0),(3,26,1,0),(3,26,2,0),(3,26,3,0),(3,26,4,0),(3,30,0,0),(3,30,1,0),(3,30,2,0),(3,30,3,0),(3,30,4,0),(3,31,0,0),(3,31,1,0),(3,31,2,0),(3,31,3,0),(3,31,4,0),(3,34,0,0),(3,34,1,0),(3,34,2,0),(3,34,3,0),(3,34,4,0),(3,38,0,0),(3,38,1,0),(3,38,2,0),(3,38,3,0),(3,38,4,0),(3,39,0,0),(3,39,1,0),(3,39,2,0),(3,39,3,0),(3,39,4,0),(3,40,0,0),(3,40,1,0),(3,40,2,0),(3,40,3,0),(3,40,4,0),(3,41,0,0),(3,41,1,0),(3,41,2,0),(3,41,3,0),(3,41,4,0),(3,42,0,0),(3,42,1,0),(3,42,2,0),(3,42,3,0),(3,42,4,0),(3,44,0,0),(3,44,1,0),(3,44,2,0),(3,44,3,0),(3,44,4,0),(3,51,0,0),(3,51,1,0),(3,51,2,0),(3,51,3,0),(3,51,4,0),(3,52,0,0),(3,52,1,0),(3,52,2,0),(3,52,3,0),(3,52,4,0),(3,53,0,0),(3,53,1,0),(3,53,2,0),(3,53,3,0),(3,53,4,0),(3,54,0,0),(3,54,1,0),(3,54,2,0),(3,54,3,0),(3,54,4,0),(3,55,0,0),(3,55,1,0),(3,55,2,0),(3,55,3,0),(3,55,4,0),(3,58,0,0),(3,58,1,0),(3,58,2,0),(3,58,3,0),(3,58,4,0),(4,2,0,1),(4,2,1,1),(4,2,2,1),(4,2,3,0),(4,2,4,0),(4,4,0,1),(4,4,1,1),(4,4,2,1),(4,4,3,0),(4,4,4,0),(4,6,0,1),(4,6,1,1),(4,6,2,1),(4,6,3,0),(4,6,4,0),(4,7,0,1),(4,7,1,1),(4,7,2,1),(4,7,3,0),(4,7,4,0),(4,8,0,1),(4,8,1,1),(4,8,2,1),(4,8,3,0),(4,8,4,0),(4,9,0,1),(4,9,1,1),(4,9,2,1),(4,9,3,0),(4,9,4,0),(4,13,0,1),(4,13,1,1),(4,13,2,1),(4,13,3,0),(4,13,4,0),(4,14,0,1),(4,14,1,1),(4,14,2,1),(4,14,3,0),(4,14,4,0),(4,15,0,1),(4,15,1,1),(4,15,2,1),(4,15,3,0),(4,15,4,0),(4,16,0,1),(4,16,1,1),(4,16,2,1),(4,16,3,0),(4,16,4,0),(4,18,0,1),(4,18,1,1),(4,18,2,1),(4,18,3,0),(4,18,4,0),(4,19,0,1),(4,19,1,1),(4,19,2,1),(4,19,3,0),(4,19,4,0),(4,20,0,1),(4,20,1,1),(4,20,2,1),(4,20,3,0),(4,20,4,0),(4,21,0,1),(4,21,1,1),(4,21,2,1),(4,21,3,0),(4,21,4,0),(4,22,0,1),(4,22,1,1),(4,22,2,1),(4,22,3,0),(4,22,4,0),(4,23,0,1),(4,23,1,1),(4,23,2,1),(4,23,3,0),(4,23,4,0),(4,26,0,1),(4,26,1,1),(4,26,2,1),(4,26,3,0),(4,26,4,0),(4,30,0,0),(4,30,1,0),(4,30,2,0),(4,30,3,0),(4,30,4,0),(4,31,0,0),(4,31,1,0),(4,31,2,0),(4,31,3,0),(4,31,4,0),(4,34,0,0),(4,34,1,0),(4,34,2,0),(4,34,3,0),(4,34,4,0),(4,38,0,0),(4,38,1,0),(4,38,2,0),(4,38,3,0),(4,38,4,0),(4,39,0,0),(4,39,1,0),(4,39,2,0),(4,39,3,0),(4,39,4,0),(4,40,0,0),(4,40,1,0),(4,40,2,0),(4,40,3,0),(4,40,4,0),(4,41,0,0),(4,41,1,0),(4,41,2,0),(4,41,3,0),(4,41,4,0),(4,42,0,0),(4,42,1,0),(4,42,2,0),(4,42,3,0),(4,42,4,0),(4,44,0,0),(4,44,1,0),(4,44,2,0),(4,44,3,0),(4,44,4,0),(4,51,0,0),(4,51,1,0),(4,51,2,0),(4,51,3,0),(4,51,4,0),(4,52,0,0),(4,52,1,0),(4,52,2,0),(4,52,3,0),(4,52,4,0),(4,53,0,0),(4,53,1,0),(4,53,2,0),(4,53,3,0),(4,53,4,0),(4,54,0,0),(4,54,1,0),(4,54,2,0),(4,54,3,0),(4,54,4,0),(4,55,0,0),(4,55,1,0),(4,55,2,0),(4,55,3,0),(4,55,4,0),(4,58,0,0),(4,58,1,0),(4,58,2,0),(4,58,3,0),(4,58,4,0),(5,8,0,0),(5,8,1,0),(5,8,2,0),(5,8,4,0),(5,51,0,0),(5,51,1,0),(5,51,2,0),(5,51,4,0),(5,52,0,0),(5,52,1,0),(5,52,2,0),(5,52,3,0),(5,52,4,0),(5,53,0,0),(5,53,1,0),(5,53,2,0),(5,53,3,0),(5,53,4,0),(5,54,0,0),(5,54,1,0),(5,54,2,0),(5,54,3,0),(5,54,4,0),(5,55,0,0),(5,55,1,0),(5,55,2,0),(5,55,3,0),(5,55,4,0),(5,58,0,0),(5,58,1,0),(5,58,2,0),(5,58,3,0),(5,58,4,0),(6,4,0,0),(6,4,1,0),(6,4,2,0),(6,4,4,0),(6,8,0,0),(6,8,1,0),(6,8,2,0),(6,8,4,0),(6,51,0,0),(6,51,1,0),(6,51,2,0),(6,51,4,0),(6,52,0,0),(6,52,1,0),(6,52,2,0),(6,52,3,0),(6,52,4,0),(6,53,0,0),(6,53,1,0),(6,53,2,0),(6,53,3,0),(6,53,4,0),(6,54,0,0),(6,54,1,0),(6,54,2,0),(6,54,3,0),(6,54,4,0),(6,55,0,0),(6,55,1,0),(6,55,2,0),(6,55,3,0),(6,55,4,0),(6,58,0,0),(6,58,1,0),(6,58,2,0),(6,58,3,0),(6,58,4,0),(7,4,0,0),(7,4,1,0),(7,4,2,0),(7,4,4,0),(7,8,0,0),(7,8,1,0),(7,8,2,0),(7,8,4,0),(7,51,0,0),(7,51,1,0),(7,51,2,0),(7,51,4,0),(7,52,0,0),(7,52,1,0),(7,52,2,0),(7,52,3,0),(7,52,4,0),(7,53,0,0),(7,53,1,0),(7,53,2,0),(7,53,3,0),(7,53,4,0),(7,54,0,0),(7,54,1,0),(7,54,2,0),(7,54,3,0),(7,54,4,0),(7,55,0,0),(7,55,1,0),(7,55,2,0),(7,55,3,0),(7,55,4,0),(7,58,0,0),(7,58,1,0),(7,58,2,0),(7,58,3,0),(7,58,4,0),(8,4,0,0),(8,4,1,0),(8,4,2,0),(8,4,4,0),(8,8,0,0),(8,8,1,0),(8,8,2,0),(8,8,4,0),(8,51,0,0),(8,51,1,0),(8,51,2,0),(8,51,4,0),(8,52,0,0),(8,52,1,0),(8,52,2,0),(8,52,3,0),(8,52,4,0),(8,53,0,0),(8,53,1,0),(8,53,2,0),(8,53,3,0),(8,53,4,0),(8,54,0,0),(8,54,1,0),(8,54,2,0),(8,54,3,0),(8,54,4,0),(8,55,0,0),(8,55,1,0),(8,55,2,0),(8,55,3,0),(8,55,4,0),(8,58,0,0),(8,58,1,0),(8,58,2,0),(8,58,3,0),(8,58,4,0),(9,8,0,0),(9,8,1,0),(9,8,2,0),(9,8,4,0),(9,51,0,0),(9,51,1,0),(9,51,2,0),(9,51,4,0),(9,52,0,0),(9,52,1,0),(9,52,2,0),(9,52,3,0),(9,52,4,0),(9,53,0,0),(9,53,1,0),(9,53,2,0),(9,53,3,0),(9,53,4,0),(9,54,0,0),(9,54,1,0),(9,54,2,0),(9,54,3,0),(9,54,4,0),(9,55,0,0),(9,55,1,0),(9,55,2,0),(9,55,3,0),(9,55,4,0),(9,58,0,0),(9,58,1,0),(9,58,2,0),(9,58,3,0),(9,58,4,0),(10,4,0,0),(10,4,1,0),(10,4,2,0),(10,4,4,0),(10,8,0,0),(10,8,1,0),(10,8,2,0),(10,8,4,0),(10,51,0,0),(10,51,1,0),(10,51,2,0),(10,51,4,0),(10,52,0,0),(10,52,1,0),(10,52,2,0),(10,52,3,0),(10,52,4,0),(10,53,0,0),(10,53,1,0),(10,53,2,0),(10,53,3,0),(10,53,4,0),(10,54,0,0),(10,54,1,0),(10,54,2,0),(10,54,3,0),(10,54,4,0),(10,55,0,0),(10,55,1,0),(10,55,2,0),(10,55,3,0),(10,55,4,0),(10,58,0,0),(10,58,1,0),(10,58,2,0),(10,58,3,0),(10,58,4,0),(11,8,0,0),(11,8,1,0),(11,8,2,0),(11,8,4,0),(11,51,0,0),(11,51,1,0),(11,51,2,0),(11,51,4,0),(11,52,0,0),(11,52,1,0),(11,52,2,0),(11,52,4,0),(11,53,0,0),(11,53,1,0),(11,53,2,0),(11,53,4,0),(11,54,0,0),(11,54,1,0),(11,54,2,0),(11,54,4,0),(11,55,0,0),(11,55,1,0),(11,55,2,0),(11,55,4,0),(11,58,0,0),(11,58,1,0),(11,58,2,0),(11,58,3,0),(11,58,4,0),(12,8,0,0),(12,8,1,0),(12,8,2,0),(12,8,4,0),(12,9,0,0),(12,9,1,0),(12,9,2,0),(12,9,4,0),(12,16,0,0),(12,16,1,0),(12,16,2,0),(12,16,4,0),(12,51,0,1),(12,51,1,1),(12,51,2,1),(12,51,4,1),(12,52,0,1),(12,52,1,1),(12,52,2,1),(12,52,4,1),(12,53,0,1),(12,53,1,1),(12,53,2,1),(12,53,4,1),(12,54,0,1),(12,54,1,1),(12,54,2,1),(12,54,4,1),(12,55,0,1),(12,55,1,1),(12,55,2,1),(12,55,4,1),(12,58,0,0),(12,58,1,0),(12,58,2,0),(12,58,3,0),(12,58,4,0),(13,8,0,0),(13,8,1,0),(13,8,2,0),(13,8,4,0),(13,9,0,0),(13,9,1,0),(13,9,2,0),(13,9,4,0),(13,16,0,0),(13,16,1,0),(13,16,2,0),(13,16,4,0),(13,51,0,1),(13,51,1,1),(13,51,2,1),(13,51,4,1),(13,52,0,1),(13,52,1,1),(13,52,2,1),(13,52,4,1),(13,53,0,1),(13,53,1,1),(13,53,2,1),(13,53,4,1),(13,54,0,1),(13,54,1,1),(13,54,2,1),(13,54,4,1),(13,55,0,1),(13,55,1,1),(13,55,2,1),(13,55,4,1),(13,58,0,0),(13,58,1,0),(13,58,2,0),(13,58,3,0),(13,58,4,0),(14,8,0,0),(14,8,1,0),(14,8,2,0),(14,8,4,0),(14,9,0,0),(14,9,1,0),(14,9,2,0),(14,9,4,0),(14,16,0,0),(14,16,1,0),(14,16,2,0),(14,16,4,0),(14,51,0,1),(14,51,1,1),(14,51,2,1),(14,51,4,1),(14,52,0,1),(14,52,1,1),(14,52,2,1),(14,52,4,1),(14,53,0,1),(14,53,1,1),(14,53,2,1),(14,53,4,1),(14,54,0,1),(14,54,1,1),(14,54,2,1),(14,54,4,1),(14,55,0,0),(14,55,1,0),(14,55,2,0),(14,55,4,0),(14,58,0,0),(14,58,1,0),(14,58,2,0),(14,58,3,0),(14,58,4,0),(15,8,0,0),(15,8,1,0),(15,8,2,0),(15,8,4,0),(15,9,0,1),(15,9,1,1),(15,9,2,1),(15,9,4,1),(15,16,0,1),(15,16,1,1),(15,16,2,1),(15,16,4,1),(15,51,0,1),(15,51,1,1),(15,51,2,1),(15,51,4,1),(15,52,0,1),(15,52,1,1),(15,52,2,1),(15,52,4,1),(15,53,0,1),(15,53,1,1),(15,53,2,1),(15,53,4,1),(15,54,0,1),(15,54,1,1),(15,54,2,1),(15,54,4,1),(15,55,0,1),(15,55,1,1),(15,55,2,1),(15,55,4,1),(15,58,0,0),(15,58,1,0),(15,58,2,0),(15,58,4,0),(16,8,0,0),(16,8,1,0),(16,8,2,0),(16,8,4,0),(16,9,0,0),(16,9,1,0),(16,9,2,0),(16,9,4,0),(16,16,0,0),(16,16,1,0),(16,16,2,0),(16,16,4,0),(16,51,0,1),(16,51,1,1),(16,51,2,1),(16,51,4,1),(16,52,0,1),(16,52,1,1),(16,52,2,1),(16,52,4,1),(16,53,0,1),(16,53,1,1),(16,53,2,1),(16,53,4,1),(16,54,0,1),(16,54,1,1),(16,54,2,1),(16,54,4,1),(16,55,0,1),(16,55,1,1),(16,55,2,1),(16,55,4,1),(16,58,0,0),(16,58,1,0),(16,58,2,0),(16,58,4,0),(17,8,0,0),(17,8,1,0),(17,8,2,0),(17,8,4,0),(17,9,0,0),(17,9,1,0),(17,9,2,0),(17,9,4,0),(17,16,0,0),(17,16,1,0),(17,16,2,0),(17,16,4,0),(17,51,0,1),(17,51,1,1),(17,51,2,1),(17,51,4,1),(17,52,0,1),(17,52,1,1),(17,52,2,1),(17,52,4,1),(17,53,0,1),(17,53,1,1),(17,53,2,1),(17,53,4,1),(17,54,0,1),(17,54,1,1),(17,54,2,1),(17,54,4,1),(17,55,0,1),(17,55,1,1),(17,55,2,1),(17,55,4,1),(17,58,0,0),(17,58,1,0),(17,58,2,0),(17,58,4,0),(18,8,0,0),(18,8,1,0),(18,8,2,0),(18,8,4,0),(18,9,0,0),(18,9,1,0),(18,9,2,0),(18,9,4,0),(18,16,0,0),(18,16,1,0),(18,16,2,0),(18,16,4,0),(18,51,0,1),(18,51,1,1),(18,51,2,1),(18,51,4,1),(18,52,0,1),(18,52,1,1),(18,52,2,1),(18,52,4,1),(18,53,0,1),(18,53,1,1),(18,53,2,1),(18,53,4,1),(18,54,0,1),(18,54,1,1),(18,54,2,1),(18,54,4,1),(18,55,0,1),(18,55,1,1),(18,55,2,1),(18,55,4,1),(18,58,0,0),(18,58,1,0),(18,58,2,0),(18,58,4,0),(19,8,0,0),(19,8,1,0),(19,8,2,0),(19,8,4,0),(19,9,0,0),(19,9,1,0),(19,9,2,0),(19,9,4,0),(19,16,0,0),(19,16,1,0),(19,16,2,0),(19,16,4,0),(19,51,0,1),(19,51,1,1),(19,51,2,1),(19,51,4,1),(19,52,0,1),(19,52,1,1),(19,52,2,1),(19,52,4,1),(19,53,0,1),(19,53,1,1),(19,53,2,1),(19,53,4,1),(19,54,0,1),(19,54,1,1),(19,54,2,1),(19,54,4,1),(19,55,0,1),(19,55,1,1),(19,55,2,1),(19,55,4,1),(19,58,0,0),(19,58,1,0),(19,58,2,0),(19,58,4,0);
/*!40000 ALTER TABLE `vtiger_profile2standardpermissions` ENABLE KEYS */;
UNLOCK TABLES;

--
-- Table structure for table `vtiger_profile2tab`
--

DROP TABLE IF EXISTS `vtiger_profile2tab`;
/*!40101 SET @saved_cs_client     = @@character_set_client */;
/*!40101 SET character_set_client = utf8 */;
CREATE TABLE `vtiger_profile2tab` (
  `profileid` int(11) DEFAULT NULL,
  `tabid` int(10) DEFAULT NULL,
  `permissions` int(10) NOT NULL DEFAULT '0',
  KEY `profile2tab_profileid_tabid_idx` (`profileid`,`tabid`)
) ENGINE=InnoDB DEFAULT CHARSET=latin1;
/*!40101 SET character_set_client = @saved_cs_client */;

--
-- Dumping data for table `vtiger_profile2tab`
--

LOCK TABLES `vtiger_profile2tab` WRITE;
/*!40000 ALTER TABLE `vtiger_profile2tab` DISABLE KEYS */;
INSERT INTO `vtiger_profile2tab` VALUES (1,1,0),(1,2,0),(1,3,0),(1,4,0),(1,6,0),(1,7,0),(1,8,0),(1,9,0),(1,10,0),(1,13,0),(1,14,0),(1,15,0),(1,16,0),(1,18,0),(1,19,0),(1,20,0),(1,21,0),(1,22,0),(1,23,0),(1,24,0),(1,25,0),(1,26,0),(1,27,0),(2,1,0),(2,2,0),(2,3,0),(2,4,0),(2,6,0),(2,7,0),(2,8,0),(2,9,0),(2,10,0),(2,13,0),(2,14,0),(2,15,0),(2,16,0),(2,18,0),(2,19,0),(2,20,0),(2,21,0),(2,22,0),(2,23,0),(2,24,0),(2,25,0),(2,26,0),(2,27,0),(3,1,0),(3,2,0),(3,3,0),(3,4,0),(3,6,0),(3,7,0),(3,8,0),(3,9,0),(3,10,0),(3,13,0),(3,14,0),(3,15,0),(3,16,0),(3,18,0),(3,19,0),(3,20,0),(3,21,0),(3,22,0),(3,23,0),(3,24,0),(3,25,0),(3,26,0),(3,27,0),(4,1,0),(4,2,0),(4,3,0),(4,4,0),(4,6,0),(4,7,0),(4,8,0),(4,9,0),(4,10,0),(4,13,0),(4,14,0),(4,15,0),(4,16,0),(4,18,0),(4,19,0),(4,20,0),(4,21,0),(4,22,0),(4,23,0),(4,24,0),(4,25,0),(4,26,0),(4,27,0),(1,30,0),(2,30,0),(3,30,0),(4,30,0),(1,31,0),(2,31,0),(3,31,0),(4,31,0),(1,32,0),(2,32,0),(3,32,0),(4,32,0),(1,33,0),(2,33,0),(3,33,0),(4,33,0),(1,34,0),(2,34,0),(3,34,0),(4,34,0),(1,35,0),(2,35,0),(3,35,0),(4,35,0),(1,36,0),(2,36,0),(3,36,0),(4,36,0),(1,37,0),(2,37,0),(3,37,0),(4,37,0),(1,38,0),(2,38,0),(3,38,0),(4,38,0),(1,39,0),(2,39,0),(3,39,0),(4,39,0),(1,40,0),(2,40,0),(3,40,0),(4,40,0),(1,41,0),(2,41,0),(3,41,0),(4,41,0),(1,42,0),(2,42,0),(3,42,0),(4,42,0),(1,43,0),(2,43,0),(3,43,0),(4,43,0),(1,44,0),(2,44,0),(3,44,0),(4,44,0),(1,45,0),(2,45,0),(3,45,0),(4,45,0),(1,46,0),(2,46,0),(3,46,0),(4,46,0),(1,47,0),(2,47,0),(3,47,0),(4,47,0),(1,48,0),(2,48,0),(3,48,0),(4,48,0),(1,49,0),(2,49,0),(3,49,0),(4,49,0),(1,50,1),(2,50,1),(3,50,1),(4,50,1),(1,51,0),(2,51,0),(3,51,0),(4,51,0),(1,52,0),(2,52,0),(3,52,0),(4,52,0),(1,53,0),(2,53,0),(3,53,0),(4,53,0),(1,54,0),(2,54,0),(3,54,0),(4,54,0),(1,55,0),(2,55,0),(3,55,0),(4,55,0),(9,4,1),(10,1,0),(10,4,0),(10,8,0),(10,47,0),(10,49,0),(10,50,0),(10,51,0),(10,52,0),(10,53,0),(10,54,0),(10,55,0),(10,16,1),(7,1,1),(7,4,0),(7,8,0),(7,47,1),(7,49,1),(7,50,1),(7,51,0),(7,52,0),(7,53,0),(7,54,0),(7,55,0),(7,16,1),(11,4,1),(8,4,0),(5,4,1),(6,4,1),(12,1,0),(12,8,0),(12,9,0),(12,47,1),(12,49,1),(12,50,1),(12,51,1),(12,52,1),(12,53,1),(12,54,1),(12,55,1),(12,16,0),(13,1,0),(13,8,0),(13,9,0),(13,47,1),(13,49,1),(13,50,1),(13,51,1),(13,52,1),(13,53,1),(13,54,1),(13,55,1),(13,16,0),(14,1,0),(14,8,0),(14,9,0),(14,47,1),(14,49,1),(14,50,1),(14,51,1),(14,52,1),(14,53,1),(14,54,1),(14,55,0),(14,16,0),(1,58,0),(2,58,0),(3,58,0),(4,58,0),(7,58,0),(9,58,0),(10,58,0),(12,58,0),(13,58,0),(14,58,0),(16,1,0),(16,8,0),(16,9,0),(16,47,1),(16,49,1),(16,50,1),(16,51,1),(16,52,1),(16,53,1),(16,54,1),(16,55,1),(16,58,0),(16,16,0),(17,1,0),(17,8,0),(17,9,0),(17,47,1),(17,49,1),(17,50,1),(17,51,1),(17,52,1),(17,53,1),(17,54,1),(17,55,1),(17,58,0),(17,16,0),(18,1,0),(18,8,0),(18,9,0),(18,47,1),(18,49,1),(18,50,1),(18,51,1),(18,52,1),(18,53,1),(18,54,1),(18,55,1),(18,58,0),(18,16,0),(19,1,0),(19,8,0),(19,9,0),(19,47,1),(19,49,1),(19,50,1),(19,51,1),(19,52,1),(19,53,1),(19,54,1),(19,55,1),(19,58,0),(19,16,0),(15,1,0),(15,8,0),(15,9,1),(15,47,1),(15,49,1),(15,50,1),(15,51,1),(15,52,1),(15,53,1),(15,54,1),(15,55,1),(15,58,0),(15,16,1),(5,1,0),(5,8,0),(5,9,1),(5,47,1),(5,49,1),(5,50,1),(5,51,0),(5,52,0),(5,53,0),(5,54,0),(5,55,0),(5,58,0),(5,16,1),(11,1,0),(11,8,0),(11,9,1),(11,47,1),(11,49,1),(11,50,1),(11,51,0),(11,52,0),(11,53,0),(11,54,0),(11,55,0),(11,58,0),(11,16,1),(6,1,0),(6,8,0),(6,9,1),(6,47,1),(6,49,1),(6,50,1),(6,51,0),(6,52,0),(6,53,0),(6,54,0),(6,55,0),(6,58,0),(6,16,1),(8,58,1),(9,1,0),(9,8,0),(9,9,1),(9,47,1),(9,49,1),(9,50,1),(9,51,0),(9,52,0),(9,53,0),(9,54,0),(9,55,0),(9,16,1),(8,1,0),(8,8,0),(8,9,1),(8,47,1),(8,49,1),(8,50,1),(8,51,0),(8,52,0),(8,53,0),(8,54,0),(8,55,0),(8,16,1);
/*!40000 ALTER TABLE `vtiger_profile2tab` ENABLE KEYS */;
UNLOCK TABLES;

--
-- Table structure for table `vtiger_profile2utility`
--

DROP TABLE IF EXISTS `vtiger_profile2utility`;
/*!40101 SET @saved_cs_client     = @@character_set_client */;
/*!40101 SET character_set_client = utf8 */;
CREATE TABLE `vtiger_profile2utility` (
  `profileid` int(11) NOT NULL,
  `tabid` int(11) NOT NULL,
  `activityid` int(11) NOT NULL,
  `permission` int(1) DEFAULT NULL,
  PRIMARY KEY (`profileid`,`tabid`,`activityid`),
  KEY `profile2utility_profileid_tabid_activityid_idx` (`profileid`,`tabid`,`activityid`)
) ENGINE=InnoDB DEFAULT CHARSET=latin1;
/*!40101 SET character_set_client = @saved_cs_client */;

--
-- Dumping data for table `vtiger_profile2utility`
--

LOCK TABLES `vtiger_profile2utility` WRITE;
/*!40000 ALTER TABLE `vtiger_profile2utility` DISABLE KEYS */;
INSERT INTO `vtiger_profile2utility` VALUES (1,2,5,0),(1,2,6,0),(1,2,10,0),(1,4,5,0),(1,4,6,0),(1,4,8,0),(1,4,10,0),(1,6,5,0),(1,6,6,0),(1,6,8,0),(1,6,10,0),(1,7,5,0),(1,7,6,0),(1,7,8,0),(1,7,9,0),(1,7,10,0),(1,8,6,0),(1,9,5,0),(1,9,6,0),(1,13,5,0),(1,13,6,0),(1,13,8,0),(1,13,10,0),(1,14,5,0),(1,14,6,0),(1,14,10,0),(1,18,5,0),(1,18,6,0),(1,18,10,0),(1,19,5,0),(1,19,6,0),(1,19,10,0),(1,20,5,0),(1,20,6,0),(1,21,5,0),(1,21,6,0),(1,22,5,0),(1,22,6,0),(1,23,5,0),(1,23,6,0),(1,25,6,0),(1,25,13,0),(1,30,5,0),(1,30,6,0),(1,30,10,0),(1,31,11,1),(1,31,12,1),(1,34,5,0),(1,34,6,0),(1,34,10,0),(1,40,5,0),(1,40,6,0),(1,40,10,0),(1,41,5,0),(1,41,6,0),(1,41,10,0),(1,42,5,0),(1,42,6,0),(1,42,10,0),(1,51,5,1),(1,51,6,1),(1,51,8,1),(1,52,5,1),(1,52,6,1),(1,52,8,1),(1,53,5,1),(1,53,6,1),(1,53,8,1),(1,54,5,1),(1,54,6,1),(1,54,8,1),(1,55,5,1),(1,55,6,1),(1,55,8,1),(1,58,5,1),(1,58,6,1),(1,58,8,1),(2,2,5,1),(2,2,6,1),(2,2,10,0),(2,4,5,1),(2,4,6,1),(2,4,8,0),(2,4,10,0),(2,6,5,1),(2,6,6,1),(2,6,8,0),(2,6,10,0),(2,7,5,1),(2,7,6,1),(2,7,8,0),(2,7,9,0),(2,7,10,0),(2,8,6,1),(2,9,5,0),(2,9,6,0),(2,13,5,1),(2,13,6,1),(2,13,8,0),(2,13,10,0),(2,14,5,1),(2,14,6,1),(2,14,10,0),(2,18,5,1),(2,18,6,1),(2,18,10,0),(2,19,5,1),(2,19,6,1),(2,19,10,0),(2,20,5,0),(2,20,6,0),(2,21,5,0),(2,21,6,0),(2,22,5,0),(2,22,6,0),(2,23,5,0),(2,23,6,0),(2,25,6,0),(2,25,13,0),(2,30,5,0),(2,30,6,0),(2,30,10,0),(2,31,11,1),(2,31,12,1),(2,34,5,0),(2,34,6,0),(2,34,10,0),(2,40,5,0),(2,40,6,0),(2,40,10,0),(2,41,5,0),(2,41,6,0),(2,41,10,0),(2,42,5,0),(2,42,6,0),(2,42,10,0),(2,51,5,1),(2,51,6,1),(2,51,8,1),(2,52,5,1),(2,52,6,1),(2,52,8,1),(2,53,5,1),(2,53,6,1),(2,53,8,1),(2,54,5,1),(2,54,6,1),(2,54,8,1),(2,55,5,1),(2,55,6,1),(2,55,8,1),(2,58,5,1),(2,58,6,1),(2,58,8,1),(3,2,5,1),(3,2,6,1),(3,2,10,0),(3,4,5,1),(3,4,6,1),(3,4,8,0),(3,4,10,0),(3,6,5,1),(3,6,6,1),(3,6,8,0),(3,6,10,0),(3,7,5,1),(3,7,6,1),(3,7,8,0),(3,7,9,0),(3,7,10,0),(3,8,6,1),(3,9,5,0),(3,9,6,0),(3,13,5,1),(3,13,6,1),(3,13,8,0),(3,13,10,0),(3,14,5,1),(3,14,6,1),(3,14,10,0),(3,18,5,1),(3,18,6,1),(3,18,10,0),(3,19,5,1),(3,19,6,1),(3,19,10,0),(3,20,5,0),(3,20,6,0),(3,21,5,0),(3,21,6,0),(3,22,5,0),(3,22,6,0),(3,23,5,0),(3,23,6,0),(3,25,6,0),(3,25,13,0),(3,30,5,0),(3,30,6,0),(3,30,10,0),(3,31,11,1),(3,31,12,1),(3,34,5,0),(3,34,6,0),(3,34,10,0),(3,40,5,0),(3,40,6,0),(3,40,10,0),(3,41,5,0),(3,41,6,0),(3,41,10,0),(3,42,5,0),(3,42,6,0),(3,42,10,0),(3,51,5,1),(3,51,6,1),(3,51,8,1),(3,52,5,1),(3,52,6,1),(3,52,8,1),(3,53,5,1),(3,53,6,1),(3,53,8,1),(3,54,5,1),(3,54,6,1),(3,54,8,1),(3,55,5,1),(3,55,6,1),(3,55,8,1),(3,58,5,1),(3,58,6,1),(3,58,8,1),(4,2,5,1),(4,2,6,1),(4,2,10,0),(4,4,5,1),(4,4,6,1),(4,4,8,1),(4,4,10,0),(4,6,5,1),(4,6,6,1),(4,6,8,1),(4,6,10,0),(4,7,5,1),(4,7,6,1),(4,7,8,1),(4,7,9,0),(4,7,10,0),(4,8,6,1),(4,9,5,0),(4,9,6,0),(4,13,5,1),(4,13,6,1),(4,13,8,1),(4,13,10,0),(4,14,5,1),(4,14,6,1),(4,14,10,0),(4,18,5,1),(4,18,6,1),(4,18,10,0),(4,19,5,1),(4,19,6,1),(4,19,10,0),(4,20,5,0),(4,20,6,0),(4,21,5,0),(4,21,6,0),(4,22,5,0),(4,22,6,0),(4,23,5,0),(4,23,6,0),(4,25,6,0),(4,25,13,0),(4,30,5,0),(4,30,6,0),(4,30,10,0),(4,31,11,1),(4,31,12,1),(4,34,5,0),(4,34,6,0),(4,34,10,0),(4,40,5,0),(4,40,6,0),(4,40,10,0),(4,41,5,0),(4,41,6,0),(4,41,10,0),(4,42,5,0),(4,42,6,0),(4,42,10,0),(4,51,5,1),(4,51,6,1),(4,51,8,1),(4,52,5,1),(4,52,6,1),(4,52,8,1),(4,53,5,1),(4,53,6,1),(4,53,8,1),(4,54,5,1),(4,54,6,1),(4,54,8,1),(4,55,5,1),(4,55,6,1),(4,55,8,1),(4,58,5,1),(4,58,6,1),(4,58,8,1),(5,8,6,1),(5,51,5,1),(5,51,6,1),(5,52,5,1),(5,52,6,1),(5,52,8,1),(5,53,5,1),(5,53,6,1),(5,53,8,1),(5,54,5,1),(5,54,6,1),(5,54,8,1),(5,55,5,1),(5,55,6,1),(5,55,8,1),(5,58,5,1),(5,58,6,1),(5,58,8,1),(6,8,6,0),(6,51,5,1),(6,51,6,1),(6,52,5,1),(6,52,6,1),(6,52,8,1),(6,53,5,1),(6,53,6,1),(6,53,8,1),(6,54,5,1),(6,54,6,1),(6,54,8,1),(6,55,5,1),(6,55,6,1),(6,55,8,1),(6,58,5,1),(6,58,6,1),(6,58,8,1),(7,8,6,0),(7,51,5,1),(7,51,6,1),(7,52,5,1),(7,52,6,1),(7,52,8,1),(7,53,5,1),(7,53,6,1),(7,53,8,1),(7,54,5,1),(7,54,6,1),(7,54,8,1),(7,55,5,1),(7,55,6,1),(7,55,8,1),(7,58,5,1),(7,58,6,1),(7,58,8,1),(8,8,6,0),(8,51,5,1),(8,51,6,1),(8,52,5,1),(8,52,6,1),(8,52,8,1),(8,53,5,1),(8,53,6,1),(8,53,8,1),(8,54,5,1),(8,54,6,1),(8,54,8,1),(8,55,5,1),(8,55,6,1),(8,55,8,1),(8,58,5,1),(8,58,6,1),(8,58,8,1),(9,8,6,0),(9,51,5,1),(9,51,6,0),(9,52,5,1),(9,52,6,1),(9,52,8,1),(9,53,5,1),(9,53,6,1),(9,53,8,1),(9,54,5,1),(9,54,6,1),(9,54,8,1),(9,55,5,1),(9,55,6,1),(9,55,8,1),(9,58,5,1),(9,58,6,1),(9,58,8,1),(10,8,6,0),(10,51,5,0),(10,51,6,0),(10,52,5,1),(10,52,6,1),(10,52,8,1),(10,53,5,1),(10,53,6,1),(10,53,8,1),(10,54,5,1),(10,54,6,1),(10,54,8,1),(10,55,5,1),(10,55,6,1),(10,55,8,1),(10,58,5,1),(10,58,6,1),(10,58,8,1),(11,8,6,0),(11,51,5,0),(11,51,6,0),(11,52,5,0),(11,52,6,0),(11,53,5,0),(11,53,6,0),(11,54,5,0),(11,54,6,0),(11,55,5,0),(11,55,6,0),(11,58,5,1),(11,58,6,1),(11,58,8,1),(12,8,6,0),(12,51,5,0),(12,51,6,0),(12,52,5,0),(12,52,6,0),(12,53,5,0),(12,53,6,0),(12,54,5,0),(12,54,6,0),(12,55,5,0),(12,55,6,0),(12,58,5,1),(12,58,6,1),(12,58,8,1),(13,8,6,0),(13,51,5,0),(13,51,6,0),(13,52,5,0),(13,52,6,0),(13,53,5,0),(13,53,6,0),(13,54,5,0),(13,54,6,0),(13,55,5,0),(13,55,6,0),(13,58,5,1),(13,58,6,1),(13,58,8,1),(14,8,6,0),(14,9,5,0),(14,9,6,0),(14,16,5,0),(14,16,6,0),(14,51,5,0),(14,51,6,0),(14,52,5,0),(14,52,6,0),(14,53,5,0),(14,53,6,0),(14,54,5,0),(14,54,6,0),(14,55,5,0),(14,55,6,0),(14,58,5,1),(14,58,6,1),(14,58,8,1),(15,8,6,0),(15,9,5,0),(15,9,6,0),(15,16,5,0),(15,16,6,0),(15,51,5,0),(15,51,6,0),(15,52,5,0),(15,52,6,0),(15,53,5,0),(15,53,6,0),(15,54,5,0),(15,54,6,0),(15,55,5,0),(15,55,6,0),(15,58,5,0),(15,58,6,0),(16,8,6,0),(16,9,5,0),(16,9,6,0),(16,16,5,0),(16,16,6,0),(16,51,5,0),(16,51,6,0),(16,52,5,0),(16,52,6,0),(16,53,5,0),(16,53,6,0),(16,54,5,0),(16,54,6,0),(16,55,5,0),(16,55,6,0),(16,58,5,0),(16,58,6,0),(17,8,6,0),(17,9,5,0),(17,9,6,0),(17,16,5,0),(17,16,6,0),(17,51,5,0),(17,51,6,0),(17,52,5,0),(17,52,6,0),(17,53,5,0),(17,53,6,0),(17,54,5,0),(17,54,6,0),(17,55,5,0),(17,55,6,0),(17,58,5,0),(17,58,6,0),(18,8,6,0),(18,9,5,0),(18,9,6,0),(18,16,5,0),(18,16,6,0),(18,51,5,0),(18,51,6,0),(18,52,5,0),(18,52,6,0),(18,53,5,0),(18,53,6,0),(18,54,5,0),(18,54,6,0),(18,55,5,0),(18,55,6,0),(18,58,5,0),(18,58,6,0),(19,8,6,0),(19,9,5,0),(19,9,6,0),(19,16,5,0),(19,16,6,0),(19,51,5,0),(19,51,6,0),(19,52,5,0),(19,52,6,0),(19,53,5,0),(19,53,6,0),(19,54,5,0),(19,54,6,0),(19,55,5,0),(19,55,6,0),(19,58,5,0),(19,58,6,0);
/*!40000 ALTER TABLE `vtiger_profile2utility` ENABLE KEYS */;
UNLOCK TABLES;

--
-- Table structure for table `vtiger_profile_seq`
--

DROP TABLE IF EXISTS `vtiger_profile_seq`;
/*!40101 SET @saved_cs_client     = @@character_set_client */;
/*!40101 SET character_set_client = utf8 */;
CREATE TABLE `vtiger_profile_seq` (
  `id` int(11) NOT NULL
) ENGINE=InnoDB DEFAULT CHARSET=latin1;
/*!40101 SET character_set_client = @saved_cs_client */;

--
-- Dumping data for table `vtiger_profile_seq`
--

LOCK TABLES `vtiger_profile_seq` WRITE;
/*!40000 ALTER TABLE `vtiger_profile_seq` DISABLE KEYS */;
INSERT INTO `vtiger_profile_seq` VALUES (19);
/*!40000 ALTER TABLE `vtiger_profile_seq` ENABLE KEYS */;
UNLOCK TABLES;

--
-- Table structure for table `vtiger_progress`
--

DROP TABLE IF EXISTS `vtiger_progress`;
/*!40101 SET @saved_cs_client     = @@character_set_client */;
/*!40101 SET character_set_client = utf8 */;
CREATE TABLE `vtiger_progress` (
  `progressid` int(11) NOT NULL AUTO_INCREMENT,
  `progress` varchar(200) NOT NULL,
  `presence` int(1) NOT NULL DEFAULT '1',
  `picklist_valueid` int(11) NOT NULL DEFAULT '0',
  `sortorderid` int(11) DEFAULT '0',
  PRIMARY KEY (`progressid`)
) ENGINE=InnoDB AUTO_INCREMENT=12 DEFAULT CHARSET=utf8;
/*!40101 SET character_set_client = @saved_cs_client */;

--
-- Dumping data for table `vtiger_progress`
--

LOCK TABLES `vtiger_progress` WRITE;
/*!40000 ALTER TABLE `vtiger_progress` DISABLE KEYS */;
INSERT INTO `vtiger_progress` VALUES (2,'10%',1,276,2),(3,'20%',1,277,3),(4,'30%',1,278,4),(5,'40%',1,279,5),(6,'50%',1,280,6),(7,'60%',1,281,7),(8,'70%',1,282,8),(9,'80%',1,283,9),(10,'90%',1,284,10),(11,'100%',1,285,11);
/*!40000 ALTER TABLE `vtiger_progress` ENABLE KEYS */;
UNLOCK TABLES;

--
-- Table structure for table `vtiger_progress_seq`
--

DROP TABLE IF EXISTS `vtiger_progress_seq`;
/*!40101 SET @saved_cs_client     = @@character_set_client */;
/*!40101 SET character_set_client = utf8 */;
CREATE TABLE `vtiger_progress_seq` (
  `id` int(11) NOT NULL
) ENGINE=InnoDB DEFAULT CHARSET=latin1;
/*!40101 SET character_set_client = @saved_cs_client */;

--
-- Dumping data for table `vtiger_progress_seq`
--

LOCK TABLES `vtiger_progress_seq` WRITE;
/*!40000 ALTER TABLE `vtiger_progress_seq` DISABLE KEYS */;
INSERT INTO `vtiger_progress_seq` VALUES (11);
/*!40000 ALTER TABLE `vtiger_progress_seq` ENABLE KEYS */;
UNLOCK TABLES;

--
-- Table structure for table `vtiger_project`
--

DROP TABLE IF EXISTS `vtiger_project`;
/*!40101 SET @saved_cs_client     = @@character_set_client */;
/*!40101 SET character_set_client = utf8 */;
CREATE TABLE `vtiger_project` (
  `projectid` int(11) DEFAULT NULL,
  `projectname` varchar(255) DEFAULT NULL,
  `project_no` varchar(100) DEFAULT NULL,
  `startdate` date DEFAULT NULL,
  `targetenddate` date DEFAULT NULL,
  `actualenddate` date DEFAULT NULL,
  `targetbudget` varchar(255) DEFAULT NULL,
  `projecturl` varchar(255) DEFAULT NULL,
  `projectstatus` varchar(100) DEFAULT NULL,
  `projectpriority` varchar(100) DEFAULT NULL,
  `projecttype` varchar(100) DEFAULT NULL,
  `progress` varchar(100) DEFAULT NULL,
  `linktoaccountscontacts` varchar(100) DEFAULT NULL
) ENGINE=InnoDB DEFAULT CHARSET=utf8;
/*!40101 SET character_set_client = @saved_cs_client */;

--
-- Dumping data for table `vtiger_project`
--

LOCK TABLES `vtiger_project` WRITE;
/*!40000 ALTER TABLE `vtiger_project` DISABLE KEYS */;
/*!40000 ALTER TABLE `vtiger_project` ENABLE KEYS */;
UNLOCK TABLES;

--
-- Table structure for table `vtiger_projectcf`
--

DROP TABLE IF EXISTS `vtiger_projectcf`;
/*!40101 SET @saved_cs_client     = @@character_set_client */;
/*!40101 SET character_set_client = utf8 */;
CREATE TABLE `vtiger_projectcf` (
  `projectid` int(11) NOT NULL,
  PRIMARY KEY (`projectid`)
) ENGINE=InnoDB DEFAULT CHARSET=utf8;
/*!40101 SET character_set_client = @saved_cs_client */;

--
-- Dumping data for table `vtiger_projectcf`
--

LOCK TABLES `vtiger_projectcf` WRITE;
/*!40000 ALTER TABLE `vtiger_projectcf` DISABLE KEYS */;
/*!40000 ALTER TABLE `vtiger_projectcf` ENABLE KEYS */;
UNLOCK TABLES;

--
-- Table structure for table `vtiger_projectmilestone`
--

DROP TABLE IF EXISTS `vtiger_projectmilestone`;
/*!40101 SET @saved_cs_client     = @@character_set_client */;
/*!40101 SET character_set_client = utf8 */;
CREATE TABLE `vtiger_projectmilestone` (
  `projectmilestoneid` int(11) NOT NULL,
  `projectmilestonename` varchar(255) DEFAULT NULL,
  `projectmilestone_no` varchar(100) DEFAULT NULL,
  `projectmilestonedate` varchar(255) DEFAULT NULL,
  `projectid` varchar(100) DEFAULT NULL,
  `projectmilestonetype` varchar(100) DEFAULT NULL,
  PRIMARY KEY (`projectmilestoneid`)
) ENGINE=InnoDB DEFAULT CHARSET=utf8;
/*!40101 SET character_set_client = @saved_cs_client */;

--
-- Dumping data for table `vtiger_projectmilestone`
--

LOCK TABLES `vtiger_projectmilestone` WRITE;
/*!40000 ALTER TABLE `vtiger_projectmilestone` DISABLE KEYS */;
/*!40000 ALTER TABLE `vtiger_projectmilestone` ENABLE KEYS */;
UNLOCK TABLES;

--
-- Table structure for table `vtiger_projectmilestonecf`
--

DROP TABLE IF EXISTS `vtiger_projectmilestonecf`;
/*!40101 SET @saved_cs_client     = @@character_set_client */;
/*!40101 SET character_set_client = utf8 */;
CREATE TABLE `vtiger_projectmilestonecf` (
  `projectmilestoneid` int(11) NOT NULL DEFAULT '0',
  PRIMARY KEY (`projectmilestoneid`)
) ENGINE=InnoDB DEFAULT CHARSET=utf8;
/*!40101 SET character_set_client = @saved_cs_client */;

--
-- Dumping data for table `vtiger_projectmilestonecf`
--

LOCK TABLES `vtiger_projectmilestonecf` WRITE;
/*!40000 ALTER TABLE `vtiger_projectmilestonecf` DISABLE KEYS */;
/*!40000 ALTER TABLE `vtiger_projectmilestonecf` ENABLE KEYS */;
UNLOCK TABLES;

--
-- Table structure for table `vtiger_projectmilestonetype`
--

DROP TABLE IF EXISTS `vtiger_projectmilestonetype`;
/*!40101 SET @saved_cs_client     = @@character_set_client */;
/*!40101 SET character_set_client = utf8 */;
CREATE TABLE `vtiger_projectmilestonetype` (
  `projectmilestonetypeid` int(11) NOT NULL AUTO_INCREMENT,
  `projectmilestonetype` varchar(200) NOT NULL,
  `presence` int(1) NOT NULL DEFAULT '1',
  `picklist_valueid` int(11) NOT NULL DEFAULT '0',
  `sortorderid` int(11) DEFAULT '0',
  PRIMARY KEY (`projectmilestonetypeid`)
) ENGINE=InnoDB AUTO_INCREMENT=5 DEFAULT CHARSET=utf8;
/*!40101 SET character_set_client = @saved_cs_client */;

--
-- Dumping data for table `vtiger_projectmilestonetype`
--

LOCK TABLES `vtiger_projectmilestonetype` WRITE;
/*!40000 ALTER TABLE `vtiger_projectmilestonetype` DISABLE KEYS */;
INSERT INTO `vtiger_projectmilestonetype` VALUES (2,'administrative',1,236,2),(3,'operative',1,237,3),(4,'other',1,238,4);
/*!40000 ALTER TABLE `vtiger_projectmilestonetype` ENABLE KEYS */;
UNLOCK TABLES;

--
-- Table structure for table `vtiger_projectmilestonetype_seq`
--

DROP TABLE IF EXISTS `vtiger_projectmilestonetype_seq`;
/*!40101 SET @saved_cs_client     = @@character_set_client */;
/*!40101 SET character_set_client = utf8 */;
CREATE TABLE `vtiger_projectmilestonetype_seq` (
  `id` int(11) NOT NULL
) ENGINE=InnoDB DEFAULT CHARSET=latin1;
/*!40101 SET character_set_client = @saved_cs_client */;

--
-- Dumping data for table `vtiger_projectmilestonetype_seq`
--

LOCK TABLES `vtiger_projectmilestonetype_seq` WRITE;
/*!40000 ALTER TABLE `vtiger_projectmilestonetype_seq` DISABLE KEYS */;
INSERT INTO `vtiger_projectmilestonetype_seq` VALUES (4);
/*!40000 ALTER TABLE `vtiger_projectmilestonetype_seq` ENABLE KEYS */;
UNLOCK TABLES;

--
-- Table structure for table `vtiger_projectpriority`
--

DROP TABLE IF EXISTS `vtiger_projectpriority`;
/*!40101 SET @saved_cs_client     = @@character_set_client */;
/*!40101 SET character_set_client = utf8 */;
CREATE TABLE `vtiger_projectpriority` (
  `projectpriorityid` int(11) NOT NULL AUTO_INCREMENT,
  `projectpriority` varchar(200) NOT NULL,
  `presence` int(1) NOT NULL DEFAULT '1',
  `picklist_valueid` int(11) NOT NULL DEFAULT '0',
  `sortorderid` int(11) DEFAULT '0',
  PRIMARY KEY (`projectpriorityid`)
) ENGINE=InnoDB AUTO_INCREMENT=5 DEFAULT CHARSET=utf8;
/*!40101 SET character_set_client = @saved_cs_client */;

--
-- Dumping data for table `vtiger_projectpriority`
--

LOCK TABLES `vtiger_projectpriority` WRITE;
/*!40000 ALTER TABLE `vtiger_projectpriority` DISABLE KEYS */;
INSERT INTO `vtiger_projectpriority` VALUES (2,'low',1,272,2),(3,'normal',1,273,3),(4,'high',1,274,4);
/*!40000 ALTER TABLE `vtiger_projectpriority` ENABLE KEYS */;
UNLOCK TABLES;

--
-- Table structure for table `vtiger_projectpriority_seq`
--

DROP TABLE IF EXISTS `vtiger_projectpriority_seq`;
/*!40101 SET @saved_cs_client     = @@character_set_client */;
/*!40101 SET character_set_client = utf8 */;
CREATE TABLE `vtiger_projectpriority_seq` (
  `id` int(11) NOT NULL
) ENGINE=InnoDB DEFAULT CHARSET=latin1;
/*!40101 SET character_set_client = @saved_cs_client */;

--
-- Dumping data for table `vtiger_projectpriority_seq`
--

LOCK TABLES `vtiger_projectpriority_seq` WRITE;
/*!40000 ALTER TABLE `vtiger_projectpriority_seq` DISABLE KEYS */;
INSERT INTO `vtiger_projectpriority_seq` VALUES (4);
/*!40000 ALTER TABLE `vtiger_projectpriority_seq` ENABLE KEYS */;
UNLOCK TABLES;

--
-- Table structure for table `vtiger_projectstatus`
--

DROP TABLE IF EXISTS `vtiger_projectstatus`;
/*!40101 SET @saved_cs_client     = @@character_set_client */;
/*!40101 SET character_set_client = utf8 */;
CREATE TABLE `vtiger_projectstatus` (
  `projectstatusid` int(11) NOT NULL AUTO_INCREMENT,
  `projectstatus` varchar(200) NOT NULL,
  `presence` int(1) NOT NULL DEFAULT '1',
  `picklist_valueid` int(11) NOT NULL DEFAULT '0',
  `sortorderid` int(11) DEFAULT '0',
  PRIMARY KEY (`projectstatusid`)
) ENGINE=InnoDB AUTO_INCREMENT=10 DEFAULT CHARSET=utf8;
/*!40101 SET character_set_client = @saved_cs_client */;

--
-- Dumping data for table `vtiger_projectstatus`
--

LOCK TABLES `vtiger_projectstatus` WRITE;
/*!40000 ALTER TABLE `vtiger_projectstatus` DISABLE KEYS */;
INSERT INTO `vtiger_projectstatus` VALUES (2,'prospecting',1,259,2),(3,'initiated',1,260,3),(4,'in progress',1,261,4),(5,'waiting for feedback',1,262,5),(6,'on hold',1,263,6),(7,'completed',1,264,7),(8,'delivered',1,265,8),(9,'archived',1,266,9);
/*!40000 ALTER TABLE `vtiger_projectstatus` ENABLE KEYS */;
UNLOCK TABLES;

--
-- Table structure for table `vtiger_projectstatus_seq`
--

DROP TABLE IF EXISTS `vtiger_projectstatus_seq`;
/*!40101 SET @saved_cs_client     = @@character_set_client */;
/*!40101 SET character_set_client = utf8 */;
CREATE TABLE `vtiger_projectstatus_seq` (
  `id` int(11) NOT NULL
) ENGINE=InnoDB DEFAULT CHARSET=latin1;
/*!40101 SET character_set_client = @saved_cs_client */;

--
-- Dumping data for table `vtiger_projectstatus_seq`
--

LOCK TABLES `vtiger_projectstatus_seq` WRITE;
/*!40000 ALTER TABLE `vtiger_projectstatus_seq` DISABLE KEYS */;
INSERT INTO `vtiger_projectstatus_seq` VALUES (9);
/*!40000 ALTER TABLE `vtiger_projectstatus_seq` ENABLE KEYS */;
UNLOCK TABLES;

--
-- Table structure for table `vtiger_projecttask`
--

DROP TABLE IF EXISTS `vtiger_projecttask`;
/*!40101 SET @saved_cs_client     = @@character_set_client */;
/*!40101 SET character_set_client = utf8 */;
CREATE TABLE `vtiger_projecttask` (
  `projecttaskid` int(11) NOT NULL,
  `projecttaskname` varchar(255) DEFAULT NULL,
  `projecttask_no` varchar(100) DEFAULT NULL,
  `projecttasktype` varchar(100) DEFAULT NULL,
  `projecttaskpriority` varchar(100) DEFAULT NULL,
  `projecttaskprogress` varchar(100) DEFAULT NULL,
  `projecttaskhours` varchar(255) DEFAULT NULL,
  `startdate` date DEFAULT NULL,
  `enddate` date DEFAULT NULL,
  `projectid` varchar(100) DEFAULT NULL,
  `projecttasknumber` int(11) DEFAULT NULL,
  `projecttaskstatus` varchar(100) DEFAULT NULL,
  PRIMARY KEY (`projecttaskid`)
) ENGINE=InnoDB DEFAULT CHARSET=utf8;
/*!40101 SET character_set_client = @saved_cs_client */;

--
-- Dumping data for table `vtiger_projecttask`
--

LOCK TABLES `vtiger_projecttask` WRITE;
/*!40000 ALTER TABLE `vtiger_projecttask` DISABLE KEYS */;
/*!40000 ALTER TABLE `vtiger_projecttask` ENABLE KEYS */;
UNLOCK TABLES;

--
-- Table structure for table `vtiger_projecttaskcf`
--

DROP TABLE IF EXISTS `vtiger_projecttaskcf`;
/*!40101 SET @saved_cs_client     = @@character_set_client */;
/*!40101 SET character_set_client = utf8 */;
CREATE TABLE `vtiger_projecttaskcf` (
  `projecttaskid` int(11) NOT NULL DEFAULT '0',
  PRIMARY KEY (`projecttaskid`)
) ENGINE=InnoDB DEFAULT CHARSET=utf8;
/*!40101 SET character_set_client = @saved_cs_client */;

--
-- Dumping data for table `vtiger_projecttaskcf`
--

LOCK TABLES `vtiger_projecttaskcf` WRITE;
/*!40000 ALTER TABLE `vtiger_projecttaskcf` DISABLE KEYS */;
/*!40000 ALTER TABLE `vtiger_projecttaskcf` ENABLE KEYS */;
UNLOCK TABLES;

--
-- Table structure for table `vtiger_projecttaskpriority`
--

DROP TABLE IF EXISTS `vtiger_projecttaskpriority`;
/*!40101 SET @saved_cs_client     = @@character_set_client */;
/*!40101 SET character_set_client = utf8 */;
CREATE TABLE `vtiger_projecttaskpriority` (
  `projecttaskpriorityid` int(11) NOT NULL AUTO_INCREMENT,
  `projecttaskpriority` varchar(200) NOT NULL,
  `presence` int(1) NOT NULL DEFAULT '1',
  `picklist_valueid` int(11) NOT NULL DEFAULT '0',
  `sortorderid` int(11) DEFAULT '0',
  PRIMARY KEY (`projecttaskpriorityid`)
) ENGINE=InnoDB AUTO_INCREMENT=5 DEFAULT CHARSET=utf8;
/*!40101 SET character_set_client = @saved_cs_client */;

--
-- Dumping data for table `vtiger_projecttaskpriority`
--

LOCK TABLES `vtiger_projecttaskpriority` WRITE;
/*!40000 ALTER TABLE `vtiger_projecttaskpriority` DISABLE KEYS */;
INSERT INTO `vtiger_projecttaskpriority` VALUES (2,'low',1,244,2),(3,'normal',1,245,3),(4,'high',1,246,4);
/*!40000 ALTER TABLE `vtiger_projecttaskpriority` ENABLE KEYS */;
UNLOCK TABLES;

--
-- Table structure for table `vtiger_projecttaskpriority_seq`
--

DROP TABLE IF EXISTS `vtiger_projecttaskpriority_seq`;
/*!40101 SET @saved_cs_client     = @@character_set_client */;
/*!40101 SET character_set_client = utf8 */;
CREATE TABLE `vtiger_projecttaskpriority_seq` (
  `id` int(11) NOT NULL
) ENGINE=InnoDB DEFAULT CHARSET=latin1;
/*!40101 SET character_set_client = @saved_cs_client */;

--
-- Dumping data for table `vtiger_projecttaskpriority_seq`
--

LOCK TABLES `vtiger_projecttaskpriority_seq` WRITE;
/*!40000 ALTER TABLE `vtiger_projecttaskpriority_seq` DISABLE KEYS */;
INSERT INTO `vtiger_projecttaskpriority_seq` VALUES (4);
/*!40000 ALTER TABLE `vtiger_projecttaskpriority_seq` ENABLE KEYS */;
UNLOCK TABLES;

--
-- Table structure for table `vtiger_projecttaskprogress`
--

DROP TABLE IF EXISTS `vtiger_projecttaskprogress`;
/*!40101 SET @saved_cs_client     = @@character_set_client */;
/*!40101 SET character_set_client = utf8 */;
CREATE TABLE `vtiger_projecttaskprogress` (
  `projecttaskprogressid` int(11) NOT NULL AUTO_INCREMENT,
  `projecttaskprogress` varchar(200) NOT NULL,
  `presence` int(1) NOT NULL DEFAULT '1',
  `picklist_valueid` int(11) NOT NULL DEFAULT '0',
  `sortorderid` int(11) DEFAULT '0',
  PRIMARY KEY (`projecttaskprogressid`)
) ENGINE=InnoDB AUTO_INCREMENT=12 DEFAULT CHARSET=utf8;
/*!40101 SET character_set_client = @saved_cs_client */;

--
-- Dumping data for table `vtiger_projecttaskprogress`
--

LOCK TABLES `vtiger_projecttaskprogress` WRITE;
/*!40000 ALTER TABLE `vtiger_projecttaskprogress` DISABLE KEYS */;
INSERT INTO `vtiger_projecttaskprogress` VALUES (2,'10%',1,248,2),(3,'20%',1,249,3),(4,'30%',1,250,4),(5,'40%',1,251,5),(6,'50%',1,252,6),(7,'60%',1,253,7),(8,'70%',1,254,8),(9,'80%',1,255,9),(10,'90%',1,256,10),(11,'100%',1,257,11);
/*!40000 ALTER TABLE `vtiger_projecttaskprogress` ENABLE KEYS */;
UNLOCK TABLES;

--
-- Table structure for table `vtiger_projecttaskprogress_seq`
--

DROP TABLE IF EXISTS `vtiger_projecttaskprogress_seq`;
/*!40101 SET @saved_cs_client     = @@character_set_client */;
/*!40101 SET character_set_client = utf8 */;
CREATE TABLE `vtiger_projecttaskprogress_seq` (
  `id` int(11) NOT NULL
) ENGINE=InnoDB DEFAULT CHARSET=latin1;
/*!40101 SET character_set_client = @saved_cs_client */;

--
-- Dumping data for table `vtiger_projecttaskprogress_seq`
--

LOCK TABLES `vtiger_projecttaskprogress_seq` WRITE;
/*!40000 ALTER TABLE `vtiger_projecttaskprogress_seq` DISABLE KEYS */;
INSERT INTO `vtiger_projecttaskprogress_seq` VALUES (11);
/*!40000 ALTER TABLE `vtiger_projecttaskprogress_seq` ENABLE KEYS */;
UNLOCK TABLES;

--
-- Table structure for table `vtiger_projecttaskstatus`
--

DROP TABLE IF EXISTS `vtiger_projecttaskstatus`;
/*!40101 SET @saved_cs_client     = @@character_set_client */;
/*!40101 SET character_set_client = utf8 */;
CREATE TABLE `vtiger_projecttaskstatus` (
  `projecttaskstatusid` int(11) NOT NULL AUTO_INCREMENT,
  `projecttaskstatus` varchar(200) NOT NULL,
  `presence` int(1) NOT NULL DEFAULT '1',
  `picklist_valueid` int(11) NOT NULL DEFAULT '0',
  `sortorderid` int(11) DEFAULT '0',
  PRIMARY KEY (`projecttaskstatusid`)
) ENGINE=InnoDB AUTO_INCREMENT=7 DEFAULT CHARSET=utf8;
/*!40101 SET character_set_client = @saved_cs_client */;

--
-- Dumping data for table `vtiger_projecttaskstatus`
--

LOCK TABLES `vtiger_projecttaskstatus` WRITE;
/*!40000 ALTER TABLE `vtiger_projecttaskstatus` DISABLE KEYS */;
INSERT INTO `vtiger_projecttaskstatus` VALUES (2,'Open',0,290,2),(3,'In Progress',0,291,3),(4,'Completed',0,292,4),(5,'Deferred',0,293,5),(6,'Canceled ',0,294,6);
/*!40000 ALTER TABLE `vtiger_projecttaskstatus` ENABLE KEYS */;
UNLOCK TABLES;

--
-- Table structure for table `vtiger_projecttaskstatus_seq`
--

DROP TABLE IF EXISTS `vtiger_projecttaskstatus_seq`;
/*!40101 SET @saved_cs_client     = @@character_set_client */;
/*!40101 SET character_set_client = utf8 */;
CREATE TABLE `vtiger_projecttaskstatus_seq` (
  `id` int(11) NOT NULL
) ENGINE=InnoDB DEFAULT CHARSET=latin1;
/*!40101 SET character_set_client = @saved_cs_client */;

--
-- Dumping data for table `vtiger_projecttaskstatus_seq`
--

LOCK TABLES `vtiger_projecttaskstatus_seq` WRITE;
/*!40000 ALTER TABLE `vtiger_projecttaskstatus_seq` DISABLE KEYS */;
INSERT INTO `vtiger_projecttaskstatus_seq` VALUES (6);
/*!40000 ALTER TABLE `vtiger_projecttaskstatus_seq` ENABLE KEYS */;
UNLOCK TABLES;

--
-- Table structure for table `vtiger_projecttasktype`
--

DROP TABLE IF EXISTS `vtiger_projecttasktype`;
/*!40101 SET @saved_cs_client     = @@character_set_client */;
/*!40101 SET character_set_client = utf8 */;
CREATE TABLE `vtiger_projecttasktype` (
  `projecttasktypeid` int(11) NOT NULL AUTO_INCREMENT,
  `projecttasktype` varchar(200) NOT NULL,
  `presence` int(1) NOT NULL DEFAULT '1',
  `picklist_valueid` int(11) NOT NULL DEFAULT '0',
  `sortorderid` int(11) DEFAULT '0',
  PRIMARY KEY (`projecttasktypeid`)
) ENGINE=InnoDB AUTO_INCREMENT=5 DEFAULT CHARSET=utf8;
/*!40101 SET character_set_client = @saved_cs_client */;

--
-- Dumping data for table `vtiger_projecttasktype`
--

LOCK TABLES `vtiger_projecttasktype` WRITE;
/*!40000 ALTER TABLE `vtiger_projecttasktype` DISABLE KEYS */;
INSERT INTO `vtiger_projecttasktype` VALUES (2,'administrative',1,240,2),(3,'operative',1,241,3),(4,'other',1,242,4);
/*!40000 ALTER TABLE `vtiger_projecttasktype` ENABLE KEYS */;
UNLOCK TABLES;

--
-- Table structure for table `vtiger_projecttasktype_seq`
--

DROP TABLE IF EXISTS `vtiger_projecttasktype_seq`;
/*!40101 SET @saved_cs_client     = @@character_set_client */;
/*!40101 SET character_set_client = utf8 */;
CREATE TABLE `vtiger_projecttasktype_seq` (
  `id` int(11) NOT NULL
) ENGINE=InnoDB DEFAULT CHARSET=latin1;
/*!40101 SET character_set_client = @saved_cs_client */;

--
-- Dumping data for table `vtiger_projecttasktype_seq`
--

LOCK TABLES `vtiger_projecttasktype_seq` WRITE;
/*!40000 ALTER TABLE `vtiger_projecttasktype_seq` DISABLE KEYS */;
INSERT INTO `vtiger_projecttasktype_seq` VALUES (4);
/*!40000 ALTER TABLE `vtiger_projecttasktype_seq` ENABLE KEYS */;
UNLOCK TABLES;

--
-- Table structure for table `vtiger_projecttype`
--

DROP TABLE IF EXISTS `vtiger_projecttype`;
/*!40101 SET @saved_cs_client     = @@character_set_client */;
/*!40101 SET character_set_client = utf8 */;
CREATE TABLE `vtiger_projecttype` (
  `projecttypeid` int(11) NOT NULL AUTO_INCREMENT,
  `projecttype` varchar(200) NOT NULL,
  `presence` int(1) NOT NULL DEFAULT '1',
  `picklist_valueid` int(11) NOT NULL DEFAULT '0',
  `sortorderid` int(11) DEFAULT '0',
  PRIMARY KEY (`projecttypeid`)
) ENGINE=InnoDB AUTO_INCREMENT=5 DEFAULT CHARSET=utf8;
/*!40101 SET character_set_client = @saved_cs_client */;

--
-- Dumping data for table `vtiger_projecttype`
--

LOCK TABLES `vtiger_projecttype` WRITE;
/*!40000 ALTER TABLE `vtiger_projecttype` DISABLE KEYS */;
INSERT INTO `vtiger_projecttype` VALUES (2,'administrative',1,268,2),(3,'operative',1,269,3),(4,'other',1,270,4);
/*!40000 ALTER TABLE `vtiger_projecttype` ENABLE KEYS */;
UNLOCK TABLES;

--
-- Table structure for table `vtiger_projecttype_seq`
--

DROP TABLE IF EXISTS `vtiger_projecttype_seq`;
/*!40101 SET @saved_cs_client     = @@character_set_client */;
/*!40101 SET character_set_client = utf8 */;
CREATE TABLE `vtiger_projecttype_seq` (
  `id` int(11) NOT NULL
) ENGINE=InnoDB DEFAULT CHARSET=latin1;
/*!40101 SET character_set_client = @saved_cs_client */;

--
-- Dumping data for table `vtiger_projecttype_seq`
--

LOCK TABLES `vtiger_projecttype_seq` WRITE;
/*!40000 ALTER TABLE `vtiger_projecttype_seq` DISABLE KEYS */;
INSERT INTO `vtiger_projecttype_seq` VALUES (4);
/*!40000 ALTER TABLE `vtiger_projecttype_seq` ENABLE KEYS */;
UNLOCK TABLES;

--
-- Table structure for table `vtiger_purchaseorder`
--

DROP TABLE IF EXISTS `vtiger_purchaseorder`;
/*!40101 SET @saved_cs_client     = @@character_set_client */;
/*!40101 SET character_set_client = utf8 */;
CREATE TABLE `vtiger_purchaseorder` (
  `purchaseorderid` int(19) NOT NULL DEFAULT '0',
  `subject` varchar(100) DEFAULT NULL,
  `quoteid` int(19) DEFAULT NULL,
  `vendorid` int(19) DEFAULT NULL,
  `requisition_no` varchar(100) DEFAULT NULL,
  `purchaseorder_no` varchar(100) DEFAULT NULL,
  `tracking_no` varchar(100) DEFAULT NULL,
  `contactid` int(19) DEFAULT NULL,
  `duedate` date DEFAULT NULL,
  `carrier` varchar(200) DEFAULT NULL,
  `type` varchar(100) DEFAULT NULL,
  `adjustment` decimal(25,8) DEFAULT NULL,
  `salescommission` decimal(25,3) DEFAULT NULL,
  `exciseduty` decimal(25,3) DEFAULT NULL,
  `total` decimal(25,8) DEFAULT NULL,
  `subtotal` decimal(25,8) DEFAULT NULL,
  `taxtype` varchar(25) DEFAULT NULL,
  `discount_percent` decimal(25,3) DEFAULT NULL,
  `discount_amount` decimal(25,8) DEFAULT NULL,
  `s_h_amount` decimal(25,8) DEFAULT NULL,
  `terms_conditions` text,
  `postatus` varchar(200) DEFAULT NULL,
  `currency_id` int(19) NOT NULL DEFAULT '1',
  `conversion_rate` decimal(10,3) NOT NULL DEFAULT '1.000',
  `pre_tax_total` decimal(25,8) DEFAULT NULL,
  `paid` decimal(25,8) DEFAULT NULL,
  `balance` decimal(25,8) DEFAULT NULL,
  `s_h_percent` int(11) DEFAULT NULL,
  PRIMARY KEY (`purchaseorderid`),
  KEY `purchaseorder_vendorid_idx` (`vendorid`),
  KEY `purchaseorder_quoteid_idx` (`quoteid`),
  KEY `purchaseorder_contactid_idx` (`contactid`)
) ENGINE=InnoDB DEFAULT CHARSET=latin1;
/*!40101 SET character_set_client = @saved_cs_client */;

--
-- Dumping data for table `vtiger_purchaseorder`
--

LOCK TABLES `vtiger_purchaseorder` WRITE;
/*!40000 ALTER TABLE `vtiger_purchaseorder` DISABLE KEYS */;
/*!40000 ALTER TABLE `vtiger_purchaseorder` ENABLE KEYS */;
UNLOCK TABLES;

--
-- Table structure for table `vtiger_purchaseordercf`
--

DROP TABLE IF EXISTS `vtiger_purchaseordercf`;
/*!40101 SET @saved_cs_client     = @@character_set_client */;
/*!40101 SET character_set_client = utf8 */;
CREATE TABLE `vtiger_purchaseordercf` (
  `purchaseorderid` int(19) NOT NULL DEFAULT '0',
  PRIMARY KEY (`purchaseorderid`)
) ENGINE=InnoDB DEFAULT CHARSET=latin1;
/*!40101 SET character_set_client = @saved_cs_client */;

--
-- Dumping data for table `vtiger_purchaseordercf`
--

LOCK TABLES `vtiger_purchaseordercf` WRITE;
/*!40000 ALTER TABLE `vtiger_purchaseordercf` DISABLE KEYS */;
/*!40000 ALTER TABLE `vtiger_purchaseordercf` ENABLE KEYS */;
UNLOCK TABLES;

--
-- Table structure for table `vtiger_purpose_of_building`
--

DROP TABLE IF EXISTS `vtiger_purpose_of_building`;
/*!40101 SET @saved_cs_client     = @@character_set_client */;
/*!40101 SET character_set_client = utf8 */;
CREATE TABLE `vtiger_purpose_of_building` (
  `purpose_of_buildingid` int(11) NOT NULL AUTO_INCREMENT,
  `purpose_of_building` varchar(200) NOT NULL,
  `presence` int(1) NOT NULL DEFAULT '1',
  `picklist_valueid` int(11) NOT NULL DEFAULT '0',
  `sortorderid` int(11) DEFAULT '0',
  PRIMARY KEY (`purpose_of_buildingid`)
) ENGINE=InnoDB AUTO_INCREMENT=2 DEFAULT CHARSET=utf8;
/*!40101 SET character_set_client = @saved_cs_client */;

--
-- Dumping data for table `vtiger_purpose_of_building`
--

LOCK TABLES `vtiger_purpose_of_building` WRITE;
/*!40000 ALTER TABLE `vtiger_purpose_of_building` DISABLE KEYS */;
INSERT INTO `vtiger_purpose_of_building` VALUES (1,'Purpose Test',1,330,1);
/*!40000 ALTER TABLE `vtiger_purpose_of_building` ENABLE KEYS */;
UNLOCK TABLES;

--
-- Table structure for table `vtiger_purpose_of_building_seq`
--

DROP TABLE IF EXISTS `vtiger_purpose_of_building_seq`;
/*!40101 SET @saved_cs_client     = @@character_set_client */;
/*!40101 SET character_set_client = utf8 */;
CREATE TABLE `vtiger_purpose_of_building_seq` (
  `id` int(11) NOT NULL
) ENGINE=MyISAM DEFAULT CHARSET=utf8 COLLATE=utf8_unicode_ci;
/*!40101 SET character_set_client = @saved_cs_client */;

--
-- Dumping data for table `vtiger_purpose_of_building_seq`
--

LOCK TABLES `vtiger_purpose_of_building_seq` WRITE;
/*!40000 ALTER TABLE `vtiger_purpose_of_building_seq` DISABLE KEYS */;
INSERT INTO `vtiger_purpose_of_building_seq` VALUES (1);
/*!40000 ALTER TABLE `vtiger_purpose_of_building_seq` ENABLE KEYS */;
UNLOCK TABLES;

--
-- Table structure for table `vtiger_quotes`
--

DROP TABLE IF EXISTS `vtiger_quotes`;
/*!40101 SET @saved_cs_client     = @@character_set_client */;
/*!40101 SET character_set_client = utf8 */;
CREATE TABLE `vtiger_quotes` (
  `quoteid` int(19) NOT NULL DEFAULT '0',
  `subject` varchar(100) DEFAULT NULL,
  `potentialid` int(19) DEFAULT NULL,
  `quotestage` varchar(200) DEFAULT NULL,
  `validtill` date DEFAULT NULL,
  `contactid` int(19) DEFAULT NULL,
  `quote_no` varchar(100) DEFAULT NULL,
  `subtotal` decimal(25,8) DEFAULT NULL,
  `carrier` varchar(200) DEFAULT NULL,
  `shipping` varchar(100) DEFAULT NULL,
  `inventorymanager` int(19) DEFAULT NULL,
  `type` varchar(100) DEFAULT NULL,
  `adjustment` decimal(25,8) DEFAULT NULL,
  `total` decimal(25,8) DEFAULT NULL,
  `taxtype` varchar(25) DEFAULT NULL,
  `discount_percent` decimal(25,3) DEFAULT NULL,
  `discount_amount` decimal(25,8) DEFAULT NULL,
  `s_h_amount` decimal(25,8) DEFAULT NULL,
  `accountid` int(19) DEFAULT NULL,
  `terms_conditions` text,
  `currency_id` int(19) NOT NULL DEFAULT '1',
  `conversion_rate` decimal(10,3) NOT NULL DEFAULT '1.000',
  `pre_tax_total` decimal(25,8) DEFAULT NULL,
  `s_h_percent` int(11) DEFAULT NULL,
  PRIMARY KEY (`quoteid`),
  KEY `quote_quotestage_idx` (`quotestage`),
  KEY `quotes_potentialid_idx` (`potentialid`),
  KEY `quotes_contactid_idx` (`contactid`)
) ENGINE=InnoDB DEFAULT CHARSET=latin1;
/*!40101 SET character_set_client = @saved_cs_client */;

--
-- Dumping data for table `vtiger_quotes`
--

LOCK TABLES `vtiger_quotes` WRITE;
/*!40000 ALTER TABLE `vtiger_quotes` DISABLE KEYS */;
/*!40000 ALTER TABLE `vtiger_quotes` ENABLE KEYS */;
UNLOCK TABLES;

--
-- Table structure for table `vtiger_quotesbillads`
--

DROP TABLE IF EXISTS `vtiger_quotesbillads`;
/*!40101 SET @saved_cs_client     = @@character_set_client */;
/*!40101 SET character_set_client = utf8 */;
CREATE TABLE `vtiger_quotesbillads` (
  `quotebilladdressid` int(19) NOT NULL DEFAULT '0',
  `bill_city` varchar(30) DEFAULT NULL,
  `bill_code` varchar(30) DEFAULT NULL,
  `bill_country` varchar(30) DEFAULT NULL,
  `bill_state` varchar(30) DEFAULT NULL,
  `bill_street` varchar(250) DEFAULT NULL,
  `bill_pobox` varchar(30) DEFAULT NULL,
  PRIMARY KEY (`quotebilladdressid`)
) ENGINE=InnoDB DEFAULT CHARSET=latin1;
/*!40101 SET character_set_client = @saved_cs_client */;

--
-- Dumping data for table `vtiger_quotesbillads`
--

LOCK TABLES `vtiger_quotesbillads` WRITE;
/*!40000 ALTER TABLE `vtiger_quotesbillads` DISABLE KEYS */;
/*!40000 ALTER TABLE `vtiger_quotesbillads` ENABLE KEYS */;
UNLOCK TABLES;

--
-- Table structure for table `vtiger_quotescf`
--

DROP TABLE IF EXISTS `vtiger_quotescf`;
/*!40101 SET @saved_cs_client     = @@character_set_client */;
/*!40101 SET character_set_client = utf8 */;
CREATE TABLE `vtiger_quotescf` (
  `quoteid` int(19) NOT NULL DEFAULT '0',
  PRIMARY KEY (`quoteid`)
) ENGINE=InnoDB DEFAULT CHARSET=latin1;
/*!40101 SET character_set_client = @saved_cs_client */;

--
-- Dumping data for table `vtiger_quotescf`
--

LOCK TABLES `vtiger_quotescf` WRITE;
/*!40000 ALTER TABLE `vtiger_quotescf` DISABLE KEYS */;
/*!40000 ALTER TABLE `vtiger_quotescf` ENABLE KEYS */;
UNLOCK TABLES;

--
-- Table structure for table `vtiger_quotesshipads`
--

DROP TABLE IF EXISTS `vtiger_quotesshipads`;
/*!40101 SET @saved_cs_client     = @@character_set_client */;
/*!40101 SET character_set_client = utf8 */;
CREATE TABLE `vtiger_quotesshipads` (
  `quoteshipaddressid` int(19) NOT NULL DEFAULT '0',
  `ship_city` varchar(30) DEFAULT NULL,
  `ship_code` varchar(30) DEFAULT NULL,
  `ship_country` varchar(30) DEFAULT NULL,
  `ship_state` varchar(30) DEFAULT NULL,
  `ship_street` varchar(250) DEFAULT NULL,
  `ship_pobox` varchar(30) DEFAULT NULL,
  PRIMARY KEY (`quoteshipaddressid`)
) ENGINE=InnoDB DEFAULT CHARSET=latin1;
/*!40101 SET character_set_client = @saved_cs_client */;

--
-- Dumping data for table `vtiger_quotesshipads`
--

LOCK TABLES `vtiger_quotesshipads` WRITE;
/*!40000 ALTER TABLE `vtiger_quotesshipads` DISABLE KEYS */;
/*!40000 ALTER TABLE `vtiger_quotesshipads` ENABLE KEYS */;
UNLOCK TABLES;

--
-- Table structure for table `vtiger_quotestage`
--

DROP TABLE IF EXISTS `vtiger_quotestage`;
/*!40101 SET @saved_cs_client     = @@character_set_client */;
/*!40101 SET character_set_client = utf8 */;
CREATE TABLE `vtiger_quotestage` (
  `quotestageid` int(19) NOT NULL AUTO_INCREMENT,
  `quotestage` varchar(200) NOT NULL,
  `presence` int(1) NOT NULL DEFAULT '1',
  `picklist_valueid` int(19) NOT NULL DEFAULT '0',
  `sortorderid` int(11) DEFAULT NULL,
  PRIMARY KEY (`quotestageid`),
  UNIQUE KEY `quotestage_quotestage_idx` (`quotestage`)
) ENGINE=InnoDB AUTO_INCREMENT=6 DEFAULT CHARSET=latin1;
/*!40101 SET character_set_client = @saved_cs_client */;

--
-- Dumping data for table `vtiger_quotestage`
--

LOCK TABLES `vtiger_quotestage` WRITE;
/*!40000 ALTER TABLE `vtiger_quotestage` DISABLE KEYS */;
INSERT INTO `vtiger_quotestage` VALUES (1,'Created',0,139,0),(2,'Delivered',0,140,1),(3,'Reviewed',0,141,2),(4,'Accepted',0,142,3),(5,'Rejected',0,143,4);
/*!40000 ALTER TABLE `vtiger_quotestage` ENABLE KEYS */;
UNLOCK TABLES;

--
-- Table structure for table `vtiger_quotestage_seq`
--

DROP TABLE IF EXISTS `vtiger_quotestage_seq`;
/*!40101 SET @saved_cs_client     = @@character_set_client */;
/*!40101 SET character_set_client = utf8 */;
CREATE TABLE `vtiger_quotestage_seq` (
  `id` int(11) NOT NULL
) ENGINE=InnoDB DEFAULT CHARSET=latin1;
/*!40101 SET character_set_client = @saved_cs_client */;

--
-- Dumping data for table `vtiger_quotestage_seq`
--

LOCK TABLES `vtiger_quotestage_seq` WRITE;
/*!40000 ALTER TABLE `vtiger_quotestage_seq` DISABLE KEYS */;
INSERT INTO `vtiger_quotestage_seq` VALUES (5);
/*!40000 ALTER TABLE `vtiger_quotestage_seq` ENABLE KEYS */;
UNLOCK TABLES;

--
-- Table structure for table `vtiger_quotestagehistory`
--

DROP TABLE IF EXISTS `vtiger_quotestagehistory`;
/*!40101 SET @saved_cs_client     = @@character_set_client */;
/*!40101 SET character_set_client = utf8 */;
CREATE TABLE `vtiger_quotestagehistory` (
  `historyid` int(19) NOT NULL AUTO_INCREMENT,
  `quoteid` int(19) NOT NULL,
  `accountname` varchar(100) DEFAULT NULL,
  `total` decimal(10,0) DEFAULT NULL,
  `quotestage` varchar(200) DEFAULT NULL,
  `lastmodified` datetime DEFAULT NULL,
  PRIMARY KEY (`historyid`),
  KEY `quotestagehistory_quoteid_idx` (`quoteid`)
) ENGINE=InnoDB DEFAULT CHARSET=latin1;
/*!40101 SET character_set_client = @saved_cs_client */;

--
-- Dumping data for table `vtiger_quotestagehistory`
--

LOCK TABLES `vtiger_quotestagehistory` WRITE;
/*!40000 ALTER TABLE `vtiger_quotestagehistory` DISABLE KEYS */;
/*!40000 ALTER TABLE `vtiger_quotestagehistory` ENABLE KEYS */;
UNLOCK TABLES;

--
-- Table structure for table `vtiger_rating`
--

DROP TABLE IF EXISTS `vtiger_rating`;
/*!40101 SET @saved_cs_client     = @@character_set_client */;
/*!40101 SET character_set_client = utf8 */;
CREATE TABLE `vtiger_rating` (
  `rating_id` int(19) NOT NULL AUTO_INCREMENT,
  `rating` varchar(200) DEFAULT NULL,
  `presence` int(1) NOT NULL DEFAULT '1',
  `picklist_valueid` int(19) NOT NULL DEFAULT '0',
  `sortorderid` int(11) DEFAULT NULL,
  PRIMARY KEY (`rating_id`)
) ENGINE=InnoDB AUTO_INCREMENT=7 DEFAULT CHARSET=latin1;
/*!40101 SET character_set_client = @saved_cs_client */;

--
-- Dumping data for table `vtiger_rating`
--

LOCK TABLES `vtiger_rating` WRITE;
/*!40000 ALTER TABLE `vtiger_rating` DISABLE KEYS */;
INSERT INTO `vtiger_rating` VALUES (2,'Acquired',1,145,1),(3,'Active',1,146,2),(4,'Market Failed',1,147,3),(5,'Project Cancelled',1,148,4),(6,'Shutdown',1,149,5);
/*!40000 ALTER TABLE `vtiger_rating` ENABLE KEYS */;
UNLOCK TABLES;

--
-- Table structure for table `vtiger_rating_seq`
--

DROP TABLE IF EXISTS `vtiger_rating_seq`;
/*!40101 SET @saved_cs_client     = @@character_set_client */;
/*!40101 SET character_set_client = utf8 */;
CREATE TABLE `vtiger_rating_seq` (
  `id` int(11) NOT NULL
) ENGINE=InnoDB DEFAULT CHARSET=latin1;
/*!40101 SET character_set_client = @saved_cs_client */;

--
-- Dumping data for table `vtiger_rating_seq`
--

LOCK TABLES `vtiger_rating_seq` WRITE;
/*!40000 ALTER TABLE `vtiger_rating_seq` DISABLE KEYS */;
INSERT INTO `vtiger_rating_seq` VALUES (6);
/*!40000 ALTER TABLE `vtiger_rating_seq` ENABLE KEYS */;
UNLOCK TABLES;

--
-- Table structure for table `vtiger_recurring_frequency`
--

DROP TABLE IF EXISTS `vtiger_recurring_frequency`;
/*!40101 SET @saved_cs_client     = @@character_set_client */;
/*!40101 SET character_set_client = utf8 */;
CREATE TABLE `vtiger_recurring_frequency` (
  `recurring_frequency_id` int(11) DEFAULT NULL,
  `recurring_frequency` varchar(200) DEFAULT NULL,
  `sortorderid` int(11) DEFAULT NULL,
  `presence` int(11) DEFAULT NULL
) ENGINE=InnoDB DEFAULT CHARSET=latin1;
/*!40101 SET character_set_client = @saved_cs_client */;

--
-- Dumping data for table `vtiger_recurring_frequency`
--

LOCK TABLES `vtiger_recurring_frequency` WRITE;
/*!40000 ALTER TABLE `vtiger_recurring_frequency` DISABLE KEYS */;
INSERT INTO `vtiger_recurring_frequency` VALUES (2,'Daily',1,1),(3,'Weekly',2,1),(4,'Monthly',3,1),(5,'Quarterly',4,1),(6,'Yearly',5,1);
/*!40000 ALTER TABLE `vtiger_recurring_frequency` ENABLE KEYS */;
UNLOCK TABLES;

--
-- Table structure for table `vtiger_recurring_frequency_seq`
--

DROP TABLE IF EXISTS `vtiger_recurring_frequency_seq`;
/*!40101 SET @saved_cs_client     = @@character_set_client */;
/*!40101 SET character_set_client = utf8 */;
CREATE TABLE `vtiger_recurring_frequency_seq` (
  `id` int(11) NOT NULL
) ENGINE=InnoDB DEFAULT CHARSET=latin1;
/*!40101 SET character_set_client = @saved_cs_client */;

--
-- Dumping data for table `vtiger_recurring_frequency_seq`
--

LOCK TABLES `vtiger_recurring_frequency_seq` WRITE;
/*!40000 ALTER TABLE `vtiger_recurring_frequency_seq` DISABLE KEYS */;
INSERT INTO `vtiger_recurring_frequency_seq` VALUES (6);
/*!40000 ALTER TABLE `vtiger_recurring_frequency_seq` ENABLE KEYS */;
UNLOCK TABLES;

--
-- Table structure for table `vtiger_recurringevents`
--

DROP TABLE IF EXISTS `vtiger_recurringevents`;
/*!40101 SET @saved_cs_client     = @@character_set_client */;
/*!40101 SET character_set_client = utf8 */;
CREATE TABLE `vtiger_recurringevents` (
  `recurringid` int(19) NOT NULL AUTO_INCREMENT,
  `activityid` int(19) NOT NULL,
  `recurringdate` date DEFAULT NULL,
  `recurringtype` varchar(30) DEFAULT NULL,
  `recurringfreq` int(19) DEFAULT NULL,
  `recurringinfo` varchar(50) DEFAULT NULL,
  `recurringenddate` date DEFAULT NULL,
  PRIMARY KEY (`recurringid`)
) ENGINE=InnoDB DEFAULT CHARSET=latin1;
/*!40101 SET character_set_client = @saved_cs_client */;

--
-- Dumping data for table `vtiger_recurringevents`
--

LOCK TABLES `vtiger_recurringevents` WRITE;
/*!40000 ALTER TABLE `vtiger_recurringevents` DISABLE KEYS */;
/*!40000 ALTER TABLE `vtiger_recurringevents` ENABLE KEYS */;
UNLOCK TABLES;

--
-- Table structure for table `vtiger_recurringtype`
--

DROP TABLE IF EXISTS `vtiger_recurringtype`;
/*!40101 SET @saved_cs_client     = @@character_set_client */;
/*!40101 SET character_set_client = utf8 */;
CREATE TABLE `vtiger_recurringtype` (
  `recurringeventid` int(19) NOT NULL AUTO_INCREMENT,
  `recurringtype` varchar(200) NOT NULL,
  `sortorderid` int(19) NOT NULL DEFAULT '0',
  `presence` int(1) NOT NULL DEFAULT '1',
  PRIMARY KEY (`recurringeventid`),
  UNIQUE KEY `recurringtype_status_idx` (`recurringtype`)
) ENGINE=InnoDB AUTO_INCREMENT=6 DEFAULT CHARSET=latin1;
/*!40101 SET character_set_client = @saved_cs_client */;

--
-- Dumping data for table `vtiger_recurringtype`
--

LOCK TABLES `vtiger_recurringtype` WRITE;
/*!40000 ALTER TABLE `vtiger_recurringtype` DISABLE KEYS */;
INSERT INTO `vtiger_recurringtype` VALUES (2,'Daily',1,1),(3,'Weekly',2,1),(4,'Monthly',3,1),(5,'Yearly',4,1);
/*!40000 ALTER TABLE `vtiger_recurringtype` ENABLE KEYS */;
UNLOCK TABLES;

--
-- Table structure for table `vtiger_recurringtype_seq`
--

DROP TABLE IF EXISTS `vtiger_recurringtype_seq`;
/*!40101 SET @saved_cs_client     = @@character_set_client */;
/*!40101 SET character_set_client = utf8 */;
CREATE TABLE `vtiger_recurringtype_seq` (
  `id` int(11) NOT NULL
) ENGINE=InnoDB DEFAULT CHARSET=latin1;
/*!40101 SET character_set_client = @saved_cs_client */;

--
-- Dumping data for table `vtiger_recurringtype_seq`
--

LOCK TABLES `vtiger_recurringtype_seq` WRITE;
/*!40000 ALTER TABLE `vtiger_recurringtype_seq` DISABLE KEYS */;
INSERT INTO `vtiger_recurringtype_seq` VALUES (5);
/*!40000 ALTER TABLE `vtiger_recurringtype_seq` ENABLE KEYS */;
UNLOCK TABLES;

--
-- Table structure for table `vtiger_relatedlists`
--

DROP TABLE IF EXISTS `vtiger_relatedlists`;
/*!40101 SET @saved_cs_client     = @@character_set_client */;
/*!40101 SET character_set_client = utf8 */;
CREATE TABLE `vtiger_relatedlists` (
  `relation_id` int(19) NOT NULL,
  `tabid` int(10) DEFAULT NULL,
  `related_tabid` int(10) DEFAULT NULL,
  `name` varchar(100) DEFAULT NULL,
  `sequence` int(10) DEFAULT NULL,
  `label` varchar(100) DEFAULT NULL,
  `presence` int(10) NOT NULL DEFAULT '0',
  `actions` varchar(50) NOT NULL DEFAULT '',
  PRIMARY KEY (`relation_id`),
  KEY `relatedlists_relation_id_idx` (`relation_id`)
) ENGINE=InnoDB DEFAULT CHARSET=latin1;
/*!40101 SET character_set_client = @saved_cs_client */;

--
-- Dumping data for table `vtiger_relatedlists`
--

LOCK TABLES `vtiger_relatedlists` WRITE;
/*!40000 ALTER TABLE `vtiger_relatedlists` DISABLE KEYS */;
INSERT INTO `vtiger_relatedlists` VALUES (1,6,4,'get_contacts',1,'Contacts',0,'add'),(2,6,2,'get_opportunities',2,'Potentials',0,'add'),(3,6,20,'get_quotes',3,'Quotes',0,'add'),(4,6,22,'get_salesorder',4,'Sales Order',0,'add'),(5,6,23,'get_invoices',5,'Invoice',0,'add'),(6,6,9,'get_activities',6,'Activities',0,'add'),(7,6,10,'get_emails',7,'Emails',0,'add'),(8,6,9,'get_history',8,'Activity History',0,'add'),(9,6,8,'get_attachments',9,'Documents',0,'add,select'),(10,6,13,'get_tickets',10,'HelpDesk',0,'add'),(11,6,14,'get_products',11,'Products',0,'select'),(12,7,9,'get_activities',1,'Activities',0,'add'),(13,7,10,'get_emails',2,'Emails',0,'add'),(14,7,9,'get_history',3,'Activity History',0,'add'),(15,7,8,'get_attachments',4,'Documents',0,'add,select'),(16,7,14,'get_products',5,'Products',0,'select'),(17,7,26,'get_campaigns',6,'Campaigns',0,'select'),(18,4,2,'get_opportunities',1,'Potentials',0,'add'),(19,4,9,'get_activities',2,'Activities',0,'add'),(20,4,10,'get_emails',3,'Emails',0,'add'),(21,4,13,'get_tickets',4,'HelpDesk',0,'add'),(22,4,20,'get_quotes',5,'Quotes',0,'add'),(23,4,21,'get_purchase_orders',6,'Purchase Order',0,'add'),(24,4,22,'get_salesorder',7,'Sales Order',0,'add'),(25,4,14,'get_products',8,'Products',0,'select'),(26,4,9,'get_history',9,'Activity History',0,'add'),(27,4,8,'get_attachments',10,'Documents',0,'add,select'),(28,4,26,'get_campaigns',11,'Campaigns',0,'select'),(29,4,23,'get_invoices',12,'Invoice',0,'add'),(30,2,9,'get_activities',1,'Activities',0,'add'),(31,2,4,'get_contacts',2,'Contacts',0,'select'),(32,2,14,'get_products',3,'Products',0,'select'),(33,2,0,'get_stage_history',4,'Sales Stage History',0,''),(34,2,8,'get_attachments',5,'Documents',0,'add,select'),(35,2,20,'get_Quotes',6,'Quotes',0,'add'),(36,2,22,'get_salesorder',7,'Sales Order',0,'add'),(37,2,9,'get_history',8,'Activity History',0,''),(38,14,13,'get_tickets',1,'HelpDesk',0,'add'),(39,14,8,'get_attachments',3,'Documents',0,'add,select'),(40,14,20,'get_quotes',4,'Quotes',0,'add'),(41,14,21,'get_purchase_orders',5,'Purchase Order',0,'add'),(42,14,22,'get_salesorder',6,'Sales Order',0,'add'),(43,14,23,'get_invoices',7,'Invoice',0,'add'),(44,14,19,'get_product_pricebooks',8,'PriceBooks',0,'ADD,SELECT'),(45,14,7,'get_leads',9,'Leads',0,'select'),(46,14,6,'get_accounts',10,'Accounts',0,'select'),(47,14,4,'get_contacts',11,'Contacts',0,'select'),(48,14,2,'get_opportunities',12,'Potentials',0,'select'),(49,14,14,'get_products',13,'Product Bundles',0,'add,select'),(50,14,14,'get_parent_products',14,'Parent Product',0,''),(51,10,4,'get_contacts',1,'Contacts',0,'select,bulkmail'),(52,10,0,'get_users',2,'Users',0,''),(53,10,8,'get_attachments',3,'Documents',0,'add,select'),(54,13,9,'get_activities',1,'Activities',0,'add'),(55,13,8,'get_attachments',2,'Documents',0,'add,select'),(56,13,0,'get_ticket_history',3,'Ticket History',0,''),(57,13,9,'get_history',4,'Activity History',0,'add'),(58,19,14,'get_pricebook_products',2,'Products',0,'select'),(59,18,14,'get_products',1,'Products',0,'add,select'),(60,18,21,'get_purchase_orders',2,'Purchase Order',0,'add'),(61,18,4,'get_contacts',3,'Contacts',0,'select'),(62,18,10,'get_emails',4,'Emails',0,'add'),(63,20,22,'get_salesorder',1,'Sales Order',0,''),(64,20,9,'get_activities',2,'Activities',0,'add'),(65,20,8,'get_attachments',3,'Documents',0,'add,select'),(66,20,9,'get_history',4,'Activity History',0,''),(67,20,0,'get_quotestagehistory',5,'Quote Stage History',0,''),(68,21,9,'get_activities',1,'Activities',0,'add'),(69,21,8,'get_attachments',2,'Documents',0,'add,select'),(70,21,9,'get_history',3,'Activity History',0,''),(71,21,0,'get_postatushistory',4,'PurchaseOrder Status History',0,''),(72,22,9,'get_activities',1,'Activities',0,'add'),(73,22,8,'get_attachments',2,'Documents',0,'add,select'),(74,22,23,'get_invoices',3,'Invoice',0,''),(75,22,9,'get_history',4,'Activity History',0,''),(76,22,0,'get_sostatushistory',5,'SalesOrder Status History',0,''),(77,23,9,'get_activities',1,'Activities',0,'add'),(78,23,8,'get_attachments',2,'Documents',0,'add,select'),(79,23,9,'get_history',3,'Activity History',0,''),(80,23,0,'get_invoicestatushistory',4,'Invoice Status History',0,''),(81,9,0,'get_users',1,'Users',0,''),(82,9,4,'get_contacts',2,'Contacts',0,''),(83,26,4,'get_contacts',1,'Contacts',0,'add,select'),(84,26,7,'get_leads',2,'Leads',0,'add,select'),(85,26,2,'get_opportunities',3,'Potentials',0,'add'),(86,26,9,'get_activities',4,'Activities',0,'add'),(87,6,26,'get_campaigns',13,'Campaigns',0,'select'),(88,26,6,'get_accounts',5,'Accounts',0,'add,select'),(89,15,8,'get_attachments',1,'Documents',0,'add,select'),(90,30,13,'get_related_list',1,'HelpDesk',0,'ADD,SELECT'),(91,30,20,'get_quotes',2,'Quotes',0,'ADD'),(92,30,21,'get_purchase_orders',3,'Purchase Order',0,'ADD'),(93,30,22,'get_salesorder',4,'Sales Order',0,'ADD'),(94,30,23,'get_invoices',5,'Invoice',0,'ADD'),(95,30,19,'get_service_pricebooks',6,'PriceBooks',0,'ADD'),(96,30,7,'get_related_list',7,'Leads',0,'SELECT'),(97,30,6,'get_related_list',8,'Accounts',0,'SELECT'),(98,30,4,'get_related_list',9,'Contacts',0,'SELECT'),(99,30,2,'get_related_list',10,'Potentials',0,'SELECT'),(100,30,8,'get_attachments',11,'Documents',0,'ADD,SELECT'),(101,13,30,'get_related_list',5,'Services',0,'SELECT'),(102,7,30,'get_related_list',7,'Services',0,'SELECT'),(103,6,30,'get_related_list',14,'Services',0,'SELECT'),(104,4,30,'get_related_list',13,'Services',0,'SELECT'),(105,2,30,'get_related_list',9,'Services',0,'SELECT'),(106,19,30,'get_pricebook_services',3,'Services',0,'SELECT'),(110,34,13,'get_related_list',1,'Service Requests',0,'ADD,SELECT'),(111,34,8,'get_attachments',2,'Documents',0,'ADD,SELECT'),(112,6,34,'get_dependents_list',16,'Service Contracts',0,'ADD'),(113,4,34,'get_dependents_list',15,'Service Contracts',0,'ADD'),(114,13,34,'get_related_list',6,'Service Contracts',0,'ADD,SELECT'),(115,39,6,'get_related_list',1,'Accounts',0,' '),(116,39,4,'get_related_list',2,'Contacts',0,' '),(117,39,7,'get_related_list',3,'Leads',0,' '),(124,6,42,'get_dependents_list',17,'Projects',0,'add'),(125,4,42,'get_dependents_list',16,'Projects',0,'add'),(126,13,42,'get_related_list',7,'Projects',0,'SELECT'),(127,44,13,'get_related_list',1,'HelpDesk',0,'ADD,SELECT'),(128,44,8,'get_attachments',2,'Documents',0,'ADD,SELECT'),(129,6,44,'get_dependents_list',18,'Assets',0,'ADD'),(130,14,44,'get_dependents_list',15,'Assets',0,'ADD'),(131,23,44,'get_dependents_list',5,'Assets',0,'ADD'),(132,41,8,'get_attachments',1,'Documents',0,'ADD,SELECT'),(133,42,41,'get_dependents_list',1,'Project Tasks',0,'ADD'),(134,42,40,'get_dependents_list',2,'Project Milestones',0,'ADD'),(135,42,8,'get_attachments',3,'Documents',0,'ADD,SELECT'),(136,42,13,'get_related_list',4,'HelpDesk',0,'ADD,SELECT'),(137,42,0,'get_gantt_chart',5,'Charts',0,''),(138,4,44,'get_dependents_list',17,'Assets',0,'ADD'),(139,4,18,'get_vendors',18,'Vendors',0,'SELECT'),(140,51,55,'get_dependents_list',1,'Resubmission',0,'ADD'),(141,52,55,'get_dependents_list',1,'Resubmission',0,'ADD'),(142,53,55,'get_dependents_list',1,'Resubmission',0,'ADD'),(143,54,55,'get_dependents_list',1,'Resubmission',0,'ADD');
/*!40000 ALTER TABLE `vtiger_relatedlists` ENABLE KEYS */;
UNLOCK TABLES;

--
-- Table structure for table `vtiger_relatedlists_rb`
--

DROP TABLE IF EXISTS `vtiger_relatedlists_rb`;
/*!40101 SET @saved_cs_client     = @@character_set_client */;
/*!40101 SET character_set_client = utf8 */;
CREATE TABLE `vtiger_relatedlists_rb` (
  `entityid` int(19) DEFAULT NULL,
  `action` varchar(50) DEFAULT NULL,
  `rel_table` varchar(200) DEFAULT NULL,
  `rel_column` varchar(200) DEFAULT NULL,
  `ref_column` varchar(200) DEFAULT NULL,
  `related_crm_ids` text
) ENGINE=InnoDB DEFAULT CHARSET=latin1;
/*!40101 SET character_set_client = @saved_cs_client */;

--
-- Dumping data for table `vtiger_relatedlists_rb`
--

LOCK TABLES `vtiger_relatedlists_rb` WRITE;
/*!40000 ALTER TABLE `vtiger_relatedlists_rb` DISABLE KEYS */;
INSERT INTO `vtiger_relatedlists_rb` VALUES (9,'update','vtiger_resubmission','related_to','resubmissionid','27,31,32'),(16,'update','vtiger_resubmission','related_to','resubmissionid','21'),(25,'update','vtiger_resubmission','related_to','resubmissionid','28,29'),(7,'update','vtiger_resubmission','related_to','resubmissionid','19,26'),(8,'update','vtiger_resubmission','related_to','resubmissionid','20,30'),(17,'update','vtiger_resubmission','related_to','resubmissionid','22,33'),(10,'update','vtiger_resubmission','related_to','resubmissionid','18');
/*!40000 ALTER TABLE `vtiger_relatedlists_rb` ENABLE KEYS */;
UNLOCK TABLES;

--
-- Table structure for table `vtiger_relatedlists_seq`
--

DROP TABLE IF EXISTS `vtiger_relatedlists_seq`;
/*!40101 SET @saved_cs_client     = @@character_set_client */;
/*!40101 SET character_set_client = utf8 */;
CREATE TABLE `vtiger_relatedlists_seq` (
  `id` int(11) NOT NULL
) ENGINE=InnoDB DEFAULT CHARSET=latin1;
/*!40101 SET character_set_client = @saved_cs_client */;

--
-- Dumping data for table `vtiger_relatedlists_seq`
--

LOCK TABLES `vtiger_relatedlists_seq` WRITE;
/*!40000 ALTER TABLE `vtiger_relatedlists_seq` DISABLE KEYS */;
INSERT INTO `vtiger_relatedlists_seq` VALUES (143);
/*!40000 ALTER TABLE `vtiger_relatedlists_seq` ENABLE KEYS */;
UNLOCK TABLES;

--
-- Table structure for table `vtiger_relcriteria`
--

DROP TABLE IF EXISTS `vtiger_relcriteria`;
/*!40101 SET @saved_cs_client     = @@character_set_client */;
/*!40101 SET character_set_client = utf8 */;
CREATE TABLE `vtiger_relcriteria` (
  `queryid` int(19) NOT NULL,
  `columnindex` int(11) NOT NULL,
  `columnname` varchar(250) DEFAULT '',
  `comparator` varchar(20) DEFAULT NULL,
  `value` varchar(512) DEFAULT NULL,
  `groupid` int(11) DEFAULT '1',
  `column_condition` varchar(256) DEFAULT 'and',
  PRIMARY KEY (`queryid`,`columnindex`),
  KEY `relcriteria_queryid_idx` (`queryid`)
) ENGINE=InnoDB DEFAULT CHARSET=latin1;
/*!40101 SET character_set_client = @saved_cs_client */;

--
-- Dumping data for table `vtiger_relcriteria`
--

LOCK TABLES `vtiger_relcriteria` WRITE;
/*!40000 ALTER TABLE `vtiger_relcriteria` DISABLE KEYS */;
INSERT INTO `vtiger_relcriteria` VALUES (1,0,'vtiger_contactdetails:accountid:Contacts_Account_Name:account_id:V','n','',1,'and'),(2,0,'vtiger_contactdetails:accountid:Contacts_Account_Name:account_id:V','e','',1,'and'),(3,0,'vtiger_potential:potentialname:Potentials_Potential_Name:potentialname:V','n','',1,'and'),(7,0,'vtiger_potential:sales_stage:Potentials_Sales_Stage:sales_stage:V','e','Closed Won',1,'and'),(12,0,'vtiger_troubletickets:status:HelpDesk_Status:ticketstatus:V','n','Closed',1,'and'),(15,0,'vtiger_quotes:quotestage:Quotes_Quote_Stage:quotestage:V','n','Accepted',1,'and'),(15,1,'vtiger_quotes:quotestage:Quotes_Quote_Stage:quotestage:V','n','Rejected',1,'and'),(22,0,'vtiger_email_track:access_count:Emails_Access_Count:access_count:V','n','',1,'and'),(23,0,'vtiger_email_track:access_count:Emails_Access_Count:access_count:V','n','',1,'and'),(24,0,'vtiger_email_track:access_count:Emails_Access_Count:access_count:V','n','',1,'and'),(25,0,'vtiger_email_track:access_count:Emails_Access_Count:access_count:V','n','',1,'and');
/*!40000 ALTER TABLE `vtiger_relcriteria` ENABLE KEYS */;
UNLOCK TABLES;

--
-- Table structure for table `vtiger_relcriteria_grouping`
--

DROP TABLE IF EXISTS `vtiger_relcriteria_grouping`;
/*!40101 SET @saved_cs_client     = @@character_set_client */;
/*!40101 SET character_set_client = utf8 */;
CREATE TABLE `vtiger_relcriteria_grouping` (
  `groupid` int(11) NOT NULL,
  `queryid` int(19) NOT NULL,
  `group_condition` varchar(256) DEFAULT NULL,
  `condition_expression` text,
  PRIMARY KEY (`groupid`,`queryid`)
) ENGINE=InnoDB DEFAULT CHARSET=latin1;
/*!40101 SET character_set_client = @saved_cs_client */;

--
-- Dumping data for table `vtiger_relcriteria_grouping`
--

LOCK TABLES `vtiger_relcriteria_grouping` WRITE;
/*!40000 ALTER TABLE `vtiger_relcriteria_grouping` DISABLE KEYS */;
INSERT INTO `vtiger_relcriteria_grouping` VALUES (1,1,'','0'),(1,2,'','0'),(1,3,'','0'),(1,7,'','0'),(1,12,'','0'),(1,15,'','0 and 1'),(1,22,'','0'),(1,23,'','0'),(1,24,'','0'),(1,25,'','0');
/*!40000 ALTER TABLE `vtiger_relcriteria_grouping` ENABLE KEYS */;
UNLOCK TABLES;

--
-- Table structure for table `vtiger_reminder_interval`
--

DROP TABLE IF EXISTS `vtiger_reminder_interval`;
/*!40101 SET @saved_cs_client     = @@character_set_client */;
/*!40101 SET character_set_client = utf8 */;
CREATE TABLE `vtiger_reminder_interval` (
  `reminder_intervalid` int(19) NOT NULL AUTO_INCREMENT,
  `reminder_interval` varchar(200) NOT NULL,
  `sortorderid` int(19) NOT NULL,
  `presence` int(1) NOT NULL,
  PRIMARY KEY (`reminder_intervalid`)
) ENGINE=InnoDB AUTO_INCREMENT=9 DEFAULT CHARSET=latin1;
/*!40101 SET character_set_client = @saved_cs_client */;

--
-- Dumping data for table `vtiger_reminder_interval`
--

LOCK TABLES `vtiger_reminder_interval` WRITE;
/*!40000 ALTER TABLE `vtiger_reminder_interval` DISABLE KEYS */;
INSERT INTO `vtiger_reminder_interval` VALUES (2,'1 Minute',1,1),(3,'5 Minutes',2,1),(4,'15 Minutes',3,1),(5,'30 Minutes',4,1),(6,'45 Minutes',5,1),(7,'1 Hour',6,1),(8,'1 Day',7,1);
/*!40000 ALTER TABLE `vtiger_reminder_interval` ENABLE KEYS */;
UNLOCK TABLES;

--
-- Table structure for table `vtiger_reminder_interval_seq`
--

DROP TABLE IF EXISTS `vtiger_reminder_interval_seq`;
/*!40101 SET @saved_cs_client     = @@character_set_client */;
/*!40101 SET character_set_client = utf8 */;
CREATE TABLE `vtiger_reminder_interval_seq` (
  `id` int(11) NOT NULL
) ENGINE=InnoDB DEFAULT CHARSET=latin1;
/*!40101 SET character_set_client = @saved_cs_client */;

--
-- Dumping data for table `vtiger_reminder_interval_seq`
--

LOCK TABLES `vtiger_reminder_interval_seq` WRITE;
/*!40000 ALTER TABLE `vtiger_reminder_interval_seq` DISABLE KEYS */;
INSERT INTO `vtiger_reminder_interval_seq` VALUES (8);
/*!40000 ALTER TABLE `vtiger_reminder_interval_seq` ENABLE KEYS */;
UNLOCK TABLES;

--
-- Table structure for table `vtiger_report`
--

DROP TABLE IF EXISTS `vtiger_report`;
/*!40101 SET @saved_cs_client     = @@character_set_client */;
/*!40101 SET character_set_client = utf8 */;
CREATE TABLE `vtiger_report` (
  `reportid` int(19) NOT NULL,
  `folderid` int(19) NOT NULL,
  `reportname` varchar(100) DEFAULT '',
  `description` varchar(250) DEFAULT '',
  `reporttype` varchar(50) DEFAULT '',
  `queryid` int(19) NOT NULL DEFAULT '0',
  `state` varchar(50) DEFAULT 'SAVED',
  `customizable` int(1) DEFAULT '1',
  `category` int(11) DEFAULT '1',
  `owner` int(11) DEFAULT '1',
  `sharingtype` varchar(200) DEFAULT 'Private',
  PRIMARY KEY (`reportid`),
  KEY `report_queryid_idx` (`queryid`),
  KEY `report_folderid_idx` (`folderid`)
) ENGINE=InnoDB DEFAULT CHARSET=latin1;
/*!40101 SET character_set_client = @saved_cs_client */;

--
-- Dumping data for table `vtiger_report`
--

LOCK TABLES `vtiger_report` WRITE;
/*!40000 ALTER TABLE `vtiger_report` DISABLE KEYS */;
INSERT INTO `vtiger_report` VALUES (1,1,'Contacts by Accounts','Contacts related to Accounts','tabular',1,'CUSTOM',1,1,1,'Public'),(2,1,'Contacts without Accounts','Contacts not related to Accounts','tabular',2,'CUSTOM',1,1,1,'Public'),(3,1,'Contacts by Potentials','Contacts related to Potentials','tabular',3,'CUSTOM',1,1,1,'Public'),(4,2,'Lead by Source','Lead by Source','summary',4,'CUSTOM',1,1,1,'Public'),(5,2,'Lead Status Report','Lead Status Report','summary',5,'CUSTOM',1,1,1,'Public'),(6,3,'Potential Pipeline','Potential Pipeline','summary',6,'CUSTOM',1,1,1,'Public'),(7,3,'Closed Potentials','Potential that have Won','tabular',7,'CUSTOM',1,1,1,'Public'),(8,4,'Last Month Activities','Last Month Activities','tabular',8,'CUSTOM',1,1,1,'Public'),(9,4,'This Month Activities','This Month Activities','tabular',9,'CUSTOM',1,1,1,'Public'),(10,5,'Tickets by Products','Tickets related to Products','tabular',10,'CUSTOM',1,1,1,'Public'),(11,5,'Tickets by Priority','Tickets by Priority','summary',11,'CUSTOM',1,1,1,'Public'),(12,5,'Open Tickets','Tickets that are Open','tabular',12,'CUSTOM',1,1,1,'Public'),(13,6,'Product Details','Product Detailed Report','tabular',13,'CUSTOM',1,1,1,'Public'),(14,6,'Products by Contacts','Products related to Contacts','tabular',14,'CUSTOM',1,1,1,'Public'),(15,7,'Open Quotes','Quotes that are Open','tabular',15,'CUSTOM',1,1,1,'Public'),(16,7,'Quotes Detailed Report','Quotes Detailed Report','tabular',16,'CUSTOM',1,1,1,'Public'),(17,8,'PurchaseOrder by Contacts','PurchaseOrder related to Contacts','tabular',17,'CUSTOM',1,1,1,'Public'),(18,8,'PurchaseOrder Detailed Report','PurchaseOrder Detailed Report','tabular',18,'CUSTOM',1,1,1,'Public'),(19,9,'Invoice Detailed Report','Invoice Detailed Report','tabular',19,'CUSTOM',1,1,1,'Public'),(20,10,'SalesOrder Detailed Report','SalesOrder Detailed Report','tabular',20,'CUSTOM',1,1,1,'Public'),(21,11,'Campaign Expectations and Actuals','Campaign Expectations and Actuals','tabular',21,'CUSTOM',1,1,1,'Public'),(22,12,'Contacts Email Report','Emails sent to Contacts','tabular',22,'CUSTOM',1,1,1,'Public'),(23,12,'Accounts Email Report','Emails sent to Organizations','tabular',23,'CUSTOM',1,1,1,'Public'),(24,12,'Leads Email Report','Emails sent to Leads','tabular',24,'CUSTOM',1,1,1,'Public'),(25,12,'Vendors Email Report','Emails sent to Vendors','tabular',25,'CUSTOM',1,1,1,'Public');
/*!40000 ALTER TABLE `vtiger_report` ENABLE KEYS */;
UNLOCK TABLES;

--
-- Table structure for table `vtiger_reportdatefilter`
--

DROP TABLE IF EXISTS `vtiger_reportdatefilter`;
/*!40101 SET @saved_cs_client     = @@character_set_client */;
/*!40101 SET character_set_client = utf8 */;
CREATE TABLE `vtiger_reportdatefilter` (
  `datefilterid` int(19) NOT NULL,
  `datecolumnname` varchar(250) DEFAULT '',
  `datefilter` varchar(250) DEFAULT '',
  `startdate` date DEFAULT NULL,
  `enddate` date DEFAULT NULL,
  PRIMARY KEY (`datefilterid`),
  KEY `reportdatefilter_datefilterid_idx` (`datefilterid`)
) ENGINE=InnoDB DEFAULT CHARSET=latin1;
/*!40101 SET character_set_client = @saved_cs_client */;

--
-- Dumping data for table `vtiger_reportdatefilter`
--

LOCK TABLES `vtiger_reportdatefilter` WRITE;
/*!40000 ALTER TABLE `vtiger_reportdatefilter` DISABLE KEYS */;
INSERT INTO `vtiger_reportdatefilter` VALUES (8,'vtiger_crmentity:modifiedtime:modifiedtime:Calendar_Modified_Time','lastmonth','2005-05-01','2005-05-31'),(9,'vtiger_crmentity:modifiedtime:modifiedtime:Calendar_Modified_Time','thismonth','2005-06-01','2005-06-30');
/*!40000 ALTER TABLE `vtiger_reportdatefilter` ENABLE KEYS */;
UNLOCK TABLES;

--
-- Table structure for table `vtiger_reportfilters`
--

DROP TABLE IF EXISTS `vtiger_reportfilters`;
/*!40101 SET @saved_cs_client     = @@character_set_client */;
/*!40101 SET character_set_client = utf8 */;
CREATE TABLE `vtiger_reportfilters` (
  `filterid` int(19) NOT NULL,
  `name` varchar(200) NOT NULL
) ENGINE=InnoDB DEFAULT CHARSET=latin1;
/*!40101 SET character_set_client = @saved_cs_client */;

--
-- Dumping data for table `vtiger_reportfilters`
--

LOCK TABLES `vtiger_reportfilters` WRITE;
/*!40000 ALTER TABLE `vtiger_reportfilters` DISABLE KEYS */;
INSERT INTO `vtiger_reportfilters` VALUES (1,'Private'),(2,'Public'),(3,'Shared');
/*!40000 ALTER TABLE `vtiger_reportfilters` ENABLE KEYS */;
UNLOCK TABLES;

--
-- Table structure for table `vtiger_reportfolder`
--

DROP TABLE IF EXISTS `vtiger_reportfolder`;
/*!40101 SET @saved_cs_client     = @@character_set_client */;
/*!40101 SET character_set_client = utf8 */;
CREATE TABLE `vtiger_reportfolder` (
  `folderid` int(19) NOT NULL AUTO_INCREMENT,
  `foldername` varchar(100) NOT NULL DEFAULT '',
  `description` varchar(250) DEFAULT '',
  `state` varchar(50) DEFAULT 'SAVED',
  PRIMARY KEY (`folderid`)
) ENGINE=InnoDB AUTO_INCREMENT=13 DEFAULT CHARSET=latin1;
/*!40101 SET character_set_client = @saved_cs_client */;

--
-- Dumping data for table `vtiger_reportfolder`
--

LOCK TABLES `vtiger_reportfolder` WRITE;
/*!40000 ALTER TABLE `vtiger_reportfolder` DISABLE KEYS */;
INSERT INTO `vtiger_reportfolder` VALUES (1,'Account and Contact Reports','Account and Contact Reports','SAVED'),(2,'Lead Reports','Lead Reports','SAVED'),(3,'Potential Reports','Potential Reports','SAVED'),(4,'Activity Reports','Activity Reports','SAVED'),(5,'HelpDesk Reports','HelpDesk Reports','SAVED'),(6,'Product Reports','Product Reports','SAVED'),(7,'Quote Reports','Quote Reports','SAVED'),(8,'PurchaseOrder Reports','PurchaseOrder Reports','SAVED'),(9,'Invoice Reports','Invoice Reports','SAVED'),(10,'SalesOrder Reports','SalesOrder Reports','SAVED'),(11,'Campaign Reports','Campaign Reports','SAVED'),(12,'Email Reports','Email Reports','SAVED');
/*!40000 ALTER TABLE `vtiger_reportfolder` ENABLE KEYS */;
UNLOCK TABLES;

--
-- Table structure for table `vtiger_reportgroupbycolumn`
--

DROP TABLE IF EXISTS `vtiger_reportgroupbycolumn`;
/*!40101 SET @saved_cs_client     = @@character_set_client */;
/*!40101 SET character_set_client = utf8 */;
CREATE TABLE `vtiger_reportgroupbycolumn` (
  `reportid` int(19) DEFAULT NULL,
  `sortid` int(19) DEFAULT NULL,
  `sortcolname` varchar(250) DEFAULT NULL,
  `dategroupbycriteria` varchar(250) DEFAULT NULL
) ENGINE=InnoDB DEFAULT CHARSET=latin1;
/*!40101 SET character_set_client = @saved_cs_client */;

--
-- Dumping data for table `vtiger_reportgroupbycolumn`
--

LOCK TABLES `vtiger_reportgroupbycolumn` WRITE;
/*!40000 ALTER TABLE `vtiger_reportgroupbycolumn` DISABLE KEYS */;
/*!40000 ALTER TABLE `vtiger_reportgroupbycolumn` ENABLE KEYS */;
UNLOCK TABLES;

--
-- Table structure for table `vtiger_reportmodules`
--

DROP TABLE IF EXISTS `vtiger_reportmodules`;
/*!40101 SET @saved_cs_client     = @@character_set_client */;
/*!40101 SET character_set_client = utf8 */;
CREATE TABLE `vtiger_reportmodules` (
  `reportmodulesid` int(19) NOT NULL,
  `primarymodule` varchar(50) NOT NULL DEFAULT '',
  `secondarymodules` varchar(250) DEFAULT '',
  PRIMARY KEY (`reportmodulesid`)
) ENGINE=InnoDB DEFAULT CHARSET=latin1;
/*!40101 SET character_set_client = @saved_cs_client */;

--
-- Dumping data for table `vtiger_reportmodules`
--

LOCK TABLES `vtiger_reportmodules` WRITE;
/*!40000 ALTER TABLE `vtiger_reportmodules` DISABLE KEYS */;
INSERT INTO `vtiger_reportmodules` VALUES (1,'Contacts','Accounts'),(2,'Contacts','Accounts'),(3,'Contacts','Potentials'),(4,'Leads',''),(5,'Leads',''),(6,'Potentials',''),(7,'Potentials',''),(8,'Calendar',''),(9,'Calendar',''),(10,'HelpDesk','Products'),(11,'HelpDesk',''),(12,'HelpDesk',''),(13,'Products',''),(14,'Products','Contacts'),(15,'Quotes',''),(16,'Quotes',''),(17,'PurchaseOrder','Contacts'),(18,'PurchaseOrder',''),(19,'Invoice',''),(20,'SalesOrder',''),(21,'Campaigns',''),(22,'Contacts','Emails'),(23,'Accounts','Emails'),(24,'Leads','Emails'),(25,'Vendors','Emails');
/*!40000 ALTER TABLE `vtiger_reportmodules` ENABLE KEYS */;
UNLOCK TABLES;

--
-- Table structure for table `vtiger_reportsharing`
--

DROP TABLE IF EXISTS `vtiger_reportsharing`;
/*!40101 SET @saved_cs_client     = @@character_set_client */;
/*!40101 SET character_set_client = utf8 */;
CREATE TABLE `vtiger_reportsharing` (
  `reportid` int(19) NOT NULL,
  `shareid` int(19) NOT NULL,
  `setype` varchar(200) NOT NULL
) ENGINE=InnoDB DEFAULT CHARSET=latin1;
/*!40101 SET character_set_client = @saved_cs_client */;

--
-- Dumping data for table `vtiger_reportsharing`
--

LOCK TABLES `vtiger_reportsharing` WRITE;
/*!40000 ALTER TABLE `vtiger_reportsharing` DISABLE KEYS */;
/*!40000 ALTER TABLE `vtiger_reportsharing` ENABLE KEYS */;
UNLOCK TABLES;

--
-- Table structure for table `vtiger_reportsortcol`
--

DROP TABLE IF EXISTS `vtiger_reportsortcol`;
/*!40101 SET @saved_cs_client     = @@character_set_client */;
/*!40101 SET character_set_client = utf8 */;
CREATE TABLE `vtiger_reportsortcol` (
  `sortcolid` int(19) NOT NULL,
  `reportid` int(19) NOT NULL,
  `columnname` varchar(250) DEFAULT '',
  `sortorder` varchar(250) DEFAULT 'Asc',
  PRIMARY KEY (`sortcolid`,`reportid`)
) ENGINE=InnoDB DEFAULT CHARSET=latin1;
/*!40101 SET character_set_client = @saved_cs_client */;

--
-- Dumping data for table `vtiger_reportsortcol`
--

LOCK TABLES `vtiger_reportsortcol` WRITE;
/*!40000 ALTER TABLE `vtiger_reportsortcol` DISABLE KEYS */;
INSERT INTO `vtiger_reportsortcol` VALUES (1,4,'vtiger_leaddetails:leadsource:Leads_Lead_Source:leadsource:V','Ascending'),(1,5,'vtiger_leaddetails:leadstatus:Leads_Lead_Status:leadstatus:V','Ascending'),(1,6,'vtiger_potential:sales_stage:Potentials_Sales_Stage:sales_stage:V','Ascending'),(1,11,'vtiger_troubletickets:priority:HelpDesk_Priority:ticketpriorities:V','Ascending');
/*!40000 ALTER TABLE `vtiger_reportsortcol` ENABLE KEYS */;
UNLOCK TABLES;

--
-- Table structure for table `vtiger_reportsummary`
--

DROP TABLE IF EXISTS `vtiger_reportsummary`;
/*!40101 SET @saved_cs_client     = @@character_set_client */;
/*!40101 SET character_set_client = utf8 */;
CREATE TABLE `vtiger_reportsummary` (
  `reportsummaryid` int(19) NOT NULL,
  `summarytype` int(19) NOT NULL,
  `columnname` varchar(250) NOT NULL DEFAULT '',
  PRIMARY KEY (`reportsummaryid`,`summarytype`,`columnname`),
  KEY `reportsummary_reportsummaryid_idx` (`reportsummaryid`)
) ENGINE=InnoDB DEFAULT CHARSET=latin1;
/*!40101 SET character_set_client = @saved_cs_client */;

--
-- Dumping data for table `vtiger_reportsummary`
--

LOCK TABLES `vtiger_reportsummary` WRITE;
/*!40000 ALTER TABLE `vtiger_reportsummary` DISABLE KEYS */;
/*!40000 ALTER TABLE `vtiger_reportsummary` ENABLE KEYS */;
UNLOCK TABLES;

--
-- Table structure for table `vtiger_reporttype`
--

DROP TABLE IF EXISTS `vtiger_reporttype`;
/*!40101 SET @saved_cs_client     = @@character_set_client */;
/*!40101 SET character_set_client = utf8 */;
CREATE TABLE `vtiger_reporttype` (
  `reportid` int(10) NOT NULL,
  `data` text,
  PRIMARY KEY (`reportid`)
) ENGINE=InnoDB DEFAULT CHARSET=latin1;
/*!40101 SET character_set_client = @saved_cs_client */;

--
-- Dumping data for table `vtiger_reporttype`
--

LOCK TABLES `vtiger_reporttype` WRITE;
/*!40000 ALTER TABLE `vtiger_reporttype` DISABLE KEYS */;
/*!40000 ALTER TABLE `vtiger_reporttype` ENABLE KEYS */;
UNLOCK TABLES;

--
-- Table structure for table `vtiger_resubmission`
--

DROP TABLE IF EXISTS `vtiger_resubmission`;
/*!40101 SET @saved_cs_client     = @@character_set_client */;
/*!40101 SET character_set_client = utf8 */;
CREATE TABLE `vtiger_resubmission` (
  `resubmissionid` int(11) NOT NULL DEFAULT '0',
  `resubmission_no` varchar(32) DEFAULT NULL,
  `related_to` int(19) DEFAULT NULL,
  `date` date DEFAULT NULL,
  `resubmitted_date` date DEFAULT NULL,
  `reason` text,
  PRIMARY KEY (`resubmissionid`)
) ENGINE=InnoDB DEFAULT CHARSET=utf8;
/*!40101 SET character_set_client = @saved_cs_client */;

--
-- Dumping data for table `vtiger_resubmission`
--

LOCK TABLES `vtiger_resubmission` WRITE;
/*!40000 ALTER TABLE `vtiger_resubmission` DISABLE KEYS */;
INSERT INTO `vtiger_resubmission` VALUES (18,'RSUB1',10,'2017-03-05',NULL,'Test Re submission'),(19,'RSUB2',7,'2017-03-03','2017-03-05','This is the testing'),(20,'RSUB3',8,'2017-03-03',NULL,'wrong plan'),(21,'RSUB4',16,'2017-03-05',NULL,'Anothrer wrong'),(22,'RSUB5',17,'2017-03-05',NULL,'Surveyor plan is wrong. Draugsman rejects'),(26,'RSUB6',7,'2017-03-08',NULL,''),(27,'RSUB7',9,'2017-03-07','2017-03-07','correction'),(28,'RSUB8',25,'2017-03-08','2017-03-08','fdadsfsa'),(29,'RSUB9',25,'2017-03-08',NULL,'This is the resubmission'),(30,'RSUB10',8,'2017-03-09',NULL,'Resubmitted by Draughsman'),(31,'RSUB11',9,'2017-03-08',NULL,'Rebusmitted by engineer'),(32,'RSUB12',9,'2017-03-09',NULL,'Again by TO'),(33,'RSUB13',17,'2017-03-08',NULL,'That is the resubmission'),(84,'RSUB14',83,'2017-05-29',NULL,'wrong information of.....'),(86,'RSUB15',85,'2017-05-31','2017-05-31','sjdflkjas  ajdklfjasdl f jajslkdjfa'),(87,'RSUB16',85,'2017-05-31','2017-06-01',''),(90,'RSUB17',89,'2017-06-01','2017-06-09','Deed copy didn\'t submitted'),(91,'RSUB18',82,'2017-06-01','2017-06-15','Block plan issue'),(94,'RSUB19',93,'2018-06-05','2018-06-06','some reason');
/*!40000 ALTER TABLE `vtiger_resubmission` ENABLE KEYS */;
UNLOCK TABLES;

--
-- Table structure for table `vtiger_resubmissioncf`
--

DROP TABLE IF EXISTS `vtiger_resubmissioncf`;
/*!40101 SET @saved_cs_client     = @@character_set_client */;
/*!40101 SET character_set_client = utf8 */;
CREATE TABLE `vtiger_resubmissioncf` (
  `resubmissionid` int(11) NOT NULL,
  PRIMARY KEY (`resubmissionid`)
) ENGINE=InnoDB DEFAULT CHARSET=utf8;
/*!40101 SET character_set_client = @saved_cs_client */;

--
-- Dumping data for table `vtiger_resubmissioncf`
--

LOCK TABLES `vtiger_resubmissioncf` WRITE;
/*!40000 ALTER TABLE `vtiger_resubmissioncf` DISABLE KEYS */;
INSERT INTO `vtiger_resubmissioncf` VALUES (18),(19),(20),(21),(22),(26),(27),(28),(29),(30),(31),(32),(33),(84),(86),(87),(90),(91),(94);
/*!40000 ALTER TABLE `vtiger_resubmissioncf` ENABLE KEYS */;
UNLOCK TABLES;

--
-- Table structure for table `vtiger_role`
--

DROP TABLE IF EXISTS `vtiger_role`;
/*!40101 SET @saved_cs_client     = @@character_set_client */;
/*!40101 SET character_set_client = utf8 */;
CREATE TABLE `vtiger_role` (
  `roleid` varchar(255) NOT NULL,
  `rolename` varchar(200) DEFAULT NULL,
  `parentrole` varchar(255) DEFAULT NULL,
  `depth` int(19) DEFAULT NULL,
  `allowassignedrecordsto` int(2) NOT NULL DEFAULT '1',
  PRIMARY KEY (`roleid`)
) ENGINE=InnoDB DEFAULT CHARSET=latin1;
/*!40101 SET character_set_client = @saved_cs_client */;

--
-- Dumping data for table `vtiger_role`
--

LOCK TABLES `vtiger_role` WRITE;
/*!40000 ALTER TABLE `vtiger_role` DISABLE KEYS */;
INSERT INTO `vtiger_role` VALUES ('H1','Organization','H1',0,1),('H10','Commissioner','H1::H10',1,1),('H11','System Administrator','H1::H11',1,1),('H12','Technical Officer','H1::H10::H6::H12',3,1),('H15','Valuation Inspector','H1::H10::H13::H17::H15',4,1),('H6','Engineer-Planning','H1::H10::H6',2,1),('H7','Draughtsman','H1::H10::H6::H7',3,1),('H8','Committee Member','H1::H8',1,1),('H9','Management Assistant - Planning','H1::H10::H6::H9',3,1);
/*!40000 ALTER TABLE `vtiger_role` ENABLE KEYS */;
UNLOCK TABLES;

--
-- Table structure for table `vtiger_role2picklist`
--

DROP TABLE IF EXISTS `vtiger_role2picklist`;
/*!40101 SET @saved_cs_client     = @@character_set_client */;
/*!40101 SET character_set_client = utf8 */;
CREATE TABLE `vtiger_role2picklist` (
  `roleid` varchar(255) NOT NULL,
  `picklistvalueid` int(11) NOT NULL,
  `picklistid` int(11) NOT NULL,
  `sortid` int(11) DEFAULT NULL,
  PRIMARY KEY (`roleid`,`picklistvalueid`,`picklistid`),
  KEY `role2picklist_roleid_picklistid_idx` (`roleid`,`picklistid`,`picklistvalueid`)
) ENGINE=InnoDB DEFAULT CHARSET=latin1;
/*!40101 SET character_set_client = @saved_cs_client */;

--
-- Dumping data for table `vtiger_role2picklist`
--

LOCK TABLES `vtiger_role2picklist` WRITE;
/*!40000 ALTER TABLE `vtiger_role2picklist` DISABLE KEYS */;
INSERT INTO `vtiger_role2picklist` VALUES ('H1',1,1,0),('H1',2,1,1),('H1',3,1,2),('H1',4,1,3),('H1',5,1,4),('H1',6,1,5),('H1',7,1,6),('H1',8,1,7),('H1',9,1,8),('H1',10,1,9),('H1',11,1,10),('H1',12,2,0),('H1',13,2,1),('H1',14,3,0),('H1',15,3,1),('H1',16,3,2),('H1',17,3,3),('H1',18,3,4),('H1',19,3,5),('H1',20,4,0),('H1',21,4,1),('H1',22,4,2),('H1',23,4,3),('H1',24,4,4),('H1',25,4,5),('H1',26,4,6),('H1',27,4,7),('H1',28,4,8),('H1',29,4,9),('H1',30,4,10),('H1',31,4,11),('H1',32,4,12),('H1',33,5,0),('H1',34,5,1),('H1',35,5,2),('H1',36,5,3),('H1',37,5,4),('H1',38,6,0),('H1',39,6,1),('H1',40,6,2),('H1',41,7,0),('H1',42,7,1),('H1',43,7,2),('H1',44,7,3),('H1',45,7,4),('H1',46,8,0),('H1',47,9,0),('H1',48,9,1),('H1',49,9,2),('H1',50,9,3),('H1',51,10,0),('H1',52,10,1),('H1',53,10,2),('H1',54,10,3),('H1',55,10,4),('H1',56,10,5),('H1',57,10,6),('H1',58,10,7),('H1',59,10,8),('H1',60,11,0),('H1',61,11,1),('H1',62,11,2),('H1',63,11,3),('H1',64,11,4),('H1',65,11,5),('H1',66,11,6),('H1',67,11,7),('H1',68,11,8),('H1',69,11,9),('H1',70,11,10),('H1',71,11,11),('H1',72,11,12),('H1',73,11,13),('H1',74,11,14),('H1',75,11,15),('H1',76,11,16),('H1',77,11,17),('H1',78,11,18),('H1',79,11,19),('H1',80,11,20),('H1',81,11,21),('H1',82,11,22),('H1',83,11,23),('H1',84,11,24),('H1',85,11,25),('H1',86,11,26),('H1',87,11,27),('H1',88,11,28),('H1',89,11,29),('H1',90,11,30),('H1',91,11,31),('H1',92,12,0),('H1',93,12,1),('H1',94,12,2),('H1',95,12,3),('H1',96,12,4),('H1',97,12,5),('H1',98,13,0),('H1',99,13,1),('H1',100,13,2),('H1',101,13,3),('H1',102,13,4),('H1',103,13,5),('H1',104,13,6),('H1',105,13,7),('H1',106,13,8),('H1',107,13,9),('H1',108,13,10),('H1',109,13,11),('H1',110,13,12),('H1',111,14,0),('H1',112,14,1),('H1',113,14,2),('H1',114,14,3),('H1',115,14,4),('H1',116,14,5),('H1',117,14,6),('H1',118,14,7),('H1',119,14,8),('H1',120,14,9),('H1',121,14,10),('H1',122,14,11),('H1',123,15,0),('H1',124,15,1),('H1',125,15,2),('H1',126,15,3),('H1',127,16,0),('H1',128,16,1),('H1',129,16,2),('H1',130,17,0),('H1',131,17,1),('H1',132,17,2),('H1',133,17,3),('H1',134,17,4),('H1',135,18,0),('H1',136,18,1),('H1',137,18,2),('H1',138,18,3),('H1',139,19,0),('H1',140,19,1),('H1',141,19,2),('H1',142,19,3),('H1',143,19,4),('H1',144,20,0),('H1',145,20,1),('H1',146,20,2),('H1',147,20,3),('H1',148,20,4),('H1',149,20,5),('H1',150,21,0),('H1',151,21,1),('H1',152,21,2),('H1',153,21,3),('H1',154,21,4),('H1',155,21,5),('H1',156,21,6),('H1',157,21,7),('H1',158,21,8),('H1',159,21,9),('H1',160,22,0),('H1',161,22,1),('H1',162,22,2),('H1',163,22,3),('H1',164,22,4),('H1',165,22,5),('H1',166,23,0),('H1',167,23,1),('H1',168,23,2),('H1',169,23,3),('H1',170,24,0),('H1',171,24,1),('H1',172,24,2),('H1',173,25,0),('H1',174,25,1),('H1',175,25,2),('H1',176,25,3),('H1',177,25,4),('H1',178,25,5),('H1',179,26,0),('H1',180,26,1),('H1',181,26,2),('H1',182,27,0),('H1',183,27,1),('H1',184,27,2),('H1',185,27,3),('H1',186,28,0),('H1',187,28,1),('H1',188,28,2),('H1',189,28,3),('H1',190,29,0),('H1',191,29,1),('H1',192,29,2),('H1',193,29,3),('H1',194,30,0),('H1',195,30,1),('H1',196,30,2),('H1',197,30,3),('H1',198,30,4),('H1',199,30,5),('H1',200,30,6),('H1',201,30,7),('H1',202,30,8),('H1',203,30,9),('H1',204,30,10),('H1',205,30,11),('H1',206,30,12),('H1',207,30,13),('H1',208,30,14),('H1',209,30,15),('H1',210,31,1),('H1',211,31,2),('H1',212,31,3),('H1',213,32,1),('H1',214,32,2),('H1',215,32,3),('H1',216,32,4),('H1',217,32,5),('H1',218,32,6),('H1',219,33,1),('H1',220,33,2),('H1',221,33,3),('H1',222,33,4),('H1',223,34,1),('H1',224,34,2),('H1',225,34,3),('H1',226,34,4),('H1',227,34,5),('H1',228,34,6),('H1',229,35,1),('H1',230,35,2),('H1',231,35,3),('H1',232,36,1),('H1',233,36,2),('H1',234,36,3),('H1',235,37,1),('H1',236,37,2),('H1',237,37,3),('H1',238,37,4),('H1',239,38,1),('H1',240,38,2),('H1',241,38,3),('H1',242,38,4),('H1',243,39,1),('H1',244,39,2),('H1',245,39,3),('H1',246,39,4),('H1',247,40,1),('H1',248,40,2),('H1',249,40,3),('H1',250,40,4),('H1',251,40,5),('H1',252,40,6),('H1',253,40,7),('H1',254,40,8),('H1',255,40,9),('H1',256,40,10),('H1',257,40,11),('H1',258,41,1),('H1',259,41,2),('H1',260,41,3),('H1',261,41,4),('H1',262,41,5),('H1',263,41,6),('H1',264,41,7),('H1',265,41,8),('H1',266,41,9),('H1',267,42,1),('H1',268,42,2),('H1',269,42,3),('H1',270,42,4),('H1',271,43,1),('H1',272,43,2),('H1',273,43,3),('H1',274,43,4),('H1',275,44,1),('H1',276,44,2),('H1',277,44,3),('H1',278,44,4),('H1',279,44,5),('H1',280,44,6),('H1',281,44,7),('H1',282,44,8),('H1',283,44,9),('H1',284,44,10),('H1',285,44,11),('H1',286,45,1),('H1',287,45,2),('H1',288,12,1),('H1',289,46,1),('H1',290,46,2),('H1',291,46,3),('H1',292,46,4),('H1',293,46,5),('H1',294,46,6),('H1',295,2,1),('H1',296,47,1),('H1',297,47,2),('H1',298,47,3),('H1',299,48,1),('H1',300,48,2),('H1',303,49,1),('H1',304,49,2),('H1',305,49,3),('H1',306,49,4),('H1',307,49,5),('H1',308,49,6),('H1',309,49,7),('H1',310,49,8),('H1',311,49,9),('H1',312,49,10),('H1',313,49,11),('H1',314,49,12),('H1',315,53,1),('H1',316,53,2),('H1',317,53,3),('H1',318,53,4),('H1',319,53,5),('H1',320,53,6),('H1',321,53,7),('H1',322,53,8),('H1',323,53,9),('H1',324,53,10),('H1',325,53,11),('H1',326,53,12),('H1',327,54,1),('H1',329,56,1),('H1',330,57,1),('H1',334,58,1),('H1',335,58,2),('H1',336,58,3),('H1',337,58,4),('H1',338,58,5),('H1',339,58,6),('H1',340,58,7),('H1',341,58,8),('H1',342,58,9),('H1',343,58,10),('H1',344,58,11),('H1',345,58,12),('H1',346,59,1),('H1',347,60,1),('H1',348,61,1),('H1',349,61,2),('H1',350,61,3),('H1',351,61,4),('H1',352,61,5),('H1',353,61,6),('H1',354,61,7),('H1',355,61,8),('H1',356,61,9),('H1',357,61,10),('H1',358,61,11),('H1',359,61,12),('H1',361,62,1),('H1',363,63,1),('H1',364,63,2),('H1',365,63,3),('H1',366,63,4),('H1',367,63,1),('H1',368,63,2),('H1',369,63,3),('H1',370,63,4),('H1',371,63,1),('H1',372,63,2),('H1',373,63,3),('H1',374,63,4),('H1',375,64,1),('H1',376,64,2),('H1',377,65,1),('H1',378,65,2),('H1',379,65,3),('H1',380,65,4),('H1',381,65,5),('H1',382,65,6),('H1',383,66,1),('H1',391,67,1),('H1',392,68,1),('H1',393,68,2),('H1',394,69,1),('H1',395,69,2),('H1',396,70,1),('H1',404,71,1),('H1',405,72,1),('H1',413,73,1),('H1',414,74,1),('H1',415,74,2),('H1',420,73,1),('H1',421,75,1),('H1',422,75,2),('H1',423,75,3),('H1',424,76,1),('H1',425,76,2),('H1',426,77,1),('H1',427,77,2),('H1',428,77,3),('H1',429,77,4),('H1',430,78,1),('H1',471,64,1),('H1',472,64,2),('H1',473,65,1),('H1',474,65,2),('H1',475,65,3),('H1',476,65,4),('H1',477,65,5),('H1',478,65,6),('H1',479,66,1),('H1',480,66,2),('H1',481,66,3),('H1',482,66,4),('H1',483,66,5),('H1',484,66,6),('H1',485,66,7),('H1',486,66,8),('H1',487,66,9),('H1',488,66,10),('H1',489,66,11),('H1',490,66,12),('H1',491,66,13),('H1',492,67,1),('H10',1,1,0),('H10',2,1,1),('H10',3,1,2),('H10',4,1,3),('H10',5,1,4),('H10',6,1,5),('H10',7,1,6),('H10',8,1,7),('H10',9,1,8),('H10',10,1,9),('H10',11,1,10),('H10',12,2,0),('H10',13,2,1),('H10',14,3,0),('H10',15,3,1),('H10',16,3,2),('H10',17,3,3),('H10',18,3,4),('H10',19,3,5),('H10',20,4,0),('H10',21,4,1),('H10',22,4,2),('H10',23,4,3),('H10',24,4,4),('H10',25,4,5),('H10',26,4,6),('H10',27,4,7),('H10',28,4,8),('H10',29,4,9),('H10',30,4,10),('H10',31,4,11),('H10',32,4,12),('H10',33,5,0),('H10',34,5,1),('H10',35,5,2),('H10',36,5,3),('H10',37,5,4),('H10',38,6,0),('H10',39,6,1),('H10',40,6,2),('H10',41,7,0),('H10',42,7,1),('H10',43,7,2),('H10',44,7,3),('H10',45,7,4),('H10',46,8,0),('H10',47,9,0),('H10',48,9,1),('H10',49,9,2),('H10',50,9,3),('H10',51,10,0),('H10',52,10,1),('H10',53,10,2),('H10',54,10,3),('H10',55,10,4),('H10',56,10,5),('H10',57,10,6),('H10',58,10,7),('H10',59,10,8),('H10',60,11,0),('H10',61,11,1),('H10',62,11,2),('H10',63,11,3),('H10',64,11,4),('H10',65,11,5),('H10',66,11,6),('H10',67,11,7),('H10',68,11,8),('H10',69,11,9),('H10',70,11,10),('H10',71,11,11),('H10',72,11,12),('H10',73,11,13),('H10',74,11,14),('H10',75,11,15),('H10',76,11,16),('H10',77,11,17),('H10',78,11,18),('H10',79,11,19),('H10',80,11,20),('H10',81,11,21),('H10',82,11,22),('H10',83,11,23),('H10',84,11,24),('H10',85,11,25),('H10',86,11,26),('H10',87,11,27),('H10',88,11,28),('H10',89,11,29),('H10',90,11,30),('H10',91,11,31),('H10',92,12,0),('H10',93,12,1),('H10',94,12,2),('H10',95,12,3),('H10',96,12,4),('H10',97,12,5),('H10',98,13,0),('H10',99,13,1),('H10',100,13,2),('H10',101,13,3),('H10',102,13,4),('H10',103,13,5),('H10',104,13,6),('H10',105,13,7),('H10',106,13,8),('H10',107,13,9),('H10',108,13,10),('H10',109,13,11),('H10',110,13,12),('H10',111,14,0),('H10',112,14,1),('H10',113,14,2),('H10',114,14,3),('H10',115,14,4),('H10',116,14,5),('H10',117,14,6),('H10',118,14,7),('H10',119,14,8),('H10',120,14,9),('H10',121,14,10),('H10',122,14,11),('H10',123,15,0),('H10',124,15,1),('H10',125,15,2),('H10',126,15,3),('H10',127,16,0),('H10',128,16,1),('H10',129,16,2),('H10',130,17,0),('H10',131,17,1),('H10',132,17,2),('H10',133,17,3),('H10',134,17,4),('H10',135,18,0),('H10',136,18,1),('H10',137,18,2),('H10',138,18,3),('H10',139,19,0),('H10',140,19,1),('H10',141,19,2),('H10',142,19,3),('H10',143,19,4),('H10',144,20,0),('H10',145,20,1),('H10',146,20,2),('H10',147,20,3),('H10',148,20,4),('H10',149,20,5),('H10',150,21,0),('H10',151,21,1),('H10',152,21,2),('H10',153,21,3),('H10',154,21,4),('H10',155,21,5),('H10',156,21,6),('H10',157,21,7),('H10',158,21,8),('H10',159,21,9),('H10',160,22,0),('H10',161,22,1),('H10',162,22,2),('H10',163,22,3),('H10',164,22,4),('H10',165,22,5),('H10',166,23,0),('H10',167,23,1),('H10',168,23,2),('H10',169,23,3),('H10',170,24,0),('H10',171,24,1),('H10',172,24,2),('H10',173,25,0),('H10',174,25,1),('H10',175,25,2),('H10',176,25,3),('H10',177,25,4),('H10',178,25,5),('H10',179,26,0),('H10',180,26,1),('H10',181,26,2),('H10',182,27,0),('H10',183,27,1),('H10',184,27,2),('H10',185,27,3),('H10',186,28,0),('H10',187,28,1),('H10',188,28,2),('H10',189,28,3),('H10',190,29,0),('H10',191,29,1),('H10',192,29,2),('H10',193,29,3),('H10',194,30,0),('H10',195,30,1),('H10',196,30,2),('H10',197,30,3),('H10',198,30,4),('H10',199,30,5),('H10',200,30,6),('H10',201,30,7),('H10',202,30,8),('H10',203,30,9),('H10',204,30,10),('H10',205,30,11),('H10',206,30,12),('H10',207,30,13),('H10',208,30,14),('H10',209,30,15),('H10',210,31,1),('H10',211,31,2),('H10',212,31,3),('H10',213,32,1),('H10',214,32,2),('H10',215,32,3),('H10',216,32,4),('H10',217,32,5),('H10',218,32,6),('H10',219,33,1),('H10',220,33,2),('H10',221,33,3),('H10',222,33,4),('H10',223,34,1),('H10',224,34,2),('H10',225,34,3),('H10',226,34,4),('H10',227,34,5),('H10',228,34,6),('H10',229,35,1),('H10',230,35,2),('H10',231,35,3),('H10',232,36,1),('H10',233,36,2),('H10',234,36,3),('H10',235,37,1),('H10',236,37,2),('H10',237,37,3),('H10',238,37,4),('H10',239,38,1),('H10',240,38,2),('H10',241,38,3),('H10',242,38,4),('H10',243,39,1),('H10',244,39,2),('H10',245,39,3),('H10',246,39,4),('H10',247,40,1),('H10',248,40,2),('H10',249,40,3),('H10',250,40,4),('H10',251,40,5),('H10',252,40,6),('H10',253,40,7),('H10',254,40,8),('H10',255,40,9),('H10',256,40,10),('H10',257,40,11),('H10',258,41,1),('H10',259,41,2),('H10',260,41,3),('H10',261,41,4),('H10',262,41,5),('H10',263,41,6),('H10',264,41,7),('H10',265,41,8),('H10',266,41,9),('H10',267,42,1),('H10',268,42,2),('H10',269,42,3),('H10',270,42,4),('H10',271,43,1),('H10',272,43,2),('H10',273,43,3),('H10',274,43,4),('H10',275,44,1),('H10',276,44,2),('H10',277,44,3),('H10',278,44,4),('H10',279,44,5),('H10',280,44,6),('H10',281,44,7),('H10',282,44,8),('H10',283,44,9),('H10',284,44,10),('H10',285,44,11),('H10',286,45,1),('H10',287,45,2),('H10',288,12,1),('H10',289,46,1),('H10',290,46,2),('H10',291,46,3),('H10',292,46,4),('H10',293,46,5),('H10',294,46,6),('H10',295,2,1),('H10',296,47,1),('H10',297,47,2),('H10',298,47,3),('H10',299,48,1),('H10',300,48,2),('H10',303,49,1),('H10',304,49,2),('H10',305,49,3),('H10',306,49,4),('H10',307,49,5),('H10',308,49,6),('H10',309,49,7),('H10',310,49,8),('H10',311,49,9),('H10',312,49,10),('H10',313,49,11),('H10',314,49,12),('H10',315,53,1),('H10',316,53,2),('H10',317,53,3),('H10',318,53,4),('H10',319,53,5),('H10',320,53,6),('H10',321,53,7),('H10',322,53,8),('H10',323,53,9),('H10',324,53,10),('H10',325,53,11),('H10',326,53,12),('H10',327,54,1),('H10',329,56,1),('H10',330,57,1),('H10',331,50,NULL),('H10',332,51,NULL),('H10',333,52,NULL),('H10',334,58,1),('H10',335,58,2),('H10',336,58,3),('H10',337,58,4),('H10',338,58,5),('H10',339,58,6),('H10',340,58,7),('H10',341,58,8),('H10',342,58,9),('H10',343,58,10),('H10',344,58,11),('H10',345,58,12),('H10',346,59,1),('H10',347,60,1),('H10',348,61,1),('H10',349,61,2),('H10',350,61,3),('H10',351,61,4),('H10',352,61,5),('H10',353,61,6),('H10',354,61,7),('H10',355,61,8),('H10',356,61,9),('H10',357,61,10),('H10',358,61,11),('H10',359,61,12),('H10',361,62,1),('H10',362,55,2),('H10',363,63,1),('H10',364,63,2),('H10',365,63,3),('H10',366,63,4),('H10',367,63,1),('H10',368,63,2),('H10',369,63,3),('H10',370,63,4),('H10',371,63,1),('H10',372,63,2),('H10',373,63,3),('H10',374,63,4),('H10',375,64,1),('H10',376,64,2),('H10',377,65,1),('H10',378,65,2),('H10',379,65,3),('H10',380,65,4),('H10',381,65,5),('H10',382,65,6),('H10',383,66,1),('H10',391,67,1),('H10',392,68,1),('H10',393,68,2),('H10',394,69,1),('H10',395,69,2),('H10',396,70,1),('H10',404,71,1),('H10',405,72,1),('H10',413,73,1),('H10',414,74,1),('H10',415,74,2),('H10',420,73,1),('H10',421,75,1),('H10',422,75,2),('H10',423,75,3),('H10',424,76,1),('H10',425,76,2),('H10',426,77,1),('H10',427,77,2),('H10',428,77,3),('H10',429,77,4),('H10',430,78,1),('H10',431,67,2),('H10',432,73,2),('H10',433,78,2),('H10',434,71,2),('H10',438,66,2),('H10',442,66,3),('H10',446,66,NULL),('H10',456,70,2),('H10',457,70,3),('H10',458,70,4),('H10',462,72,2),('H10',466,72,6),('H10',470,72,10),('H10',471,64,1),('H10',472,64,2),('H10',473,65,1),('H10',474,65,2),('H10',475,65,3),('H10',476,65,4),('H10',477,65,5),('H10',478,65,6),('H10',483,66,5),('H10',487,66,9),('H10',491,66,13),('H10',492,67,1),('H10',516,64,4),('H10',517,64,5),('H10',518,65,7),('H10',519,65,8),('H10',520,65,9),('H10',521,65,10),('H10',522,65,11),('H10',523,65,12),('H10',536,66,17),('H10',543,66,21),('H10',546,66,24),('H10',547,66,25),('H11',1,1,0),('H11',2,1,1),('H11',3,1,2),('H11',4,1,3),('H11',5,1,4),('H11',6,1,5),('H11',7,1,6),('H11',8,1,7),('H11',9,1,8),('H11',10,1,9),('H11',11,1,10),('H11',12,2,0),('H11',13,2,1),('H11',14,3,0),('H11',15,3,1),('H11',16,3,2),('H11',17,3,3),('H11',18,3,4),('H11',19,3,5),('H11',20,4,0),('H11',21,4,1),('H11',22,4,2),('H11',23,4,3),('H11',24,4,4),('H11',25,4,5),('H11',26,4,6),('H11',27,4,7),('H11',28,4,8),('H11',29,4,9),('H11',30,4,10),('H11',31,4,11),('H11',32,4,12),('H11',33,5,0),('H11',34,5,1),('H11',35,5,2),('H11',36,5,3),('H11',37,5,4),('H11',38,6,0),('H11',39,6,1),('H11',40,6,2),('H11',41,7,0),('H11',42,7,1),('H11',43,7,2),('H11',44,7,3),('H11',45,7,4),('H11',46,8,0),('H11',47,9,0),('H11',48,9,1),('H11',49,9,2),('H11',50,9,3),('H11',51,10,0),('H11',52,10,1),('H11',53,10,2),('H11',54,10,3),('H11',55,10,4),('H11',56,10,5),('H11',57,10,6),('H11',58,10,7),('H11',59,10,8),('H11',60,11,0),('H11',61,11,1),('H11',62,11,2),('H11',63,11,3),('H11',64,11,4),('H11',65,11,5),('H11',66,11,6),('H11',67,11,7),('H11',68,11,8),('H11',69,11,9),('H11',70,11,10),('H11',71,11,11),('H11',72,11,12),('H11',73,11,13),('H11',74,11,14),('H11',75,11,15),('H11',76,11,16),('H11',77,11,17),('H11',78,11,18),('H11',79,11,19),('H11',80,11,20),('H11',81,11,21),('H11',82,11,22),('H11',83,11,23),('H11',84,11,24),('H11',85,11,25),('H11',86,11,26),('H11',87,11,27),('H11',88,11,28),('H11',89,11,29),('H11',90,11,30),('H11',91,11,31),('H11',92,12,0),('H11',93,12,1),('H11',94,12,2),('H11',95,12,3),('H11',96,12,4),('H11',97,12,5),('H11',98,13,0),('H11',99,13,1),('H11',100,13,2),('H11',101,13,3),('H11',102,13,4),('H11',103,13,5),('H11',104,13,6),('H11',105,13,7),('H11',106,13,8),('H11',107,13,9),('H11',108,13,10),('H11',109,13,11),('H11',110,13,12),('H11',111,14,0),('H11',112,14,1),('H11',113,14,2),('H11',114,14,3),('H11',115,14,4),('H11',116,14,5),('H11',117,14,6),('H11',118,14,7),('H11',119,14,8),('H11',120,14,9),('H11',121,14,10),('H11',122,14,11),('H11',123,15,0),('H11',124,15,1),('H11',125,15,2),('H11',126,15,3),('H11',127,16,0),('H11',128,16,1),('H11',129,16,2),('H11',130,17,0),('H11',131,17,1),('H11',132,17,2),('H11',133,17,3),('H11',134,17,4),('H11',135,18,0),('H11',136,18,1),('H11',137,18,2),('H11',138,18,3),('H11',139,19,0),('H11',140,19,1),('H11',141,19,2),('H11',142,19,3),('H11',143,19,4),('H11',144,20,0),('H11',145,20,1),('H11',146,20,2),('H11',147,20,3),('H11',148,20,4),('H11',149,20,5),('H11',150,21,0),('H11',151,21,1),('H11',152,21,2),('H11',153,21,3),('H11',154,21,4),('H11',155,21,5),('H11',156,21,6),('H11',157,21,7),('H11',158,21,8),('H11',159,21,9),('H11',160,22,0),('H11',161,22,1),('H11',162,22,2),('H11',163,22,3),('H11',164,22,4),('H11',165,22,5),('H11',166,23,0),('H11',167,23,1),('H11',168,23,2),('H11',169,23,3),('H11',170,24,0),('H11',171,24,1),('H11',172,24,2),('H11',173,25,0),('H11',174,25,1),('H11',175,25,2),('H11',176,25,3),('H11',177,25,4),('H11',178,25,5),('H11',179,26,0),('H11',180,26,1),('H11',181,26,2),('H11',182,27,0),('H11',183,27,1),('H11',184,27,2),('H11',185,27,3),('H11',186,28,0),('H11',187,28,1),('H11',188,28,2),('H11',189,28,3),('H11',190,29,0),('H11',191,29,1),('H11',192,29,2),('H11',193,29,3),('H11',194,30,0),('H11',195,30,1),('H11',196,30,2),('H11',197,30,3),('H11',198,30,4),('H11',199,30,5),('H11',200,30,6),('H11',201,30,7),('H11',202,30,8),('H11',203,30,9),('H11',204,30,10),('H11',205,30,11),('H11',206,30,12),('H11',207,30,13),('H11',208,30,14),('H11',209,30,15),('H11',210,31,1),('H11',211,31,2),('H11',212,31,3),('H11',213,32,1),('H11',214,32,2),('H11',215,32,3),('H11',216,32,4),('H11',217,32,5),('H11',218,32,6),('H11',219,33,1),('H11',220,33,2),('H11',221,33,3),('H11',222,33,4),('H11',223,34,1),('H11',224,34,2),('H11',225,34,3),('H11',226,34,4),('H11',227,34,5),('H11',228,34,6),('H11',229,35,1),('H11',230,35,2),('H11',231,35,3),('H11',232,36,1),('H11',233,36,2),('H11',234,36,3),('H11',235,37,1),('H11',236,37,2),('H11',237,37,3),('H11',238,37,4),('H11',239,38,1),('H11',240,38,2),('H11',241,38,3),('H11',242,38,4),('H11',243,39,1),('H11',244,39,2),('H11',245,39,3),('H11',246,39,4),('H11',247,40,1),('H11',248,40,2),('H11',249,40,3),('H11',250,40,4),('H11',251,40,5),('H11',252,40,6),('H11',253,40,7),('H11',254,40,8),('H11',255,40,9),('H11',256,40,10),('H11',257,40,11),('H11',258,41,1),('H11',259,41,2),('H11',260,41,3),('H11',261,41,4),('H11',262,41,5),('H11',263,41,6),('H11',264,41,7),('H11',265,41,8),('H11',266,41,9),('H11',267,42,1),('H11',268,42,2),('H11',269,42,3),('H11',270,42,4),('H11',271,43,1),('H11',272,43,2),('H11',273,43,3),('H11',274,43,4),('H11',275,44,1),('H11',276,44,2),('H11',277,44,3),('H11',278,44,4),('H11',279,44,5),('H11',280,44,6),('H11',281,44,7),('H11',282,44,8),('H11',283,44,9),('H11',284,44,10),('H11',285,44,11),('H11',286,45,1),('H11',287,45,2),('H11',288,12,1),('H11',289,46,1),('H11',290,46,2),('H11',291,46,3),('H11',292,46,4),('H11',293,46,5),('H11',294,46,6),('H11',295,2,1),('H11',296,47,1),('H11',297,47,2),('H11',298,47,3),('H11',299,48,1),('H11',300,48,2),('H11',303,49,1),('H11',304,49,2),('H11',305,49,3),('H11',306,49,4),('H11',307,49,5),('H11',308,49,6),('H11',309,49,7),('H11',310,49,8),('H11',311,49,9),('H11',312,49,10),('H11',313,49,11),('H11',314,49,12),('H11',315,53,1),('H11',316,53,2),('H11',317,53,3),('H11',318,53,4),('H11',319,53,5),('H11',320,53,6),('H11',321,53,7),('H11',322,53,8),('H11',323,53,9),('H11',324,53,10),('H11',325,53,11),('H11',326,53,12),('H11',327,54,1),('H11',329,56,1),('H11',330,57,1),('H11',331,50,NULL),('H11',332,51,NULL),('H11',333,52,NULL),('H11',334,58,1),('H11',335,58,2),('H11',336,58,3),('H11',337,58,4),('H11',338,58,5),('H11',339,58,6),('H11',340,58,7),('H11',341,58,8),('H11',342,58,9),('H11',343,58,10),('H11',344,58,11),('H11',345,58,12),('H11',346,59,1),('H11',347,60,1),('H11',348,61,1),('H11',349,61,2),('H11',350,61,3),('H11',351,61,4),('H11',352,61,5),('H11',353,61,6),('H11',354,61,7),('H11',355,61,8),('H11',356,61,9),('H11',357,61,10),('H11',358,61,11),('H11',359,61,12),('H11',361,62,1),('H11',362,55,2),('H11',363,63,1),('H11',364,63,2),('H11',365,63,3),('H11',366,63,4),('H11',367,63,1),('H11',368,63,2),('H11',369,63,3),('H11',370,63,4),('H11',371,63,1),('H11',372,63,2),('H11',373,63,3),('H11',374,63,4),('H11',375,64,1),('H11',376,64,2),('H11',377,65,1),('H11',378,65,2),('H11',379,65,3),('H11',380,65,4),('H11',381,65,5),('H11',382,65,6),('H11',383,66,1),('H11',391,67,1),('H11',392,68,1),('H11',393,68,2),('H11',394,69,1),('H11',395,69,2),('H11',396,70,1),('H11',404,71,1),('H11',405,72,1),('H11',413,73,1),('H11',414,74,1),('H11',415,74,2),('H11',420,73,1),('H11',421,75,1),('H11',422,75,2),('H11',423,75,3),('H11',424,76,1),('H11',425,76,2),('H11',426,77,1),('H11',427,77,2),('H11',428,77,3),('H11',429,77,4),('H11',430,78,1),('H11',431,67,2),('H11',432,73,2),('H11',433,78,2),('H11',434,71,2),('H11',463,72,2),('H11',464,72,3),('H11',465,72,4),('H11',466,72,5),('H11',467,72,6),('H11',468,72,7),('H11',469,72,8),('H11',470,72,9),('H11',471,64,1),('H11',472,64,2),('H11',473,65,1),('H11',474,65,2),('H11',475,65,3),('H11',476,65,4),('H11',477,65,5),('H11',478,65,6),('H11',479,66,1),('H11',480,66,2),('H11',481,66,3),('H11',482,66,4),('H11',483,66,5),('H11',484,66,6),('H11',485,66,7),('H11',486,66,8),('H11',487,66,9),('H11',488,66,10),('H11',489,66,11),('H11',490,66,12),('H11',491,66,13),('H11',492,67,1),('H11',516,64,4),('H11',517,64,5),('H11',518,65,7),('H11',519,65,8),('H11',520,65,9),('H11',521,65,10),('H11',522,65,11),('H11',523,65,12),('H11',536,66,14),('H11',537,66,NULL),('H11',538,66,NULL),('H11',539,66,NULL),('H11',540,66,15),('H11',541,66,16),('H11',542,66,17),('H11',543,66,18),('H11',544,66,19),('H11',545,66,20),('H11',546,66,21),('H11',547,66,22),('H11',548,66,23),('H12',1,1,0),('H12',2,1,1),('H12',3,1,2),('H12',4,1,3),('H12',5,1,4),('H12',6,1,5),('H12',7,1,6),('H12',8,1,7),('H12',9,1,8),('H12',10,1,9),('H12',11,1,10),('H12',12,2,0),('H12',13,2,1),('H12',14,3,0),('H12',15,3,1),('H12',16,3,2),('H12',17,3,3),('H12',18,3,4),('H12',19,3,5),('H12',20,4,0),('H12',21,4,1),('H12',22,4,2),('H12',23,4,3),('H12',24,4,4),('H12',25,4,5),('H12',26,4,6),('H12',27,4,7),('H12',28,4,8),('H12',29,4,9),('H12',30,4,10),('H12',31,4,11),('H12',32,4,12),('H12',33,5,0),('H12',34,5,1),('H12',35,5,2),('H12',36,5,3),('H12',37,5,4),('H12',38,6,0),('H12',39,6,1),('H12',40,6,2),('H12',41,7,0),('H12',42,7,1),('H12',43,7,2),('H12',44,7,3),('H12',45,7,4),('H12',46,8,0),('H12',47,9,0),('H12',48,9,1),('H12',49,9,2),('H12',50,9,3),('H12',51,10,0),('H12',52,10,1),('H12',53,10,2),('H12',54,10,3),('H12',55,10,4),('H12',56,10,5),('H12',57,10,6),('H12',58,10,7),('H12',59,10,8),('H12',60,11,0),('H12',61,11,1),('H12',62,11,2),('H12',63,11,3),('H12',64,11,4),('H12',65,11,5),('H12',66,11,6),('H12',67,11,7),('H12',68,11,8),('H12',69,11,9),('H12',70,11,10),('H12',71,11,11),('H12',72,11,12),('H12',73,11,13),('H12',74,11,14),('H12',75,11,15),('H12',76,11,16),('H12',77,11,17),('H12',78,11,18),('H12',79,11,19),('H12',80,11,20),('H12',81,11,21),('H12',82,11,22),('H12',83,11,23),('H12',84,11,24),('H12',85,11,25),('H12',86,11,26),('H12',87,11,27),('H12',88,11,28),('H12',89,11,29),('H12',90,11,30),('H12',91,11,31),('H12',92,12,0),('H12',93,12,1),('H12',94,12,2),('H12',95,12,3),('H12',96,12,4),('H12',97,12,5),('H12',98,13,0),('H12',99,13,1),('H12',100,13,2),('H12',101,13,3),('H12',102,13,4),('H12',103,13,5),('H12',104,13,6),('H12',105,13,7),('H12',106,13,8),('H12',107,13,9),('H12',108,13,10),('H12',109,13,11),('H12',110,13,12),('H12',111,14,0),('H12',112,14,1),('H12',113,14,2),('H12',114,14,3),('H12',115,14,4),('H12',116,14,5),('H12',117,14,6),('H12',118,14,7),('H12',119,14,8),('H12',120,14,9),('H12',121,14,10),('H12',122,14,11),('H12',123,15,0),('H12',124,15,1),('H12',125,15,2),('H12',126,15,3),('H12',127,16,0),('H12',128,16,1),('H12',129,16,2),('H12',130,17,0),('H12',131,17,1),('H12',132,17,2),('H12',133,17,3),('H12',134,17,4),('H12',135,18,0),('H12',136,18,1),('H12',137,18,2),('H12',138,18,3),('H12',139,19,0),('H12',140,19,1),('H12',141,19,2),('H12',142,19,3),('H12',143,19,4),('H12',144,20,0),('H12',145,20,1),('H12',146,20,2),('H12',147,20,3),('H12',148,20,4),('H12',149,20,5),('H12',150,21,0),('H12',151,21,1),('H12',152,21,2),('H12',153,21,3),('H12',154,21,4),('H12',155,21,5),('H12',156,21,6),('H12',157,21,7),('H12',158,21,8),('H12',159,21,9),('H12',160,22,0),('H12',161,22,1),('H12',162,22,2),('H12',163,22,3),('H12',164,22,4),('H12',165,22,5),('H12',166,23,0),('H12',167,23,1),('H12',168,23,2),('H12',169,23,3),('H12',170,24,0),('H12',171,24,1),('H12',172,24,2),('H12',173,25,0),('H12',174,25,1),('H12',175,25,2),('H12',176,25,3),('H12',177,25,4),('H12',178,25,5),('H12',179,26,0),('H12',180,26,1),('H12',181,26,2),('H12',182,27,0),('H12',183,27,1),('H12',184,27,2),('H12',185,27,3),('H12',186,28,0),('H12',187,28,1),('H12',188,28,2),('H12',189,28,3),('H12',190,29,0),('H12',191,29,1),('H12',192,29,2),('H12',193,29,3),('H12',194,30,0),('H12',195,30,1),('H12',196,30,2),('H12',197,30,3),('H12',198,30,4),('H12',199,30,5),('H12',200,30,6),('H12',201,30,7),('H12',202,30,8),('H12',203,30,9),('H12',204,30,10),('H12',205,30,11),('H12',206,30,12),('H12',207,30,13),('H12',208,30,14),('H12',209,30,15),('H12',210,31,1),('H12',211,31,2),('H12',212,31,3),('H12',213,32,1),('H12',214,32,2),('H12',215,32,3),('H12',216,32,4),('H12',217,32,5),('H12',218,32,6),('H12',219,33,1),('H12',220,33,2),('H12',221,33,3),('H12',222,33,4),('H12',223,34,1),('H12',224,34,2),('H12',225,34,3),('H12',226,34,4),('H12',227,34,5),('H12',228,34,6),('H12',229,35,1),('H12',230,35,2),('H12',231,35,3),('H12',232,36,1),('H12',233,36,2),('H12',234,36,3),('H12',235,37,1),('H12',236,37,2),('H12',237,37,3),('H12',238,37,4),('H12',239,38,1),('H12',240,38,2),('H12',241,38,3),('H12',242,38,4),('H12',243,39,1),('H12',244,39,2),('H12',245,39,3),('H12',246,39,4),('H12',247,40,1),('H12',248,40,2),('H12',249,40,3),('H12',250,40,4),('H12',251,40,5),('H12',252,40,6),('H12',253,40,7),('H12',254,40,8),('H12',255,40,9),('H12',256,40,10),('H12',257,40,11),('H12',258,41,1),('H12',259,41,2),('H12',260,41,3),('H12',261,41,4),('H12',262,41,5),('H12',263,41,6),('H12',264,41,7),('H12',265,41,8),('H12',266,41,9),('H12',267,42,1),('H12',268,42,2),('H12',269,42,3),('H12',270,42,4),('H12',271,43,1),('H12',272,43,2),('H12',273,43,3),('H12',274,43,4),('H12',275,44,1),('H12',276,44,2),('H12',277,44,3),('H12',278,44,4),('H12',279,44,5),('H12',280,44,6),('H12',281,44,7),('H12',282,44,8),('H12',283,44,9),('H12',284,44,10),('H12',285,44,11),('H12',286,45,1),('H12',287,45,2),('H12',288,12,1),('H12',289,46,1),('H12',290,46,2),('H12',291,46,3),('H12',292,46,4),('H12',293,46,5),('H12',294,46,6),('H12',295,2,1),('H12',296,47,1),('H12',297,47,2),('H12',298,47,3),('H12',299,48,1),('H12',300,48,2),('H12',303,49,1),('H12',304,49,2),('H12',305,49,3),('H12',306,49,4),('H12',307,49,5),('H12',308,49,6),('H12',309,49,7),('H12',310,49,8),('H12',311,49,9),('H12',312,49,10),('H12',313,49,11),('H12',314,49,12),('H12',315,53,1),('H12',316,53,2),('H12',317,53,3),('H12',318,53,4),('H12',319,53,5),('H12',320,53,6),('H12',321,53,7),('H12',322,53,8),('H12',323,53,9),('H12',324,53,10),('H12',325,53,11),('H12',326,53,12),('H12',327,54,1),('H12',329,56,1),('H12',330,57,1),('H12',331,50,NULL),('H12',332,51,NULL),('H12',333,52,NULL),('H12',334,58,1),('H12',335,58,2),('H12',336,58,3),('H12',337,58,4),('H12',338,58,5),('H12',339,58,6),('H12',340,58,7),('H12',341,58,8),('H12',342,58,9),('H12',343,58,10),('H12',344,58,11),('H12',345,58,12),('H12',346,59,1),('H12',347,60,1),('H12',348,61,1),('H12',349,61,2),('H12',350,61,3),('H12',351,61,4),('H12',352,61,5),('H12',353,61,6),('H12',354,61,7),('H12',355,61,8),('H12',356,61,9),('H12',357,61,10),('H12',358,61,11),('H12',359,61,12),('H12',361,62,1),('H12',362,55,2),('H12',363,63,1),('H12',364,63,2),('H12',365,63,3),('H12',366,63,4),('H12',367,63,1),('H12',368,63,2),('H12',369,63,3),('H12',370,63,4),('H12',371,63,1),('H12',372,63,2),('H12',373,63,3),('H12',374,63,4),('H12',375,64,1),('H12',376,64,2),('H12',377,65,1),('H12',378,65,2),('H12',379,65,3),('H12',380,65,4),('H12',381,65,5),('H12',382,65,6),('H12',383,66,1),('H12',391,67,1),('H12',392,68,1),('H12',393,68,2),('H12',394,69,1),('H12',395,69,2),('H12',396,70,1),('H12',404,71,1),('H12',405,72,1),('H12',413,73,1),('H12',414,74,1),('H12',415,74,2),('H12',420,73,1),('H12',421,75,1),('H12',422,75,2),('H12',423,75,3),('H12',424,76,1),('H12',425,76,2),('H12',426,77,1),('H12',427,77,2),('H12',428,77,3),('H12',429,77,4),('H12',430,78,1),('H12',431,67,2),('H12',432,73,2),('H12',433,78,2),('H12',434,71,2),('H12',463,72,2),('H12',464,72,3),('H12',465,72,4),('H12',466,72,5),('H12',467,72,6),('H12',468,72,7),('H12',469,72,8),('H12',470,72,9),('H12',471,64,1),('H12',472,64,2),('H12',473,65,1),('H12',474,65,2),('H12',475,65,3),('H12',476,65,4),('H12',477,65,5),('H12',478,65,6),('H12',479,66,1),('H12',480,66,2),('H12',481,66,3),('H12',482,66,4),('H12',483,66,5),('H12',484,66,6),('H12',485,66,7),('H12',486,66,8),('H12',487,66,9),('H12',488,66,10),('H12',489,66,11),('H12',490,66,12),('H12',491,66,13),('H12',492,67,1),('H12',516,64,4),('H12',517,64,5),('H12',518,65,7),('H12',519,65,8),('H12',520,65,9),('H12',521,65,10),('H12',522,65,11),('H12',523,65,12),('H12',536,66,14),('H12',540,66,15),('H12',541,66,16),('H12',542,66,17),('H12',543,66,18),('H12',544,66,19),('H12',545,66,20),('H12',546,66,21),('H12',547,66,22),('H12',548,66,23),('H13',1,1,0),('H13',2,1,1),('H13',3,1,2),('H13',4,1,3),('H13',5,1,4),('H13',6,1,5),('H13',7,1,6),('H13',8,1,7),('H13',9,1,8),('H13',10,1,9),('H13',11,1,10),('H13',12,2,0),('H13',13,2,1),('H13',14,3,0),('H13',15,3,1),('H13',16,3,2),('H13',17,3,3),('H13',18,3,4),('H13',19,3,5),('H13',20,4,0),('H13',21,4,1),('H13',22,4,2),('H13',23,4,3),('H13',24,4,4),('H13',25,4,5),('H13',26,4,6),('H13',27,4,7),('H13',28,4,8),('H13',29,4,9),('H13',30,4,10),('H13',31,4,11),('H13',32,4,12),('H13',33,5,0),('H13',34,5,1),('H13',35,5,2),('H13',36,5,3),('H13',37,5,4),('H13',38,6,0),('H13',39,6,1),('H13',40,6,2),('H13',41,7,0),('H13',42,7,1),('H13',43,7,2),('H13',44,7,3),('H13',45,7,4),('H13',46,8,0),('H13',47,9,0),('H13',48,9,1),('H13',49,9,2),('H13',50,9,3),('H13',51,10,0),('H13',52,10,1),('H13',53,10,2),('H13',54,10,3),('H13',55,10,4),('H13',56,10,5),('H13',57,10,6),('H13',58,10,7),('H13',59,10,8),('H13',60,11,0),('H13',61,11,1),('H13',62,11,2),('H13',63,11,3),('H13',64,11,4),('H13',65,11,5),('H13',66,11,6),('H13',67,11,7),('H13',68,11,8),('H13',69,11,9),('H13',70,11,10),('H13',71,11,11),('H13',72,11,12),('H13',73,11,13),('H13',74,11,14),('H13',75,11,15),('H13',76,11,16),('H13',77,11,17),('H13',78,11,18),('H13',79,11,19),('H13',80,11,20),('H13',81,11,21),('H13',82,11,22),('H13',83,11,23),('H13',84,11,24),('H13',85,11,25),('H13',86,11,26),('H13',87,11,27),('H13',88,11,28),('H13',89,11,29),('H13',90,11,30),('H13',91,11,31),('H13',92,12,0),('H13',93,12,1),('H13',94,12,2),('H13',95,12,3),('H13',96,12,4),('H13',97,12,5),('H13',98,13,0),('H13',99,13,1),('H13',100,13,2),('H13',101,13,3),('H13',102,13,4),('H13',103,13,5),('H13',104,13,6),('H13',105,13,7),('H13',106,13,8),('H13',107,13,9),('H13',108,13,10),('H13',109,13,11),('H13',110,13,12),('H13',111,14,0),('H13',112,14,1),('H13',113,14,2),('H13',114,14,3),('H13',115,14,4),('H13',116,14,5),('H13',117,14,6),('H13',118,14,7),('H13',119,14,8),('H13',120,14,9),('H13',121,14,10),('H13',122,14,11),('H13',123,15,0),('H13',124,15,1),('H13',125,15,2),('H13',126,15,3),('H13',127,16,0),('H13',128,16,1),('H13',129,16,2),('H13',130,17,0),('H13',131,17,1),('H13',132,17,2),('H13',133,17,3),('H13',134,17,4),('H13',135,18,0),('H13',136,18,1),('H13',137,18,2),('H13',138,18,3),('H13',139,19,0),('H13',140,19,1),('H13',141,19,2),('H13',142,19,3),('H13',143,19,4),('H13',144,20,0),('H13',145,20,1),('H13',146,20,2),('H13',147,20,3),('H13',148,20,4),('H13',149,20,5),('H13',150,21,0),('H13',151,21,1),('H13',152,21,2),('H13',153,21,3),('H13',154,21,4),('H13',155,21,5),('H13',156,21,6),('H13',157,21,7),('H13',158,21,8),('H13',159,21,9),('H13',160,22,0),('H13',161,22,1),('H13',162,22,2),('H13',163,22,3),('H13',164,22,4),('H13',165,22,5),('H13',166,23,0),('H13',167,23,1),('H13',168,23,2),('H13',169,23,3),('H13',170,24,0),('H13',171,24,1),('H13',172,24,2),('H13',173,25,0),('H13',174,25,1),('H13',175,25,2),('H13',176,25,3),('H13',177,25,4),('H13',178,25,5),('H13',179,26,0),('H13',180,26,1),('H13',181,26,2),('H13',182,27,0),('H13',183,27,1),('H13',184,27,2),('H13',185,27,3),('H13',186,28,0),('H13',187,28,1),('H13',188,28,2),('H13',189,28,3),('H13',190,29,0),('H13',191,29,1),('H13',192,29,2),('H13',193,29,3),('H13',194,30,0),('H13',195,30,1),('H13',196,30,2),('H13',197,30,3),('H13',198,30,4),('H13',199,30,5),('H13',200,30,6),('H13',201,30,7),('H13',202,30,8),('H13',203,30,9),('H13',204,30,10),('H13',205,30,11),('H13',206,30,12),('H13',207,30,13),('H13',208,30,14),('H13',209,30,15),('H13',210,31,1),('H13',211,31,2),('H13',212,31,3),('H13',213,32,1),('H13',214,32,2),('H13',215,32,3),('H13',216,32,4),('H13',217,32,5),('H13',218,32,6),('H13',219,33,1),('H13',220,33,2),('H13',221,33,3),('H13',222,33,4),('H13',223,34,1),('H13',224,34,2),('H13',225,34,3),('H13',226,34,4),('H13',227,34,5),('H13',228,34,6),('H13',229,35,1),('H13',230,35,2),('H13',231,35,3),('H13',232,36,1),('H13',233,36,2),('H13',234,36,3),('H13',235,37,1),('H13',236,37,2),('H13',237,37,3),('H13',238,37,4),('H13',239,38,1),('H13',240,38,2),('H13',241,38,3),('H13',242,38,4),('H13',243,39,1),('H13',244,39,2),('H13',245,39,3),('H13',246,39,4),('H13',247,40,1),('H13',248,40,2),('H13',249,40,3),('H13',250,40,4),('H13',251,40,5),('H13',252,40,6),('H13',253,40,7),('H13',254,40,8),('H13',255,40,9),('H13',256,40,10),('H13',257,40,11),('H13',258,41,1),('H13',259,41,2),('H13',260,41,3),('H13',261,41,4),('H13',262,41,5),('H13',263,41,6),('H13',264,41,7),('H13',265,41,8),('H13',266,41,9),('H13',267,42,1),('H13',268,42,2),('H13',269,42,3),('H13',270,42,4),('H13',271,43,1),('H13',272,43,2),('H13',273,43,3),('H13',274,43,4),('H13',275,44,1),('H13',276,44,2),('H13',277,44,3),('H13',278,44,4),('H13',279,44,5),('H13',280,44,6),('H13',281,44,7),('H13',282,44,8),('H13',283,44,9),('H13',284,44,10),('H13',285,44,11),('H13',286,45,1),('H13',287,45,2),('H13',288,12,1),('H13',289,46,1),('H13',290,46,2),('H13',291,46,3),('H13',292,46,4),('H13',293,46,5),('H13',294,46,6),('H13',295,2,1),('H13',296,47,1),('H13',297,47,2),('H13',298,47,3),('H13',299,48,1),('H13',300,48,2),('H13',303,49,1),('H13',304,49,2),('H13',305,49,3),('H13',306,49,4),('H13',307,49,5),('H13',308,49,6),('H13',309,49,7),('H13',310,49,8),('H13',311,49,9),('H13',312,49,10),('H13',313,49,11),('H13',314,49,12),('H13',315,53,1),('H13',316,53,2),('H13',317,53,3),('H13',318,53,4),('H13',319,53,5),('H13',320,53,6),('H13',321,53,7),('H13',322,53,8),('H13',323,53,9),('H13',324,53,10),('H13',325,53,11),('H13',326,53,12),('H13',327,54,1),('H13',329,56,1),('H13',330,57,1),('H13',331,50,NULL),('H13',332,51,NULL),('H13',333,52,NULL),('H13',334,58,1),('H13',335,58,2),('H13',336,58,3),('H13',337,58,4),('H13',338,58,5),('H13',339,58,6),('H13',340,58,7),('H13',341,58,8),('H13',342,58,9),('H13',343,58,10),('H13',344,58,11),('H13',345,58,12),('H13',346,59,1),('H13',347,60,1),('H13',348,61,1),('H13',349,61,2),('H13',350,61,3),('H13',351,61,4),('H13',352,61,5),('H13',353,61,6),('H13',354,61,7),('H13',355,61,8),('H13',356,61,9),('H13',357,61,10),('H13',358,61,11),('H13',359,61,12),('H13',361,62,1),('H13',362,55,2),('H13',363,63,1),('H13',364,63,2),('H13',365,63,3),('H13',366,63,4),('H13',367,63,1),('H13',368,63,2),('H13',369,63,3),('H13',370,63,4),('H13',371,63,1),('H13',372,63,2),('H13',373,63,3),('H13',374,63,4),('H13',375,64,1),('H13',376,64,2),('H13',377,65,1),('H13',378,65,2),('H13',379,65,3),('H13',380,65,4),('H13',381,65,5),('H13',382,65,6),('H13',383,66,1),('H13',391,67,1),('H13',392,68,1),('H13',393,68,2),('H13',394,69,1),('H13',395,69,2),('H13',396,70,1),('H13',404,71,1),('H13',405,72,1),('H13',413,73,1),('H13',414,74,1),('H13',415,74,2),('H13',420,73,1),('H13',421,75,1),('H13',422,75,2),('H13',423,75,3),('H13',424,76,1),('H13',425,76,2),('H13',426,77,1),('H13',427,77,2),('H13',428,77,3),('H13',429,77,4),('H13',430,78,1),('H13',431,67,2),('H13',432,73,2),('H13',433,78,2),('H13',434,71,2),('H13',437,66,2),('H13',441,66,3),('H13',445,66,4),('H13',453,70,2),('H13',454,70,3),('H13',455,70,4),('H13',461,72,2),('H13',465,72,5),('H13',468,72,8),('H13',471,64,1),('H13',472,64,2),('H13',473,65,1),('H13',474,65,2),('H13',475,65,3),('H13',476,65,4),('H13',477,65,5),('H13',478,65,6),('H13',482,66,4),('H13',486,66,8),('H13',490,66,12),('H13',492,67,1),('H13',516,64,4),('H13',517,64,5),('H13',518,65,7),('H13',519,65,8),('H13',520,65,9),('H13',521,65,10),('H13',522,65,11),('H13',523,65,12),('H13',536,66,16),('H13',540,66,17),('H13',542,66,19),('H13',545,66,22),('H14',1,1,0),('H14',2,1,1),('H14',3,1,2),('H14',4,1,3),('H14',5,1,4),('H14',6,1,5),('H14',7,1,6),('H14',8,1,7),('H14',9,1,8),('H14',10,1,9),('H14',11,1,10),('H14',12,2,0),('H14',13,2,1),('H14',14,3,0),('H14',15,3,1),('H14',16,3,2),('H14',17,3,3),('H14',18,3,4),('H14',19,3,5),('H14',20,4,0),('H14',21,4,1),('H14',22,4,2),('H14',23,4,3),('H14',24,4,4),('H14',25,4,5),('H14',26,4,6),('H14',27,4,7),('H14',28,4,8),('H14',29,4,9),('H14',30,4,10),('H14',31,4,11),('H14',32,4,12),('H14',33,5,0),('H14',34,5,1),('H14',35,5,2),('H14',36,5,3),('H14',37,5,4),('H14',38,6,0),('H14',39,6,1),('H14',40,6,2),('H14',41,7,0),('H14',42,7,1),('H14',43,7,2),('H14',44,7,3),('H14',45,7,4),('H14',46,8,0),('H14',47,9,0),('H14',48,9,1),('H14',49,9,2),('H14',50,9,3),('H14',51,10,0),('H14',52,10,1),('H14',53,10,2),('H14',54,10,3),('H14',55,10,4),('H14',56,10,5),('H14',57,10,6),('H14',58,10,7),('H14',59,10,8),('H14',60,11,0),('H14',61,11,1),('H14',62,11,2),('H14',63,11,3),('H14',64,11,4),('H14',65,11,5),('H14',66,11,6),('H14',67,11,7),('H14',68,11,8),('H14',69,11,9),('H14',70,11,10),('H14',71,11,11),('H14',72,11,12),('H14',73,11,13),('H14',74,11,14),('H14',75,11,15),('H14',76,11,16),('H14',77,11,17),('H14',78,11,18),('H14',79,11,19),('H14',80,11,20),('H14',81,11,21),('H14',82,11,22),('H14',83,11,23),('H14',84,11,24),('H14',85,11,25),('H14',86,11,26),('H14',87,11,27),('H14',88,11,28),('H14',89,11,29),('H14',90,11,30),('H14',91,11,31),('H14',92,12,0),('H14',93,12,1),('H14',94,12,2),('H14',95,12,3),('H14',96,12,4),('H14',97,12,5),('H14',98,13,0),('H14',99,13,1),('H14',100,13,2),('H14',101,13,3),('H14',102,13,4),('H14',103,13,5),('H14',104,13,6),('H14',105,13,7),('H14',106,13,8),('H14',107,13,9),('H14',108,13,10),('H14',109,13,11),('H14',110,13,12),('H14',111,14,0),('H14',112,14,1),('H14',113,14,2),('H14',114,14,3),('H14',115,14,4),('H14',116,14,5),('H14',117,14,6),('H14',118,14,7),('H14',119,14,8),('H14',120,14,9),('H14',121,14,10),('H14',122,14,11),('H14',123,15,0),('H14',124,15,1),('H14',125,15,2),('H14',126,15,3),('H14',127,16,0),('H14',128,16,1),('H14',129,16,2),('H14',130,17,0),('H14',131,17,1),('H14',132,17,2),('H14',133,17,3),('H14',134,17,4),('H14',135,18,0),('H14',136,18,1),('H14',137,18,2),('H14',138,18,3),('H14',139,19,0),('H14',140,19,1),('H14',141,19,2),('H14',142,19,3),('H14',143,19,4),('H14',144,20,0),('H14',145,20,1),('H14',146,20,2),('H14',147,20,3),('H14',148,20,4),('H14',149,20,5),('H14',150,21,0),('H14',151,21,1),('H14',152,21,2),('H14',153,21,3),('H14',154,21,4),('H14',155,21,5),('H14',156,21,6),('H14',157,21,7),('H14',158,21,8),('H14',159,21,9),('H14',160,22,0),('H14',161,22,1),('H14',162,22,2),('H14',163,22,3),('H14',164,22,4),('H14',165,22,5),('H14',166,23,0),('H14',167,23,1),('H14',168,23,2),('H14',169,23,3),('H14',170,24,0),('H14',171,24,1),('H14',172,24,2),('H14',173,25,0),('H14',174,25,1),('H14',175,25,2),('H14',176,25,3),('H14',177,25,4),('H14',178,25,5),('H14',179,26,0),('H14',180,26,1),('H14',181,26,2),('H14',182,27,0),('H14',183,27,1),('H14',184,27,2),('H14',185,27,3),('H14',186,28,0),('H14',187,28,1),('H14',188,28,2),('H14',189,28,3),('H14',190,29,0),('H14',191,29,1),('H14',192,29,2),('H14',193,29,3),('H14',194,30,0),('H14',195,30,1),('H14',196,30,2),('H14',197,30,3),('H14',198,30,4),('H14',199,30,5),('H14',200,30,6),('H14',201,30,7),('H14',202,30,8),('H14',203,30,9),('H14',204,30,10),('H14',205,30,11),('H14',206,30,12),('H14',207,30,13),('H14',208,30,14),('H14',209,30,15),('H14',210,31,1),('H14',211,31,2),('H14',212,31,3),('H14',213,32,1),('H14',214,32,2),('H14',215,32,3),('H14',216,32,4),('H14',217,32,5),('H14',218,32,6),('H14',219,33,1),('H14',220,33,2),('H14',221,33,3),('H14',222,33,4),('H14',223,34,1),('H14',224,34,2),('H14',225,34,3),('H14',226,34,4),('H14',227,34,5),('H14',228,34,6),('H14',229,35,1),('H14',230,35,2),('H14',231,35,3),('H14',232,36,1),('H14',233,36,2),('H14',234,36,3),('H14',235,37,1),('H14',236,37,2),('H14',237,37,3),('H14',238,37,4),('H14',239,38,1),('H14',240,38,2),('H14',241,38,3),('H14',242,38,4),('H14',243,39,1),('H14',244,39,2),('H14',245,39,3),('H14',246,39,4),('H14',247,40,1),('H14',248,40,2),('H14',249,40,3),('H14',250,40,4),('H14',251,40,5),('H14',252,40,6),('H14',253,40,7),('H14',254,40,8),('H14',255,40,9),('H14',256,40,10),('H14',257,40,11),('H14',258,41,1),('H14',259,41,2),('H14',260,41,3),('H14',261,41,4),('H14',262,41,5),('H14',263,41,6),('H14',264,41,7),('H14',265,41,8),('H14',266,41,9),('H14',267,42,1),('H14',268,42,2),('H14',269,42,3),('H14',270,42,4),('H14',271,43,1),('H14',272,43,2),('H14',273,43,3),('H14',274,43,4),('H14',275,44,1),('H14',276,44,2),('H14',277,44,3),('H14',278,44,4),('H14',279,44,5),('H14',280,44,6),('H14',281,44,7),('H14',282,44,8),('H14',283,44,9),('H14',284,44,10),('H14',285,44,11),('H14',286,45,1),('H14',287,45,2),('H14',288,12,1),('H14',289,46,1),('H14',290,46,2),('H14',291,46,3),('H14',292,46,4),('H14',293,46,5),('H14',294,46,6),('H14',295,2,1),('H14',296,47,1),('H14',297,47,2),('H14',298,47,3),('H14',299,48,1),('H14',300,48,2),('H14',303,49,1),('H14',304,49,2),('H14',305,49,3),('H14',306,49,4),('H14',307,49,5),('H14',308,49,6),('H14',309,49,7),('H14',310,49,8),('H14',311,49,9),('H14',312,49,10),('H14',313,49,11),('H14',314,49,12),('H14',315,53,1),('H14',316,53,2),('H14',317,53,3),('H14',318,53,4),('H14',319,53,5),('H14',320,53,6),('H14',321,53,7),('H14',322,53,8),('H14',323,53,9),('H14',324,53,10),('H14',325,53,11),('H14',326,53,12),('H14',327,54,1),('H14',329,56,1),('H14',330,57,1),('H14',331,50,NULL),('H14',332,51,NULL),('H14',333,52,NULL),('H14',334,58,1),('H14',335,58,2),('H14',336,58,3),('H14',337,58,4),('H14',338,58,5),('H14',339,58,6),('H14',340,58,7),('H14',341,58,8),('H14',342,58,9),('H14',343,58,10),('H14',344,58,11),('H14',345,58,12),('H14',346,59,1),('H14',347,60,1),('H14',348,61,1),('H14',349,61,2),('H14',350,61,3),('H14',351,61,4),('H14',352,61,5),('H14',353,61,6),('H14',354,61,7),('H14',355,61,8),('H14',356,61,9),('H14',357,61,10),('H14',358,61,11),('H14',359,61,12),('H14',361,62,1),('H14',362,55,2),('H14',363,63,1),('H14',364,63,2),('H14',365,63,3),('H14',366,63,4),('H14',367,63,1),('H14',368,63,2),('H14',369,63,3),('H14',370,63,4),('H14',371,63,1),('H14',372,63,2),('H14',373,63,3),('H14',374,63,4),('H14',375,64,1),('H14',376,64,2),('H14',377,65,1),('H14',378,65,2),('H14',379,65,3),('H14',380,65,4),('H14',381,65,5),('H14',382,65,6),('H14',383,66,1),('H14',391,67,1),('H14',392,68,1),('H14',393,68,2),('H14',394,69,1),('H14',395,69,2),('H14',396,70,1),('H14',404,71,1),('H14',405,72,1),('H14',413,73,1),('H14',414,74,1),('H14',415,74,2),('H14',420,73,1),('H14',421,75,1),('H14',422,75,2),('H14',423,75,3),('H14',424,76,1),('H14',425,76,2),('H14',426,77,1),('H14',427,77,2),('H14',428,77,3),('H14',429,77,4),('H14',430,78,1),('H14',431,67,2),('H14',432,73,2),('H14',433,78,2),('H14',434,71,2),('H14',463,72,2),('H14',464,72,3),('H14',465,72,4),('H14',466,72,5),('H14',467,72,6),('H14',468,72,7),('H14',469,72,8),('H14',470,72,9),('H14',471,64,1),('H14',472,64,2),('H14',473,65,1),('H14',474,65,2),('H14',475,65,3),('H14',476,65,4),('H14',477,65,5),('H14',478,65,6),('H14',479,66,1),('H14',480,66,2),('H14',481,66,3),('H14',482,66,4),('H14',483,66,5),('H14',484,66,6),('H14',485,66,7),('H14',486,66,8),('H14',487,66,9),('H14',488,66,10),('H14',489,66,11),('H14',490,66,12),('H14',491,66,13),('H14',492,67,1),('H14',516,64,4),('H14',517,64,5),('H14',518,65,7),('H14',519,65,8),('H14',520,65,9),('H14',521,65,10),('H14',522,65,11),('H14',523,65,12),('H14',536,66,14),('H14',540,66,15),('H14',541,66,16),('H14',542,66,17),('H14',543,66,18),('H14',544,66,19),('H14',545,66,20),('H14',546,66,21),('H14',547,66,22),('H14',548,66,23),('H15',1,1,0),('H15',2,1,1),('H15',3,1,2),('H15',4,1,3),('H15',5,1,4),('H15',6,1,5),('H15',7,1,6),('H15',8,1,7),('H15',9,1,8),('H15',10,1,9),('H15',11,1,10),('H15',12,2,0),('H15',13,2,1),('H15',14,3,0),('H15',15,3,1),('H15',16,3,2),('H15',17,3,3),('H15',18,3,4),('H15',19,3,5),('H15',20,4,0),('H15',21,4,1),('H15',22,4,2),('H15',23,4,3),('H15',24,4,4),('H15',25,4,5),('H15',26,4,6),('H15',27,4,7),('H15',28,4,8),('H15',29,4,9),('H15',30,4,10),('H15',31,4,11),('H15',32,4,12),('H15',33,5,0),('H15',34,5,1),('H15',35,5,2),('H15',36,5,3),('H15',37,5,4),('H15',38,6,0),('H15',39,6,1),('H15',40,6,2),('H15',41,7,0),('H15',42,7,1),('H15',43,7,2),('H15',44,7,3),('H15',45,7,4),('H15',46,8,0),('H15',47,9,0),('H15',48,9,1),('H15',49,9,2),('H15',50,9,3),('H15',51,10,0),('H15',52,10,1),('H15',53,10,2),('H15',54,10,3),('H15',55,10,4),('H15',56,10,5),('H15',57,10,6),('H15',58,10,7),('H15',59,10,8),('H15',60,11,0),('H15',61,11,1),('H15',62,11,2),('H15',63,11,3),('H15',64,11,4),('H15',65,11,5),('H15',66,11,6),('H15',67,11,7),('H15',68,11,8),('H15',69,11,9),('H15',70,11,10),('H15',71,11,11),('H15',72,11,12),('H15',73,11,13),('H15',74,11,14),('H15',75,11,15),('H15',76,11,16),('H15',77,11,17),('H15',78,11,18),('H15',79,11,19),('H15',80,11,20),('H15',81,11,21),('H15',82,11,22),('H15',83,11,23),('H15',84,11,24),('H15',85,11,25),('H15',86,11,26),('H15',87,11,27),('H15',88,11,28),('H15',89,11,29),('H15',90,11,30),('H15',91,11,31),('H15',92,12,0),('H15',93,12,1),('H15',94,12,2),('H15',95,12,3),('H15',96,12,4),('H15',97,12,5),('H15',98,13,0),('H15',99,13,1),('H15',100,13,2),('H15',101,13,3),('H15',102,13,4),('H15',103,13,5),('H15',104,13,6),('H15',105,13,7),('H15',106,13,8),('H15',107,13,9),('H15',108,13,10),('H15',109,13,11),('H15',110,13,12),('H15',111,14,0),('H15',112,14,1),('H15',113,14,2),('H15',114,14,3),('H15',115,14,4),('H15',116,14,5),('H15',117,14,6),('H15',118,14,7),('H15',119,14,8),('H15',120,14,9),('H15',121,14,10),('H15',122,14,11),('H15',123,15,0),('H15',124,15,1),('H15',125,15,2),('H15',126,15,3),('H15',127,16,0),('H15',128,16,1),('H15',129,16,2),('H15',130,17,0),('H15',131,17,1),('H15',132,17,2),('H15',133,17,3),('H15',134,17,4),('H15',135,18,0),('H15',136,18,1),('H15',137,18,2),('H15',138,18,3),('H15',139,19,0),('H15',140,19,1),('H15',141,19,2),('H15',142,19,3),('H15',143,19,4),('H15',144,20,0),('H15',145,20,1),('H15',146,20,2),('H15',147,20,3),('H15',148,20,4),('H15',149,20,5),('H15',150,21,0),('H15',151,21,1),('H15',152,21,2),('H15',153,21,3),('H15',154,21,4),('H15',155,21,5),('H15',156,21,6),('H15',157,21,7),('H15',158,21,8),('H15',159,21,9),('H15',160,22,0),('H15',161,22,1),('H15',162,22,2),('H15',163,22,3),('H15',164,22,4),('H15',165,22,5),('H15',166,23,0),('H15',167,23,1),('H15',168,23,2),('H15',169,23,3),('H15',170,24,0),('H15',171,24,1),('H15',172,24,2),('H15',173,25,0),('H15',174,25,1),('H15',175,25,2),('H15',176,25,3),('H15',177,25,4),('H15',178,25,5),('H15',179,26,0),('H15',180,26,1),('H15',181,26,2),('H15',182,27,0),('H15',183,27,1),('H15',184,27,2),('H15',185,27,3),('H15',186,28,0),('H15',187,28,1),('H15',188,28,2),('H15',189,28,3),('H15',190,29,0),('H15',191,29,1),('H15',192,29,2),('H15',193,29,3),('H15',194,30,0),('H15',195,30,1),('H15',196,30,2),('H15',197,30,3),('H15',198,30,4),('H15',199,30,5),('H15',200,30,6),('H15',201,30,7),('H15',202,30,8),('H15',203,30,9),('H15',204,30,10),('H15',205,30,11),('H15',206,30,12),('H15',207,30,13),('H15',208,30,14),('H15',209,30,15),('H15',210,31,1),('H15',211,31,2),('H15',212,31,3),('H15',213,32,1),('H15',214,32,2),('H15',215,32,3),('H15',216,32,4),('H15',217,32,5),('H15',218,32,6),('H15',219,33,1),('H15',220,33,2),('H15',221,33,3),('H15',222,33,4),('H15',223,34,1),('H15',224,34,2),('H15',225,34,3),('H15',226,34,4),('H15',227,34,5),('H15',228,34,6),('H15',229,35,1),('H15',230,35,2),('H15',231,35,3),('H15',232,36,1),('H15',233,36,2),('H15',234,36,3),('H15',235,37,1),('H15',236,37,2),('H15',237,37,3),('H15',238,37,4),('H15',239,38,1),('H15',240,38,2),('H15',241,38,3),('H15',242,38,4),('H15',243,39,1),('H15',244,39,2),('H15',245,39,3),('H15',246,39,4),('H15',247,40,1),('H15',248,40,2),('H15',249,40,3),('H15',250,40,4),('H15',251,40,5),('H15',252,40,6),('H15',253,40,7),('H15',254,40,8),('H15',255,40,9),('H15',256,40,10),('H15',257,40,11),('H15',258,41,1),('H15',259,41,2),('H15',260,41,3),('H15',261,41,4),('H15',262,41,5),('H15',263,41,6),('H15',264,41,7),('H15',265,41,8),('H15',266,41,9),('H15',267,42,1),('H15',268,42,2),('H15',269,42,3),('H15',270,42,4),('H15',271,43,1),('H15',272,43,2),('H15',273,43,3),('H15',274,43,4),('H15',275,44,1),('H15',276,44,2),('H15',277,44,3),('H15',278,44,4),('H15',279,44,5),('H15',280,44,6),('H15',281,44,7),('H15',282,44,8),('H15',283,44,9),('H15',284,44,10),('H15',285,44,11),('H15',286,45,1),('H15',287,45,2),('H15',288,12,1),('H15',289,46,1),('H15',290,46,2),('H15',291,46,3),('H15',292,46,4),('H15',293,46,5),('H15',294,46,6),('H15',295,2,1),('H15',296,47,1),('H15',297,47,2),('H15',298,47,3),('H15',299,48,1),('H15',300,48,2),('H15',303,49,1),('H15',304,49,2),('H15',305,49,3),('H15',306,49,4),('H15',307,49,5),('H15',308,49,6),('H15',309,49,7),('H15',310,49,8),('H15',311,49,9),('H15',312,49,10),('H15',313,49,11),('H15',314,49,12),('H15',315,53,1),('H15',316,53,2),('H15',317,53,3),('H15',318,53,4),('H15',319,53,5),('H15',320,53,6),('H15',321,53,7),('H15',322,53,8),('H15',323,53,9),('H15',324,53,10),('H15',325,53,11),('H15',326,53,12),('H15',327,54,1),('H15',329,56,1),('H15',330,57,1),('H15',331,50,NULL),('H15',332,51,NULL),('H15',333,52,NULL),('H15',334,58,1),('H15',335,58,2),('H15',336,58,3),('H15',337,58,4),('H15',338,58,5),('H15',339,58,6),('H15',340,58,7),('H15',341,58,8),('H15',342,58,9),('H15',343,58,10),('H15',344,58,11),('H15',345,58,12),('H15',346,59,1),('H15',347,60,1),('H15',348,61,1),('H15',349,61,2),('H15',350,61,3),('H15',351,61,4),('H15',352,61,5),('H15',353,61,6),('H15',354,61,7),('H15',355,61,8),('H15',356,61,9),('H15',357,61,10),('H15',358,61,11),('H15',359,61,12),('H15',361,62,1),('H15',362,55,2),('H15',363,63,1),('H15',364,63,2),('H15',365,63,3),('H15',366,63,4),('H15',367,63,1),('H15',368,63,2),('H15',369,63,3),('H15',370,63,4),('H15',371,63,1),('H15',372,63,2),('H15',373,63,3),('H15',374,63,4),('H15',375,64,1),('H15',376,64,2),('H15',377,65,1),('H15',378,65,2),('H15',379,65,3),('H15',380,65,4),('H15',381,65,5),('H15',382,65,6),('H15',383,66,1),('H15',391,67,1),('H15',392,68,1),('H15',393,68,2),('H15',394,69,1),('H15',395,69,2),('H15',396,70,1),('H15',404,71,1),('H15',405,72,1),('H15',413,73,1),('H15',414,74,1),('H15',415,74,2),('H15',420,73,1),('H15',421,75,1),('H15',422,75,2),('H15',423,75,3),('H15',424,76,1),('H15',425,76,2),('H15',426,77,1),('H15',427,77,2),('H15',428,77,3),('H15',429,77,4),('H15',430,78,1),('H15',431,67,2),('H15',432,73,2),('H15',433,78,2),('H15',434,71,2),('H15',435,66,2),('H15',439,66,3),('H15',443,66,4),('H15',447,70,2),('H15',449,70,3),('H15',450,70,4),('H15',459,72,2),('H15',463,72,3),('H15',467,72,7),('H15',471,64,1),('H15',472,64,2),('H15',473,65,1),('H15',474,65,2),('H15',475,65,3),('H15',476,65,4),('H15',477,65,5),('H15',478,65,6),('H15',480,66,2),('H15',484,66,6),('H15',488,66,10),('H15',492,67,1),('H15',516,64,4),('H15',517,64,5),('H15',518,65,7),('H15',519,65,8),('H15',520,65,9),('H15',521,65,10),('H15',522,65,11),('H15',523,65,12),('H15',536,66,14),('H15',537,66,15),('H15',539,66,16),('H15',544,66,21),('H16',1,1,0),('H16',2,1,1),('H16',3,1,2),('H16',4,1,3),('H16',5,1,4),('H16',6,1,5),('H16',7,1,6),('H16',8,1,7),('H16',9,1,8),('H16',10,1,9),('H16',11,1,10),('H16',12,2,0),('H16',13,2,1),('H16',14,3,0),('H16',15,3,1),('H16',16,3,2),('H16',17,3,3),('H16',18,3,4),('H16',19,3,5),('H16',20,4,0),('H16',21,4,1),('H16',22,4,2),('H16',23,4,3),('H16',24,4,4),('H16',25,4,5),('H16',26,4,6),('H16',27,4,7),('H16',28,4,8),('H16',29,4,9),('H16',30,4,10),('H16',31,4,11),('H16',32,4,12),('H16',33,5,0),('H16',34,5,1),('H16',35,5,2),('H16',36,5,3),('H16',37,5,4),('H16',38,6,0),('H16',39,6,1),('H16',40,6,2),('H16',41,7,0),('H16',42,7,1),('H16',43,7,2),('H16',44,7,3),('H16',45,7,4),('H16',46,8,0),('H16',47,9,0),('H16',48,9,1),('H16',49,9,2),('H16',50,9,3),('H16',51,10,0),('H16',52,10,1),('H16',53,10,2),('H16',54,10,3),('H16',55,10,4),('H16',56,10,5),('H16',57,10,6),('H16',58,10,7),('H16',59,10,8),('H16',60,11,0),('H16',61,11,1),('H16',62,11,2),('H16',63,11,3),('H16',64,11,4),('H16',65,11,5),('H16',66,11,6),('H16',67,11,7),('H16',68,11,8),('H16',69,11,9),('H16',70,11,10),('H16',71,11,11),('H16',72,11,12),('H16',73,11,13),('H16',74,11,14),('H16',75,11,15),('H16',76,11,16),('H16',77,11,17),('H16',78,11,18),('H16',79,11,19),('H16',80,11,20),('H16',81,11,21),('H16',82,11,22),('H16',83,11,23),('H16',84,11,24),('H16',85,11,25),('H16',86,11,26),('H16',87,11,27),('H16',88,11,28),('H16',89,11,29),('H16',90,11,30),('H16',91,11,31),('H16',92,12,0),('H16',93,12,1),('H16',94,12,2),('H16',95,12,3),('H16',96,12,4),('H16',97,12,5),('H16',98,13,0),('H16',99,13,1),('H16',100,13,2),('H16',101,13,3),('H16',102,13,4),('H16',103,13,5),('H16',104,13,6),('H16',105,13,7),('H16',106,13,8),('H16',107,13,9),('H16',108,13,10),('H16',109,13,11),('H16',110,13,12),('H16',111,14,0),('H16',112,14,1),('H16',113,14,2),('H16',114,14,3),('H16',115,14,4),('H16',116,14,5),('H16',117,14,6),('H16',118,14,7),('H16',119,14,8),('H16',120,14,9),('H16',121,14,10),('H16',122,14,11),('H16',123,15,0),('H16',124,15,1),('H16',125,15,2),('H16',126,15,3),('H16',127,16,0),('H16',128,16,1),('H16',129,16,2),('H16',130,17,0),('H16',131,17,1),('H16',132,17,2),('H16',133,17,3),('H16',134,17,4),('H16',135,18,0),('H16',136,18,1),('H16',137,18,2),('H16',138,18,3),('H16',139,19,0),('H16',140,19,1),('H16',141,19,2),('H16',142,19,3),('H16',143,19,4),('H16',144,20,0),('H16',145,20,1),('H16',146,20,2),('H16',147,20,3),('H16',148,20,4),('H16',149,20,5),('H16',150,21,0),('H16',151,21,1),('H16',152,21,2),('H16',153,21,3),('H16',154,21,4),('H16',155,21,5),('H16',156,21,6),('H16',157,21,7),('H16',158,21,8),('H16',159,21,9),('H16',160,22,0),('H16',161,22,1),('H16',162,22,2),('H16',163,22,3),('H16',164,22,4),('H16',165,22,5),('H16',166,23,0),('H16',167,23,1),('H16',168,23,2),('H16',169,23,3),('H16',170,24,0),('H16',171,24,1),('H16',172,24,2),('H16',173,25,0),('H16',174,25,1),('H16',175,25,2),('H16',176,25,3),('H16',177,25,4),('H16',178,25,5),('H16',179,26,0),('H16',180,26,1),('H16',181,26,2),('H16',182,27,0),('H16',183,27,1),('H16',184,27,2),('H16',185,27,3),('H16',186,28,0),('H16',187,28,1),('H16',188,28,2),('H16',189,28,3),('H16',190,29,0),('H16',191,29,1),('H16',192,29,2),('H16',193,29,3),('H16',194,30,0),('H16',195,30,1),('H16',196,30,2),('H16',197,30,3),('H16',198,30,4),('H16',199,30,5),('H16',200,30,6),('H16',201,30,7),('H16',202,30,8),('H16',203,30,9),('H16',204,30,10),('H16',205,30,11),('H16',206,30,12),('H16',207,30,13),('H16',208,30,14),('H16',209,30,15),('H16',210,31,1),('H16',211,31,2),('H16',212,31,3),('H16',213,32,1),('H16',214,32,2),('H16',215,32,3),('H16',216,32,4),('H16',217,32,5),('H16',218,32,6),('H16',219,33,1),('H16',220,33,2),('H16',221,33,3),('H16',222,33,4),('H16',223,34,1),('H16',224,34,2),('H16',225,34,3),('H16',226,34,4),('H16',227,34,5),('H16',228,34,6),('H16',229,35,1),('H16',230,35,2),('H16',231,35,3),('H16',232,36,1),('H16',233,36,2),('H16',234,36,3),('H16',235,37,1),('H16',236,37,2),('H16',237,37,3),('H16',238,37,4),('H16',239,38,1),('H16',240,38,2),('H16',241,38,3),('H16',242,38,4),('H16',243,39,1),('H16',244,39,2),('H16',245,39,3),('H16',246,39,4),('H16',247,40,1),('H16',248,40,2),('H16',249,40,3),('H16',250,40,4),('H16',251,40,5),('H16',252,40,6),('H16',253,40,7),('H16',254,40,8),('H16',255,40,9),('H16',256,40,10),('H16',257,40,11),('H16',258,41,1),('H16',259,41,2),('H16',260,41,3),('H16',261,41,4),('H16',262,41,5),('H16',263,41,6),('H16',264,41,7),('H16',265,41,8),('H16',266,41,9),('H16',267,42,1),('H16',268,42,2),('H16',269,42,3),('H16',270,42,4),('H16',271,43,1),('H16',272,43,2),('H16',273,43,3),('H16',274,43,4),('H16',275,44,1),('H16',276,44,2),('H16',277,44,3),('H16',278,44,4),('H16',279,44,5),('H16',280,44,6),('H16',281,44,7),('H16',282,44,8),('H16',283,44,9),('H16',284,44,10),('H16',285,44,11),('H16',286,45,1),('H16',287,45,2),('H16',288,12,1),('H16',289,46,1),('H16',290,46,2),('H16',291,46,3),('H16',292,46,4),('H16',293,46,5),('H16',294,46,6),('H16',295,2,1),('H16',296,47,1),('H16',297,47,2),('H16',298,47,3),('H16',299,48,1),('H16',300,48,2),('H16',303,49,1),('H16',304,49,2),('H16',305,49,3),('H16',306,49,4),('H16',307,49,5),('H16',308,49,6),('H16',309,49,7),('H16',310,49,8),('H16',311,49,9),('H16',312,49,10),('H16',313,49,11),('H16',314,49,12),('H16',315,53,1),('H16',316,53,2),('H16',317,53,3),('H16',318,53,4),('H16',319,53,5),('H16',320,53,6),('H16',321,53,7),('H16',322,53,8),('H16',323,53,9),('H16',324,53,10),('H16',325,53,11),('H16',326,53,12),('H16',327,54,1),('H16',329,56,1),('H16',330,57,1),('H16',331,50,NULL),('H16',332,51,NULL),('H16',333,52,NULL),('H16',334,58,1),('H16',335,58,2),('H16',336,58,3),('H16',337,58,4),('H16',338,58,5),('H16',339,58,6),('H16',340,58,7),('H16',341,58,8),('H16',342,58,9),('H16',343,58,10),('H16',344,58,11),('H16',345,58,12),('H16',346,59,1),('H16',347,60,1),('H16',348,61,1),('H16',349,61,2),('H16',350,61,3),('H16',351,61,4),('H16',352,61,5),('H16',353,61,6),('H16',354,61,7),('H16',355,61,8),('H16',356,61,9),('H16',357,61,10),('H16',358,61,11),('H16',359,61,12),('H16',361,62,1),('H16',362,55,2),('H16',363,63,1),('H16',364,63,2),('H16',365,63,3),('H16',366,63,4),('H16',367,63,1),('H16',368,63,2),('H16',369,63,3),('H16',370,63,4),('H16',371,63,1),('H16',372,63,2),('H16',373,63,3),('H16',374,63,4),('H16',375,64,1),('H16',376,64,2),('H16',377,65,1),('H16',378,65,2),('H16',379,65,3),('H16',380,65,4),('H16',381,65,5),('H16',382,65,6),('H16',383,66,1),('H16',391,67,1),('H16',392,68,1),('H16',393,68,2),('H16',394,69,1),('H16',395,69,2),('H16',396,70,1),('H16',404,71,1),('H16',405,72,1),('H16',413,73,1),('H16',414,74,1),('H16',415,74,2),('H16',420,73,1),('H16',421,75,1),('H16',422,75,2),('H16',423,75,3),('H16',424,76,1),('H16',425,76,2),('H16',426,77,1),('H16',427,77,2),('H16',428,77,3),('H16',429,77,4),('H16',430,78,1),('H16',431,67,2),('H16',432,73,2),('H16',433,78,2),('H16',434,71,2),('H16',463,72,2),('H16',464,72,3),('H16',465,72,4),('H16',466,72,5),('H16',467,72,6),('H16',468,72,7),('H16',469,72,8),('H16',470,72,9),('H16',471,64,1),('H16',472,64,2),('H16',473,65,1),('H16',474,65,2),('H16',475,65,3),('H16',476,65,4),('H16',477,65,5),('H16',478,65,6),('H16',479,66,1),('H16',480,66,2),('H16',481,66,3),('H16',482,66,4),('H16',483,66,5),('H16',484,66,6),('H16',485,66,7),('H16',486,66,8),('H16',487,66,9),('H16',488,66,10),('H16',489,66,11),('H16',490,66,12),('H16',491,66,13),('H16',492,67,1),('H16',516,64,4),('H16',517,64,5),('H16',518,65,7),('H16',519,65,8),('H16',520,65,9),('H16',521,65,10),('H16',522,65,11),('H16',523,65,12),('H16',536,66,14),('H16',540,66,15),('H16',541,66,16),('H16',542,66,17),('H16',543,66,18),('H16',544,66,19),('H16',545,66,20),('H16',546,66,21),('H16',547,66,22),('H16',548,66,23),('H17',1,1,0),('H17',2,1,1),('H17',3,1,2),('H17',4,1,3),('H17',5,1,4),('H17',6,1,5),('H17',7,1,6),('H17',8,1,7),('H17',9,1,8),('H17',10,1,9),('H17',11,1,10),('H17',12,2,0),('H17',13,2,1),('H17',14,3,0),('H17',15,3,1),('H17',16,3,2),('H17',17,3,3),('H17',18,3,4),('H17',19,3,5),('H17',20,4,0),('H17',21,4,1),('H17',22,4,2),('H17',23,4,3),('H17',24,4,4),('H17',25,4,5),('H17',26,4,6),('H17',27,4,7),('H17',28,4,8),('H17',29,4,9),('H17',30,4,10),('H17',31,4,11),('H17',32,4,12),('H17',33,5,0),('H17',34,5,1),('H17',35,5,2),('H17',36,5,3),('H17',37,5,4),('H17',38,6,0),('H17',39,6,1),('H17',40,6,2),('H17',41,7,0),('H17',42,7,1),('H17',43,7,2),('H17',44,7,3),('H17',45,7,4),('H17',46,8,0),('H17',47,9,0),('H17',48,9,1),('H17',49,9,2),('H17',50,9,3),('H17',51,10,0),('H17',52,10,1),('H17',53,10,2),('H17',54,10,3),('H17',55,10,4),('H17',56,10,5),('H17',57,10,6),('H17',58,10,7),('H17',59,10,8),('H17',60,11,0),('H17',61,11,1),('H17',62,11,2),('H17',63,11,3),('H17',64,11,4),('H17',65,11,5),('H17',66,11,6),('H17',67,11,7),('H17',68,11,8),('H17',69,11,9),('H17',70,11,10),('H17',71,11,11),('H17',72,11,12),('H17',73,11,13),('H17',74,11,14),('H17',75,11,15),('H17',76,11,16),('H17',77,11,17),('H17',78,11,18),('H17',79,11,19),('H17',80,11,20),('H17',81,11,21),('H17',82,11,22),('H17',83,11,23),('H17',84,11,24),('H17',85,11,25),('H17',86,11,26),('H17',87,11,27),('H17',88,11,28),('H17',89,11,29),('H17',90,11,30),('H17',91,11,31),('H17',92,12,0),('H17',93,12,1),('H17',94,12,2),('H17',95,12,3),('H17',96,12,4),('H17',97,12,5),('H17',98,13,0),('H17',99,13,1),('H17',100,13,2),('H17',101,13,3),('H17',102,13,4),('H17',103,13,5),('H17',104,13,6),('H17',105,13,7),('H17',106,13,8),('H17',107,13,9),('H17',108,13,10),('H17',109,13,11),('H17',110,13,12),('H17',111,14,0),('H17',112,14,1),('H17',113,14,2),('H17',114,14,3),('H17',115,14,4),('H17',116,14,5),('H17',117,14,6),('H17',118,14,7),('H17',119,14,8),('H17',120,14,9),('H17',121,14,10),('H17',122,14,11),('H17',123,15,0),('H17',124,15,1),('H17',125,15,2),('H17',126,15,3),('H17',127,16,0),('H17',128,16,1),('H17',129,16,2),('H17',130,17,0),('H17',131,17,1),('H17',132,17,2),('H17',133,17,3),('H17',134,17,4),('H17',135,18,0),('H17',136,18,1),('H17',137,18,2),('H17',138,18,3),('H17',139,19,0),('H17',140,19,1),('H17',141,19,2),('H17',142,19,3),('H17',143,19,4),('H17',144,20,0),('H17',145,20,1),('H17',146,20,2),('H17',147,20,3),('H17',148,20,4),('H17',149,20,5),('H17',150,21,0),('H17',151,21,1),('H17',152,21,2),('H17',153,21,3),('H17',154,21,4),('H17',155,21,5),('H17',156,21,6),('H17',157,21,7),('H17',158,21,8),('H17',159,21,9),('H17',160,22,0),('H17',161,22,1),('H17',162,22,2),('H17',163,22,3),('H17',164,22,4),('H17',165,22,5),('H17',166,23,0),('H17',167,23,1),('H17',168,23,2),('H17',169,23,3),('H17',170,24,0),('H17',171,24,1),('H17',172,24,2),('H17',173,25,0),('H17',174,25,1),('H17',175,25,2),('H17',176,25,3),('H17',177,25,4),('H17',178,25,5),('H17',179,26,0),('H17',180,26,1),('H17',181,26,2),('H17',182,27,0),('H17',183,27,1),('H17',184,27,2),('H17',185,27,3),('H17',186,28,0),('H17',187,28,1),('H17',188,28,2),('H17',189,28,3),('H17',190,29,0),('H17',191,29,1),('H17',192,29,2),('H17',193,29,3),('H17',194,30,0),('H17',195,30,1),('H17',196,30,2),('H17',197,30,3),('H17',198,30,4),('H17',199,30,5),('H17',200,30,6),('H17',201,30,7),('H17',202,30,8),('H17',203,30,9),('H17',204,30,10),('H17',205,30,11),('H17',206,30,12),('H17',207,30,13),('H17',208,30,14),('H17',209,30,15),('H17',210,31,1),('H17',211,31,2),('H17',212,31,3),('H17',213,32,1),('H17',214,32,2),('H17',215,32,3),('H17',216,32,4),('H17',217,32,5),('H17',218,32,6),('H17',219,33,1),('H17',220,33,2),('H17',221,33,3),('H17',222,33,4),('H17',223,34,1),('H17',224,34,2),('H17',225,34,3),('H17',226,34,4),('H17',227,34,5),('H17',228,34,6),('H17',229,35,1),('H17',230,35,2),('H17',231,35,3),('H17',232,36,1),('H17',233,36,2),('H17',234,36,3),('H17',235,37,1),('H17',236,37,2),('H17',237,37,3),('H17',238,37,4),('H17',239,38,1),('H17',240,38,2),('H17',241,38,3),('H17',242,38,4),('H17',243,39,1),('H17',244,39,2),('H17',245,39,3),('H17',246,39,4),('H17',247,40,1),('H17',248,40,2),('H17',249,40,3),('H17',250,40,4),('H17',251,40,5),('H17',252,40,6),('H17',253,40,7),('H17',254,40,8),('H17',255,40,9),('H17',256,40,10),('H17',257,40,11),('H17',258,41,1),('H17',259,41,2),('H17',260,41,3),('H17',261,41,4),('H17',262,41,5),('H17',263,41,6),('H17',264,41,7),('H17',265,41,8),('H17',266,41,9),('H17',267,42,1),('H17',268,42,2),('H17',269,42,3),('H17',270,42,4),('H17',271,43,1),('H17',272,43,2),('H17',273,43,3),('H17',274,43,4),('H17',275,44,1),('H17',276,44,2),('H17',277,44,3),('H17',278,44,4),('H17',279,44,5),('H17',280,44,6),('H17',281,44,7),('H17',282,44,8),('H17',283,44,9),('H17',284,44,10),('H17',285,44,11),('H17',286,45,1),('H17',287,45,2),('H17',288,12,1),('H17',289,46,1),('H17',290,46,2),('H17',291,46,3),('H17',292,46,4),('H17',293,46,5),('H17',294,46,6),('H17',295,2,1),('H17',296,47,1),('H17',297,47,2),('H17',298,47,3),('H17',299,48,1),('H17',300,48,2),('H17',303,49,1),('H17',304,49,2),('H17',305,49,3),('H17',306,49,4),('H17',307,49,5),('H17',308,49,6),('H17',309,49,7),('H17',310,49,8),('H17',311,49,9),('H17',312,49,10),('H17',313,49,11),('H17',314,49,12),('H17',315,53,1),('H17',316,53,2),('H17',317,53,3),('H17',318,53,4),('H17',319,53,5),('H17',320,53,6),('H17',321,53,7),('H17',322,53,8),('H17',323,53,9),('H17',324,53,10),('H17',325,53,11),('H17',326,53,12),('H17',327,54,1),('H17',329,56,1),('H17',330,57,1),('H17',331,50,NULL),('H17',332,51,NULL),('H17',333,52,NULL),('H17',334,58,1),('H17',335,58,2),('H17',336,58,3),('H17',337,58,4),('H17',338,58,5),('H17',339,58,6),('H17',340,58,7),('H17',341,58,8),('H17',342,58,9),('H17',343,58,10),('H17',344,58,11),('H17',345,58,12),('H17',346,59,1),('H17',347,60,1),('H17',348,61,1),('H17',349,61,2),('H17',350,61,3),('H17',351,61,4),('H17',352,61,5),('H17',353,61,6),('H17',354,61,7),('H17',355,61,8),('H17',356,61,9),('H17',357,61,10),('H17',358,61,11),('H17',359,61,12),('H17',361,62,1),('H17',362,55,2),('H17',363,63,1),('H17',364,63,2),('H17',365,63,3),('H17',366,63,4),('H17',367,63,1),('H17',368,63,2),('H17',369,63,3),('H17',370,63,4),('H17',371,63,1),('H17',372,63,2),('H17',373,63,3),('H17',374,63,4),('H17',375,64,1),('H17',376,64,2),('H17',377,65,1),('H17',378,65,2),('H17',379,65,3),('H17',380,65,4),('H17',381,65,5),('H17',382,65,6),('H17',383,66,1),('H17',391,67,1),('H17',392,68,1),('H17',393,68,2),('H17',394,69,1),('H17',395,69,2),('H17',396,70,1),('H17',404,71,1),('H17',405,72,1),('H17',413,73,1),('H17',414,74,1),('H17',415,74,2),('H17',420,73,1),('H17',421,75,1),('H17',422,75,2),('H17',423,75,3),('H17',424,76,1),('H17',425,76,2),('H17',426,77,1),('H17',427,77,2),('H17',428,77,3),('H17',429,77,4),('H17',430,78,1),('H17',431,67,2),('H17',432,73,2),('H17',433,78,2),('H17',434,71,2),('H17',436,66,2),('H17',440,66,3),('H17',444,66,4),('H17',448,70,2),('H17',451,70,3),('H17',452,70,4),('H17',460,72,2),('H17',464,72,4),('H17',469,72,9),('H17',471,64,1),('H17',472,64,2),('H17',473,65,1),('H17',474,65,2),('H17',475,65,3),('H17',476,65,4),('H17',477,65,5),('H17',478,65,6),('H17',481,66,3),('H17',485,66,7),('H17',489,66,11),('H17',492,67,1),('H17',516,64,4),('H17',517,64,5),('H17',518,65,7),('H17',519,65,8),('H17',520,65,9),('H17',521,65,10),('H17',522,65,11),('H17',523,65,12),('H17',536,66,15),('H17',538,66,16),('H17',541,66,18),('H17',548,66,25),('H18',1,1,0),('H18',2,1,1),('H18',3,1,2),('H18',4,1,3),('H18',5,1,4),('H18',6,1,5),('H18',7,1,6),('H18',8,1,7),('H18',9,1,8),('H18',10,1,9),('H18',11,1,10),('H18',12,2,0),('H18',13,2,1),('H18',14,3,0),('H18',15,3,1),('H18',16,3,2),('H18',17,3,3),('H18',18,3,4),('H18',19,3,5),('H18',20,4,0),('H18',21,4,1),('H18',22,4,2),('H18',23,4,3),('H18',24,4,4),('H18',25,4,5),('H18',26,4,6),('H18',27,4,7),('H18',28,4,8),('H18',29,4,9),('H18',30,4,10),('H18',31,4,11),('H18',32,4,12),('H18',33,5,0),('H18',34,5,1),('H18',35,5,2),('H18',36,5,3),('H18',37,5,4),('H18',38,6,0),('H18',39,6,1),('H18',40,6,2),('H18',41,7,0),('H18',42,7,1),('H18',43,7,2),('H18',44,7,3),('H18',45,7,4),('H18',46,8,0),('H18',47,9,0),('H18',48,9,1),('H18',49,9,2),('H18',50,9,3),('H18',51,10,0),('H18',52,10,1),('H18',53,10,2),('H18',54,10,3),('H18',55,10,4),('H18',56,10,5),('H18',57,10,6),('H18',58,10,7),('H18',59,10,8),('H18',60,11,0),('H18',61,11,1),('H18',62,11,2),('H18',63,11,3),('H18',64,11,4),('H18',65,11,5),('H18',66,11,6),('H18',67,11,7),('H18',68,11,8),('H18',69,11,9),('H18',70,11,10),('H18',71,11,11),('H18',72,11,12),('H18',73,11,13),('H18',74,11,14),('H18',75,11,15),('H18',76,11,16),('H18',77,11,17),('H18',78,11,18),('H18',79,11,19),('H18',80,11,20),('H18',81,11,21),('H18',82,11,22),('H18',83,11,23),('H18',84,11,24),('H18',85,11,25),('H18',86,11,26),('H18',87,11,27),('H18',88,11,28),('H18',89,11,29),('H18',90,11,30),('H18',91,11,31),('H18',92,12,0),('H18',93,12,1),('H18',94,12,2),('H18',95,12,3),('H18',96,12,4),('H18',97,12,5),('H18',98,13,0),('H18',99,13,1),('H18',100,13,2),('H18',101,13,3),('H18',102,13,4),('H18',103,13,5),('H18',104,13,6),('H18',105,13,7),('H18',106,13,8),('H18',107,13,9),('H18',108,13,10),('H18',109,13,11),('H18',110,13,12),('H18',111,14,0),('H18',112,14,1),('H18',113,14,2),('H18',114,14,3),('H18',115,14,4),('H18',116,14,5),('H18',117,14,6),('H18',118,14,7),('H18',119,14,8),('H18',120,14,9),('H18',121,14,10),('H18',122,14,11),('H18',123,15,0),('H18',124,15,1),('H18',125,15,2),('H18',126,15,3),('H18',127,16,0),('H18',128,16,1),('H18',129,16,2),('H18',130,17,0),('H18',131,17,1),('H18',132,17,2),('H18',133,17,3),('H18',134,17,4),('H18',135,18,0),('H18',136,18,1),('H18',137,18,2),('H18',138,18,3),('H18',139,19,0),('H18',140,19,1),('H18',141,19,2),('H18',142,19,3),('H18',143,19,4),('H18',144,20,0),('H18',145,20,1),('H18',146,20,2),('H18',147,20,3),('H18',148,20,4),('H18',149,20,5),('H18',150,21,0),('H18',151,21,1),('H18',152,21,2),('H18',153,21,3),('H18',154,21,4),('H18',155,21,5),('H18',156,21,6),('H18',157,21,7),('H18',158,21,8),('H18',159,21,9),('H18',160,22,0),('H18',161,22,1),('H18',162,22,2),('H18',163,22,3),('H18',164,22,4),('H18',165,22,5),('H18',166,23,0),('H18',167,23,1),('H18',168,23,2),('H18',169,23,3),('H18',170,24,0),('H18',171,24,1),('H18',172,24,2),('H18',173,25,0),('H18',174,25,1),('H18',175,25,2),('H18',176,25,3),('H18',177,25,4),('H18',178,25,5),('H18',179,26,0),('H18',180,26,1),('H18',181,26,2),('H18',182,27,0),('H18',183,27,1),('H18',184,27,2),('H18',185,27,3),('H18',186,28,0),('H18',187,28,1),('H18',188,28,2),('H18',189,28,3),('H18',190,29,0),('H18',191,29,1),('H18',192,29,2),('H18',193,29,3),('H18',194,30,0),('H18',195,30,1),('H18',196,30,2),('H18',197,30,3),('H18',198,30,4),('H18',199,30,5),('H18',200,30,6),('H18',201,30,7),('H18',202,30,8),('H18',203,30,9),('H18',204,30,10),('H18',205,30,11),('H18',206,30,12),('H18',207,30,13),('H18',208,30,14),('H18',209,30,15),('H18',210,31,1),('H18',211,31,2),('H18',212,31,3),('H18',213,32,1),('H18',214,32,2),('H18',215,32,3),('H18',216,32,4),('H18',217,32,5),('H18',218,32,6),('H18',219,33,1),('H18',220,33,2),('H18',221,33,3),('H18',222,33,4),('H18',223,34,1),('H18',224,34,2),('H18',225,34,3),('H18',226,34,4),('H18',227,34,5),('H18',228,34,6),('H18',229,35,1),('H18',230,35,2),('H18',231,35,3),('H18',232,36,1),('H18',233,36,2),('H18',234,36,3),('H18',235,37,1),('H18',236,37,2),('H18',237,37,3),('H18',238,37,4),('H18',239,38,1),('H18',240,38,2),('H18',241,38,3),('H18',242,38,4),('H18',243,39,1),('H18',244,39,2),('H18',245,39,3),('H18',246,39,4),('H18',247,40,1),('H18',248,40,2),('H18',249,40,3),('H18',250,40,4),('H18',251,40,5),('H18',252,40,6),('H18',253,40,7),('H18',254,40,8),('H18',255,40,9),('H18',256,40,10),('H18',257,40,11),('H18',258,41,1),('H18',259,41,2),('H18',260,41,3),('H18',261,41,4),('H18',262,41,5),('H18',263,41,6),('H18',264,41,7),('H18',265,41,8),('H18',266,41,9),('H18',267,42,1),('H18',268,42,2),('H18',269,42,3),('H18',270,42,4),('H18',271,43,1),('H18',272,43,2),('H18',273,43,3),('H18',274,43,4),('H18',275,44,1),('H18',276,44,2),('H18',277,44,3),('H18',278,44,4),('H18',279,44,5),('H18',280,44,6),('H18',281,44,7),('H18',282,44,8),('H18',283,44,9),('H18',284,44,10),('H18',285,44,11),('H18',286,45,1),('H18',287,45,2),('H18',288,12,1),('H18',289,46,1),('H18',290,46,2),('H18',291,46,3),('H18',292,46,4),('H18',293,46,5),('H18',294,46,6),('H18',295,2,1),('H18',296,47,1),('H18',297,47,2),('H18',298,47,3),('H18',299,48,1),('H18',300,48,2),('H18',303,49,1),('H18',304,49,2),('H18',305,49,3),('H18',306,49,4),('H18',307,49,5),('H18',308,49,6),('H18',309,49,7),('H18',310,49,8),('H18',311,49,9),('H18',312,49,10),('H18',313,49,11),('H18',314,49,12),('H18',315,53,1),('H18',316,53,2),('H18',317,53,3),('H18',318,53,4),('H18',319,53,5),('H18',320,53,6),('H18',321,53,7),('H18',322,53,8),('H18',323,53,9),('H18',324,53,10),('H18',325,53,11),('H18',326,53,12),('H18',327,54,1),('H18',329,56,1),('H18',330,57,1),('H18',331,50,NULL),('H18',332,51,NULL),('H18',333,52,NULL),('H18',334,58,1),('H18',335,58,2),('H18',336,58,3),('H18',337,58,4),('H18',338,58,5),('H18',339,58,6),('H18',340,58,7),('H18',341,58,8),('H18',342,58,9),('H18',343,58,10),('H18',344,58,11),('H18',345,58,12),('H18',346,59,1),('H18',347,60,1),('H18',348,61,1),('H18',349,61,2),('H18',350,61,3),('H18',351,61,4),('H18',352,61,5),('H18',353,61,6),('H18',354,61,7),('H18',355,61,8),('H18',356,61,9),('H18',357,61,10),('H18',358,61,11),('H18',359,61,12),('H18',361,62,1),('H18',362,55,2),('H18',363,63,1),('H18',364,63,2),('H18',365,63,3),('H18',366,63,4),('H18',367,63,1),('H18',368,63,2),('H18',369,63,3),('H18',370,63,4),('H18',371,63,1),('H18',372,63,2),('H18',373,63,3),('H18',374,63,4),('H18',375,64,1),('H18',376,64,2),('H18',377,65,1),('H18',378,65,2),('H18',379,65,3),('H18',380,65,4),('H18',381,65,5),('H18',382,65,6),('H18',383,66,1),('H18',391,67,1),('H18',392,68,1),('H18',393,68,2),('H18',394,69,1),('H18',395,69,2),('H18',396,70,1),('H18',404,71,1),('H18',405,72,1),('H18',413,73,1),('H18',414,74,1),('H18',415,74,2),('H18',420,73,1),('H18',421,75,1),('H18',422,75,2),('H18',423,75,3),('H18',424,76,1),('H18',425,76,2),('H18',426,77,1),('H18',427,77,2),('H18',428,77,3),('H18',429,77,4),('H18',430,78,1),('H18',431,67,2),('H18',432,73,2),('H18',433,78,2),('H18',434,71,2),('H18',463,72,2),('H18',464,72,3),('H18',465,72,4),('H18',466,72,5),('H18',467,72,6),('H18',468,72,7),('H18',469,72,8),('H18',470,72,9),('H18',471,64,1),('H18',472,64,2),('H18',473,65,1),('H18',474,65,2),('H18',475,65,3),('H18',476,65,4),('H18',477,65,5),('H18',478,65,6),('H18',479,66,1),('H18',480,66,2),('H18',481,66,3),('H18',482,66,4),('H18',483,66,5),('H18',484,66,6),('H18',485,66,7),('H18',486,66,8),('H18',487,66,9),('H18',488,66,10),('H18',489,66,11),('H18',490,66,12),('H18',491,66,13),('H18',492,67,1),('H18',516,64,4),('H18',517,64,5),('H18',518,65,7),('H18',519,65,8),('H18',520,65,9),('H18',521,65,10),('H18',522,65,11),('H18',523,65,12),('H18',536,66,14),('H18',540,66,15),('H18',541,66,16),('H18',542,66,17),('H18',543,66,18),('H18',544,66,19),('H18',545,66,20),('H18',546,66,21),('H18',547,66,22),('H18',548,66,23),('H19',1,1,0),('H19',2,1,1),('H19',3,1,2),('H19',4,1,3),('H19',5,1,4),('H19',6,1,5),('H19',7,1,6),('H19',8,1,7),('H19',9,1,8),('H19',10,1,9),('H19',11,1,10),('H19',12,2,0),('H19',13,2,1),('H19',14,3,0),('H19',15,3,1),('H19',16,3,2),('H19',17,3,3),('H19',18,3,4),('H19',19,3,5),('H19',20,4,0),('H19',21,4,1),('H19',22,4,2),('H19',23,4,3),('H19',24,4,4),('H19',25,4,5),('H19',26,4,6),('H19',27,4,7),('H19',28,4,8),('H19',29,4,9),('H19',30,4,10),('H19',31,4,11),('H19',32,4,12),('H19',33,5,0),('H19',34,5,1),('H19',35,5,2),('H19',36,5,3),('H19',37,5,4),('H19',38,6,0),('H19',39,6,1),('H19',40,6,2),('H19',41,7,0),('H19',42,7,1),('H19',43,7,2),('H19',44,7,3),('H19',45,7,4),('H19',46,8,0),('H19',47,9,0),('H19',48,9,1),('H19',49,9,2),('H19',50,9,3),('H19',51,10,0),('H19',52,10,1),('H19',53,10,2),('H19',54,10,3),('H19',55,10,4),('H19',56,10,5),('H19',57,10,6),('H19',58,10,7),('H19',59,10,8),('H19',60,11,0),('H19',61,11,1),('H19',62,11,2),('H19',63,11,3),('H19',64,11,4),('H19',65,11,5),('H19',66,11,6),('H19',67,11,7),('H19',68,11,8),('H19',69,11,9),('H19',70,11,10),('H19',71,11,11),('H19',72,11,12),('H19',73,11,13),('H19',74,11,14),('H19',75,11,15),('H19',76,11,16),('H19',77,11,17),('H19',78,11,18),('H19',79,11,19),('H19',80,11,20),('H19',81,11,21),('H19',82,11,22),('H19',83,11,23),('H19',84,11,24),('H19',85,11,25),('H19',86,11,26),('H19',87,11,27),('H19',88,11,28),('H19',89,11,29),('H19',90,11,30),('H19',91,11,31),('H19',92,12,0),('H19',93,12,1),('H19',94,12,2),('H19',95,12,3),('H19',96,12,4),('H19',97,12,5),('H19',98,13,0),('H19',99,13,1),('H19',100,13,2),('H19',101,13,3),('H19',102,13,4),('H19',103,13,5),('H19',104,13,6),('H19',105,13,7),('H19',106,13,8),('H19',107,13,9),('H19',108,13,10),('H19',109,13,11),('H19',110,13,12),('H19',111,14,0),('H19',112,14,1),('H19',113,14,2),('H19',114,14,3),('H19',115,14,4),('H19',116,14,5),('H19',117,14,6),('H19',118,14,7),('H19',119,14,8),('H19',120,14,9),('H19',121,14,10),('H19',122,14,11),('H19',123,15,0),('H19',124,15,1),('H19',125,15,2),('H19',126,15,3),('H19',127,16,0),('H19',128,16,1),('H19',129,16,2),('H19',130,17,0),('H19',131,17,1),('H19',132,17,2),('H19',133,17,3),('H19',134,17,4),('H19',135,18,0),('H19',136,18,1),('H19',137,18,2),('H19',138,18,3),('H19',139,19,0),('H19',140,19,1),('H19',141,19,2),('H19',142,19,3),('H19',143,19,4),('H19',144,20,0),('H19',145,20,1),('H19',146,20,2),('H19',147,20,3),('H19',148,20,4),('H19',149,20,5),('H19',150,21,0),('H19',151,21,1),('H19',152,21,2),('H19',153,21,3),('H19',154,21,4),('H19',155,21,5),('H19',156,21,6),('H19',157,21,7),('H19',158,21,8),('H19',159,21,9),('H19',160,22,0),('H19',161,22,1),('H19',162,22,2),('H19',163,22,3),('H19',164,22,4),('H19',165,22,5),('H19',166,23,0),('H19',167,23,1),('H19',168,23,2),('H19',169,23,3),('H19',170,24,0),('H19',171,24,1),('H19',172,24,2),('H19',173,25,0),('H19',174,25,1),('H19',175,25,2),('H19',176,25,3),('H19',177,25,4),('H19',178,25,5),('H19',179,26,0),('H19',180,26,1),('H19',181,26,2),('H19',182,27,0),('H19',183,27,1),('H19',184,27,2),('H19',185,27,3),('H19',186,28,0),('H19',187,28,1),('H19',188,28,2),('H19',189,28,3),('H19',190,29,0),('H19',191,29,1),('H19',192,29,2),('H19',193,29,3),('H19',194,30,0),('H19',195,30,1),('H19',196,30,2),('H19',197,30,3),('H19',198,30,4),('H19',199,30,5),('H19',200,30,6),('H19',201,30,7),('H19',202,30,8),('H19',203,30,9),('H19',204,30,10),('H19',205,30,11),('H19',206,30,12),('H19',207,30,13),('H19',208,30,14),('H19',209,30,15),('H19',210,31,1),('H19',211,31,2),('H19',212,31,3),('H19',213,32,1),('H19',214,32,2),('H19',215,32,3),('H19',216,32,4),('H19',217,32,5),('H19',218,32,6),('H19',219,33,1),('H19',220,33,2),('H19',221,33,3),('H19',222,33,4),('H19',223,34,1),('H19',224,34,2),('H19',225,34,3),('H19',226,34,4),('H19',227,34,5),('H19',228,34,6),('H19',229,35,1),('H19',230,35,2),('H19',231,35,3),('H19',232,36,1),('H19',233,36,2),('H19',234,36,3),('H19',235,37,1),('H19',236,37,2),('H19',237,37,3),('H19',238,37,4),('H19',239,38,1),('H19',240,38,2),('H19',241,38,3),('H19',242,38,4),('H19',243,39,1),('H19',244,39,2),('H19',245,39,3),('H19',246,39,4),('H19',247,40,1),('H19',248,40,2),('H19',249,40,3),('H19',250,40,4),('H19',251,40,5),('H19',252,40,6),('H19',253,40,7),('H19',254,40,8),('H19',255,40,9),('H19',256,40,10),('H19',257,40,11),('H19',258,41,1),('H19',259,41,2),('H19',260,41,3),('H19',261,41,4),('H19',262,41,5),('H19',263,41,6),('H19',264,41,7),('H19',265,41,8),('H19',266,41,9),('H19',267,42,1),('H19',268,42,2),('H19',269,42,3),('H19',270,42,4),('H19',271,43,1),('H19',272,43,2),('H19',273,43,3),('H19',274,43,4),('H19',275,44,1),('H19',276,44,2),('H19',277,44,3),('H19',278,44,4),('H19',279,44,5),('H19',280,44,6),('H19',281,44,7),('H19',282,44,8),('H19',283,44,9),('H19',284,44,10),('H19',285,44,11),('H19',286,45,1),('H19',287,45,2),('H19',288,12,1),('H19',289,46,1),('H19',290,46,2),('H19',291,46,3),('H19',292,46,4),('H19',293,46,5),('H19',294,46,6),('H19',295,2,1),('H19',296,47,1),('H19',297,47,2),('H19',298,47,3),('H19',299,48,1),('H19',300,48,2),('H19',303,49,1),('H19',304,49,2),('H19',305,49,3),('H19',306,49,4),('H19',307,49,5),('H19',308,49,6),('H19',309,49,7),('H19',310,49,8),('H19',311,49,9),('H19',312,49,10),('H19',313,49,11),('H19',314,49,12),('H19',315,53,1),('H19',316,53,2),('H19',317,53,3),('H19',318,53,4),('H19',319,53,5),('H19',320,53,6),('H19',321,53,7),('H19',322,53,8),('H19',323,53,9),('H19',324,53,10),('H19',325,53,11),('H19',326,53,12),('H19',327,54,1),('H19',329,56,1),('H19',330,57,1),('H19',331,50,NULL),('H19',332,51,NULL),('H19',333,52,NULL),('H19',334,58,1),('H19',335,58,2),('H19',336,58,3),('H19',337,58,4),('H19',338,58,5),('H19',339,58,6),('H19',340,58,7),('H19',341,58,8),('H19',342,58,9),('H19',343,58,10),('H19',344,58,11),('H19',345,58,12),('H19',346,59,1),('H19',347,60,1),('H19',348,61,1),('H19',349,61,2),('H19',350,61,3),('H19',351,61,4),('H19',352,61,5),('H19',353,61,6),('H19',354,61,7),('H19',355,61,8),('H19',356,61,9),('H19',357,61,10),('H19',358,61,11),('H19',359,61,12),('H19',361,62,1),('H19',362,55,2),('H19',363,63,1),('H19',364,63,2),('H19',365,63,3),('H19',366,63,4),('H19',367,63,1),('H19',368,63,2),('H19',369,63,3),('H19',370,63,4),('H19',371,63,1),('H19',372,63,2),('H19',373,63,3),('H19',374,63,4),('H19',375,64,1),('H19',376,64,2),('H19',377,65,1),('H19',378,65,2),('H19',379,65,3),('H19',380,65,4),('H19',381,65,5),('H19',382,65,6),('H19',383,66,1),('H19',391,67,1),('H19',392,68,1),('H19',393,68,2),('H19',394,69,1),('H19',395,69,2),('H19',396,70,1),('H19',404,71,1),('H19',405,72,1),('H19',413,73,1),('H19',414,74,1),('H19',415,74,2),('H19',420,73,1),('H19',421,75,1),('H19',422,75,2),('H19',423,75,3),('H19',424,76,1),('H19',425,76,2),('H19',426,77,1),('H19',427,77,2),('H19',428,77,3),('H19',429,77,4),('H19',430,78,1),('H19',431,67,2),('H19',432,73,2),('H19',433,78,2),('H19',434,71,2),('H19',463,72,2),('H19',464,72,3),('H19',465,72,4),('H19',466,72,5),('H19',467,72,6),('H19',468,72,7),('H19',469,72,8),('H19',470,72,9),('H19',471,64,1),('H19',472,64,2),('H19',473,65,1),('H19',474,65,2),('H19',475,65,3),('H19',476,65,4),('H19',477,65,5),('H19',478,65,6),('H19',479,66,1),('H19',480,66,2),('H19',481,66,3),('H19',482,66,4),('H19',483,66,5),('H19',484,66,6),('H19',485,66,7),('H19',486,66,8),('H19',487,66,9),('H19',488,66,10),('H19',489,66,11),('H19',490,66,12),('H19',491,66,13),('H19',492,67,1),('H19',516,64,4),('H19',517,64,5),('H19',518,65,7),('H19',519,65,8),('H19',520,65,9),('H19',521,65,10),('H19',522,65,11),('H19',523,65,12),('H19',536,66,14),('H19',540,66,15),('H19',541,66,16),('H19',542,66,17),('H19',543,66,18),('H19',544,66,19),('H19',545,66,20),('H19',546,66,21),('H19',547,66,22),('H19',548,66,23),('H2',1,1,0),('H2',2,1,1),('H2',3,1,2),('H2',4,1,3),('H2',5,1,4),('H2',6,1,5),('H2',7,1,6),('H2',8,1,7),('H2',9,1,8),('H2',10,1,9),('H2',11,1,10),('H2',12,2,0),('H2',13,2,1),('H2',14,3,0),('H2',15,3,1),('H2',16,3,2),('H2',17,3,3),('H2',18,3,4),('H2',19,3,5),('H2',20,4,0),('H2',21,4,1),('H2',22,4,2),('H2',23,4,3),('H2',24,4,4),('H2',25,4,5),('H2',26,4,6),('H2',27,4,7),('H2',28,4,8),('H2',29,4,9),('H2',30,4,10),('H2',31,4,11),('H2',32,4,12),('H2',33,5,0),('H2',34,5,1),('H2',35,5,2),('H2',36,5,3),('H2',37,5,4),('H2',38,6,0),('H2',39,6,1),('H2',40,6,2),('H2',41,7,0),('H2',42,7,1),('H2',43,7,2),('H2',44,7,3),('H2',45,7,4),('H2',46,8,0),('H2',47,9,0),('H2',48,9,1),('H2',49,9,2),('H2',50,9,3),('H2',51,10,0),('H2',52,10,1),('H2',53,10,2),('H2',54,10,3),('H2',55,10,4),('H2',56,10,5),('H2',57,10,6),('H2',58,10,7),('H2',59,10,8),('H2',60,11,0),('H2',61,11,1),('H2',62,11,2),('H2',63,11,3),('H2',64,11,4),('H2',65,11,5),('H2',66,11,6),('H2',67,11,7),('H2',68,11,8),('H2',69,11,9),('H2',70,11,10),('H2',71,11,11),('H2',72,11,12),('H2',73,11,13),('H2',74,11,14),('H2',75,11,15),('H2',76,11,16),('H2',77,11,17),('H2',78,11,18),('H2',79,11,19),('H2',80,11,20),('H2',81,11,21),('H2',82,11,22),('H2',83,11,23),('H2',84,11,24),('H2',85,11,25),('H2',86,11,26),('H2',87,11,27),('H2',88,11,28),('H2',89,11,29),('H2',90,11,30),('H2',91,11,31),('H2',92,12,0),('H2',93,12,1),('H2',94,12,2),('H2',95,12,3),('H2',96,12,4),('H2',97,12,5),('H2',98,13,0),('H2',99,13,1),('H2',100,13,2),('H2',101,13,3),('H2',102,13,4),('H2',103,13,5),('H2',104,13,6),('H2',105,13,7),('H2',106,13,8),('H2',107,13,9),('H2',108,13,10),('H2',109,13,11),('H2',110,13,12),('H2',111,14,0),('H2',112,14,1),('H2',113,14,2),('H2',114,14,3),('H2',115,14,4),('H2',116,14,5),('H2',117,14,6),('H2',118,14,7),('H2',119,14,8),('H2',120,14,9),('H2',121,14,10),('H2',122,14,11),('H2',123,15,0),('H2',124,15,1),('H2',125,15,2),('H2',126,15,3),('H2',127,16,0),('H2',128,16,1),('H2',129,16,2),('H2',130,17,0),('H2',131,17,1),('H2',132,17,2),('H2',133,17,3),('H2',134,17,4),('H2',135,18,0),('H2',136,18,1),('H2',137,18,2),('H2',138,18,3),('H2',139,19,0),('H2',140,19,1),('H2',141,19,2),('H2',142,19,3),('H2',143,19,4),('H2',144,20,0),('H2',145,20,1),('H2',146,20,2),('H2',147,20,3),('H2',148,20,4),('H2',149,20,5),('H2',150,21,0),('H2',151,21,1),('H2',152,21,2),('H2',153,21,3),('H2',154,21,4),('H2',155,21,5),('H2',156,21,6),('H2',157,21,7),('H2',158,21,8),('H2',159,21,9),('H2',160,22,0),('H2',161,22,1),('H2',162,22,2),('H2',163,22,3),('H2',164,22,4),('H2',165,22,5),('H2',166,23,0),('H2',167,23,1),('H2',168,23,2),('H2',169,23,3),('H2',170,24,0),('H2',171,24,1),('H2',172,24,2),('H2',173,25,0),('H2',174,25,1),('H2',175,25,2),('H2',176,25,3),('H2',177,25,4),('H2',178,25,5),('H2',179,26,0),('H2',180,26,1),('H2',181,26,2),('H2',182,27,0),('H2',183,27,1),('H2',184,27,2),('H2',185,27,3),('H2',186,28,0),('H2',187,28,1),('H2',188,28,2),('H2',189,28,3),('H2',190,29,0),('H2',191,29,1),('H2',192,29,2),('H2',193,29,3),('H2',194,30,0),('H2',195,30,1),('H2',196,30,2),('H2',197,30,3),('H2',198,30,4),('H2',199,30,5),('H2',200,30,6),('H2',201,30,7),('H2',202,30,8),('H2',203,30,9),('H2',204,30,10),('H2',205,30,11),('H2',206,30,12),('H2',207,30,13),('H2',208,30,14),('H2',209,30,15),('H2',210,31,1),('H2',211,31,2),('H2',212,31,3),('H2',213,32,1),('H2',214,32,2),('H2',215,32,3),('H2',216,32,4),('H2',217,32,5),('H2',218,32,6),('H2',219,33,1),('H2',220,33,2),('H2',221,33,3),('H2',222,33,4),('H2',223,34,1),('H2',224,34,2),('H2',225,34,3),('H2',226,34,4),('H2',227,34,5),('H2',228,34,6),('H2',229,35,1),('H2',230,35,2),('H2',231,35,3),('H2',232,36,1),('H2',233,36,2),('H2',234,36,3),('H2',235,37,1),('H2',236,37,2),('H2',237,37,3),('H2',238,37,4),('H2',239,38,1),('H2',240,38,2),('H2',241,38,3),('H2',242,38,4),('H2',243,39,1),('H2',244,39,2),('H2',245,39,3),('H2',246,39,4),('H2',247,40,1),('H2',248,40,2),('H2',249,40,3),('H2',250,40,4),('H2',251,40,5),('H2',252,40,6),('H2',253,40,7),('H2',254,40,8),('H2',255,40,9),('H2',256,40,10),('H2',257,40,11),('H2',258,41,1),('H2',259,41,2),('H2',260,41,3),('H2',261,41,4),('H2',262,41,5),('H2',263,41,6),('H2',264,41,7),('H2',265,41,8),('H2',266,41,9),('H2',267,42,1),('H2',268,42,2),('H2',269,42,3),('H2',270,42,4),('H2',271,43,1),('H2',272,43,2),('H2',273,43,3),('H2',274,43,4),('H2',275,44,1),('H2',276,44,2),('H2',277,44,3),('H2',278,44,4),('H2',279,44,5),('H2',280,44,6),('H2',281,44,7),('H2',282,44,8),('H2',283,44,9),('H2',284,44,10),('H2',285,44,11),('H2',286,45,1),('H2',287,45,2),('H2',288,12,1),('H2',289,46,1),('H2',290,46,2),('H2',291,46,3),('H2',292,46,4),('H2',293,46,5),('H2',294,46,6),('H2',295,2,1),('H2',296,47,1),('H2',297,47,2),('H2',298,47,3),('H2',299,48,1),('H2',300,48,2),('H20',1,1,0),('H20',2,1,1),('H20',3,1,2),('H20',4,1,3),('H20',5,1,4),('H20',6,1,5),('H20',7,1,6),('H20',8,1,7),('H20',9,1,8),('H20',10,1,9),('H20',11,1,10),('H20',12,2,0),('H20',13,2,1),('H20',14,3,0),('H20',15,3,1),('H20',16,3,2),('H20',17,3,3),('H20',18,3,4),('H20',19,3,5),('H20',20,4,0),('H20',21,4,1),('H20',22,4,2),('H20',23,4,3),('H20',24,4,4),('H20',25,4,5),('H20',26,4,6),('H20',27,4,7),('H20',28,4,8),('H20',29,4,9),('H20',30,4,10),('H20',31,4,11),('H20',32,4,12),('H20',33,5,0),('H20',34,5,1),('H20',35,5,2),('H20',36,5,3),('H20',37,5,4),('H20',38,6,0),('H20',39,6,1),('H20',40,6,2),('H20',41,7,0),('H20',42,7,1),('H20',43,7,2),('H20',44,7,3),('H20',45,7,4),('H20',46,8,0),('H20',47,9,0),('H20',48,9,1),('H20',49,9,2),('H20',50,9,3),('H20',51,10,0),('H20',52,10,1),('H20',53,10,2),('H20',54,10,3),('H20',55,10,4),('H20',56,10,5),('H20',57,10,6),('H20',58,10,7),('H20',59,10,8),('H20',60,11,0),('H20',61,11,1),('H20',62,11,2),('H20',63,11,3),('H20',64,11,4),('H20',65,11,5),('H20',66,11,6),('H20',67,11,7),('H20',68,11,8),('H20',69,11,9),('H20',70,11,10),('H20',71,11,11),('H20',72,11,12),('H20',73,11,13),('H20',74,11,14),('H20',75,11,15),('H20',76,11,16),('H20',77,11,17),('H20',78,11,18),('H20',79,11,19),('H20',80,11,20),('H20',81,11,21),('H20',82,11,22),('H20',83,11,23),('H20',84,11,24),('H20',85,11,25),('H20',86,11,26),('H20',87,11,27),('H20',88,11,28),('H20',89,11,29),('H20',90,11,30),('H20',91,11,31),('H20',92,12,0),('H20',93,12,1),('H20',94,12,2),('H20',95,12,3),('H20',96,12,4),('H20',97,12,5),('H20',98,13,0),('H20',99,13,1),('H20',100,13,2),('H20',101,13,3),('H20',102,13,4),('H20',103,13,5),('H20',104,13,6),('H20',105,13,7),('H20',106,13,8),('H20',107,13,9),('H20',108,13,10),('H20',109,13,11),('H20',110,13,12),('H20',111,14,0),('H20',112,14,1),('H20',113,14,2),('H20',114,14,3),('H20',115,14,4),('H20',116,14,5),('H20',117,14,6),('H20',118,14,7),('H20',119,14,8),('H20',120,14,9),('H20',121,14,10),('H20',122,14,11),('H20',123,15,0),('H20',124,15,1),('H20',125,15,2),('H20',126,15,3),('H20',127,16,0),('H20',128,16,1),('H20',129,16,2),('H20',130,17,0),('H20',131,17,1),('H20',132,17,2),('H20',133,17,3),('H20',134,17,4),('H20',135,18,0),('H20',136,18,1),('H20',137,18,2),('H20',138,18,3),('H20',139,19,0),('H20',140,19,1),('H20',141,19,2),('H20',142,19,3),('H20',143,19,4),('H20',144,20,0),('H20',145,20,1),('H20',146,20,2),('H20',147,20,3),('H20',148,20,4),('H20',149,20,5),('H20',150,21,0),('H20',151,21,1),('H20',152,21,2),('H20',153,21,3),('H20',154,21,4),('H20',155,21,5),('H20',156,21,6),('H20',157,21,7),('H20',158,21,8),('H20',159,21,9),('H20',160,22,0),('H20',161,22,1),('H20',162,22,2),('H20',163,22,3),('H20',164,22,4),('H20',165,22,5),('H20',166,23,0),('H20',167,23,1),('H20',168,23,2),('H20',169,23,3),('H20',170,24,0),('H20',171,24,1),('H20',172,24,2),('H20',173,25,0),('H20',174,25,1),('H20',175,25,2),('H20',176,25,3),('H20',177,25,4),('H20',178,25,5),('H20',179,26,0),('H20',180,26,1),('H20',181,26,2),('H20',182,27,0),('H20',183,27,1),('H20',184,27,2),('H20',185,27,3),('H20',186,28,0),('H20',187,28,1),('H20',188,28,2),('H20',189,28,3),('H20',190,29,0),('H20',191,29,1),('H20',192,29,2),('H20',193,29,3),('H20',194,30,0),('H20',195,30,1),('H20',196,30,2),('H20',197,30,3),('H20',198,30,4),('H20',199,30,5),('H20',200,30,6),('H20',201,30,7),('H20',202,30,8),('H20',203,30,9),('H20',204,30,10),('H20',205,30,11),('H20',206,30,12),('H20',207,30,13),('H20',208,30,14),('H20',209,30,15),('H20',210,31,1),('H20',211,31,2),('H20',212,31,3),('H20',213,32,1),('H20',214,32,2),('H20',215,32,3),('H20',216,32,4),('H20',217,32,5),('H20',218,32,6),('H20',219,33,1),('H20',220,33,2),('H20',221,33,3),('H20',222,33,4),('H20',223,34,1),('H20',224,34,2),('H20',225,34,3),('H20',226,34,4),('H20',227,34,5),('H20',228,34,6),('H20',229,35,1),('H20',230,35,2),('H20',231,35,3),('H20',232,36,1),('H20',233,36,2),('H20',234,36,3),('H20',235,37,1),('H20',236,37,2),('H20',237,37,3),('H20',238,37,4),('H20',239,38,1),('H20',240,38,2),('H20',241,38,3),('H20',242,38,4),('H20',243,39,1),('H20',244,39,2),('H20',245,39,3),('H20',246,39,4),('H20',247,40,1),('H20',248,40,2),('H20',249,40,3),('H20',250,40,4),('H20',251,40,5),('H20',252,40,6),('H20',253,40,7),('H20',254,40,8),('H20',255,40,9),('H20',256,40,10),('H20',257,40,11),('H20',258,41,1),('H20',259,41,2),('H20',260,41,3),('H20',261,41,4),('H20',262,41,5),('H20',263,41,6),('H20',264,41,7),('H20',265,41,8),('H20',266,41,9),('H20',267,42,1),('H20',268,42,2),('H20',269,42,3),('H20',270,42,4),('H20',271,43,1),('H20',272,43,2),('H20',273,43,3),('H20',274,43,4),('H20',275,44,1),('H20',276,44,2),('H20',277,44,3),('H20',278,44,4),('H20',279,44,5),('H20',280,44,6),('H20',281,44,7),('H20',282,44,8),('H20',283,44,9),('H20',284,44,10),('H20',285,44,11),('H20',286,45,1),('H20',287,45,2),('H20',288,12,1),('H20',289,46,1),('H20',290,46,2),('H20',291,46,3),('H20',292,46,4),('H20',293,46,5),('H20',294,46,6),('H20',295,2,1),('H20',296,47,1),('H20',297,47,2),('H20',298,47,3),('H20',299,48,1),('H20',300,48,2),('H20',303,49,1),('H20',304,49,2),('H20',305,49,3),('H20',306,49,4),('H20',307,49,5),('H20',308,49,6),('H20',309,49,7),('H20',310,49,8),('H20',311,49,9),('H20',312,49,10),('H20',313,49,11),('H20',314,49,12),('H20',315,53,1),('H20',316,53,2),('H20',317,53,3),('H20',318,53,4),('H20',319,53,5),('H20',320,53,6),('H20',321,53,7),('H20',322,53,8),('H20',323,53,9),('H20',324,53,10),('H20',325,53,11),('H20',326,53,12),('H20',327,54,1),('H20',329,56,1),('H20',330,57,1),('H20',331,50,NULL),('H20',332,51,NULL),('H20',333,52,NULL),('H20',334,58,1),('H20',335,58,2),('H20',336,58,3),('H20',337,58,4),('H20',338,58,5),('H20',339,58,6),('H20',340,58,7),('H20',341,58,8),('H20',342,58,9),('H20',343,58,10),('H20',344,58,11),('H20',345,58,12),('H20',346,59,1),('H20',347,60,1),('H20',348,61,1),('H20',349,61,2),('H20',350,61,3),('H20',351,61,4),('H20',352,61,5),('H20',353,61,6),('H20',354,61,7),('H20',355,61,8),('H20',356,61,9),('H20',357,61,10),('H20',358,61,11),('H20',359,61,12),('H20',361,62,1),('H20',362,55,2),('H20',363,63,1),('H20',364,63,2),('H20',365,63,3),('H20',366,63,4),('H20',367,63,1),('H20',368,63,2),('H20',369,63,3),('H20',370,63,4),('H20',371,63,1),('H20',372,63,2),('H20',373,63,3),('H20',374,63,4),('H20',375,64,1),('H20',376,64,2),('H20',377,65,1),('H20',378,65,2),('H20',379,65,3),('H20',380,65,4),('H20',381,65,5),('H20',382,65,6),('H20',383,66,1),('H20',391,67,1),('H20',392,68,1),('H20',393,68,2),('H20',394,69,1),('H20',395,69,2),('H20',396,70,1),('H20',404,71,1),('H20',405,72,1),('H20',413,73,1),('H20',414,74,1),('H20',415,74,2),('H20',420,73,1),('H20',421,75,1),('H20',422,75,2),('H20',423,75,3),('H20',424,76,1),('H20',425,76,2),('H20',426,77,1),('H20',427,77,2),('H20',428,77,3),('H20',429,77,4),('H20',430,78,1),('H20',431,67,2),('H20',432,73,2),('H20',433,78,2),('H20',434,71,2),('H20',463,72,2),('H20',464,72,3),('H20',465,72,4),('H20',466,72,5),('H20',467,72,6),('H20',468,72,7),('H20',469,72,8),('H20',470,72,9),('H20',471,64,1),('H20',472,64,2),('H20',473,65,1),('H20',474,65,2),('H20',475,65,3),('H20',476,65,4),('H20',477,65,5),('H20',478,65,6),('H20',479,66,1),('H20',480,66,2),('H20',481,66,3),('H20',482,66,4),('H20',483,66,5),('H20',484,66,6),('H20',485,66,7),('H20',486,66,8),('H20',487,66,9),('H20',488,66,10),('H20',489,66,11),('H20',490,66,12),('H20',491,66,13),('H20',492,67,1),('H20',516,64,4),('H20',517,64,5),('H20',518,65,7),('H20',519,65,8),('H20',520,65,9),('H20',521,65,10),('H20',522,65,11),('H20',523,65,12),('H20',536,66,14),('H20',540,66,15),('H20',541,66,16),('H20',542,66,17),('H20',543,66,18),('H20',544,66,19),('H20',545,66,20),('H20',546,66,21),('H20',547,66,22),('H20',548,66,23),('H3',1,1,0),('H3',2,1,1),('H3',3,1,2),('H3',4,1,3),('H3',5,1,4),('H3',6,1,5),('H3',7,1,6),('H3',8,1,7),('H3',9,1,8),('H3',10,1,9),('H3',11,1,10),('H3',12,2,0),('H3',13,2,1),('H3',14,3,0),('H3',15,3,1),('H3',16,3,2),('H3',17,3,3),('H3',18,3,4),('H3',19,3,5),('H3',20,4,0),('H3',21,4,1),('H3',22,4,2),('H3',23,4,3),('H3',24,4,4),('H3',25,4,5),('H3',26,4,6),('H3',27,4,7),('H3',28,4,8),('H3',29,4,9),('H3',30,4,10),('H3',31,4,11),('H3',32,4,12),('H3',33,5,0),('H3',34,5,1),('H3',35,5,2),('H3',36,5,3),('H3',37,5,4),('H3',38,6,0),('H3',39,6,1),('H3',40,6,2),('H3',41,7,0),('H3',42,7,1),('H3',43,7,2),('H3',44,7,3),('H3',45,7,4),('H3',46,8,0),('H3',47,9,0),('H3',48,9,1),('H3',49,9,2),('H3',50,9,3),('H3',51,10,0),('H3',52,10,1),('H3',53,10,2),('H3',54,10,3),('H3',55,10,4),('H3',56,10,5),('H3',57,10,6),('H3',58,10,7),('H3',59,10,8),('H3',60,11,0),('H3',61,11,1),('H3',62,11,2),('H3',63,11,3),('H3',64,11,4),('H3',65,11,5),('H3',66,11,6),('H3',67,11,7),('H3',68,11,8),('H3',69,11,9),('H3',70,11,10),('H3',71,11,11),('H3',72,11,12),('H3',73,11,13),('H3',74,11,14),('H3',75,11,15),('H3',76,11,16),('H3',77,11,17),('H3',78,11,18),('H3',79,11,19),('H3',80,11,20),('H3',81,11,21),('H3',82,11,22),('H3',83,11,23),('H3',84,11,24),('H3',85,11,25),('H3',86,11,26),('H3',87,11,27),('H3',88,11,28),('H3',89,11,29),('H3',90,11,30),('H3',91,11,31),('H3',92,12,0),('H3',93,12,1),('H3',94,12,2),('H3',95,12,3),('H3',96,12,4),('H3',97,12,5),('H3',98,13,0),('H3',99,13,1),('H3',100,13,2),('H3',101,13,3),('H3',102,13,4),('H3',103,13,5),('H3',104,13,6),('H3',105,13,7),('H3',106,13,8),('H3',107,13,9),('H3',108,13,10),('H3',109,13,11),('H3',110,13,12),('H3',111,14,0),('H3',112,14,1),('H3',113,14,2),('H3',114,14,3),('H3',115,14,4),('H3',116,14,5),('H3',117,14,6),('H3',118,14,7),('H3',119,14,8),('H3',120,14,9),('H3',121,14,10),('H3',122,14,11),('H3',123,15,0),('H3',124,15,1),('H3',125,15,2),('H3',126,15,3),('H3',127,16,0),('H3',128,16,1),('H3',129,16,2),('H3',130,17,0),('H3',131,17,1),('H3',132,17,2),('H3',133,17,3),('H3',134,17,4),('H3',135,18,0),('H3',136,18,1),('H3',137,18,2),('H3',138,18,3),('H3',139,19,0),('H3',140,19,1),('H3',141,19,2),('H3',142,19,3),('H3',143,19,4),('H3',144,20,0),('H3',145,20,1),('H3',146,20,2),('H3',147,20,3),('H3',148,20,4),('H3',149,20,5),('H3',150,21,0),('H3',151,21,1),('H3',152,21,2),('H3',153,21,3),('H3',154,21,4),('H3',155,21,5),('H3',156,21,6),('H3',157,21,7),('H3',158,21,8),('H3',159,21,9),('H3',160,22,0),('H3',161,22,1),('H3',162,22,2),('H3',163,22,3),('H3',164,22,4),('H3',165,22,5),('H3',166,23,0),('H3',167,23,1),('H3',168,23,2),('H3',169,23,3),('H3',170,24,0),('H3',171,24,1),('H3',172,24,2),('H3',173,25,0),('H3',174,25,1),('H3',175,25,2),('H3',176,25,3),('H3',177,25,4),('H3',178,25,5),('H3',179,26,0),('H3',180,26,1),('H3',181,26,2),('H3',182,27,0),('H3',183,27,1),('H3',184,27,2),('H3',185,27,3),('H3',186,28,0),('H3',187,28,1),('H3',188,28,2),('H3',189,28,3),('H3',190,29,0),('H3',191,29,1),('H3',192,29,2),('H3',193,29,3),('H3',194,30,0),('H3',195,30,1),('H3',196,30,2),('H3',197,30,3),('H3',198,30,4),('H3',199,30,5),('H3',200,30,6),('H3',201,30,7),('H3',202,30,8),('H3',203,30,9),('H3',204,30,10),('H3',205,30,11),('H3',206,30,12),('H3',207,30,13),('H3',208,30,14),('H3',209,30,15),('H3',210,31,1),('H3',211,31,2),('H3',212,31,3),('H3',213,32,1),('H3',214,32,2),('H3',215,32,3),('H3',216,32,4),('H3',217,32,5),('H3',218,32,6),('H3',219,33,1),('H3',220,33,2),('H3',221,33,3),('H3',222,33,4),('H3',223,34,1),('H3',224,34,2),('H3',225,34,3),('H3',226,34,4),('H3',227,34,5),('H3',228,34,6),('H3',229,35,1),('H3',230,35,2),('H3',231,35,3),('H3',232,36,1),('H3',233,36,2),('H3',234,36,3),('H3',235,37,1),('H3',236,37,2),('H3',237,37,3),('H3',238,37,4),('H3',239,38,1),('H3',240,38,2),('H3',241,38,3),('H3',242,38,4),('H3',243,39,1),('H3',244,39,2),('H3',245,39,3),('H3',246,39,4),('H3',247,40,1),('H3',248,40,2),('H3',249,40,3),('H3',250,40,4),('H3',251,40,5),('H3',252,40,6),('H3',253,40,7),('H3',254,40,8),('H3',255,40,9),('H3',256,40,10),('H3',257,40,11),('H3',258,41,1),('H3',259,41,2),('H3',260,41,3),('H3',261,41,4),('H3',262,41,5),('H3',263,41,6),('H3',264,41,7),('H3',265,41,8),('H3',266,41,9),('H3',267,42,1),('H3',268,42,2),('H3',269,42,3),('H3',270,42,4),('H3',271,43,1),('H3',272,43,2),('H3',273,43,3),('H3',274,43,4),('H3',275,44,1),('H3',276,44,2),('H3',277,44,3),('H3',278,44,4),('H3',279,44,5),('H3',280,44,6),('H3',281,44,7),('H3',282,44,8),('H3',283,44,9),('H3',284,44,10),('H3',285,44,11),('H3',286,45,1),('H3',287,45,2),('H3',288,12,1),('H3',289,46,1),('H3',290,46,2),('H3',291,46,3),('H3',292,46,4),('H3',293,46,5),('H3',294,46,6),('H3',295,2,1),('H3',296,47,1),('H3',297,47,2),('H3',298,47,3),('H3',299,48,1),('H3',300,48,2),('H4',1,1,0),('H4',2,1,1),('H4',3,1,2),('H4',4,1,3),('H4',5,1,4),('H4',6,1,5),('H4',7,1,6),('H4',8,1,7),('H4',9,1,8),('H4',10,1,9),('H4',11,1,10),('H4',12,2,0),('H4',13,2,1),('H4',14,3,0),('H4',15,3,1),('H4',16,3,2),('H4',17,3,3),('H4',18,3,4),('H4',19,3,5),('H4',20,4,0),('H4',21,4,1),('H4',22,4,2),('H4',23,4,3),('H4',24,4,4),('H4',25,4,5),('H4',26,4,6),('H4',27,4,7),('H4',28,4,8),('H4',29,4,9),('H4',30,4,10),('H4',31,4,11),('H4',32,4,12),('H4',33,5,0),('H4',34,5,1),('H4',35,5,2),('H4',36,5,3),('H4',37,5,4),('H4',38,6,0),('H4',39,6,1),('H4',40,6,2),('H4',41,7,0),('H4',42,7,1),('H4',43,7,2),('H4',44,7,3),('H4',45,7,4),('H4',46,8,0),('H4',47,9,0),('H4',48,9,1),('H4',49,9,2),('H4',50,9,3),('H4',51,10,0),('H4',52,10,1),('H4',53,10,2),('H4',54,10,3),('H4',55,10,4),('H4',56,10,5),('H4',57,10,6),('H4',58,10,7),('H4',59,10,8),('H4',60,11,0),('H4',61,11,1),('H4',62,11,2),('H4',63,11,3),('H4',64,11,4),('H4',65,11,5),('H4',66,11,6),('H4',67,11,7),('H4',68,11,8),('H4',69,11,9),('H4',70,11,10),('H4',71,11,11),('H4',72,11,12),('H4',73,11,13),('H4',74,11,14),('H4',75,11,15),('H4',76,11,16),('H4',77,11,17),('H4',78,11,18),('H4',79,11,19),('H4',80,11,20),('H4',81,11,21),('H4',82,11,22),('H4',83,11,23),('H4',84,11,24),('H4',85,11,25),('H4',86,11,26),('H4',87,11,27),('H4',88,11,28),('H4',89,11,29),('H4',90,11,30),('H4',91,11,31),('H4',92,12,0),('H4',93,12,1),('H4',94,12,2),('H4',95,12,3),('H4',96,12,4),('H4',97,12,5),('H4',98,13,0),('H4',99,13,1),('H4',100,13,2),('H4',101,13,3),('H4',102,13,4),('H4',103,13,5),('H4',104,13,6),('H4',105,13,7),('H4',106,13,8),('H4',107,13,9),('H4',108,13,10),('H4',109,13,11),('H4',110,13,12),('H4',111,14,0),('H4',112,14,1),('H4',113,14,2),('H4',114,14,3),('H4',115,14,4),('H4',116,14,5),('H4',117,14,6),('H4',118,14,7),('H4',119,14,8),('H4',120,14,9),('H4',121,14,10),('H4',122,14,11),('H4',123,15,0),('H4',124,15,1),('H4',125,15,2),('H4',126,15,3),('H4',127,16,0),('H4',128,16,1),('H4',129,16,2),('H4',130,17,0),('H4',131,17,1),('H4',132,17,2),('H4',133,17,3),('H4',134,17,4),('H4',135,18,0),('H4',136,18,1),('H4',137,18,2),('H4',138,18,3),('H4',139,19,0),('H4',140,19,1),('H4',141,19,2),('H4',142,19,3),('H4',143,19,4),('H4',144,20,0),('H4',145,20,1),('H4',146,20,2),('H4',147,20,3),('H4',148,20,4),('H4',149,20,5),('H4',150,21,0),('H4',151,21,1),('H4',152,21,2),('H4',153,21,3),('H4',154,21,4),('H4',155,21,5),('H4',156,21,6),('H4',157,21,7),('H4',158,21,8),('H4',159,21,9),('H4',160,22,0),('H4',161,22,1),('H4',162,22,2),('H4',163,22,3),('H4',164,22,4),('H4',165,22,5),('H4',166,23,0),('H4',167,23,1),('H4',168,23,2),('H4',169,23,3),('H4',170,24,0),('H4',171,24,1),('H4',172,24,2),('H4',173,25,0),('H4',174,25,1),('H4',175,25,2),('H4',176,25,3),('H4',177,25,4),('H4',178,25,5),('H4',179,26,0),('H4',180,26,1),('H4',181,26,2),('H4',182,27,0),('H4',183,27,1),('H4',184,27,2),('H4',185,27,3),('H4',186,28,0),('H4',187,28,1),('H4',188,28,2),('H4',189,28,3),('H4',190,29,0),('H4',191,29,1),('H4',192,29,2),('H4',193,29,3),('H4',194,30,0),('H4',195,30,1),('H4',196,30,2),('H4',197,30,3),('H4',198,30,4),('H4',199,30,5),('H4',200,30,6),('H4',201,30,7),('H4',202,30,8),('H4',203,30,9),('H4',204,30,10),('H4',205,30,11),('H4',206,30,12),('H4',207,30,13),('H4',208,30,14),('H4',209,30,15),('H4',210,31,1),('H4',211,31,2),('H4',212,31,3),('H4',213,32,1),('H4',214,32,2),('H4',215,32,3),('H4',216,32,4),('H4',217,32,5),('H4',218,32,6),('H4',219,33,1),('H4',220,33,2),('H4',221,33,3),('H4',222,33,4),('H4',223,34,1),('H4',224,34,2),('H4',225,34,3),('H4',226,34,4),('H4',227,34,5),('H4',228,34,6),('H4',229,35,1),('H4',230,35,2),('H4',231,35,3),('H4',232,36,1),('H4',233,36,2),('H4',234,36,3),('H4',235,37,1),('H4',236,37,2),('H4',237,37,3),('H4',238,37,4),('H4',239,38,1),('H4',240,38,2),('H4',241,38,3),('H4',242,38,4),('H4',243,39,1),('H4',244,39,2),('H4',245,39,3),('H4',246,39,4),('H4',247,40,1),('H4',248,40,2),('H4',249,40,3),('H4',250,40,4),('H4',251,40,5),('H4',252,40,6),('H4',253,40,7),('H4',254,40,8),('H4',255,40,9),('H4',256,40,10),('H4',257,40,11),('H4',258,41,1),('H4',259,41,2),('H4',260,41,3),('H4',261,41,4),('H4',262,41,5),('H4',263,41,6),('H4',264,41,7),('H4',265,41,8),('H4',266,41,9),('H4',267,42,1),('H4',268,42,2),('H4',269,42,3),('H4',270,42,4),('H4',271,43,1),('H4',272,43,2),('H4',273,43,3),('H4',274,43,4),('H4',275,44,1),('H4',276,44,2),('H4',277,44,3),('H4',278,44,4),('H4',279,44,5),('H4',280,44,6),('H4',281,44,7),('H4',282,44,8),('H4',283,44,9),('H4',284,44,10),('H4',285,44,11),('H4',286,45,1),('H4',287,45,2),('H4',288,12,1),('H4',289,46,1),('H4',290,46,2),('H4',291,46,3),('H4',292,46,4),('H4',293,46,5),('H4',294,46,6),('H4',295,2,1),('H4',296,47,1),('H4',297,47,2),('H4',298,47,3),('H4',299,48,1),('H4',300,48,2),('H5',1,1,0),('H5',2,1,1),('H5',3,1,2),('H5',4,1,3),('H5',5,1,4),('H5',6,1,5),('H5',7,1,6),('H5',8,1,7),('H5',9,1,8),('H5',10,1,9),('H5',11,1,10),('H5',12,2,0),('H5',13,2,1),('H5',14,3,0),('H5',15,3,1),('H5',16,3,2),('H5',17,3,3),('H5',18,3,4),('H5',19,3,5),('H5',20,4,0),('H5',21,4,1),('H5',22,4,2),('H5',23,4,3),('H5',24,4,4),('H5',25,4,5),('H5',26,4,6),('H5',27,4,7),('H5',28,4,8),('H5',29,4,9),('H5',30,4,10),('H5',31,4,11),('H5',32,4,12),('H5',33,5,0),('H5',34,5,1),('H5',35,5,2),('H5',36,5,3),('H5',37,5,4),('H5',38,6,0),('H5',39,6,1),('H5',40,6,2),('H5',41,7,0),('H5',42,7,1),('H5',43,7,2),('H5',44,7,3),('H5',45,7,4),('H5',46,8,0),('H5',47,9,0),('H5',48,9,1),('H5',49,9,2),('H5',50,9,3),('H5',51,10,0),('H5',52,10,1),('H5',53,10,2),('H5',54,10,3),('H5',55,10,4),('H5',56,10,5),('H5',57,10,6),('H5',58,10,7),('H5',59,10,8),('H5',60,11,0),('H5',61,11,1),('H5',62,11,2),('H5',63,11,3),('H5',64,11,4),('H5',65,11,5),('H5',66,11,6),('H5',67,11,7),('H5',68,11,8),('H5',69,11,9),('H5',70,11,10),('H5',71,11,11),('H5',72,11,12),('H5',73,11,13),('H5',74,11,14),('H5',75,11,15),('H5',76,11,16),('H5',77,11,17),('H5',78,11,18),('H5',79,11,19),('H5',80,11,20),('H5',81,11,21),('H5',82,11,22),('H5',83,11,23),('H5',84,11,24),('H5',85,11,25),('H5',86,11,26),('H5',87,11,27),('H5',88,11,28),('H5',89,11,29),('H5',90,11,30),('H5',91,11,31),('H5',92,12,0),('H5',93,12,1),('H5',94,12,2),('H5',95,12,3),('H5',96,12,4),('H5',97,12,5),('H5',98,13,0),('H5',99,13,1),('H5',100,13,2),('H5',101,13,3),('H5',102,13,4),('H5',103,13,5),('H5',104,13,6),('H5',105,13,7),('H5',106,13,8),('H5',107,13,9),('H5',108,13,10),('H5',109,13,11),('H5',110,13,12),('H5',111,14,0),('H5',112,14,1),('H5',113,14,2),('H5',114,14,3),('H5',115,14,4),('H5',116,14,5),('H5',117,14,6),('H5',118,14,7),('H5',119,14,8),('H5',120,14,9),('H5',121,14,10),('H5',122,14,11),('H5',123,15,0),('H5',124,15,1),('H5',125,15,2),('H5',126,15,3),('H5',127,16,0),('H5',128,16,1),('H5',129,16,2),('H5',130,17,0),('H5',131,17,1),('H5',132,17,2),('H5',133,17,3),('H5',134,17,4),('H5',135,18,0),('H5',136,18,1),('H5',137,18,2),('H5',138,18,3),('H5',139,19,0),('H5',140,19,1),('H5',141,19,2),('H5',142,19,3),('H5',143,19,4),('H5',144,20,0),('H5',145,20,1),('H5',146,20,2),('H5',147,20,3),('H5',148,20,4),('H5',149,20,5),('H5',150,21,0),('H5',151,21,1),('H5',152,21,2),('H5',153,21,3),('H5',154,21,4),('H5',155,21,5),('H5',156,21,6),('H5',157,21,7),('H5',158,21,8),('H5',159,21,9),('H5',160,22,0),('H5',161,22,1),('H5',162,22,2),('H5',163,22,3),('H5',164,22,4),('H5',165,22,5),('H5',166,23,0),('H5',167,23,1),('H5',168,23,2),('H5',169,23,3),('H5',170,24,0),('H5',171,24,1),('H5',172,24,2),('H5',173,25,0),('H5',174,25,1),('H5',175,25,2),('H5',176,25,3),('H5',177,25,4),('H5',178,25,5),('H5',179,26,0),('H5',180,26,1),('H5',181,26,2),('H5',182,27,0),('H5',183,27,1),('H5',184,27,2),('H5',185,27,3),('H5',186,28,0),('H5',187,28,1),('H5',188,28,2),('H5',189,28,3),('H5',190,29,0),('H5',191,29,1),('H5',192,29,2),('H5',193,29,3),('H5',194,30,0),('H5',195,30,1),('H5',196,30,2),('H5',197,30,3),('H5',198,30,4),('H5',199,30,5),('H5',200,30,6),('H5',201,30,7),('H5',202,30,8),('H5',203,30,9),('H5',204,30,10),('H5',205,30,11),('H5',206,30,12),('H5',207,30,13),('H5',208,30,14),('H5',209,30,15),('H5',210,31,1),('H5',211,31,2),('H5',212,31,3),('H5',213,32,1),('H5',214,32,2),('H5',215,32,3),('H5',216,32,4),('H5',217,32,5),('H5',218,32,6),('H5',219,33,1),('H5',220,33,2),('H5',221,33,3),('H5',222,33,4),('H5',223,34,1),('H5',224,34,2),('H5',225,34,3),('H5',226,34,4),('H5',227,34,5),('H5',228,34,6),('H5',229,35,1),('H5',230,35,2),('H5',231,35,3),('H5',232,36,1),('H5',233,36,2),('H5',234,36,3),('H5',235,37,1),('H5',236,37,2),('H5',237,37,3),('H5',238,37,4),('H5',239,38,1),('H5',240,38,2),('H5',241,38,3),('H5',242,38,4),('H5',243,39,1),('H5',244,39,2),('H5',245,39,3),('H5',246,39,4),('H5',247,40,1),('H5',248,40,2),('H5',249,40,3),('H5',250,40,4),('H5',251,40,5),('H5',252,40,6),('H5',253,40,7),('H5',254,40,8),('H5',255,40,9),('H5',256,40,10),('H5',257,40,11),('H5',258,41,1),('H5',259,41,2),('H5',260,41,3),('H5',261,41,4),('H5',262,41,5),('H5',263,41,6),('H5',264,41,7),('H5',265,41,8),('H5',266,41,9),('H5',267,42,1),('H5',268,42,2),('H5',269,42,3),('H5',270,42,4),('H5',271,43,1),('H5',272,43,2),('H5',273,43,3),('H5',274,43,4),('H5',275,44,1),('H5',276,44,2),('H5',277,44,3),('H5',278,44,4),('H5',279,44,5),('H5',280,44,6),('H5',281,44,7),('H5',282,44,8),('H5',283,44,9),('H5',284,44,10),('H5',285,44,11),('H5',286,45,1),('H5',287,45,2),('H5',288,12,1),('H5',289,46,1),('H5',290,46,2),('H5',291,46,3),('H5',292,46,4),('H5',293,46,5),('H5',294,46,6),('H5',295,2,1),('H5',296,47,1),('H5',297,47,2),('H5',298,47,3),('H5',299,48,1),('H5',300,48,2),('H6',1,1,0),('H6',2,1,1),('H6',3,1,2),('H6',4,1,3),('H6',5,1,4),('H6',6,1,5),('H6',7,1,6),('H6',8,1,7),('H6',9,1,8),('H6',10,1,9),('H6',11,1,10),('H6',12,2,0),('H6',13,2,1),('H6',14,3,0),('H6',15,3,1),('H6',16,3,2),('H6',17,3,3),('H6',18,3,4),('H6',19,3,5),('H6',20,4,0),('H6',21,4,1),('H6',22,4,2),('H6',23,4,3),('H6',24,4,4),('H6',25,4,5),('H6',26,4,6),('H6',27,4,7),('H6',28,4,8),('H6',29,4,9),('H6',30,4,10),('H6',31,4,11),('H6',32,4,12),('H6',33,5,0),('H6',34,5,1),('H6',35,5,2),('H6',36,5,3),('H6',37,5,4),('H6',38,6,0),('H6',39,6,1),('H6',40,6,2),('H6',41,7,0),('H6',42,7,1),('H6',43,7,2),('H6',44,7,3),('H6',45,7,4),('H6',46,8,0),('H6',47,9,0),('H6',48,9,1),('H6',49,9,2),('H6',50,9,3),('H6',51,10,0),('H6',52,10,1),('H6',53,10,2),('H6',54,10,3),('H6',55,10,4),('H6',56,10,5),('H6',57,10,6),('H6',58,10,7),('H6',59,10,8),('H6',60,11,0),('H6',61,11,1),('H6',62,11,2),('H6',63,11,3),('H6',64,11,4),('H6',65,11,5),('H6',66,11,6),('H6',67,11,7),('H6',68,11,8),('H6',69,11,9),('H6',70,11,10),('H6',71,11,11),('H6',72,11,12),('H6',73,11,13),('H6',74,11,14),('H6',75,11,15),('H6',76,11,16),('H6',77,11,17),('H6',78,11,18),('H6',79,11,19),('H6',80,11,20),('H6',81,11,21),('H6',82,11,22),('H6',83,11,23),('H6',84,11,24),('H6',85,11,25),('H6',86,11,26),('H6',87,11,27),('H6',88,11,28),('H6',89,11,29),('H6',90,11,30),('H6',91,11,31),('H6',92,12,0),('H6',93,12,1),('H6',94,12,2),('H6',95,12,3),('H6',96,12,4),('H6',97,12,5),('H6',98,13,0),('H6',99,13,1),('H6',100,13,2),('H6',101,13,3),('H6',102,13,4),('H6',103,13,5),('H6',104,13,6),('H6',105,13,7),('H6',106,13,8),('H6',107,13,9),('H6',108,13,10),('H6',109,13,11),('H6',110,13,12),('H6',111,14,0),('H6',112,14,1),('H6',113,14,2),('H6',114,14,3),('H6',115,14,4),('H6',116,14,5),('H6',117,14,6),('H6',118,14,7),('H6',119,14,8),('H6',120,14,9),('H6',121,14,10),('H6',122,14,11),('H6',123,15,0),('H6',124,15,1),('H6',125,15,2),('H6',126,15,3),('H6',127,16,0),('H6',128,16,1),('H6',129,16,2),('H6',130,17,0),('H6',131,17,1),('H6',132,17,2),('H6',133,17,3),('H6',134,17,4),('H6',135,18,0),('H6',136,18,1),('H6',137,18,2),('H6',138,18,3),('H6',139,19,0),('H6',140,19,1),('H6',141,19,2),('H6',142,19,3),('H6',143,19,4),('H6',144,20,0),('H6',145,20,1),('H6',146,20,2),('H6',147,20,3),('H6',148,20,4),('H6',149,20,5),('H6',150,21,0),('H6',151,21,1),('H6',152,21,2),('H6',153,21,3),('H6',154,21,4),('H6',155,21,5),('H6',156,21,6),('H6',157,21,7),('H6',158,21,8),('H6',159,21,9),('H6',160,22,0),('H6',161,22,1),('H6',162,22,2),('H6',163,22,3),('H6',164,22,4),('H6',165,22,5),('H6',166,23,0),('H6',167,23,1),('H6',168,23,2),('H6',169,23,3),('H6',170,24,0),('H6',171,24,1),('H6',172,24,2),('H6',173,25,0),('H6',174,25,1),('H6',175,25,2),('H6',176,25,3),('H6',177,25,4),('H6',178,25,5),('H6',179,26,0),('H6',180,26,1),('H6',181,26,2),('H6',182,27,0),('H6',183,27,1),('H6',184,27,2),('H6',185,27,3),('H6',186,28,0),('H6',187,28,1),('H6',188,28,2),('H6',189,28,3),('H6',190,29,0),('H6',191,29,1),('H6',192,29,2),('H6',193,29,3),('H6',194,30,0),('H6',195,30,1),('H6',196,30,2),('H6',197,30,3),('H6',198,30,4),('H6',199,30,5),('H6',200,30,6),('H6',201,30,7),('H6',202,30,8),('H6',203,30,9),('H6',204,30,10),('H6',205,30,11),('H6',206,30,12),('H6',207,30,13),('H6',208,30,14),('H6',209,30,15),('H6',210,31,1),('H6',211,31,2),('H6',212,31,3),('H6',213,32,1),('H6',214,32,2),('H6',215,32,3),('H6',216,32,4),('H6',217,32,5),('H6',218,32,6),('H6',219,33,1),('H6',220,33,2),('H6',221,33,3),('H6',222,33,4),('H6',223,34,1),('H6',224,34,2),('H6',225,34,3),('H6',226,34,4),('H6',227,34,5),('H6',228,34,6),('H6',229,35,1),('H6',230,35,2),('H6',231,35,3),('H6',232,36,1),('H6',233,36,2),('H6',234,36,3),('H6',235,37,1),('H6',236,37,2),('H6',237,37,3),('H6',238,37,4),('H6',239,38,1),('H6',240,38,2),('H6',241,38,3),('H6',242,38,4),('H6',243,39,1),('H6',244,39,2),('H6',245,39,3),('H6',246,39,4),('H6',247,40,1),('H6',248,40,2),('H6',249,40,3),('H6',250,40,4),('H6',251,40,5),('H6',252,40,6),('H6',253,40,7),('H6',254,40,8),('H6',255,40,9),('H6',256,40,10),('H6',257,40,11),('H6',258,41,1),('H6',259,41,2),('H6',260,41,3),('H6',261,41,4),('H6',262,41,5),('H6',263,41,6),('H6',264,41,7),('H6',265,41,8),('H6',266,41,9),('H6',267,42,1),('H6',268,42,2),('H6',269,42,3),('H6',270,42,4),('H6',271,43,1),('H6',272,43,2),('H6',273,43,3),('H6',274,43,4),('H6',275,44,1),('H6',276,44,2),('H6',277,44,3),('H6',278,44,4),('H6',279,44,5),('H6',280,44,6),('H6',281,44,7),('H6',282,44,8),('H6',283,44,9),('H6',284,44,10),('H6',285,44,11),('H6',286,45,1),('H6',287,45,2),('H6',288,12,1),('H6',289,46,1),('H6',290,46,2),('H6',291,46,3),('H6',292,46,4),('H6',293,46,5),('H6',294,46,6),('H6',295,2,1),('H6',296,47,1),('H6',297,47,2),('H6',298,47,3),('H6',299,48,1),('H6',300,48,2),('H6',303,49,1),('H6',304,49,2),('H6',305,49,3),('H6',306,49,4),('H6',307,49,5),('H6',308,49,6),('H6',309,49,7),('H6',310,49,8),('H6',311,49,9),('H6',312,49,10),('H6',313,49,11),('H6',314,49,12),('H6',315,53,1),('H6',316,53,2),('H6',317,53,3),('H6',318,53,4),('H6',319,53,5),('H6',320,53,6),('H6',321,53,7),('H6',322,53,8),('H6',323,53,9),('H6',324,53,10),('H6',325,53,11),('H6',326,53,12),('H6',327,54,1),('H6',329,56,1),('H6',330,57,1),('H6',331,50,NULL),('H6',332,51,NULL),('H6',333,52,NULL),('H6',334,58,1),('H6',335,58,2),('H6',336,58,3),('H6',337,58,4),('H6',338,58,5),('H6',339,58,6),('H6',340,58,7),('H6',341,58,8),('H6',342,58,9),('H6',343,58,10),('H6',344,58,11),('H6',345,58,12),('H6',346,59,1),('H6',347,60,1),('H6',348,61,1),('H6',349,61,2),('H6',350,61,3),('H6',351,61,4),('H6',352,61,5),('H6',353,61,6),('H6',354,61,7),('H6',355,61,8),('H6',356,61,9),('H6',357,61,10),('H6',358,61,11),('H6',359,61,12),('H6',361,62,1),('H6',362,55,2),('H6',363,63,1),('H6',364,63,2),('H6',365,63,3),('H6',366,63,4),('H6',367,63,1),('H6',368,63,2),('H6',369,63,3),('H6',370,63,4),('H6',371,63,1),('H6',372,63,2),('H6',373,63,3),('H6',374,63,4),('H6',375,64,1),('H6',376,64,2),('H6',377,65,1),('H6',378,65,2),('H6',379,65,3),('H6',380,65,4),('H6',381,65,5),('H6',382,65,6),('H6',383,66,1),('H6',391,67,1),('H6',392,68,1),('H6',393,68,2),('H6',394,69,1),('H6',395,69,2),('H6',396,70,1),('H6',404,71,1),('H6',405,72,1),('H6',413,73,1),('H6',414,74,1),('H6',415,74,2),('H6',420,73,1),('H6',421,75,1),('H6',422,75,2),('H6',423,75,3),('H6',424,76,1),('H6',425,76,2),('H6',426,77,1),('H6',427,77,2),('H6',428,77,3),('H6',429,77,4),('H6',430,78,1),('H6',431,67,2),('H6',432,73,2),('H6',433,78,2),('H6',434,71,2),('H6',463,72,2),('H6',464,72,3),('H6',465,72,4),('H6',466,72,5),('H6',467,72,6),('H6',468,72,7),('H6',469,72,8),('H6',470,72,9),('H6',471,64,1),('H6',472,64,2),('H6',473,65,1),('H6',474,65,2),('H6',475,65,3),('H6',476,65,4),('H6',477,65,5),('H6',478,65,6),('H6',479,66,1),('H6',480,66,2),('H6',481,66,3),('H6',482,66,4),('H6',483,66,5),('H6',484,66,6),('H6',485,66,7),('H6',486,66,8),('H6',487,66,9),('H6',488,66,10),('H6',489,66,11),('H6',490,66,12),('H6',491,66,13),('H6',492,67,1),('H6',516,64,4),('H6',517,64,5),('H6',518,65,7),('H6',519,65,8),('H6',520,65,9),('H6',521,65,10),('H6',522,65,11),('H6',523,65,12),('H6',536,66,14),('H6',540,66,15),('H6',541,66,16),('H6',542,66,17),('H6',543,66,18),('H6',544,66,19),('H6',545,66,20),('H6',546,66,21),('H6',547,66,22),('H6',548,66,23),('H7',1,1,0),('H7',2,1,1),('H7',3,1,2),('H7',4,1,3),('H7',5,1,4),('H7',6,1,5),('H7',7,1,6),('H7',8,1,7),('H7',9,1,8),('H7',10,1,9),('H7',11,1,10),('H7',12,2,0),('H7',13,2,1),('H7',14,3,0),('H7',15,3,1),('H7',16,3,2),('H7',17,3,3),('H7',18,3,4),('H7',19,3,5),('H7',20,4,0),('H7',21,4,1),('H7',22,4,2),('H7',23,4,3),('H7',24,4,4),('H7',25,4,5),('H7',26,4,6),('H7',27,4,7),('H7',28,4,8),('H7',29,4,9),('H7',30,4,10),('H7',31,4,11),('H7',32,4,12),('H7',33,5,0),('H7',34,5,1),('H7',35,5,2),('H7',36,5,3),('H7',37,5,4),('H7',38,6,0),('H7',39,6,1),('H7',40,6,2),('H7',41,7,0),('H7',42,7,1),('H7',43,7,2),('H7',44,7,3),('H7',45,7,4),('H7',46,8,0),('H7',47,9,0),('H7',48,9,1),('H7',49,9,2),('H7',50,9,3),('H7',51,10,0),('H7',52,10,1),('H7',53,10,2),('H7',54,10,3),('H7',55,10,4),('H7',56,10,5),('H7',57,10,6),('H7',58,10,7),('H7',59,10,8),('H7',60,11,0),('H7',61,11,1),('H7',62,11,2),('H7',63,11,3),('H7',64,11,4),('H7',65,11,5),('H7',66,11,6),('H7',67,11,7),('H7',68,11,8),('H7',69,11,9),('H7',70,11,10),('H7',71,11,11),('H7',72,11,12),('H7',73,11,13),('H7',74,11,14),('H7',75,11,15),('H7',76,11,16),('H7',77,11,17),('H7',78,11,18),('H7',79,11,19),('H7',80,11,20),('H7',81,11,21),('H7',82,11,22),('H7',83,11,23),('H7',84,11,24),('H7',85,11,25),('H7',86,11,26),('H7',87,11,27),('H7',88,11,28),('H7',89,11,29),('H7',90,11,30),('H7',91,11,31),('H7',92,12,0),('H7',93,12,1),('H7',94,12,2),('H7',95,12,3),('H7',96,12,4),('H7',97,12,5),('H7',98,13,0),('H7',99,13,1),('H7',100,13,2),('H7',101,13,3),('H7',102,13,4),('H7',103,13,5),('H7',104,13,6),('H7',105,13,7),('H7',106,13,8),('H7',107,13,9),('H7',108,13,10),('H7',109,13,11),('H7',110,13,12),('H7',111,14,0),('H7',112,14,1),('H7',113,14,2),('H7',114,14,3),('H7',115,14,4),('H7',116,14,5),('H7',117,14,6),('H7',118,14,7),('H7',119,14,8),('H7',120,14,9),('H7',121,14,10),('H7',122,14,11),('H7',123,15,0),('H7',124,15,1),('H7',125,15,2),('H7',126,15,3),('H7',127,16,0),('H7',128,16,1),('H7',129,16,2),('H7',130,17,0),('H7',131,17,1),('H7',132,17,2),('H7',133,17,3),('H7',134,17,4),('H7',135,18,0),('H7',136,18,1),('H7',137,18,2),('H7',138,18,3),('H7',139,19,0),('H7',140,19,1),('H7',141,19,2),('H7',142,19,3),('H7',143,19,4),('H7',144,20,0),('H7',145,20,1),('H7',146,20,2),('H7',147,20,3),('H7',148,20,4),('H7',149,20,5),('H7',150,21,0),('H7',151,21,1),('H7',152,21,2),('H7',153,21,3),('H7',154,21,4),('H7',155,21,5),('H7',156,21,6),('H7',157,21,7),('H7',158,21,8),('H7',159,21,9),('H7',160,22,0),('H7',161,22,1),('H7',162,22,2),('H7',163,22,3),('H7',164,22,4),('H7',165,22,5),('H7',166,23,0),('H7',167,23,1),('H7',168,23,2),('H7',169,23,3),('H7',170,24,0),('H7',171,24,1),('H7',172,24,2),('H7',173,25,0),('H7',174,25,1),('H7',175,25,2),('H7',176,25,3),('H7',177,25,4),('H7',178,25,5),('H7',179,26,0),('H7',180,26,1),('H7',181,26,2),('H7',182,27,0),('H7',183,27,1),('H7',184,27,2),('H7',185,27,3),('H7',186,28,0),('H7',187,28,1),('H7',188,28,2),('H7',189,28,3),('H7',190,29,0),('H7',191,29,1),('H7',192,29,2),('H7',193,29,3),('H7',194,30,0),('H7',195,30,1),('H7',196,30,2),('H7',197,30,3),('H7',198,30,4),('H7',199,30,5),('H7',200,30,6),('H7',201,30,7),('H7',202,30,8),('H7',203,30,9),('H7',204,30,10),('H7',205,30,11),('H7',206,30,12),('H7',207,30,13),('H7',208,30,14),('H7',209,30,15),('H7',210,31,1),('H7',211,31,2),('H7',212,31,3),('H7',213,32,1),('H7',214,32,2),('H7',215,32,3),('H7',216,32,4),('H7',217,32,5),('H7',218,32,6),('H7',219,33,1),('H7',220,33,2),('H7',221,33,3),('H7',222,33,4),('H7',223,34,1),('H7',224,34,2),('H7',225,34,3),('H7',226,34,4),('H7',227,34,5),('H7',228,34,6),('H7',229,35,1),('H7',230,35,2),('H7',231,35,3),('H7',232,36,1),('H7',233,36,2),('H7',234,36,3),('H7',235,37,1),('H7',236,37,2),('H7',237,37,3),('H7',238,37,4),('H7',239,38,1),('H7',240,38,2),('H7',241,38,3),('H7',242,38,4),('H7',243,39,1),('H7',244,39,2),('H7',245,39,3),('H7',246,39,4),('H7',247,40,1),('H7',248,40,2),('H7',249,40,3),('H7',250,40,4),('H7',251,40,5),('H7',252,40,6),('H7',253,40,7),('H7',254,40,8),('H7',255,40,9),('H7',256,40,10),('H7',257,40,11),('H7',258,41,1),('H7',259,41,2),('H7',260,41,3),('H7',261,41,4),('H7',262,41,5),('H7',263,41,6),('H7',264,41,7),('H7',265,41,8),('H7',266,41,9),('H7',267,42,1),('H7',268,42,2),('H7',269,42,3),('H7',270,42,4),('H7',271,43,1),('H7',272,43,2),('H7',273,43,3),('H7',274,43,4),('H7',275,44,1),('H7',276,44,2),('H7',277,44,3),('H7',278,44,4),('H7',279,44,5),('H7',280,44,6),('H7',281,44,7),('H7',282,44,8),('H7',283,44,9),('H7',284,44,10),('H7',285,44,11),('H7',286,45,1),('H7',287,45,2),('H7',288,12,1),('H7',289,46,1),('H7',290,46,2),('H7',291,46,3),('H7',292,46,4),('H7',293,46,5),('H7',294,46,6),('H7',295,2,1),('H7',296,47,1),('H7',297,47,2),('H7',298,47,3),('H7',299,48,1),('H7',300,48,2),('H7',303,49,1),('H7',304,49,2),('H7',305,49,3),('H7',306,49,4),('H7',307,49,5),('H7',308,49,6),('H7',309,49,7),('H7',310,49,8),('H7',311,49,9),('H7',312,49,10),('H7',313,49,11),('H7',314,49,12),('H7',315,53,1),('H7',316,53,2),('H7',317,53,3),('H7',318,53,4),('H7',319,53,5),('H7',320,53,6),('H7',321,53,7),('H7',322,53,8),('H7',323,53,9),('H7',324,53,10),('H7',325,53,11),('H7',326,53,12),('H7',327,54,1),('H7',329,56,1),('H7',330,57,1),('H7',331,50,NULL),('H7',332,51,NULL),('H7',333,52,NULL),('H7',334,58,1),('H7',335,58,2),('H7',336,58,3),('H7',337,58,4),('H7',338,58,5),('H7',339,58,6),('H7',340,58,7),('H7',341,58,8),('H7',342,58,9),('H7',343,58,10),('H7',344,58,11),('H7',345,58,12),('H7',346,59,1),('H7',347,60,1),('H7',348,61,1),('H7',349,61,2),('H7',350,61,3),('H7',351,61,4),('H7',352,61,5),('H7',353,61,6),('H7',354,61,7),('H7',355,61,8),('H7',356,61,9),('H7',357,61,10),('H7',358,61,11),('H7',359,61,12),('H7',361,62,1),('H7',362,55,2),('H7',363,63,1),('H7',364,63,2),('H7',365,63,3),('H7',366,63,4),('H7',367,63,1),('H7',368,63,2),('H7',369,63,3),('H7',370,63,4),('H7',371,63,1),('H7',372,63,2),('H7',373,63,3),('H7',374,63,4),('H7',375,64,1),('H7',376,64,2),('H7',377,65,1),('H7',378,65,2),('H7',379,65,3),('H7',380,65,4),('H7',381,65,5),('H7',382,65,6),('H7',383,66,1),('H7',391,67,1),('H7',392,68,1),('H7',393,68,2),('H7',394,69,1),('H7',395,69,2),('H7',396,70,1),('H7',404,71,1),('H7',405,72,1),('H7',413,73,1),('H7',414,74,1),('H7',415,74,2),('H7',420,73,1),('H7',421,75,1),('H7',422,75,2),('H7',423,75,3),('H7',424,76,1),('H7',425,76,2),('H7',426,77,1),('H7',427,77,2),('H7',428,77,3),('H7',429,77,4),('H7',430,78,1),('H7',431,67,2),('H7',432,73,2),('H7',433,78,2),('H7',434,71,2),('H7',463,72,2),('H7',464,72,3),('H7',465,72,4),('H7',466,72,5),('H7',467,72,6),('H7',468,72,7),('H7',469,72,8),('H7',470,72,9),('H7',471,64,1),('H7',472,64,2),('H7',473,65,1),('H7',474,65,2),('H7',475,65,3),('H7',476,65,4),('H7',477,65,5),('H7',478,65,6),('H7',479,66,1),('H7',480,66,2),('H7',481,66,3),('H7',482,66,4),('H7',483,66,5),('H7',484,66,6),('H7',485,66,7),('H7',486,66,8),('H7',487,66,9),('H7',488,66,10),('H7',489,66,11),('H7',490,66,12),('H7',491,66,13),('H7',492,67,1),('H7',516,64,4),('H7',517,64,5),('H7',518,65,7),('H7',519,65,8),('H7',520,65,9),('H7',521,65,10),('H7',522,65,11),('H7',523,65,12),('H7',536,66,14),('H7',540,66,15),('H7',541,66,16),('H7',542,66,17),('H7',543,66,18),('H7',544,66,19),('H7',545,66,20),('H7',546,66,21),('H7',547,66,22),('H7',548,66,23),('H8',1,1,0),('H8',2,1,1),('H8',3,1,2),('H8',4,1,3),('H8',5,1,4),('H8',6,1,5),('H8',7,1,6),('H8',8,1,7),('H8',9,1,8),('H8',10,1,9),('H8',11,1,10),('H8',12,2,0),('H8',13,2,1),('H8',14,3,0),('H8',15,3,1),('H8',16,3,2),('H8',17,3,3),('H8',18,3,4),('H8',19,3,5),('H8',20,4,0),('H8',21,4,1),('H8',22,4,2),('H8',23,4,3),('H8',24,4,4),('H8',25,4,5),('H8',26,4,6),('H8',27,4,7),('H8',28,4,8),('H8',29,4,9),('H8',30,4,10),('H8',31,4,11),('H8',32,4,12),('H8',33,5,0),('H8',34,5,1),('H8',35,5,2),('H8',36,5,3),('H8',37,5,4),('H8',38,6,0),('H8',39,6,1),('H8',40,6,2),('H8',41,7,0),('H8',42,7,1),('H8',43,7,2),('H8',44,7,3),('H8',45,7,4),('H8',46,8,0),('H8',47,9,0),('H8',48,9,1),('H8',49,9,2),('H8',50,9,3),('H8',51,10,0),('H8',52,10,1),('H8',53,10,2),('H8',54,10,3),('H8',55,10,4),('H8',56,10,5),('H8',57,10,6),('H8',58,10,7),('H8',59,10,8),('H8',60,11,0),('H8',61,11,1),('H8',62,11,2),('H8',63,11,3),('H8',64,11,4),('H8',65,11,5),('H8',66,11,6),('H8',67,11,7),('H8',68,11,8),('H8',69,11,9),('H8',70,11,10),('H8',71,11,11),('H8',72,11,12),('H8',73,11,13),('H8',74,11,14),('H8',75,11,15),('H8',76,11,16),('H8',77,11,17),('H8',78,11,18),('H8',79,11,19),('H8',80,11,20),('H8',81,11,21),('H8',82,11,22),('H8',83,11,23),('H8',84,11,24),('H8',85,11,25),('H8',86,11,26),('H8',87,11,27),('H8',88,11,28),('H8',89,11,29),('H8',90,11,30),('H8',91,11,31),('H8',92,12,0),('H8',93,12,1),('H8',94,12,2),('H8',95,12,3),('H8',96,12,4),('H8',97,12,5),('H8',98,13,0),('H8',99,13,1),('H8',100,13,2),('H8',101,13,3),('H8',102,13,4),('H8',103,13,5),('H8',104,13,6),('H8',105,13,7),('H8',106,13,8),('H8',107,13,9),('H8',108,13,10),('H8',109,13,11),('H8',110,13,12),('H8',111,14,0),('H8',112,14,1),('H8',113,14,2),('H8',114,14,3),('H8',115,14,4),('H8',116,14,5),('H8',117,14,6),('H8',118,14,7),('H8',119,14,8),('H8',120,14,9),('H8',121,14,10),('H8',122,14,11),('H8',123,15,0),('H8',124,15,1),('H8',125,15,2),('H8',126,15,3),('H8',127,16,0),('H8',128,16,1),('H8',129,16,2),('H8',130,17,0),('H8',131,17,1),('H8',132,17,2),('H8',133,17,3),('H8',134,17,4),('H8',135,18,0),('H8',136,18,1),('H8',137,18,2),('H8',138,18,3),('H8',139,19,0),('H8',140,19,1),('H8',141,19,2),('H8',142,19,3),('H8',143,19,4),('H8',144,20,0),('H8',145,20,1),('H8',146,20,2),('H8',147,20,3),('H8',148,20,4),('H8',149,20,5),('H8',150,21,0),('H8',151,21,1),('H8',152,21,2),('H8',153,21,3),('H8',154,21,4),('H8',155,21,5),('H8',156,21,6),('H8',157,21,7),('H8',158,21,8),('H8',159,21,9),('H8',160,22,0),('H8',161,22,1),('H8',162,22,2),('H8',163,22,3),('H8',164,22,4),('H8',165,22,5),('H8',166,23,0),('H8',167,23,1),('H8',168,23,2),('H8',169,23,3),('H8',170,24,0),('H8',171,24,1),('H8',172,24,2),('H8',173,25,0),('H8',174,25,1),('H8',175,25,2),('H8',176,25,3),('H8',177,25,4),('H8',178,25,5),('H8',179,26,0),('H8',180,26,1),('H8',181,26,2),('H8',182,27,0),('H8',183,27,1),('H8',184,27,2),('H8',185,27,3),('H8',186,28,0),('H8',187,28,1),('H8',188,28,2),('H8',189,28,3),('H8',190,29,0),('H8',191,29,1),('H8',192,29,2),('H8',193,29,3),('H8',194,30,0),('H8',195,30,1),('H8',196,30,2),('H8',197,30,3),('H8',198,30,4),('H8',199,30,5),('H8',200,30,6),('H8',201,30,7),('H8',202,30,8),('H8',203,30,9),('H8',204,30,10),('H8',205,30,11),('H8',206,30,12),('H8',207,30,13),('H8',208,30,14),('H8',209,30,15),('H8',210,31,1),('H8',211,31,2),('H8',212,31,3),('H8',213,32,1),('H8',214,32,2),('H8',215,32,3),('H8',216,32,4),('H8',217,32,5),('H8',218,32,6),('H8',219,33,1),('H8',220,33,2),('H8',221,33,3),('H8',222,33,4),('H8',223,34,1),('H8',224,34,2),('H8',225,34,3),('H8',226,34,4),('H8',227,34,5),('H8',228,34,6),('H8',229,35,1),('H8',230,35,2),('H8',231,35,3),('H8',232,36,1),('H8',233,36,2),('H8',234,36,3),('H8',235,37,1),('H8',236,37,2),('H8',237,37,3),('H8',238,37,4),('H8',239,38,1),('H8',240,38,2),('H8',241,38,3),('H8',242,38,4),('H8',243,39,1),('H8',244,39,2),('H8',245,39,3),('H8',246,39,4),('H8',247,40,1),('H8',248,40,2),('H8',249,40,3),('H8',250,40,4),('H8',251,40,5),('H8',252,40,6),('H8',253,40,7),('H8',254,40,8),('H8',255,40,9),('H8',256,40,10),('H8',257,40,11),('H8',258,41,1),('H8',259,41,2),('H8',260,41,3),('H8',261,41,4),('H8',262,41,5),('H8',263,41,6),('H8',264,41,7),('H8',265,41,8),('H8',266,41,9),('H8',267,42,1),('H8',268,42,2),('H8',269,42,3),('H8',270,42,4),('H8',271,43,1),('H8',272,43,2),('H8',273,43,3),('H8',274,43,4),('H8',275,44,1),('H8',276,44,2),('H8',277,44,3),('H8',278,44,4),('H8',279,44,5),('H8',280,44,6),('H8',281,44,7),('H8',282,44,8),('H8',283,44,9),('H8',284,44,10),('H8',285,44,11),('H8',286,45,1),('H8',287,45,2),('H8',288,12,1),('H8',289,46,1),('H8',290,46,2),('H8',291,46,3),('H8',292,46,4),('H8',293,46,5),('H8',294,46,6),('H8',295,2,1),('H8',296,47,1),('H8',297,47,2),('H8',298,47,3),('H8',299,48,1),('H8',300,48,2),('H8',303,49,1),('H8',304,49,2),('H8',305,49,3),('H8',306,49,4),('H8',307,49,5),('H8',308,49,6),('H8',309,49,7),('H8',310,49,8),('H8',311,49,9),('H8',312,49,10),('H8',313,49,11),('H8',314,49,12),('H8',315,53,1),('H8',316,53,2),('H8',317,53,3),('H8',318,53,4),('H8',319,53,5),('H8',320,53,6),('H8',321,53,7),('H8',322,53,8),('H8',323,53,9),('H8',324,53,10),('H8',325,53,11),('H8',326,53,12),('H8',327,54,1),('H8',329,56,1),('H8',330,57,1),('H8',331,50,NULL),('H8',332,51,NULL),('H8',333,52,NULL),('H8',334,58,1),('H8',335,58,2),('H8',336,58,3),('H8',337,58,4),('H8',338,58,5),('H8',339,58,6),('H8',340,58,7),('H8',341,58,8),('H8',342,58,9),('H8',343,58,10),('H8',344,58,11),('H8',345,58,12),('H8',346,59,1),('H8',347,60,1),('H8',348,61,1),('H8',349,61,2),('H8',350,61,3),('H8',351,61,4),('H8',352,61,5),('H8',353,61,6),('H8',354,61,7),('H8',355,61,8),('H8',356,61,9),('H8',357,61,10),('H8',358,61,11),('H8',359,61,12),('H8',361,62,1),('H8',362,55,2),('H8',363,63,1),('H8',364,63,2),('H8',365,63,3),('H8',366,63,4),('H8',367,63,1),('H8',368,63,2),('H8',369,63,3),('H8',370,63,4),('H8',371,63,1),('H8',372,63,2),('H8',373,63,3),('H8',374,63,4),('H8',375,64,1),('H8',376,64,2),('H8',377,65,1),('H8',378,65,2),('H8',379,65,3),('H8',380,65,4),('H8',381,65,5),('H8',382,65,6),('H8',383,66,1),('H8',391,67,1),('H8',392,68,1),('H8',393,68,2),('H8',394,69,1),('H8',395,69,2),('H8',396,70,1),('H8',404,71,1),('H8',405,72,1),('H8',413,73,1),('H8',414,74,1),('H8',415,74,2),('H8',420,73,1),('H8',421,75,1),('H8',422,75,2),('H8',423,75,3),('H8',424,76,1),('H8',425,76,2),('H8',426,77,1),('H8',427,77,2),('H8',428,77,3),('H8',429,77,4),('H8',430,78,1),('H8',431,67,2),('H8',432,73,2),('H8',433,78,2),('H8',434,71,2),('H8',463,72,2),('H8',464,72,3),('H8',465,72,4),('H8',466,72,5),('H8',467,72,6),('H8',468,72,7),('H8',469,72,8),('H8',470,72,9),('H8',471,64,1),('H8',472,64,2),('H8',473,65,1),('H8',474,65,2),('H8',475,65,3),('H8',476,65,4),('H8',477,65,5),('H8',478,65,6),('H8',479,66,1),('H8',480,66,2),('H8',481,66,3),('H8',482,66,4),('H8',483,66,5),('H8',484,66,6),('H8',485,66,7),('H8',486,66,8),('H8',487,66,9),('H8',488,66,10),('H8',489,66,11),('H8',490,66,12),('H8',491,66,13),('H8',492,67,1),('H8',516,64,4),('H8',517,64,5),('H8',518,65,7),('H8',519,65,8),('H8',520,65,9),('H8',521,65,10),('H8',522,65,11),('H8',523,65,12),('H8',536,66,14),('H8',540,66,15),('H8',541,66,16),('H8',542,66,17),('H8',543,66,18),('H8',544,66,19),('H8',545,66,20),('H8',546,66,21),('H8',547,66,22),('H8',548,66,23),('H9',1,1,0),('H9',2,1,1),('H9',3,1,2),('H9',4,1,3),('H9',5,1,4),('H9',6,1,5),('H9',7,1,6),('H9',8,1,7),('H9',9,1,8),('H9',10,1,9),('H9',11,1,10),('H9',12,2,0),('H9',13,2,1),('H9',14,3,0),('H9',15,3,1),('H9',16,3,2),('H9',17,3,3),('H9',18,3,4),('H9',19,3,5),('H9',20,4,0),('H9',21,4,1),('H9',22,4,2),('H9',23,4,3),('H9',24,4,4),('H9',25,4,5),('H9',26,4,6),('H9',27,4,7),('H9',28,4,8),('H9',29,4,9),('H9',30,4,10),('H9',31,4,11),('H9',32,4,12),('H9',33,5,0),('H9',34,5,1),('H9',35,5,2),('H9',36,5,3),('H9',37,5,4),('H9',38,6,0),('H9',39,6,1),('H9',40,6,2),('H9',41,7,0),('H9',42,7,1),('H9',43,7,2),('H9',44,7,3),('H9',45,7,4),('H9',46,8,0),('H9',47,9,0),('H9',48,9,1),('H9',49,9,2),('H9',50,9,3),('H9',51,10,0),('H9',52,10,1),('H9',53,10,2),('H9',54,10,3),('H9',55,10,4),('H9',56,10,5),('H9',57,10,6),('H9',58,10,7),('H9',59,10,8),('H9',60,11,0),('H9',61,11,1),('H9',62,11,2),('H9',63,11,3),('H9',64,11,4),('H9',65,11,5),('H9',66,11,6),('H9',67,11,7),('H9',68,11,8),('H9',69,11,9),('H9',70,11,10),('H9',71,11,11),('H9',72,11,12),('H9',73,11,13),('H9',74,11,14),('H9',75,11,15),('H9',76,11,16),('H9',77,11,17),('H9',78,11,18),('H9',79,11,19),('H9',80,11,20),('H9',81,11,21),('H9',82,11,22),('H9',83,11,23),('H9',84,11,24),('H9',85,11,25),('H9',86,11,26),('H9',87,11,27),('H9',88,11,28),('H9',89,11,29),('H9',90,11,30),('H9',91,11,31),('H9',92,12,0),('H9',93,12,1),('H9',94,12,2),('H9',95,12,3),('H9',96,12,4),('H9',97,12,5),('H9',98,13,0),('H9',99,13,1),('H9',100,13,2),('H9',101,13,3),('H9',102,13,4),('H9',103,13,5),('H9',104,13,6),('H9',105,13,7),('H9',106,13,8),('H9',107,13,9),('H9',108,13,10),('H9',109,13,11),('H9',110,13,12),('H9',111,14,0),('H9',112,14,1),('H9',113,14,2),('H9',114,14,3),('H9',115,14,4),('H9',116,14,5),('H9',117,14,6),('H9',118,14,7),('H9',119,14,8),('H9',120,14,9),('H9',121,14,10),('H9',122,14,11),('H9',123,15,0),('H9',124,15,1),('H9',125,15,2),('H9',126,15,3),('H9',127,16,0),('H9',128,16,1),('H9',129,16,2),('H9',130,17,0),('H9',131,17,1),('H9',132,17,2),('H9',133,17,3),('H9',134,17,4),('H9',135,18,0),('H9',136,18,1),('H9',137,18,2),('H9',138,18,3),('H9',139,19,0),('H9',140,19,1),('H9',141,19,2),('H9',142,19,3),('H9',143,19,4),('H9',144,20,0),('H9',145,20,1),('H9',146,20,2),('H9',147,20,3),('H9',148,20,4),('H9',149,20,5),('H9',150,21,0),('H9',151,21,1),('H9',152,21,2),('H9',153,21,3),('H9',154,21,4),('H9',155,21,5),('H9',156,21,6),('H9',157,21,7),('H9',158,21,8),('H9',159,21,9),('H9',160,22,0),('H9',161,22,1),('H9',162,22,2),('H9',163,22,3),('H9',164,22,4),('H9',165,22,5),('H9',166,23,0),('H9',167,23,1),('H9',168,23,2),('H9',169,23,3),('H9',170,24,0),('H9',171,24,1),('H9',172,24,2),('H9',173,25,0),('H9',174,25,1),('H9',175,25,2),('H9',176,25,3),('H9',177,25,4),('H9',178,25,5),('H9',179,26,0),('H9',180,26,1),('H9',181,26,2),('H9',182,27,0),('H9',183,27,1),('H9',184,27,2),('H9',185,27,3),('H9',186,28,0),('H9',187,28,1),('H9',188,28,2),('H9',189,28,3),('H9',190,29,0),('H9',191,29,1),('H9',192,29,2),('H9',193,29,3),('H9',194,30,0),('H9',195,30,1),('H9',196,30,2),('H9',197,30,3),('H9',198,30,4),('H9',199,30,5),('H9',200,30,6),('H9',201,30,7),('H9',202,30,8),('H9',203,30,9),('H9',204,30,10),('H9',205,30,11),('H9',206,30,12),('H9',207,30,13),('H9',208,30,14),('H9',209,30,15),('H9',210,31,1),('H9',211,31,2),('H9',212,31,3),('H9',213,32,1),('H9',214,32,2),('H9',215,32,3),('H9',216,32,4),('H9',217,32,5),('H9',218,32,6),('H9',219,33,1),('H9',220,33,2),('H9',221,33,3),('H9',222,33,4),('H9',223,34,1),('H9',224,34,2),('H9',225,34,3),('H9',226,34,4),('H9',227,34,5),('H9',228,34,6),('H9',229,35,1),('H9',230,35,2),('H9',231,35,3),('H9',232,36,1),('H9',233,36,2),('H9',234,36,3),('H9',235,37,1),('H9',236,37,2),('H9',237,37,3),('H9',238,37,4),('H9',239,38,1),('H9',240,38,2),('H9',241,38,3),('H9',242,38,4),('H9',243,39,1),('H9',244,39,2),('H9',245,39,3),('H9',246,39,4),('H9',247,40,1),('H9',248,40,2),('H9',249,40,3),('H9',250,40,4),('H9',251,40,5),('H9',252,40,6),('H9',253,40,7),('H9',254,40,8),('H9',255,40,9),('H9',256,40,10),('H9',257,40,11),('H9',258,41,1),('H9',259,41,2),('H9',260,41,3),('H9',261,41,4),('H9',262,41,5),('H9',263,41,6),('H9',264,41,7),('H9',265,41,8),('H9',266,41,9),('H9',267,42,1),('H9',268,42,2),('H9',269,42,3),('H9',270,42,4),('H9',271,43,1),('H9',272,43,2),('H9',273,43,3),('H9',274,43,4),('H9',275,44,1),('H9',276,44,2),('H9',277,44,3),('H9',278,44,4),('H9',279,44,5),('H9',280,44,6),('H9',281,44,7),('H9',282,44,8),('H9',283,44,9),('H9',284,44,10),('H9',285,44,11),('H9',286,45,1),('H9',287,45,2),('H9',288,12,1),('H9',289,46,1),('H9',290,46,2),('H9',291,46,3),('H9',292,46,4),('H9',293,46,5),('H9',294,46,6),('H9',295,2,1),('H9',296,47,1),('H9',297,47,2),('H9',298,47,3),('H9',299,48,1),('H9',300,48,2),('H9',303,49,1),('H9',304,49,2),('H9',305,49,3),('H9',306,49,4),('H9',307,49,5),('H9',308,49,6),('H9',309,49,7),('H9',310,49,8),('H9',311,49,9),('H9',312,49,10),('H9',313,49,11),('H9',314,49,12),('H9',315,53,1),('H9',316,53,2),('H9',317,53,3),('H9',318,53,4),('H9',319,53,5),('H9',320,53,6),('H9',321,53,7),('H9',322,53,8),('H9',323,53,9),('H9',324,53,10),('H9',325,53,11),('H9',326,53,12),('H9',327,54,1),('H9',329,56,1),('H9',330,57,1),('H9',331,50,NULL),('H9',332,51,NULL),('H9',333,52,NULL),('H9',334,58,1),('H9',335,58,2),('H9',336,58,3),('H9',337,58,4),('H9',338,58,5),('H9',339,58,6),('H9',340,58,7),('H9',341,58,8),('H9',342,58,9),('H9',343,58,10),('H9',344,58,11),('H9',345,58,12),('H9',346,59,1),('H9',347,60,1),('H9',348,61,1),('H9',349,61,2),('H9',350,61,3),('H9',351,61,4),('H9',352,61,5),('H9',353,61,6),('H9',354,61,7),('H9',355,61,8),('H9',356,61,9),('H9',357,61,10),('H9',358,61,11),('H9',359,61,12),('H9',361,62,1),('H9',362,55,2),('H9',363,63,1),('H9',364,63,2),('H9',365,63,3),('H9',366,63,4),('H9',367,63,1),('H9',368,63,2),('H9',369,63,3),('H9',370,63,4),('H9',371,63,1),('H9',372,63,2),('H9',373,63,3),('H9',374,63,4),('H9',375,64,1),('H9',376,64,2),('H9',377,65,1),('H9',378,65,2),('H9',379,65,3),('H9',380,65,4),('H9',381,65,5),('H9',382,65,6),('H9',383,66,1),('H9',391,67,1),('H9',392,68,1),('H9',393,68,2),('H9',394,69,1),('H9',395,69,2),('H9',396,70,1),('H9',404,71,1),('H9',405,72,1),('H9',413,73,1),('H9',414,74,1),('H9',415,74,2),('H9',420,73,1),('H9',421,75,1),('H9',422,75,2),('H9',423,75,3),('H9',424,76,1),('H9',425,76,2),('H9',426,77,1),('H9',427,77,2),('H9',428,77,3),('H9',429,77,4),('H9',430,78,1),('H9',431,67,2),('H9',432,73,2),('H9',433,78,2),('H9',434,71,2),('H9',463,72,2),('H9',464,72,3),('H9',465,72,4),('H9',466,72,5),('H9',467,72,6),('H9',468,72,7),('H9',469,72,8),('H9',470,72,9),('H9',471,64,1),('H9',472,64,2),('H9',473,65,1),('H9',474,65,2),('H9',475,65,3),('H9',476,65,4),('H9',477,65,5),('H9',478,65,6),('H9',479,66,1),('H9',480,66,2),('H9',481,66,3),('H9',482,66,4),('H9',483,66,5),('H9',484,66,6),('H9',485,66,7),('H9',486,66,8),('H9',487,66,9),('H9',488,66,10),('H9',489,66,11),('H9',490,66,12),('H9',491,66,13),('H9',492,67,1),('H9',516,64,4),('H9',517,64,5),('H9',518,65,7),('H9',519,65,8),('H9',520,65,9),('H9',521,65,10),('H9',522,65,11),('H9',523,65,12),('H9',536,66,14),('H9',540,66,15),('H9',541,66,16),('H9',542,66,17),('H9',543,66,18),('H9',544,66,19),('H9',545,66,20),('H9',546,66,21),('H9',547,66,22),('H9',548,66,23);
/*!40000 ALTER TABLE `vtiger_role2picklist` ENABLE KEYS */;
UNLOCK TABLES;

--
-- Table structure for table `vtiger_role2profile`
--

DROP TABLE IF EXISTS `vtiger_role2profile`;
/*!40101 SET @saved_cs_client     = @@character_set_client */;
/*!40101 SET character_set_client = utf8 */;
CREATE TABLE `vtiger_role2profile` (
  `roleid` varchar(255) NOT NULL,
  `profileid` int(11) NOT NULL,
  PRIMARY KEY (`roleid`,`profileid`),
  KEY `role2profile_roleid_profileid_idx` (`roleid`,`profileid`)
) ENGINE=InnoDB DEFAULT CHARSET=latin1;
/*!40101 SET character_set_client = @saved_cs_client */;

--
-- Dumping data for table `vtiger_role2profile`
--

LOCK TABLES `vtiger_role2profile` WRITE;
/*!40000 ALTER TABLE `vtiger_role2profile` DISABLE KEYS */;
INSERT INTO `vtiger_role2profile` VALUES ('H10',9),('H11',10),('H12',11),('H15',14),('H6',5),('H7',6),('H8',7),('H9',8);
/*!40000 ALTER TABLE `vtiger_role2profile` ENABLE KEYS */;
UNLOCK TABLES;

--
-- Table structure for table `vtiger_role_seq`
--

DROP TABLE IF EXISTS `vtiger_role_seq`;
/*!40101 SET @saved_cs_client     = @@character_set_client */;
/*!40101 SET character_set_client = utf8 */;
CREATE TABLE `vtiger_role_seq` (
  `id` int(11) NOT NULL
) ENGINE=InnoDB DEFAULT CHARSET=latin1;
/*!40101 SET character_set_client = @saved_cs_client */;

--
-- Dumping data for table `vtiger_role_seq`
--

LOCK TABLES `vtiger_role_seq` WRITE;
/*!40000 ALTER TABLE `vtiger_role_seq` DISABLE KEYS */;
INSERT INTO `vtiger_role_seq` VALUES (20);
/*!40000 ALTER TABLE `vtiger_role_seq` ENABLE KEYS */;
UNLOCK TABLES;

--
-- Table structure for table `vtiger_rowheight`
--

DROP TABLE IF EXISTS `vtiger_rowheight`;
/*!40101 SET @saved_cs_client     = @@character_set_client */;
/*!40101 SET character_set_client = utf8 */;
CREATE TABLE `vtiger_rowheight` (
  `rowheightid` int(11) NOT NULL AUTO_INCREMENT,
  `rowheight` varchar(200) NOT NULL,
  `sortorderid` int(11) DEFAULT NULL,
  `presence` int(11) NOT NULL DEFAULT '1',
  PRIMARY KEY (`rowheightid`)
) ENGINE=InnoDB AUTO_INCREMENT=4 DEFAULT CHARSET=utf8;
/*!40101 SET character_set_client = @saved_cs_client */;

--
-- Dumping data for table `vtiger_rowheight`
--

LOCK TABLES `vtiger_rowheight` WRITE;
/*!40000 ALTER TABLE `vtiger_rowheight` DISABLE KEYS */;
INSERT INTO `vtiger_rowheight` VALUES (1,'wide',1,1),(2,'medium',2,1),(3,'narrow',3,1);
/*!40000 ALTER TABLE `vtiger_rowheight` ENABLE KEYS */;
UNLOCK TABLES;

--
-- Table structure for table `vtiger_rowheight_seq`
--

DROP TABLE IF EXISTS `vtiger_rowheight_seq`;
/*!40101 SET @saved_cs_client     = @@character_set_client */;
/*!40101 SET character_set_client = utf8 */;
CREATE TABLE `vtiger_rowheight_seq` (
  `id` int(11) NOT NULL
) ENGINE=InnoDB DEFAULT CHARSET=latin1;
/*!40101 SET character_set_client = @saved_cs_client */;

--
-- Dumping data for table `vtiger_rowheight_seq`
--

LOCK TABLES `vtiger_rowheight_seq` WRITE;
/*!40000 ALTER TABLE `vtiger_rowheight_seq` DISABLE KEYS */;
INSERT INTO `vtiger_rowheight_seq` VALUES (3);
/*!40000 ALTER TABLE `vtiger_rowheight_seq` ENABLE KEYS */;
UNLOCK TABLES;

--
-- Table structure for table `vtiger_rss`
--

DROP TABLE IF EXISTS `vtiger_rss`;
/*!40101 SET @saved_cs_client     = @@character_set_client */;
/*!40101 SET character_set_client = utf8 */;
CREATE TABLE `vtiger_rss` (
  `rssid` int(19) NOT NULL,
  `rssurl` varchar(200) NOT NULL DEFAULT '',
  `rsstitle` varchar(200) DEFAULT NULL,
  `rsstype` int(10) DEFAULT '0',
  `starred` int(1) DEFAULT '0',
  PRIMARY KEY (`rssid`)
) ENGINE=InnoDB DEFAULT CHARSET=latin1;
/*!40101 SET character_set_client = @saved_cs_client */;

--
-- Dumping data for table `vtiger_rss`
--

LOCK TABLES `vtiger_rss` WRITE;
/*!40000 ALTER TABLE `vtiger_rss` DISABLE KEYS */;
/*!40000 ALTER TABLE `vtiger_rss` ENABLE KEYS */;
UNLOCK TABLES;

--
-- Table structure for table `vtiger_sales_stage`
--

DROP TABLE IF EXISTS `vtiger_sales_stage`;
/*!40101 SET @saved_cs_client     = @@character_set_client */;
/*!40101 SET character_set_client = utf8 */;
CREATE TABLE `vtiger_sales_stage` (
  `sales_stage_id` int(19) NOT NULL AUTO_INCREMENT,
  `sales_stage` varchar(200) DEFAULT NULL,
  `presence` int(1) NOT NULL DEFAULT '1',
  `picklist_valueid` int(19) NOT NULL DEFAULT '0',
  `sortorderid` int(11) DEFAULT NULL,
  PRIMARY KEY (`sales_stage_id`)
) ENGINE=InnoDB AUTO_INCREMENT=11 DEFAULT CHARSET=latin1;
/*!40101 SET character_set_client = @saved_cs_client */;

--
-- Dumping data for table `vtiger_sales_stage`
--

LOCK TABLES `vtiger_sales_stage` WRITE;
/*!40000 ALTER TABLE `vtiger_sales_stage` DISABLE KEYS */;
INSERT INTO `vtiger_sales_stage` VALUES (1,'Prospecting',1,150,0),(2,'Qualification',1,151,1),(3,'Needs Analysis',1,152,2),(4,'Value Proposition',1,153,3),(5,'Id. Decision Makers',1,154,4),(6,'Perception Analysis',1,155,5),(7,'Proposal or Price Quote',1,156,6),(8,'Negotiation or Review',1,157,7),(9,'Closed Won',0,158,8),(10,'Closed Lost',0,159,9);
/*!40000 ALTER TABLE `vtiger_sales_stage` ENABLE KEYS */;
UNLOCK TABLES;

--
-- Table structure for table `vtiger_sales_stage_seq`
--

DROP TABLE IF EXISTS `vtiger_sales_stage_seq`;
/*!40101 SET @saved_cs_client     = @@character_set_client */;
/*!40101 SET character_set_client = utf8 */;
CREATE TABLE `vtiger_sales_stage_seq` (
  `id` int(11) NOT NULL
) ENGINE=InnoDB DEFAULT CHARSET=latin1;
/*!40101 SET character_set_client = @saved_cs_client */;

--
-- Dumping data for table `vtiger_sales_stage_seq`
--

LOCK TABLES `vtiger_sales_stage_seq` WRITE;
/*!40000 ALTER TABLE `vtiger_sales_stage_seq` DISABLE KEYS */;
INSERT INTO `vtiger_sales_stage_seq` VALUES (10);
/*!40000 ALTER TABLE `vtiger_sales_stage_seq` ENABLE KEYS */;
UNLOCK TABLES;

--
-- Table structure for table `vtiger_salesmanactivityrel`
--

DROP TABLE IF EXISTS `vtiger_salesmanactivityrel`;
/*!40101 SET @saved_cs_client     = @@character_set_client */;
/*!40101 SET character_set_client = utf8 */;
CREATE TABLE `vtiger_salesmanactivityrel` (
  `smid` int(19) NOT NULL DEFAULT '0',
  `activityid` int(19) NOT NULL DEFAULT '0',
  PRIMARY KEY (`smid`,`activityid`),
  KEY `salesmanactivityrel_activityid_idx` (`activityid`),
  KEY `salesmanactivityrel_smid_idx` (`smid`)
) ENGINE=InnoDB DEFAULT CHARSET=latin1;
/*!40101 SET character_set_client = @saved_cs_client */;

--
-- Dumping data for table `vtiger_salesmanactivityrel`
--

LOCK TABLES `vtiger_salesmanactivityrel` WRITE;
/*!40000 ALTER TABLE `vtiger_salesmanactivityrel` DISABLE KEYS */;
INSERT INTO `vtiger_salesmanactivityrel` VALUES (1,66),(1,67),(1,68);
/*!40000 ALTER TABLE `vtiger_salesmanactivityrel` ENABLE KEYS */;
UNLOCK TABLES;

--
-- Table structure for table `vtiger_salesmanattachmentsrel`
--

DROP TABLE IF EXISTS `vtiger_salesmanattachmentsrel`;
/*!40101 SET @saved_cs_client     = @@character_set_client */;
/*!40101 SET character_set_client = utf8 */;
CREATE TABLE `vtiger_salesmanattachmentsrel` (
  `smid` int(19) NOT NULL DEFAULT '0',
  `attachmentsid` int(19) NOT NULL DEFAULT '0',
  PRIMARY KEY (`smid`,`attachmentsid`),
  KEY `salesmanattachmentsrel_smid_idx` (`smid`),
  KEY `salesmanattachmentsrel_attachmentsid_idx` (`attachmentsid`)
) ENGINE=InnoDB DEFAULT CHARSET=latin1;
/*!40101 SET character_set_client = @saved_cs_client */;

--
-- Dumping data for table `vtiger_salesmanattachmentsrel`
--

LOCK TABLES `vtiger_salesmanattachmentsrel` WRITE;
/*!40000 ALTER TABLE `vtiger_salesmanattachmentsrel` DISABLE KEYS */;
/*!40000 ALTER TABLE `vtiger_salesmanattachmentsrel` ENABLE KEYS */;
UNLOCK TABLES;

--
-- Table structure for table `vtiger_salesmanticketrel`
--

DROP TABLE IF EXISTS `vtiger_salesmanticketrel`;
/*!40101 SET @saved_cs_client     = @@character_set_client */;
/*!40101 SET character_set_client = utf8 */;
CREATE TABLE `vtiger_salesmanticketrel` (
  `smid` int(19) NOT NULL DEFAULT '0',
  `id` int(19) NOT NULL DEFAULT '0',
  PRIMARY KEY (`smid`,`id`),
  KEY `salesmanticketrel_smid_idx` (`smid`),
  KEY `salesmanticketrel_id_idx` (`id`)
) ENGINE=InnoDB DEFAULT CHARSET=latin1;
/*!40101 SET character_set_client = @saved_cs_client */;

--
-- Dumping data for table `vtiger_salesmanticketrel`
--

LOCK TABLES `vtiger_salesmanticketrel` WRITE;
/*!40000 ALTER TABLE `vtiger_salesmanticketrel` DISABLE KEYS */;
/*!40000 ALTER TABLE `vtiger_salesmanticketrel` ENABLE KEYS */;
UNLOCK TABLES;

--
-- Table structure for table `vtiger_salesorder`
--

DROP TABLE IF EXISTS `vtiger_salesorder`;
/*!40101 SET @saved_cs_client     = @@character_set_client */;
/*!40101 SET character_set_client = utf8 */;
CREATE TABLE `vtiger_salesorder` (
  `salesorderid` int(19) NOT NULL DEFAULT '0',
  `subject` varchar(100) DEFAULT NULL,
  `potentialid` int(19) DEFAULT NULL,
  `customerno` varchar(100) DEFAULT NULL,
  `salesorder_no` varchar(100) DEFAULT NULL,
  `quoteid` int(19) DEFAULT NULL,
  `vendorterms` varchar(100) DEFAULT NULL,
  `contactid` int(19) DEFAULT NULL,
  `vendorid` int(19) DEFAULT NULL,
  `duedate` date DEFAULT NULL,
  `carrier` varchar(200) DEFAULT NULL,
  `pending` varchar(200) DEFAULT NULL,
  `type` varchar(100) DEFAULT NULL,
  `adjustment` decimal(25,8) DEFAULT NULL,
  `salescommission` decimal(25,3) DEFAULT NULL,
  `exciseduty` decimal(25,3) DEFAULT NULL,
  `total` decimal(25,8) DEFAULT NULL,
  `subtotal` decimal(25,8) DEFAULT NULL,
  `taxtype` varchar(25) DEFAULT NULL,
  `discount_percent` decimal(25,3) DEFAULT NULL,
  `discount_amount` decimal(25,8) DEFAULT NULL,
  `s_h_amount` decimal(25,8) DEFAULT NULL,
  `accountid` int(19) DEFAULT NULL,
  `terms_conditions` text,
  `purchaseorder` varchar(200) DEFAULT NULL,
  `sostatus` varchar(200) DEFAULT NULL,
  `currency_id` int(19) NOT NULL DEFAULT '1',
  `conversion_rate` decimal(10,3) NOT NULL DEFAULT '1.000',
  `enable_recurring` int(11) DEFAULT '0',
  `pre_tax_total` decimal(25,8) DEFAULT NULL,
  `s_h_percent` int(11) DEFAULT NULL,
  PRIMARY KEY (`salesorderid`),
  KEY `salesorder_vendorid_idx` (`vendorid`),
  KEY `salesorder_contactid_idx` (`contactid`)
) ENGINE=InnoDB DEFAULT CHARSET=latin1;
/*!40101 SET character_set_client = @saved_cs_client */;

--
-- Dumping data for table `vtiger_salesorder`
--

LOCK TABLES `vtiger_salesorder` WRITE;
/*!40000 ALTER TABLE `vtiger_salesorder` DISABLE KEYS */;
/*!40000 ALTER TABLE `vtiger_salesorder` ENABLE KEYS */;
UNLOCK TABLES;

--
-- Table structure for table `vtiger_salesordercf`
--

DROP TABLE IF EXISTS `vtiger_salesordercf`;
/*!40101 SET @saved_cs_client     = @@character_set_client */;
/*!40101 SET character_set_client = utf8 */;
CREATE TABLE `vtiger_salesordercf` (
  `salesorderid` int(19) NOT NULL DEFAULT '0',
  PRIMARY KEY (`salesorderid`)
) ENGINE=InnoDB DEFAULT CHARSET=latin1;
/*!40101 SET character_set_client = @saved_cs_client */;

--
-- Dumping data for table `vtiger_salesordercf`
--

LOCK TABLES `vtiger_salesordercf` WRITE;
/*!40000 ALTER TABLE `vtiger_salesordercf` DISABLE KEYS */;
/*!40000 ALTER TABLE `vtiger_salesordercf` ENABLE KEYS */;
UNLOCK TABLES;

--
-- Table structure for table `vtiger_salutationtype`
--

DROP TABLE IF EXISTS `vtiger_salutationtype`;
/*!40101 SET @saved_cs_client     = @@character_set_client */;
/*!40101 SET character_set_client = utf8 */;
CREATE TABLE `vtiger_salutationtype` (
  `salutationid` int(19) NOT NULL AUTO_INCREMENT,
  `salutationtype` varchar(200) NOT NULL,
  `presence` int(1) NOT NULL DEFAULT '1',
  `picklist_valueid` int(19) NOT NULL DEFAULT '0',
  `sortorderid` int(11) DEFAULT NULL,
  PRIMARY KEY (`salutationid`)
) ENGINE=InnoDB AUTO_INCREMENT=7 DEFAULT CHARSET=latin1;
/*!40101 SET character_set_client = @saved_cs_client */;

--
-- Dumping data for table `vtiger_salutationtype`
--

LOCK TABLES `vtiger_salutationtype` WRITE;
/*!40000 ALTER TABLE `vtiger_salutationtype` DISABLE KEYS */;
INSERT INTO `vtiger_salutationtype` VALUES (2,'Mr.',1,161,1),(3,'Ms.',1,162,2),(4,'Mrs.',1,163,3),(5,'Dr.',1,164,4),(6,'Prof.',1,165,5);
/*!40000 ALTER TABLE `vtiger_salutationtype` ENABLE KEYS */;
UNLOCK TABLES;

--
-- Table structure for table `vtiger_salutationtype_seq`
--

DROP TABLE IF EXISTS `vtiger_salutationtype_seq`;
/*!40101 SET @saved_cs_client     = @@character_set_client */;
/*!40101 SET character_set_client = utf8 */;
CREATE TABLE `vtiger_salutationtype_seq` (
  `id` int(11) NOT NULL
) ENGINE=InnoDB DEFAULT CHARSET=latin1;
/*!40101 SET character_set_client = @saved_cs_client */;

--
-- Dumping data for table `vtiger_salutationtype_seq`
--

LOCK TABLES `vtiger_salutationtype_seq` WRITE;
/*!40000 ALTER TABLE `vtiger_salutationtype_seq` DISABLE KEYS */;
INSERT INTO `vtiger_salutationtype_seq` VALUES (6);
/*!40000 ALTER TABLE `vtiger_salutationtype_seq` ENABLE KEYS */;
UNLOCK TABLES;

--
-- Table structure for table `vtiger_scheduled_reports`
--

DROP TABLE IF EXISTS `vtiger_scheduled_reports`;
/*!40101 SET @saved_cs_client     = @@character_set_client */;
/*!40101 SET character_set_client = utf8 */;
CREATE TABLE `vtiger_scheduled_reports` (
  `reportid` int(11) NOT NULL,
  `recipients` text,
  `schedule` text,
  `format` varchar(10) DEFAULT NULL,
  `next_trigger_time` timestamp NOT NULL DEFAULT CURRENT_TIMESTAMP ON UPDATE CURRENT_TIMESTAMP,
  PRIMARY KEY (`reportid`)
) ENGINE=InnoDB DEFAULT CHARSET=latin1;
/*!40101 SET character_set_client = @saved_cs_client */;

--
-- Dumping data for table `vtiger_scheduled_reports`
--

LOCK TABLES `vtiger_scheduled_reports` WRITE;
/*!40000 ALTER TABLE `vtiger_scheduled_reports` DISABLE KEYS */;
/*!40000 ALTER TABLE `vtiger_scheduled_reports` ENABLE KEYS */;
UNLOCK TABLES;

--
-- Table structure for table `vtiger_schedulereports`
--

DROP TABLE IF EXISTS `vtiger_schedulereports`;
/*!40101 SET @saved_cs_client     = @@character_set_client */;
/*!40101 SET character_set_client = utf8 */;
CREATE TABLE `vtiger_schedulereports` (
  `reportid` int(10) DEFAULT NULL,
  `scheduleid` int(3) DEFAULT NULL,
  `recipients` text,
  `schdate` varchar(20) DEFAULT NULL,
  `schtime` time DEFAULT NULL,
  `schdayoftheweek` varchar(100) DEFAULT NULL,
  `schdayofthemonth` varchar(100) DEFAULT NULL,
  `schannualdates` varchar(500) DEFAULT NULL,
  `specificemails` varchar(500) DEFAULT NULL,
  `next_trigger_time` timestamp NOT NULL DEFAULT CURRENT_TIMESTAMP
) ENGINE=InnoDB DEFAULT CHARSET=utf8;
/*!40101 SET character_set_client = @saved_cs_client */;

--
-- Dumping data for table `vtiger_schedulereports`
--

LOCK TABLES `vtiger_schedulereports` WRITE;
/*!40000 ALTER TABLE `vtiger_schedulereports` DISABLE KEYS */;
/*!40000 ALTER TABLE `vtiger_schedulereports` ENABLE KEYS */;
UNLOCK TABLES;

--
-- Table structure for table `vtiger_seactivityrel`
--

DROP TABLE IF EXISTS `vtiger_seactivityrel`;
/*!40101 SET @saved_cs_client     = @@character_set_client */;
/*!40101 SET character_set_client = utf8 */;
CREATE TABLE `vtiger_seactivityrel` (
  `crmid` int(19) NOT NULL,
  `activityid` int(19) NOT NULL,
  PRIMARY KEY (`crmid`,`activityid`),
  KEY `seactivityrel_activityid_idx` (`activityid`),
  KEY `seactivityrel_crmid_idx` (`crmid`)
) ENGINE=InnoDB DEFAULT CHARSET=latin1;
/*!40101 SET character_set_client = @saved_cs_client */;

--
-- Dumping data for table `vtiger_seactivityrel`
--

LOCK TABLES `vtiger_seactivityrel` WRITE;
/*!40000 ALTER TABLE `vtiger_seactivityrel` DISABLE KEYS */;
/*!40000 ALTER TABLE `vtiger_seactivityrel` ENABLE KEYS */;
UNLOCK TABLES;

--
-- Table structure for table `vtiger_seactivityrel_seq`
--

DROP TABLE IF EXISTS `vtiger_seactivityrel_seq`;
/*!40101 SET @saved_cs_client     = @@character_set_client */;
/*!40101 SET character_set_client = utf8 */;
CREATE TABLE `vtiger_seactivityrel_seq` (
  `id` int(11) NOT NULL
) ENGINE=InnoDB DEFAULT CHARSET=latin1;
/*!40101 SET character_set_client = @saved_cs_client */;

--
-- Dumping data for table `vtiger_seactivityrel_seq`
--

LOCK TABLES `vtiger_seactivityrel_seq` WRITE;
/*!40000 ALTER TABLE `vtiger_seactivityrel_seq` DISABLE KEYS */;
INSERT INTO `vtiger_seactivityrel_seq` VALUES (1);
/*!40000 ALTER TABLE `vtiger_seactivityrel_seq` ENABLE KEYS */;
UNLOCK TABLES;

--
-- Table structure for table `vtiger_seattachmentsrel`
--

DROP TABLE IF EXISTS `vtiger_seattachmentsrel`;
/*!40101 SET @saved_cs_client     = @@character_set_client */;
/*!40101 SET character_set_client = utf8 */;
CREATE TABLE `vtiger_seattachmentsrel` (
  `crmid` int(19) NOT NULL DEFAULT '0',
  `attachmentsid` int(19) NOT NULL DEFAULT '0',
  PRIMARY KEY (`crmid`,`attachmentsid`),
  KEY `seattachmentsrel_attachmentsid_idx` (`attachmentsid`),
  KEY `seattachmentsrel_crmid_idx` (`crmid`),
  KEY `seattachmentsrel_attachmentsid_crmid_idx` (`attachmentsid`,`crmid`)
) ENGINE=InnoDB DEFAULT CHARSET=latin1;
/*!40101 SET character_set_client = @saved_cs_client */;

--
-- Dumping data for table `vtiger_seattachmentsrel`
--

LOCK TABLES `vtiger_seattachmentsrel` WRITE;
/*!40000 ALTER TABLE `vtiger_seattachmentsrel` DISABLE KEYS */;
INSERT INTO `vtiger_seattachmentsrel` VALUES (13,14);
/*!40000 ALTER TABLE `vtiger_seattachmentsrel` ENABLE KEYS */;
UNLOCK TABLES;

--
-- Table structure for table `vtiger_selectcolumn`
--

DROP TABLE IF EXISTS `vtiger_selectcolumn`;
/*!40101 SET @saved_cs_client     = @@character_set_client */;
/*!40101 SET character_set_client = utf8 */;
CREATE TABLE `vtiger_selectcolumn` (
  `queryid` int(19) NOT NULL,
  `columnindex` int(11) NOT NULL DEFAULT '0',
  `columnname` varchar(250) DEFAULT '',
  PRIMARY KEY (`queryid`,`columnindex`),
  KEY `selectcolumn_queryid_idx` (`queryid`)
) ENGINE=InnoDB DEFAULT CHARSET=latin1;
/*!40101 SET character_set_client = @saved_cs_client */;

--
-- Dumping data for table `vtiger_selectcolumn`
--

LOCK TABLES `vtiger_selectcolumn` WRITE;
/*!40000 ALTER TABLE `vtiger_selectcolumn` DISABLE KEYS */;
INSERT INTO `vtiger_selectcolumn` VALUES (1,0,'vtiger_contactdetails:firstname:Contacts_First_Name:firstname:V'),(1,1,'vtiger_contactdetails:lastname:Contacts_Last_Name:lastname:V'),(1,2,'vtiger_contactsubdetails:leadsource:Contacts_Lead_Source:leadsource:V'),(1,3,'vtiger_contactdetails:accountid:Contacts_Account_Name:account_id:V'),(1,4,'vtiger_account:industry:Accounts_industry:industry:V'),(1,5,'vtiger_contactdetails:email:Contacts_Email:email:E'),(2,0,'vtiger_contactdetails:firstname:Contacts_First_Name:firstname:V'),(2,1,'vtiger_contactdetails:lastname:Contacts_Last_Name:lastname:V'),(2,2,'vtiger_contactsubdetails:leadsource:Contacts_Lead_Source:leadsource:V'),(2,3,'vtiger_contactdetails:accountid:Contacts_Account_Name:account_id:V'),(2,4,'vtiger_account:industry:Accounts_industry:industry:V'),(2,5,'vtiger_contactdetails:email:Contacts_Email:email:E'),(3,0,'vtiger_contactdetails:firstname:Contacts_First_Name:firstname:V'),(3,1,'vtiger_contactdetails:lastname:Contacts_Last_Name:lastname:V'),(3,2,'vtiger_contactdetails:accountid:Contacts_Account_Name:account_id:V'),(3,3,'vtiger_contactdetails:email:Contacts_Email:email:E'),(3,4,'vtiger_potential:potentialname:Potentials_Potential_Name:potentialname:V'),(3,5,'vtiger_potential:sales_stage:Potentials_Sales_Stage:sales_stage:V'),(4,0,'vtiger_leaddetails:firstname:Leads_First_Name:firstname:V'),(4,1,'vtiger_leaddetails:lastname:Leads_Last_Name:lastname:V'),(4,2,'vtiger_leaddetails:company:Leads_Company:company:V'),(4,3,'vtiger_leaddetails:email:Leads_Email:email:E'),(4,4,'vtiger_leaddetails:leadsource:Leads_Lead_Source:leadsource:V'),(5,0,'vtiger_leaddetails:firstname:Leads_First_Name:firstname:V'),(5,1,'vtiger_leaddetails:lastname:Leads_Last_Name:lastname:V'),(5,2,'vtiger_leaddetails:company:Leads_Company:company:V'),(5,3,'vtiger_leaddetails:email:Leads_Email:email:E'),(5,4,'vtiger_leaddetails:leadsource:Leads_Lead_Source:leadsource:V'),(5,5,'vtiger_leaddetails:leadstatus:Leads_Lead_Status:leadstatus:V'),(6,0,'vtiger_potential:potentialname:Potentials_Potential_Name:potentialname:V'),(6,1,'vtiger_potential:amount:Potentials_Amount:amount:N'),(6,2,'vtiger_potential:potentialtype:Potentials_Type:opportunity_type:V'),(6,3,'vtiger_potential:leadsource:Potentials_Lead_Source:leadsource:V'),(6,4,'vtiger_potential:sales_stage:Potentials_Sales_Stage:sales_stage:V'),(7,0,'vtiger_potential:potentialname:Potentials_Potential_Name:potentialname:V'),(7,1,'vtiger_potential:amount:Potentials_Amount:amount:N'),(7,2,'vtiger_potential:potentialtype:Potentials_Type:opportunity_type:V'),(7,3,'vtiger_potential:leadsource:Potentials_Lead_Source:leadsource:V'),(7,4,'vtiger_potential:sales_stage:Potentials_Sales_Stage:sales_stage:V'),(8,0,'vtiger_activity:subject:Calendar_Subject:subject:V'),(8,1,'vtiger_contactdetailsCalendar:lastname:Calendar_Contact_Name:contact_id:I'),(8,2,'vtiger_activity:status:Calendar_Status:taskstatus:V'),(8,3,'vtiger_activity:priority:Calendar_Priority:taskpriority:V'),(8,4,'vtiger_usersCalendar:user_name:Calendar_Assigned_To:assigned_user_id:V'),(9,0,'vtiger_activity:subject:Calendar_Subject:subject:V'),(9,1,'vtiger_contactdetailsCalendar:lastname:Calendar_Contact_Name:contact_id:I'),(9,2,'vtiger_activity:status:Calendar_Status:taskstatus:V'),(9,3,'vtiger_activity:priority:Calendar_Priority:taskpriority:V'),(9,4,'vtiger_usersCalendar:user_name:Calendar_Assigned_To:assigned_user_id:V'),(10,0,'vtiger_troubletickets:title:HelpDesk_Title:ticket_title:V'),(10,1,'vtiger_troubletickets:status:HelpDesk_Status:ticketstatus:V'),(10,2,'vtiger_products:productname:Products_Product_Name:productname:V'),(10,3,'vtiger_products:discontinued:Products_Product_Active:discontinued:V'),(10,4,'vtiger_products:productcategory:Products_Product_Category:productcategory:V'),(10,5,'vtiger_products:manufacturer:Products_Manufacturer:manufacturer:V'),(11,0,'vtiger_troubletickets:title:HelpDesk_Title:ticket_title:V'),(11,1,'vtiger_troubletickets:priority:HelpDesk_Priority:ticketpriorities:V'),(11,2,'vtiger_troubletickets:severity:HelpDesk_Severity:ticketseverities:V'),(11,3,'vtiger_troubletickets:status:HelpDesk_Status:ticketstatus:V'),(11,4,'vtiger_troubletickets:category:HelpDesk_Category:ticketcategories:V'),(11,5,'vtiger_usersHelpDesk:user_name:HelpDesk_Assigned_To:assigned_user_id:V'),(12,0,'vtiger_troubletickets:title:HelpDesk_Title:ticket_title:V'),(12,1,'vtiger_troubletickets:priority:HelpDesk_Priority:ticketpriorities:V'),(12,2,'vtiger_troubletickets:severity:HelpDesk_Severity:ticketseverities:V'),(12,3,'vtiger_troubletickets:status:HelpDesk_Status:ticketstatus:V'),(12,4,'vtiger_troubletickets:category:HelpDesk_Category:ticketcategories:V'),(12,5,'vtiger_usersHelpDesk:user_name:HelpDesk_Assigned_To:assigned_user_id:V'),(13,0,'vtiger_products:productname:Products_Product_Name:productname:V'),(13,1,'vtiger_products:productcode:Products_Product_Code:productcode:V'),(13,2,'vtiger_products:discontinued:Products_Product_Active:discontinued:V'),(13,3,'vtiger_products:productcategory:Products_Product_Category:productcategory:V'),(13,4,'vtiger_products:website:Products_Website:website:V'),(13,5,'vtiger_vendorRelProducts:vendorname:Products_Vendor_Name:vendor_id:I'),(13,6,'vtiger_products:mfr_part_no:Products_Mfr_PartNo:mfr_part_no:V'),(14,0,'vtiger_products:productname:Products_Product_Name:productname:V'),(14,1,'vtiger_products:manufacturer:Products_Manufacturer:manufacturer:V'),(14,2,'vtiger_products:productcategory:Products_Product_Category:productcategory:V'),(14,3,'vtiger_contactdetails:firstname:Contacts_First_Name:firstname:V'),(14,4,'vtiger_contactdetails:lastname:Contacts_Last_Name:lastname:V'),(14,5,'vtiger_contactsubdetails:leadsource:Contacts_Lead_Source:leadsource:V'),(15,0,'vtiger_quotes:subject:Quotes_Subject:subject:V'),(15,1,'vtiger_potentialRelQuotes:potentialname:Quotes_Potential_Name:potential_id:I'),(15,2,'vtiger_quotes:quotestage:Quotes_Quote_Stage:quotestage:V'),(15,3,'vtiger_quotes:contactid:Quotes_Contact_Name:contact_id:V'),(15,4,'vtiger_usersRel1:user_name:Quotes_Inventory_Manager:assigned_user_id1:I'),(15,5,'vtiger_accountQuotes:accountname:Quotes_Account_Name:account_id:I'),(16,0,'vtiger_quotes:subject:Quotes_Subject:subject:V'),(16,1,'vtiger_potentialRelQuotes:potentialname:Quotes_Potential_Name:potential_id:I'),(16,2,'vtiger_quotes:quotestage:Quotes_Quote_Stage:quotestage:V'),(16,3,'vtiger_quotes:contactid:Quotes_Contact_Name:contact_id:V'),(16,4,'vtiger_usersRel1:user_name:Quotes_Inventory_Manager:assigned_user_id1:I'),(16,5,'vtiger_accountQuotes:accountname:Quotes_Account_Name:account_id:I'),(16,6,'vtiger_quotes:carrier:Quotes_Carrier:carrier:V'),(16,7,'vtiger_quotes:shipping:Quotes_Shipping:shipping:V'),(17,0,'vtiger_purchaseorder:subject:PurchaseOrder_Subject:subject:V'),(17,1,'vtiger_vendorRelPurchaseOrder:vendorname:PurchaseOrder_Vendor_Name:vendor_id:I'),(17,2,'vtiger_purchaseorder:tracking_no:PurchaseOrder_Tracking_Number:tracking_no:V'),(17,3,'vtiger_contactdetails:firstname:Contacts_First_Name:firstname:V'),(17,4,'vtiger_contactdetails:lastname:Contacts_Last_Name:lastname:V'),(17,5,'vtiger_contactsubdetails:leadsource:Contacts_Lead_Source:leadsource:V'),(17,6,'vtiger_contactdetails:email:Contacts_Email:email:E'),(18,0,'vtiger_purchaseorder:subject:PurchaseOrder_Subject:subject:V'),(18,1,'vtiger_vendorRelPurchaseOrder:vendorname:PurchaseOrder_Vendor_Name:vendor_id:I'),(18,2,'vtiger_purchaseorder:requisition_no:PurchaseOrder_Requisition_No:requisition_no:V'),(18,3,'vtiger_purchaseorder:tracking_no:PurchaseOrder_Tracking_Number:tracking_no:V'),(18,4,'vtiger_contactdetailsPurchaseOrder:lastname:PurchaseOrder_Contact_Name:contact_id:I'),(18,5,'vtiger_purchaseorder:carrier:PurchaseOrder_Carrier:carrier:V'),(18,6,'vtiger_purchaseorder:salescommission:PurchaseOrder_Sales_Commission:salescommission:N'),(18,7,'vtiger_purchaseorder:exciseduty:PurchaseOrder_Excise_Duty:exciseduty:N'),(18,8,'vtiger_usersPurchaseOrder:user_name:PurchaseOrder_Assigned_To:assigned_user_id:V'),(19,0,'vtiger_invoice:subject:Invoice_Subject:subject:V'),(19,1,'vtiger_invoice:salesorderid:Invoice_Sales_Order:salesorder_id:I'),(19,2,'vtiger_invoice:customerno:Invoice_Customer_No:customerno:V'),(19,3,'vtiger_invoice:exciseduty:Invoice_Excise_Duty:exciseduty:N'),(19,4,'vtiger_invoice:salescommission:Invoice_Sales_Commission:salescommission:N'),(19,5,'vtiger_accountInvoice:accountname:Invoice_Account_Name:account_id:I'),(20,0,'vtiger_salesorder:subject:SalesOrder_Subject:subject:V'),(20,1,'vtiger_quotesSalesOrder:subject:SalesOrder_Quote_Name:quote_id:I'),(20,2,'vtiger_contactdetailsSalesOrder:lastname:SalesOrder_Contact_Name:contact_id:I'),(20,3,'vtiger_salesorder:duedate:SalesOrder_Due_Date:duedate:D'),(20,4,'vtiger_salesorder:carrier:SalesOrder_Carrier:carrier:V'),(20,5,'vtiger_salesorder:sostatus:SalesOrder_Status:sostatus:V'),(20,6,'vtiger_accountSalesOrder:accountname:SalesOrder_Account_Name:account_id:I'),(20,7,'vtiger_salesorder:salescommission:SalesOrder_Sales_Commission:salescommission:N'),(20,8,'vtiger_salesorder:exciseduty:SalesOrder_Excise_Duty:exciseduty:N'),(20,9,'vtiger_usersSalesOrder:user_name:SalesOrder_Assigned_To:assigned_user_id:V'),(21,0,'vtiger_campaign:campaignname:Campaigns_Campaign_Name:campaignname:V'),(21,1,'vtiger_campaign:campaigntype:Campaigns_Campaign_Type:campaigntype:V'),(21,2,'vtiger_campaign:targetaudience:Campaigns_Target_Audience:targetaudience:V'),(21,3,'vtiger_campaign:budgetcost:Campaigns_Budget_Cost:budgetcost:I'),(21,4,'vtiger_campaign:actualcost:Campaigns_Actual_Cost:actualcost:I'),(21,5,'vtiger_campaign:expectedrevenue:Campaigns_Expected_Revenue:expectedrevenue:I'),(21,6,'vtiger_campaign:expectedsalescount:Campaigns_Expected_Sales_Count:expectedsalescount:N'),(21,7,'vtiger_campaign:actualsalescount:Campaigns_Actual_Sales_Count:actualsalescount:N'),(21,8,'vtiger_usersCampaigns:user_name:Campaigns_Assigned_To:assigned_user_id:V'),(22,0,'vtiger_contactdetails:lastname:Contacts_Last_Name:lastname:V'),(22,1,'vtiger_contactdetails:email:Contacts_Email:email:E'),(22,2,'vtiger_activity:subject:Emails_Subject:subject:V'),(22,3,'vtiger_email_track:access_count:Emails_Access_Count:access_count:V'),(23,0,'vtiger_account:accountname:Accounts_Account_Name:accountname:V'),(23,1,'vtiger_account:phone:Accounts_Phone:phone:V'),(23,2,'vtiger_account:email1:Accounts_Email:email1:E'),(23,3,'vtiger_activity:subject:Emails_Subject:subject:V'),(23,4,'vtiger_email_track:access_count:Emails_Access_Count:access_count:V'),(24,0,'vtiger_leaddetails:lastname:Leads_Last_Name:lastname:V'),(24,1,'vtiger_leaddetails:company:Leads_Company:company:V'),(24,2,'vtiger_leaddetails:email:Leads_Email:email:E'),(24,3,'vtiger_activity:subject:Emails_Subject:subject:V'),(24,4,'vtiger_email_track:access_count:Emails_Access_Count:access_count:V'),(25,0,'vtiger_vendor:vendorname:Vendors_Vendor_Name:vendorname:V'),(25,1,'vtiger_vendor:glacct:Vendors_GL_Account:glacct:V'),(25,2,'vtiger_vendor:email:Vendors_Email:email:E'),(25,3,'vtiger_activity:subject:Emails_Subject:subject:V'),(25,4,'vtiger_email_track:access_count:Emails_Access_Count:access_count:V');
/*!40000 ALTER TABLE `vtiger_selectcolumn` ENABLE KEYS */;
UNLOCK TABLES;

--
-- Table structure for table `vtiger_selectquery`
--

DROP TABLE IF EXISTS `vtiger_selectquery`;
/*!40101 SET @saved_cs_client     = @@character_set_client */;
/*!40101 SET character_set_client = utf8 */;
CREATE TABLE `vtiger_selectquery` (
  `queryid` int(19) NOT NULL,
  `startindex` int(19) DEFAULT '0',
  `numofobjects` int(19) DEFAULT '0',
  PRIMARY KEY (`queryid`),
  KEY `selectquery_queryid_idx` (`queryid`)
) ENGINE=InnoDB DEFAULT CHARSET=latin1;
/*!40101 SET character_set_client = @saved_cs_client */;

--
-- Dumping data for table `vtiger_selectquery`
--

LOCK TABLES `vtiger_selectquery` WRITE;
/*!40000 ALTER TABLE `vtiger_selectquery` DISABLE KEYS */;
INSERT INTO `vtiger_selectquery` VALUES (1,0,0),(2,0,0),(3,0,0),(4,0,0),(5,0,0),(6,0,0),(7,0,0),(8,0,0),(9,0,0),(10,0,0),(11,0,0),(12,0,0),(13,0,0),(14,0,0),(15,0,0),(16,0,0),(17,0,0),(18,0,0),(19,0,0),(20,0,0),(21,0,0),(22,0,0),(23,0,0),(24,0,0),(25,0,0);
/*!40000 ALTER TABLE `vtiger_selectquery` ENABLE KEYS */;
UNLOCK TABLES;

--
-- Table structure for table `vtiger_selectquery_seq`
--

DROP TABLE IF EXISTS `vtiger_selectquery_seq`;
/*!40101 SET @saved_cs_client     = @@character_set_client */;
/*!40101 SET character_set_client = utf8 */;
CREATE TABLE `vtiger_selectquery_seq` (
  `id` int(11) NOT NULL
) ENGINE=InnoDB DEFAULT CHARSET=latin1;
/*!40101 SET character_set_client = @saved_cs_client */;

--
-- Dumping data for table `vtiger_selectquery_seq`
--

LOCK TABLES `vtiger_selectquery_seq` WRITE;
/*!40000 ALTER TABLE `vtiger_selectquery_seq` DISABLE KEYS */;
INSERT INTO `vtiger_selectquery_seq` VALUES (25);
/*!40000 ALTER TABLE `vtiger_selectquery_seq` ENABLE KEYS */;
UNLOCK TABLES;

--
-- Table structure for table `vtiger_senotesrel`
--

DROP TABLE IF EXISTS `vtiger_senotesrel`;
/*!40101 SET @saved_cs_client     = @@character_set_client */;
/*!40101 SET character_set_client = utf8 */;
CREATE TABLE `vtiger_senotesrel` (
  `crmid` int(19) NOT NULL DEFAULT '0',
  `notesid` int(19) NOT NULL DEFAULT '0',
  PRIMARY KEY (`crmid`,`notesid`),
  KEY `senotesrel_notesid_idx` (`notesid`),
  KEY `senotesrel_crmid_idx` (`crmid`),
  CONSTRAINT `fk1_crmid` FOREIGN KEY (`crmid`) REFERENCES `vtiger_crmentity` (`crmid`) ON DELETE CASCADE
) ENGINE=InnoDB DEFAULT CHARSET=latin1;
/*!40101 SET character_set_client = @saved_cs_client */;

--
-- Dumping data for table `vtiger_senotesrel`
--

LOCK TABLES `vtiger_senotesrel` WRITE;
/*!40000 ALTER TABLE `vtiger_senotesrel` DISABLE KEYS */;
/*!40000 ALTER TABLE `vtiger_senotesrel` ENABLE KEYS */;
UNLOCK TABLES;

--
-- Table structure for table `vtiger_seproductsrel`
--

DROP TABLE IF EXISTS `vtiger_seproductsrel`;
/*!40101 SET @saved_cs_client     = @@character_set_client */;
/*!40101 SET character_set_client = utf8 */;
CREATE TABLE `vtiger_seproductsrel` (
  `crmid` int(19) NOT NULL DEFAULT '0',
  `productid` int(19) NOT NULL DEFAULT '0',
  `setype` varchar(30) NOT NULL,
  PRIMARY KEY (`crmid`,`productid`),
  KEY `seproductsrel_productid_idx` (`productid`),
  KEY `seproductrel_crmid_idx` (`crmid`)
) ENGINE=InnoDB DEFAULT CHARSET=latin1;
/*!40101 SET character_set_client = @saved_cs_client */;

--
-- Dumping data for table `vtiger_seproductsrel`
--

LOCK TABLES `vtiger_seproductsrel` WRITE;
/*!40000 ALTER TABLE `vtiger_seproductsrel` DISABLE KEYS */;
/*!40000 ALTER TABLE `vtiger_seproductsrel` ENABLE KEYS */;
UNLOCK TABLES;

--
-- Table structure for table `vtiger_service`
--

DROP TABLE IF EXISTS `vtiger_service`;
/*!40101 SET @saved_cs_client     = @@character_set_client */;
/*!40101 SET character_set_client = utf8 */;
CREATE TABLE `vtiger_service` (
  `serviceid` int(11) NOT NULL,
  `service_no` varchar(100) NOT NULL,
  `servicename` varchar(50) NOT NULL,
  `servicecategory` varchar(200) DEFAULT NULL,
  `qty_per_unit` decimal(11,2) DEFAULT '0.00',
  `unit_price` decimal(25,8) DEFAULT NULL,
  `sales_start_date` date DEFAULT NULL,
  `sales_end_date` date DEFAULT NULL,
  `start_date` date DEFAULT NULL,
  `expiry_date` date DEFAULT NULL,
  `discontinued` int(1) NOT NULL DEFAULT '0',
  `service_usageunit` varchar(200) DEFAULT NULL,
  `website` varchar(100) DEFAULT NULL,
  `taxclass` varchar(200) DEFAULT NULL,
  `currency_id` int(19) NOT NULL DEFAULT '1',
  `commissionrate` decimal(7,3) DEFAULT NULL,
  PRIMARY KEY (`serviceid`),
  CONSTRAINT `fk_1_vtiger_service` FOREIGN KEY (`serviceid`) REFERENCES `vtiger_crmentity` (`crmid`) ON DELETE CASCADE
) ENGINE=InnoDB DEFAULT CHARSET=utf8;
/*!40101 SET character_set_client = @saved_cs_client */;

--
-- Dumping data for table `vtiger_service`
--

LOCK TABLES `vtiger_service` WRITE;
/*!40000 ALTER TABLE `vtiger_service` DISABLE KEYS */;
/*!40000 ALTER TABLE `vtiger_service` ENABLE KEYS */;
UNLOCK TABLES;

--
-- Table structure for table `vtiger_service_usageunit`
--

DROP TABLE IF EXISTS `vtiger_service_usageunit`;
/*!40101 SET @saved_cs_client     = @@character_set_client */;
/*!40101 SET character_set_client = utf8 */;
CREATE TABLE `vtiger_service_usageunit` (
  `service_usageunitid` int(11) NOT NULL AUTO_INCREMENT,
  `service_usageunit` varchar(200) NOT NULL,
  `presence` int(1) NOT NULL DEFAULT '1',
  `picklist_valueid` int(11) NOT NULL DEFAULT '0',
  `sortorderid` int(11) DEFAULT '0',
  PRIMARY KEY (`service_usageunitid`)
) ENGINE=InnoDB AUTO_INCREMENT=4 DEFAULT CHARSET=utf8;
/*!40101 SET character_set_client = @saved_cs_client */;

--
-- Dumping data for table `vtiger_service_usageunit`
--

LOCK TABLES `vtiger_service_usageunit` WRITE;
/*!40000 ALTER TABLE `vtiger_service_usageunit` DISABLE KEYS */;
INSERT INTO `vtiger_service_usageunit` VALUES (1,'Hours',1,210,1),(2,'Days',1,211,2),(3,'Incidents',1,212,3);
/*!40000 ALTER TABLE `vtiger_service_usageunit` ENABLE KEYS */;
UNLOCK TABLES;

--
-- Table structure for table `vtiger_service_usageunit_seq`
--

DROP TABLE IF EXISTS `vtiger_service_usageunit_seq`;
/*!40101 SET @saved_cs_client     = @@character_set_client */;
/*!40101 SET character_set_client = utf8 */;
CREATE TABLE `vtiger_service_usageunit_seq` (
  `id` int(11) NOT NULL
) ENGINE=InnoDB DEFAULT CHARSET=latin1;
/*!40101 SET character_set_client = @saved_cs_client */;

--
-- Dumping data for table `vtiger_service_usageunit_seq`
--

LOCK TABLES `vtiger_service_usageunit_seq` WRITE;
/*!40000 ALTER TABLE `vtiger_service_usageunit_seq` DISABLE KEYS */;
INSERT INTO `vtiger_service_usageunit_seq` VALUES (3);
/*!40000 ALTER TABLE `vtiger_service_usageunit_seq` ENABLE KEYS */;
UNLOCK TABLES;

--
-- Table structure for table `vtiger_servicecategory`
--

DROP TABLE IF EXISTS `vtiger_servicecategory`;
/*!40101 SET @saved_cs_client     = @@character_set_client */;
/*!40101 SET character_set_client = utf8 */;
CREATE TABLE `vtiger_servicecategory` (
  `servicecategoryid` int(11) NOT NULL AUTO_INCREMENT,
  `servicecategory` varchar(200) NOT NULL,
  `presence` int(1) NOT NULL DEFAULT '1',
  `picklist_valueid` int(11) NOT NULL DEFAULT '0',
  `sortorderid` int(11) DEFAULT '0',
  PRIMARY KEY (`servicecategoryid`)
) ENGINE=InnoDB AUTO_INCREMENT=7 DEFAULT CHARSET=utf8;
/*!40101 SET character_set_client = @saved_cs_client */;

--
-- Dumping data for table `vtiger_servicecategory`
--

LOCK TABLES `vtiger_servicecategory` WRITE;
/*!40000 ALTER TABLE `vtiger_servicecategory` DISABLE KEYS */;
INSERT INTO `vtiger_servicecategory` VALUES (2,'Support',1,214,2),(3,'Installation',1,215,3),(4,'Migration',1,216,4),(5,'Customization',1,217,5),(6,'Training',1,218,6);
/*!40000 ALTER TABLE `vtiger_servicecategory` ENABLE KEYS */;
UNLOCK TABLES;

--
-- Table structure for table `vtiger_servicecategory_seq`
--

DROP TABLE IF EXISTS `vtiger_servicecategory_seq`;
/*!40101 SET @saved_cs_client     = @@character_set_client */;
/*!40101 SET character_set_client = utf8 */;
CREATE TABLE `vtiger_servicecategory_seq` (
  `id` int(11) NOT NULL
) ENGINE=InnoDB DEFAULT CHARSET=latin1;
/*!40101 SET character_set_client = @saved_cs_client */;

--
-- Dumping data for table `vtiger_servicecategory_seq`
--

LOCK TABLES `vtiger_servicecategory_seq` WRITE;
/*!40000 ALTER TABLE `vtiger_servicecategory_seq` DISABLE KEYS */;
INSERT INTO `vtiger_servicecategory_seq` VALUES (6);
/*!40000 ALTER TABLE `vtiger_servicecategory_seq` ENABLE KEYS */;
UNLOCK TABLES;

--
-- Table structure for table `vtiger_servicecf`
--

DROP TABLE IF EXISTS `vtiger_servicecf`;
/*!40101 SET @saved_cs_client     = @@character_set_client */;
/*!40101 SET character_set_client = utf8 */;
CREATE TABLE `vtiger_servicecf` (
  `serviceid` int(19) NOT NULL DEFAULT '0',
  PRIMARY KEY (`serviceid`)
) ENGINE=InnoDB DEFAULT CHARSET=utf8;
/*!40101 SET character_set_client = @saved_cs_client */;

--
-- Dumping data for table `vtiger_servicecf`
--

LOCK TABLES `vtiger_servicecf` WRITE;
/*!40000 ALTER TABLE `vtiger_servicecf` DISABLE KEYS */;
/*!40000 ALTER TABLE `vtiger_servicecf` ENABLE KEYS */;
UNLOCK TABLES;

--
-- Table structure for table `vtiger_servicecontracts`
--

DROP TABLE IF EXISTS `vtiger_servicecontracts`;
/*!40101 SET @saved_cs_client     = @@character_set_client */;
/*!40101 SET character_set_client = utf8 */;
CREATE TABLE `vtiger_servicecontracts` (
  `servicecontractsid` int(11) DEFAULT NULL,
  `start_date` date DEFAULT NULL,
  `end_date` date DEFAULT NULL,
  `sc_related_to` int(11) DEFAULT NULL,
  `tracking_unit` varchar(100) DEFAULT NULL,
  `total_units` decimal(5,2) DEFAULT NULL,
  `used_units` decimal(5,2) DEFAULT NULL,
  `subject` varchar(100) DEFAULT NULL,
  `due_date` date DEFAULT NULL,
  `planned_duration` varchar(256) DEFAULT NULL,
  `actual_duration` varchar(256) DEFAULT NULL,
  `contract_status` varchar(200) DEFAULT NULL,
  `priority` varchar(200) DEFAULT NULL,
  `contract_type` varchar(200) DEFAULT NULL,
  `progress` decimal(5,2) DEFAULT NULL,
  `contract_no` varchar(100) DEFAULT NULL
) ENGINE=InnoDB DEFAULT CHARSET=utf8;
/*!40101 SET character_set_client = @saved_cs_client */;

--
-- Dumping data for table `vtiger_servicecontracts`
--

LOCK TABLES `vtiger_servicecontracts` WRITE;
/*!40000 ALTER TABLE `vtiger_servicecontracts` DISABLE KEYS */;
/*!40000 ALTER TABLE `vtiger_servicecontracts` ENABLE KEYS */;
UNLOCK TABLES;

--
-- Table structure for table `vtiger_servicecontractscf`
--

DROP TABLE IF EXISTS `vtiger_servicecontractscf`;
/*!40101 SET @saved_cs_client     = @@character_set_client */;
/*!40101 SET character_set_client = utf8 */;
CREATE TABLE `vtiger_servicecontractscf` (
  `servicecontractsid` int(11) NOT NULL,
  PRIMARY KEY (`servicecontractsid`)
) ENGINE=InnoDB DEFAULT CHARSET=utf8;
/*!40101 SET character_set_client = @saved_cs_client */;

--
-- Dumping data for table `vtiger_servicecontractscf`
--

LOCK TABLES `vtiger_servicecontractscf` WRITE;
/*!40000 ALTER TABLE `vtiger_servicecontractscf` DISABLE KEYS */;
/*!40000 ALTER TABLE `vtiger_servicecontractscf` ENABLE KEYS */;
UNLOCK TABLES;

--
-- Table structure for table `vtiger_seticketsrel`
--

DROP TABLE IF EXISTS `vtiger_seticketsrel`;
/*!40101 SET @saved_cs_client     = @@character_set_client */;
/*!40101 SET character_set_client = utf8 */;
CREATE TABLE `vtiger_seticketsrel` (
  `crmid` int(19) NOT NULL DEFAULT '0',
  `ticketid` int(19) NOT NULL DEFAULT '0',
  PRIMARY KEY (`crmid`,`ticketid`),
  KEY `seticketsrel_crmid_idx` (`crmid`),
  KEY `seticketsrel_ticketid_idx` (`ticketid`)
) ENGINE=InnoDB DEFAULT CHARSET=latin1;
/*!40101 SET character_set_client = @saved_cs_client */;

--
-- Dumping data for table `vtiger_seticketsrel`
--

LOCK TABLES `vtiger_seticketsrel` WRITE;
/*!40000 ALTER TABLE `vtiger_seticketsrel` DISABLE KEYS */;
/*!40000 ALTER TABLE `vtiger_seticketsrel` ENABLE KEYS */;
UNLOCK TABLES;

--
-- Table structure for table `vtiger_settings_blocks`
--

DROP TABLE IF EXISTS `vtiger_settings_blocks`;
/*!40101 SET @saved_cs_client     = @@character_set_client */;
/*!40101 SET character_set_client = utf8 */;
CREATE TABLE `vtiger_settings_blocks` (
  `blockid` int(19) NOT NULL,
  `label` varchar(250) DEFAULT NULL,
  `sequence` int(19) DEFAULT NULL,
  PRIMARY KEY (`blockid`)
) ENGINE=InnoDB DEFAULT CHARSET=latin1;
/*!40101 SET character_set_client = @saved_cs_client */;

--
-- Dumping data for table `vtiger_settings_blocks`
--

LOCK TABLES `vtiger_settings_blocks` WRITE;
/*!40000 ALTER TABLE `vtiger_settings_blocks` DISABLE KEYS */;
INSERT INTO `vtiger_settings_blocks` VALUES (1,'LBL_USER_MANAGEMENT',1),(2,'LBL_STUDIO',2),(3,'LBL_COMMUNICATION_TEMPLATES',3),(4,'LBL_OTHER_SETTINGS',4),(5,'LBL_INTEGRATION',5);
/*!40000 ALTER TABLE `vtiger_settings_blocks` ENABLE KEYS */;
UNLOCK TABLES;

--
-- Table structure for table `vtiger_settings_blocks_seq`
--

DROP TABLE IF EXISTS `vtiger_settings_blocks_seq`;
/*!40101 SET @saved_cs_client     = @@character_set_client */;
/*!40101 SET character_set_client = utf8 */;
CREATE TABLE `vtiger_settings_blocks_seq` (
  `id` int(11) NOT NULL
) ENGINE=InnoDB DEFAULT CHARSET=latin1;
/*!40101 SET character_set_client = @saved_cs_client */;

--
-- Dumping data for table `vtiger_settings_blocks_seq`
--

LOCK TABLES `vtiger_settings_blocks_seq` WRITE;
/*!40000 ALTER TABLE `vtiger_settings_blocks_seq` DISABLE KEYS */;
INSERT INTO `vtiger_settings_blocks_seq` VALUES (5);
/*!40000 ALTER TABLE `vtiger_settings_blocks_seq` ENABLE KEYS */;
UNLOCK TABLES;

--
-- Table structure for table `vtiger_settings_field`
--

DROP TABLE IF EXISTS `vtiger_settings_field`;
/*!40101 SET @saved_cs_client     = @@character_set_client */;
/*!40101 SET character_set_client = utf8 */;
CREATE TABLE `vtiger_settings_field` (
  `fieldid` int(19) NOT NULL,
  `blockid` int(19) DEFAULT NULL,
  `name` varchar(250) DEFAULT NULL,
  `iconpath` varchar(300) DEFAULT NULL,
  `description` text,
  `linkto` text,
  `sequence` int(19) DEFAULT NULL,
  `active` int(19) DEFAULT '0',
  `pinned` int(1) DEFAULT '0',
  PRIMARY KEY (`fieldid`)
) ENGINE=InnoDB DEFAULT CHARSET=latin1;
/*!40101 SET character_set_client = @saved_cs_client */;

--
-- Dumping data for table `vtiger_settings_field`
--

LOCK TABLES `vtiger_settings_field` WRITE;
/*!40000 ALTER TABLE `vtiger_settings_field` DISABLE KEYS */;
INSERT INTO `vtiger_settings_field` VALUES (1,1,'LBL_USERS','ico-users.gif','LBL_USER_DESCRIPTION','index.php?module=Users&parent=Settings&view=List',1,0,1),(2,1,'LBL_ROLES','ico-roles.gif','LBL_ROLE_DESCRIPTION','index.php?module=Roles&parent=Settings&view=Index',2,0,0),(3,1,'LBL_PROFILES','ico-profile.gif','LBL_PROFILE_DESCRIPTION','index.php?module=Profiles&parent=Settings&view=List',3,0,0),(4,1,'USERGROUPLIST','ico-groups.gif','LBL_GROUP_DESCRIPTION','index.php?module=Groups&parent=Settings&view=List',4,0,0),(5,1,'LBL_SHARING_ACCESS','shareaccess.gif','LBL_SHARING_ACCESS_DESCRIPTION','index.php?module=SharingAccess&parent=Settings&view=Index',5,0,0),(6,1,'LBL_FIELDS_ACCESS','orgshar.gif','LBL_SHARING_FIELDS_DESCRIPTION','index.php?module=FieldAccess&parent=Settings&view=Index',6,0,0),(7,1,'LBL_LOGIN_HISTORY_DETAILS','set-IcoLoginHistory.gif','LBL_LOGIN_HISTORY_DESCRIPTION','index.php?module=LoginHistory&parent=Settings&view=List',7,0,0),(8,2,'VTLIB_LBL_MODULE_MANAGER','vtlib_modmng.gif','VTLIB_LBL_MODULE_MANAGER_DESCRIPTION','index.php?module=ModuleManager&parent=Settings&view=List',8,0,1),(9,2,'LBL_PICKLIST_EDITOR','picklist.gif','LBL_PICKLIST_DESCRIPTION','index.php?parent=Settings&module=Picklist&view=Index',1,0,1),(10,2,'LBL_PICKLIST_DEPENDENCY_SETUP','picklistdependency.gif','LBL_PICKLIST_DEPENDENCY_DESCRIPTION','index.php?parent=Settings&module=PickListDependency&view=List',2,0,0),(11,2,'LBL_MENU_EDITOR','menueditor.png','LBL_MENU_DESC','index.php?module=MenuEditor&parent=Settings&view=Index',3,0,0),(12,3,'NOTIFICATIONSCHEDULERS','notification.gif','LBL_NOTIF_SCHED_DESCRIPTION','index.php?module=Settings&view=listnotificationschedulers&parenttab=Settings',4,0,0),(13,3,'INVENTORYNOTIFICATION','inventory.gif','LBL_INV_NOTIF_DESCRIPTION','index.php?module=Settings&view=listinventorynotifications&parenttab=Settings',1,0,0),(14,3,'LBL_COMPANY_DETAILS','company.gif','LBL_COMPANY_DESCRIPTION','index.php?parent=Settings&module=Vtiger&view=CompanyDetails',2,0,0),(15,4,'LBL_MAIL_SERVER_SETTINGS','ogmailserver.gif','LBL_MAIL_SERVER_DESCRIPTION','index.php?parent=Settings&module=Vtiger&view=OutgoingServerDetail',3,0,0),(16,4,'LBL_CURRENCY_SETTINGS','currency.gif','LBL_CURRENCY_DESCRIPTION','index.php?parent=Settings&module=Currency&view=List',4,0,0),(17,4,'LBL_TAX_SETTINGS','taxConfiguration.gif','LBL_TAX_DESCRIPTION','index.php?module=Vtiger&parent=Settings&view=TaxIndex',5,0,0),(18,4,'LBL_SYSTEM_INFO','system.gif','LBL_SYSTEM_DESCRIPTION','index.php?module=Settings&submodule=Server&view=ProxyConfig',6,1,0),(19,4,'LBL_ANNOUNCEMENT','announ.gif','LBL_ANNOUNCEMENT_DESCRIPTION','index.php?parent=Settings&module=Vtiger&view=AnnouncementEdit',1,0,0),(20,4,'LBL_DEFAULT_MODULE_VIEW','set-IcoTwoTabConfig.gif','LBL_DEFAULT_MODULE_VIEW_DESC','index.php?module=Settings&action=DefModuleView&parenttab=Settings',2,0,0),(21,4,'INVENTORYTERMSANDCONDITIONS','terms.gif','LBL_INV_TANDC_DESCRIPTION','index.php?parent=Settings&module=Vtiger&view=TermsAndConditionsEdit',3,0,0),(22,4,'LBL_CUSTOMIZE_MODENT_NUMBER','settingsInvNumber.gif','LBL_CUSTOMIZE_MODENT_NUMBER_DESCRIPTION','index.php?module=Vtiger&parent=Settings&view=CustomRecordNumbering',4,0,0),(23,4,'LBL_MAIL_SCANNER','mailScanner.gif','LBL_MAIL_SCANNER_DESCRIPTION','index.php?parent=Settings&module=MailConverter&view=List',5,0,0),(24,4,'LBL_LIST_WORKFLOWS','settingsWorkflow.png','LBL_LIST_WORKFLOWS_DESCRIPTION','index.php?module=Workflows&parent=Settings&view=List',6,0,1),(25,4,'LBL_CONFIG_EDITOR','migrate.gif','LBL_CONFIG_EDITOR_DESCRIPTION','index.php?module=Vtiger&parent=Settings&view=ConfigEditorDetail',7,0,0),(26,4,'Scheduler','Cron.png','Allows you to Configure Cron Task','index.php?module=CronTasks&parent=Settings&view=List',8,0,0),(27,4,'LBL_WORKFLOW_LIST','settingsWorkflow.png','LBL_AVAILABLE_WORKLIST_LIST','index.php?module=com_vtiger_workflow&action=workflowlist',8,0,0),(29,4,'ModTracker','set-IcoLoginHistory.gif','LBL_MODTRACKER_DESCRIPTION','index.php?module=ModTracker&action=BasicSettings&parenttab=Settings&formodule=ModTracker',9,0,0),(30,4,'LBL_CUSTOMER_PORTAL','portal_icon.png','PORTAL_EXTENSION_DESCRIPTION','index.php?module=CustomerPortal&action=index&parenttab=Settings',10,0,0),(31,4,'Webforms','modules/Webforms/img/Webform.png','LBL_WEBFORMS_DESCRIPTION','index.php?module=Webforms&action=index&parenttab=Settings',11,1,0),(32,2,'LBL_EDIT_FIELDS','','LBL_LAYOUT_EDITOR_DESCRIPTION','index.php?module=LayoutEditor&parent=Settings&view=Index',NULL,0,0),(33,3,'ModuleDesigner','layouts/vlayout/modules/Settings/ModuleDesigner/assets/images/ModuleDesigner.png','LBL_MODULEDESIGNER_DESCRIPTION','index.php?module=ModuleDesigner&view=Index&parent=Settings',8,0,0);
/*!40000 ALTER TABLE `vtiger_settings_field` ENABLE KEYS */;
UNLOCK TABLES;

--
-- Table structure for table `vtiger_settings_field_seq`
--

DROP TABLE IF EXISTS `vtiger_settings_field_seq`;
/*!40101 SET @saved_cs_client     = @@character_set_client */;
/*!40101 SET character_set_client = utf8 */;
CREATE TABLE `vtiger_settings_field_seq` (
  `id` int(11) NOT NULL
) ENGINE=InnoDB DEFAULT CHARSET=latin1;
/*!40101 SET character_set_client = @saved_cs_client */;

--
-- Dumping data for table `vtiger_settings_field_seq`
--

LOCK TABLES `vtiger_settings_field_seq` WRITE;
/*!40000 ALTER TABLE `vtiger_settings_field_seq` DISABLE KEYS */;
INSERT INTO `vtiger_settings_field_seq` VALUES (33);
/*!40000 ALTER TABLE `vtiger_settings_field_seq` ENABLE KEYS */;
UNLOCK TABLES;

--
-- Table structure for table `vtiger_sharedcalendar`
--

DROP TABLE IF EXISTS `vtiger_sharedcalendar`;
/*!40101 SET @saved_cs_client     = @@character_set_client */;
/*!40101 SET character_set_client = utf8 */;
CREATE TABLE `vtiger_sharedcalendar` (
  `userid` int(19) NOT NULL,
  `sharedid` int(19) NOT NULL,
  PRIMARY KEY (`userid`,`sharedid`)
) ENGINE=InnoDB DEFAULT CHARSET=latin1;
/*!40101 SET character_set_client = @saved_cs_client */;

--
-- Dumping data for table `vtiger_sharedcalendar`
--

LOCK TABLES `vtiger_sharedcalendar` WRITE;
/*!40000 ALTER TABLE `vtiger_sharedcalendar` DISABLE KEYS */;
/*!40000 ALTER TABLE `vtiger_sharedcalendar` ENABLE KEYS */;
UNLOCK TABLES;

--
-- Table structure for table `vtiger_shareduserinfo`
--

DROP TABLE IF EXISTS `vtiger_shareduserinfo`;
/*!40101 SET @saved_cs_client     = @@character_set_client */;
/*!40101 SET character_set_client = utf8 */;
CREATE TABLE `vtiger_shareduserinfo` (
  `userid` int(19) NOT NULL DEFAULT '0',
  `shareduserid` int(19) NOT NULL DEFAULT '0',
  `color` varchar(50) DEFAULT NULL,
  `visible` int(19) DEFAULT '1'
) ENGINE=InnoDB DEFAULT CHARSET=latin1;
/*!40101 SET character_set_client = @saved_cs_client */;

--
-- Dumping data for table `vtiger_shareduserinfo`
--

LOCK TABLES `vtiger_shareduserinfo` WRITE;
/*!40000 ALTER TABLE `vtiger_shareduserinfo` DISABLE KEYS */;
INSERT INTO `vtiger_shareduserinfo` VALUES (1,5,NULL,0),(1,6,NULL,0),(1,7,NULL,0),(1,8,NULL,0),(1,10,NULL,0),(1,11,NULL,0),(11,5,NULL,0),(11,1,NULL,0),(11,6,NULL,0),(11,7,NULL,0),(11,8,NULL,0),(11,10,NULL,0);
/*!40000 ALTER TABLE `vtiger_shareduserinfo` ENABLE KEYS */;
UNLOCK TABLES;

--
-- Table structure for table `vtiger_shippingtaxinfo`
--

DROP TABLE IF EXISTS `vtiger_shippingtaxinfo`;
/*!40101 SET @saved_cs_client     = @@character_set_client */;
/*!40101 SET character_set_client = utf8 */;
CREATE TABLE `vtiger_shippingtaxinfo` (
  `taxid` int(3) NOT NULL,
  `taxname` varchar(50) DEFAULT NULL,
  `taxlabel` varchar(50) DEFAULT NULL,
  `percentage` decimal(7,3) DEFAULT NULL,
  `deleted` int(1) DEFAULT NULL,
  PRIMARY KEY (`taxid`),
  KEY `shippingtaxinfo_taxname_idx` (`taxname`)
) ENGINE=InnoDB DEFAULT CHARSET=latin1;
/*!40101 SET character_set_client = @saved_cs_client */;

--
-- Dumping data for table `vtiger_shippingtaxinfo`
--

LOCK TABLES `vtiger_shippingtaxinfo` WRITE;
/*!40000 ALTER TABLE `vtiger_shippingtaxinfo` DISABLE KEYS */;
INSERT INTO `vtiger_shippingtaxinfo` VALUES (1,'shtax1','VAT',4.500,0),(2,'shtax2','Sales',10.000,0),(3,'shtax3','Service',12.500,0);
/*!40000 ALTER TABLE `vtiger_shippingtaxinfo` ENABLE KEYS */;
UNLOCK TABLES;

--
-- Table structure for table `vtiger_shippingtaxinfo_seq`
--

DROP TABLE IF EXISTS `vtiger_shippingtaxinfo_seq`;
/*!40101 SET @saved_cs_client     = @@character_set_client */;
/*!40101 SET character_set_client = utf8 */;
CREATE TABLE `vtiger_shippingtaxinfo_seq` (
  `id` int(11) NOT NULL
) ENGINE=InnoDB DEFAULT CHARSET=latin1;
/*!40101 SET character_set_client = @saved_cs_client */;

--
-- Dumping data for table `vtiger_shippingtaxinfo_seq`
--

LOCK TABLES `vtiger_shippingtaxinfo_seq` WRITE;
/*!40000 ALTER TABLE `vtiger_shippingtaxinfo_seq` DISABLE KEYS */;
INSERT INTO `vtiger_shippingtaxinfo_seq` VALUES (3);
/*!40000 ALTER TABLE `vtiger_shippingtaxinfo_seq` ENABLE KEYS */;
UNLOCK TABLES;

--
-- Table structure for table `vtiger_shorturls`
--

DROP TABLE IF EXISTS `vtiger_shorturls`;
/*!40101 SET @saved_cs_client     = @@character_set_client */;
/*!40101 SET character_set_client = utf8 */;
CREATE TABLE `vtiger_shorturls` (
  `id` int(11) NOT NULL AUTO_INCREMENT,
  `uid` varchar(50) DEFAULT NULL,
  `handler_path` varchar(400) DEFAULT NULL,
  `handler_class` varchar(100) DEFAULT NULL,
  `handler_function` varchar(100) DEFAULT NULL,
  `handler_data` varchar(255) DEFAULT NULL,
  `onetime` int(5) DEFAULT NULL,
  PRIMARY KEY (`id`),
  KEY `uid` (`uid`)
) ENGINE=InnoDB DEFAULT CHARSET=utf8;
/*!40101 SET character_set_client = @saved_cs_client */;

--
-- Dumping data for table `vtiger_shorturls`
--

LOCK TABLES `vtiger_shorturls` WRITE;
/*!40000 ALTER TABLE `vtiger_shorturls` DISABLE KEYS */;
/*!40000 ALTER TABLE `vtiger_shorturls` ENABLE KEYS */;
UNLOCK TABLES;

--
-- Table structure for table `vtiger_smsnotifier`
--

DROP TABLE IF EXISTS `vtiger_smsnotifier`;
/*!40101 SET @saved_cs_client     = @@character_set_client */;
/*!40101 SET character_set_client = utf8 */;
CREATE TABLE `vtiger_smsnotifier` (
  `smsnotifierid` int(11) DEFAULT NULL,
  `message` text,
  `status` varchar(100) DEFAULT NULL
) ENGINE=InnoDB DEFAULT CHARSET=utf8;
/*!40101 SET character_set_client = @saved_cs_client */;

--
-- Dumping data for table `vtiger_smsnotifier`
--

LOCK TABLES `vtiger_smsnotifier` WRITE;
/*!40000 ALTER TABLE `vtiger_smsnotifier` DISABLE KEYS */;
/*!40000 ALTER TABLE `vtiger_smsnotifier` ENABLE KEYS */;
UNLOCK TABLES;

--
-- Table structure for table `vtiger_smsnotifier_servers`
--

DROP TABLE IF EXISTS `vtiger_smsnotifier_servers`;
/*!40101 SET @saved_cs_client     = @@character_set_client */;
/*!40101 SET character_set_client = utf8 */;
CREATE TABLE `vtiger_smsnotifier_servers` (
  `id` int(11) NOT NULL AUTO_INCREMENT,
  `password` varchar(255) DEFAULT NULL,
  `isactive` int(1) DEFAULT NULL,
  `providertype` varchar(50) DEFAULT NULL,
  `username` varchar(255) DEFAULT NULL,
  `parameters` text,
  PRIMARY KEY (`id`)
) ENGINE=InnoDB DEFAULT CHARSET=utf8;
/*!40101 SET character_set_client = @saved_cs_client */;

--
-- Dumping data for table `vtiger_smsnotifier_servers`
--

LOCK TABLES `vtiger_smsnotifier_servers` WRITE;
/*!40000 ALTER TABLE `vtiger_smsnotifier_servers` DISABLE KEYS */;
/*!40000 ALTER TABLE `vtiger_smsnotifier_servers` ENABLE KEYS */;
UNLOCK TABLES;

--
-- Table structure for table `vtiger_smsnotifier_status`
--

DROP TABLE IF EXISTS `vtiger_smsnotifier_status`;
/*!40101 SET @saved_cs_client     = @@character_set_client */;
/*!40101 SET character_set_client = utf8 */;
CREATE TABLE `vtiger_smsnotifier_status` (
  `smsnotifierid` int(11) DEFAULT NULL,
  `tonumber` varchar(20) DEFAULT NULL,
  `status` varchar(10) DEFAULT NULL,
  `smsmessageid` varchar(50) DEFAULT NULL,
  `needlookup` int(1) DEFAULT '1',
  `statusid` int(11) NOT NULL AUTO_INCREMENT,
  `statusmessage` varchar(100) DEFAULT NULL,
  PRIMARY KEY (`statusid`)
) ENGINE=InnoDB DEFAULT CHARSET=utf8;
/*!40101 SET character_set_client = @saved_cs_client */;

--
-- Dumping data for table `vtiger_smsnotifier_status`
--

LOCK TABLES `vtiger_smsnotifier_status` WRITE;
/*!40000 ALTER TABLE `vtiger_smsnotifier_status` DISABLE KEYS */;
/*!40000 ALTER TABLE `vtiger_smsnotifier_status` ENABLE KEYS */;
UNLOCK TABLES;

--
-- Table structure for table `vtiger_smsnotifiercf`
--

DROP TABLE IF EXISTS `vtiger_smsnotifiercf`;
/*!40101 SET @saved_cs_client     = @@character_set_client */;
/*!40101 SET character_set_client = utf8 */;
CREATE TABLE `vtiger_smsnotifiercf` (
  `smsnotifierid` int(11) NOT NULL,
  PRIMARY KEY (`smsnotifierid`)
) ENGINE=InnoDB DEFAULT CHARSET=utf8;
/*!40101 SET character_set_client = @saved_cs_client */;

--
-- Dumping data for table `vtiger_smsnotifiercf`
--

LOCK TABLES `vtiger_smsnotifiercf` WRITE;
/*!40000 ALTER TABLE `vtiger_smsnotifiercf` DISABLE KEYS */;
/*!40000 ALTER TABLE `vtiger_smsnotifiercf` ENABLE KEYS */;
UNLOCK TABLES;

--
-- Table structure for table `vtiger_soapservice`
--

DROP TABLE IF EXISTS `vtiger_soapservice`;
/*!40101 SET @saved_cs_client     = @@character_set_client */;
/*!40101 SET character_set_client = utf8 */;
CREATE TABLE `vtiger_soapservice` (
  `id` int(19) DEFAULT NULL,
  `type` varchar(25) DEFAULT NULL,
  `sessionid` varchar(100) DEFAULT NULL
) ENGINE=InnoDB DEFAULT CHARSET=latin1;
/*!40101 SET character_set_client = @saved_cs_client */;

--
-- Dumping data for table `vtiger_soapservice`
--

LOCK TABLES `vtiger_soapservice` WRITE;
/*!40000 ALTER TABLE `vtiger_soapservice` DISABLE KEYS */;
/*!40000 ALTER TABLE `vtiger_soapservice` ENABLE KEYS */;
UNLOCK TABLES;

--
-- Table structure for table `vtiger_sobillads`
--

DROP TABLE IF EXISTS `vtiger_sobillads`;
/*!40101 SET @saved_cs_client     = @@character_set_client */;
/*!40101 SET character_set_client = utf8 */;
CREATE TABLE `vtiger_sobillads` (
  `sobilladdressid` int(19) NOT NULL DEFAULT '0',
  `bill_city` varchar(30) DEFAULT NULL,
  `bill_code` varchar(30) DEFAULT NULL,
  `bill_country` varchar(30) DEFAULT NULL,
  `bill_state` varchar(30) DEFAULT NULL,
  `bill_street` varchar(250) DEFAULT NULL,
  `bill_pobox` varchar(30) DEFAULT NULL,
  PRIMARY KEY (`sobilladdressid`)
) ENGINE=InnoDB DEFAULT CHARSET=latin1;
/*!40101 SET character_set_client = @saved_cs_client */;

--
-- Dumping data for table `vtiger_sobillads`
--

LOCK TABLES `vtiger_sobillads` WRITE;
/*!40000 ALTER TABLE `vtiger_sobillads` DISABLE KEYS */;
/*!40000 ALTER TABLE `vtiger_sobillads` ENABLE KEYS */;
UNLOCK TABLES;

--
-- Table structure for table `vtiger_soshipads`
--

DROP TABLE IF EXISTS `vtiger_soshipads`;
/*!40101 SET @saved_cs_client     = @@character_set_client */;
/*!40101 SET character_set_client = utf8 */;
CREATE TABLE `vtiger_soshipads` (
  `soshipaddressid` int(19) NOT NULL DEFAULT '0',
  `ship_city` varchar(30) DEFAULT NULL,
  `ship_code` varchar(30) DEFAULT NULL,
  `ship_country` varchar(30) DEFAULT NULL,
  `ship_state` varchar(30) DEFAULT NULL,
  `ship_street` varchar(250) DEFAULT NULL,
  `ship_pobox` varchar(30) DEFAULT NULL,
  PRIMARY KEY (`soshipaddressid`)
) ENGINE=InnoDB DEFAULT CHARSET=latin1;
/*!40101 SET character_set_client = @saved_cs_client */;

--
-- Dumping data for table `vtiger_soshipads`
--

LOCK TABLES `vtiger_soshipads` WRITE;
/*!40000 ALTER TABLE `vtiger_soshipads` DISABLE KEYS */;
/*!40000 ALTER TABLE `vtiger_soshipads` ENABLE KEYS */;
UNLOCK TABLES;

--
-- Table structure for table `vtiger_sostatus`
--

DROP TABLE IF EXISTS `vtiger_sostatus`;
/*!40101 SET @saved_cs_client     = @@character_set_client */;
/*!40101 SET character_set_client = utf8 */;
CREATE TABLE `vtiger_sostatus` (
  `sostatusid` int(19) NOT NULL AUTO_INCREMENT,
  `sostatus` varchar(200) NOT NULL,
  `presence` int(1) NOT NULL DEFAULT '1',
  `picklist_valueid` int(19) NOT NULL DEFAULT '0',
  `sortorderid` int(11) DEFAULT NULL,
  PRIMARY KEY (`sostatusid`),
  UNIQUE KEY `sostatus_sostatus_idx` (`sostatus`)
) ENGINE=InnoDB AUTO_INCREMENT=5 DEFAULT CHARSET=latin1;
/*!40101 SET character_set_client = @saved_cs_client */;

--
-- Dumping data for table `vtiger_sostatus`
--

LOCK TABLES `vtiger_sostatus` WRITE;
/*!40000 ALTER TABLE `vtiger_sostatus` DISABLE KEYS */;
INSERT INTO `vtiger_sostatus` VALUES (1,'Created',0,166,0),(2,'Approved',0,167,1),(3,'Delivered',0,168,2),(4,'Cancelled',0,169,3);
/*!40000 ALTER TABLE `vtiger_sostatus` ENABLE KEYS */;
UNLOCK TABLES;

--
-- Table structure for table `vtiger_sostatus_seq`
--

DROP TABLE IF EXISTS `vtiger_sostatus_seq`;
/*!40101 SET @saved_cs_client     = @@character_set_client */;
/*!40101 SET character_set_client = utf8 */;
CREATE TABLE `vtiger_sostatus_seq` (
  `id` int(11) NOT NULL
) ENGINE=InnoDB DEFAULT CHARSET=latin1;
/*!40101 SET character_set_client = @saved_cs_client */;

--
-- Dumping data for table `vtiger_sostatus_seq`
--

LOCK TABLES `vtiger_sostatus_seq` WRITE;
/*!40000 ALTER TABLE `vtiger_sostatus_seq` DISABLE KEYS */;
INSERT INTO `vtiger_sostatus_seq` VALUES (4);
/*!40000 ALTER TABLE `vtiger_sostatus_seq` ENABLE KEYS */;
UNLOCK TABLES;

--
-- Table structure for table `vtiger_sostatushistory`
--

DROP TABLE IF EXISTS `vtiger_sostatushistory`;
/*!40101 SET @saved_cs_client     = @@character_set_client */;
/*!40101 SET character_set_client = utf8 */;
CREATE TABLE `vtiger_sostatushistory` (
  `historyid` int(19) NOT NULL AUTO_INCREMENT,
  `salesorderid` int(19) NOT NULL,
  `accountname` varchar(100) DEFAULT NULL,
  `total` decimal(10,0) DEFAULT NULL,
  `sostatus` varchar(200) DEFAULT NULL,
  `lastmodified` datetime DEFAULT NULL,
  PRIMARY KEY (`historyid`),
  KEY `sostatushistory_salesorderid_idx` (`salesorderid`)
) ENGINE=InnoDB DEFAULT CHARSET=latin1;
/*!40101 SET character_set_client = @saved_cs_client */;

--
-- Dumping data for table `vtiger_sostatushistory`
--

LOCK TABLES `vtiger_sostatushistory` WRITE;
/*!40000 ALTER TABLE `vtiger_sostatushistory` DISABLE KEYS */;
/*!40000 ALTER TABLE `vtiger_sostatushistory` ENABLE KEYS */;
UNLOCK TABLES;

--
-- Table structure for table `vtiger_sqltimelog`
--

DROP TABLE IF EXISTS `vtiger_sqltimelog`;
/*!40101 SET @saved_cs_client     = @@character_set_client */;
/*!40101 SET character_set_client = utf8 */;
CREATE TABLE `vtiger_sqltimelog` (
  `id` int(11) DEFAULT NULL,
  `type` varchar(10) DEFAULT NULL,
  `data` text,
  `started` decimal(20,6) DEFAULT NULL,
  `ended` decimal(20,6) DEFAULT NULL,
  `loggedon` datetime DEFAULT NULL
) ENGINE=InnoDB DEFAULT CHARSET=latin1;
/*!40101 SET character_set_client = @saved_cs_client */;

--
-- Dumping data for table `vtiger_sqltimelog`
--

LOCK TABLES `vtiger_sqltimelog` WRITE;
/*!40000 ALTER TABLE `vtiger_sqltimelog` DISABLE KEYS */;
/*!40000 ALTER TABLE `vtiger_sqltimelog` ENABLE KEYS */;
UNLOCK TABLES;

--
-- Table structure for table `vtiger_start_hour`
--

DROP TABLE IF EXISTS `vtiger_start_hour`;
/*!40101 SET @saved_cs_client     = @@character_set_client */;
/*!40101 SET character_set_client = utf8 */;
CREATE TABLE `vtiger_start_hour` (
  `start_hourid` int(11) NOT NULL AUTO_INCREMENT,
  `start_hour` varchar(200) NOT NULL,
  `sortorderid` int(11) DEFAULT NULL,
  `presence` int(11) NOT NULL DEFAULT '1',
  PRIMARY KEY (`start_hourid`)
) ENGINE=InnoDB AUTO_INCREMENT=25 DEFAULT CHARSET=utf8;
/*!40101 SET character_set_client = @saved_cs_client */;

--
-- Dumping data for table `vtiger_start_hour`
--

LOCK TABLES `vtiger_start_hour` WRITE;
/*!40000 ALTER TABLE `vtiger_start_hour` DISABLE KEYS */;
INSERT INTO `vtiger_start_hour` VALUES (1,'00:00',1,1),(2,'01:00',2,1),(3,'02:00',3,1),(4,'03:00',4,1),(5,'04:00',5,1),(6,'05:00',6,1),(7,'06:00',7,1),(8,'07:00',8,1),(9,'08:00',9,1),(10,'09:00',10,1),(11,'10:00',11,1),(12,'11:00',12,1),(13,'12:00',13,1),(14,'13:00',14,1),(15,'14:00',15,1),(16,'15:00',16,1),(17,'16:00',17,1),(18,'17:00',18,1),(19,'18:00',19,1),(20,'19:00',20,1),(21,'20:00',21,1),(22,'21:00',22,1),(23,'22:00',23,1),(24,'23:00',24,1);
/*!40000 ALTER TABLE `vtiger_start_hour` ENABLE KEYS */;
UNLOCK TABLES;

--
-- Table structure for table `vtiger_start_hour_seq`
--

DROP TABLE IF EXISTS `vtiger_start_hour_seq`;
/*!40101 SET @saved_cs_client     = @@character_set_client */;
/*!40101 SET character_set_client = utf8 */;
CREATE TABLE `vtiger_start_hour_seq` (
  `id` int(11) NOT NULL
) ENGINE=InnoDB DEFAULT CHARSET=latin1;
/*!40101 SET character_set_client = @saved_cs_client */;

--
-- Dumping data for table `vtiger_start_hour_seq`
--

LOCK TABLES `vtiger_start_hour_seq` WRITE;
/*!40000 ALTER TABLE `vtiger_start_hour_seq` DISABLE KEYS */;
INSERT INTO `vtiger_start_hour_seq` VALUES (24);
/*!40000 ALTER TABLE `vtiger_start_hour_seq` ENABLE KEYS */;
UNLOCK TABLES;

--
-- Table structure for table `vtiger_status`
--

DROP TABLE IF EXISTS `vtiger_status`;
/*!40101 SET @saved_cs_client     = @@character_set_client */;
/*!40101 SET character_set_client = utf8 */;
CREATE TABLE `vtiger_status` (
  `statusid` int(19) NOT NULL AUTO_INCREMENT,
  `status` varchar(200) NOT NULL,
  `presence` int(1) NOT NULL DEFAULT '1',
  `picklist_valueid` int(19) NOT NULL DEFAULT '0',
  PRIMARY KEY (`statusid`)
) ENGINE=InnoDB AUTO_INCREMENT=3 DEFAULT CHARSET=latin1;
/*!40101 SET character_set_client = @saved_cs_client */;

--
-- Dumping data for table `vtiger_status`
--

LOCK TABLES `vtiger_status` WRITE;
/*!40000 ALTER TABLE `vtiger_status` DISABLE KEYS */;
INSERT INTO `vtiger_status` VALUES (1,'Active',0,1),(2,'Inactive',1,1);
/*!40000 ALTER TABLE `vtiger_status` ENABLE KEYS */;
UNLOCK TABLES;

--
-- Table structure for table `vtiger_status_seq`
--

DROP TABLE IF EXISTS `vtiger_status_seq`;
/*!40101 SET @saved_cs_client     = @@character_set_client */;
/*!40101 SET character_set_client = utf8 */;
CREATE TABLE `vtiger_status_seq` (
  `id` int(11) NOT NULL
) ENGINE=InnoDB DEFAULT CHARSET=latin1;
/*!40101 SET character_set_client = @saved_cs_client */;

--
-- Dumping data for table `vtiger_status_seq`
--

LOCK TABLES `vtiger_status_seq` WRITE;
/*!40000 ALTER TABLE `vtiger_status_seq` DISABLE KEYS */;
INSERT INTO `vtiger_status_seq` VALUES (2);
/*!40000 ALTER TABLE `vtiger_status_seq` ENABLE KEYS */;
UNLOCK TABLES;

--
-- Table structure for table `vtiger_street_plan_status`
--

DROP TABLE IF EXISTS `vtiger_street_plan_status`;
/*!40101 SET @saved_cs_client     = @@character_set_client */;
/*!40101 SET character_set_client = utf8 */;
CREATE TABLE `vtiger_street_plan_status` (
  `street_plan_statusid` int(11) NOT NULL AUTO_INCREMENT,
  `street_plan_status` varchar(200) NOT NULL,
  `presence` int(1) NOT NULL DEFAULT '1',
  `picklist_valueid` int(11) NOT NULL DEFAULT '0',
  `sortorderid` int(11) DEFAULT '0',
  PRIMARY KEY (`street_plan_statusid`)
) ENGINE=InnoDB AUTO_INCREMENT=13 DEFAULT CHARSET=utf8;
/*!40101 SET character_set_client = @saved_cs_client */;

--
-- Dumping data for table `vtiger_street_plan_status`
--

LOCK TABLES `vtiger_street_plan_status` WRITE;
/*!40000 ALTER TABLE `vtiger_street_plan_status` DISABLE KEYS */;
INSERT INTO `vtiger_street_plan_status` VALUES (1,'Open',1,334,1),(2,'Draughsman Verification',1,335,2),(3,'Payment Made',1,336,3),(4,'Resubmission',1,337,4),(5,'Engineer Review',1,338,5),(6,'Field Visit',1,339,6),(7,'For commitee approval',1,340,7),(8,'Approved',1,341,8),(9,'Rejected',1,342,9),(10,'Submitted to Juries',1,343,10),(11,'Submitted to Legal Officers',1,344,11),(12,'Submitted to Drainage Engineer',1,345,12);
/*!40000 ALTER TABLE `vtiger_street_plan_status` ENABLE KEYS */;
UNLOCK TABLES;

--
-- Table structure for table `vtiger_street_plan_status_seq`
--

DROP TABLE IF EXISTS `vtiger_street_plan_status_seq`;
/*!40101 SET @saved_cs_client     = @@character_set_client */;
/*!40101 SET character_set_client = utf8 */;
CREATE TABLE `vtiger_street_plan_status_seq` (
  `id` int(11) NOT NULL
) ENGINE=MyISAM DEFAULT CHARSET=utf8 COLLATE=utf8_unicode_ci;
/*!40101 SET character_set_client = @saved_cs_client */;

--
-- Dumping data for table `vtiger_street_plan_status_seq`
--

LOCK TABLES `vtiger_street_plan_status_seq` WRITE;
/*!40000 ALTER TABLE `vtiger_street_plan_status_seq` DISABLE KEYS */;
INSERT INTO `vtiger_street_plan_status_seq` VALUES (12);
/*!40000 ALTER TABLE `vtiger_street_plan_status_seq` ENABLE KEYS */;
UNLOCK TABLES;

--
-- Table structure for table `vtiger_streetline`
--

DROP TABLE IF EXISTS `vtiger_streetline`;
/*!40101 SET @saved_cs_client     = @@character_set_client */;
/*!40101 SET character_set_client = utf8 */;
CREATE TABLE `vtiger_streetline` (
  `streetlineid` int(11) NOT NULL DEFAULT '0',
  `streetline_no` varchar(32) DEFAULT NULL,
  `assesment_no` varchar(128) DEFAULT NULL,
  `fullname` varchar(128) DEFAULT NULL,
  `street_plan_status` varchar(255) DEFAULT NULL,
  `plan_approved_date` date DEFAULT NULL,
  `payment_made` varchar(3) DEFAULT NULL,
  `street` varchar(100) DEFAULT NULL,
  `city` varchar(100) DEFAULT NULL,
  `ward_no` varchar(100) DEFAULT NULL,
  `lot_no` varchar(100) DEFAULT NULL,
  `submitted_date_to_draughtsman` date DEFAULT NULL,
  `ass_street_draughtsman` varchar(100) DEFAULT NULL,
  `surveyors_plan_no` varchar(100) DEFAULT NULL,
  `name_of_the_surveyors` varchar(100) DEFAULT NULL,
  `date_of_surveyors_plan` date DEFAULT NULL,
  `ass_street_plan_engineer` varchar(100) DEFAULT NULL,
  `plan` varchar(100) DEFAULT NULL,
  `old_plan` varchar(100) DEFAULT NULL,
  `file_no` varchar(255) DEFAULT NULL,
  `division` varchar(128) DEFAULT NULL,
  PRIMARY KEY (`streetlineid`)
) ENGINE=InnoDB DEFAULT CHARSET=utf8;
/*!40101 SET character_set_client = @saved_cs_client */;

--
-- Dumping data for table `vtiger_streetline`
--

LOCK TABLES `vtiger_streetline` WRITE;
/*!40000 ALTER TABLE `vtiger_streetline` DISABLE KEYS */;
INSERT INTO `vtiger_streetline` VALUES (9,'STLN1','54/1','Jeganathan Sutharsan','Resubmission',NULL,'0','','','','',NULL,'','','',NULL,'','','',NULL,NULL),(16,'STLN2','Test','Test','Resubmission','2017-03-21','1','Test','Test','Test','Test','2017-03-21','Draughtsman Test','Test','Test','2017-03-16','Engineer Testing Planning','Test','Test',NULL,NULL),(34,'STLN3','56/5','SLL','Open','2017-03-10','0','','','','',NULL,'','','',NULL,'','aa','','KBB/01/2017',NULL),(35,'STLN4','78/2','Jjeg suth','Open','2017-03-12','0','','','','',NULL,'','','',NULL,'','ase','','',NULL),(36,'STLN5','78/2','Jjeg suth','Open','2017-03-12','0','','','','',NULL,'','','',NULL,'','ase','','/1/2017',NULL),(37,'STLN6','78/9','Jjeg suth','Open','2017-03-12','0','','','','',NULL,'','','',NULL,'','QW2','','M/2/2017','Ratmalana');
/*!40000 ALTER TABLE `vtiger_streetline` ENABLE KEYS */;
UNLOCK TABLES;

--
-- Table structure for table `vtiger_streetlinecf`
--

DROP TABLE IF EXISTS `vtiger_streetlinecf`;
/*!40101 SET @saved_cs_client     = @@character_set_client */;
/*!40101 SET character_set_client = utf8 */;
CREATE TABLE `vtiger_streetlinecf` (
  `streetlineid` int(11) NOT NULL,
  PRIMARY KEY (`streetlineid`)
) ENGINE=InnoDB DEFAULT CHARSET=utf8;
/*!40101 SET character_set_client = @saved_cs_client */;

--
-- Dumping data for table `vtiger_streetlinecf`
--

LOCK TABLES `vtiger_streetlinecf` WRITE;
/*!40000 ALTER TABLE `vtiger_streetlinecf` DISABLE KEYS */;
INSERT INTO `vtiger_streetlinecf` VALUES (9),(16),(34),(35),(36),(37);
/*!40000 ALTER TABLE `vtiger_streetlinecf` ENABLE KEYS */;
UNLOCK TABLES;

--
-- Table structure for table `vtiger_systems`
--

DROP TABLE IF EXISTS `vtiger_systems`;
/*!40101 SET @saved_cs_client     = @@character_set_client */;
/*!40101 SET character_set_client = utf8 */;
CREATE TABLE `vtiger_systems` (
  `id` int(19) NOT NULL,
  `server` varchar(100) DEFAULT NULL,
  `server_port` int(19) DEFAULT NULL,
  `server_username` varchar(100) DEFAULT NULL,
  `server_password` varchar(100) DEFAULT NULL,
  `server_type` varchar(20) DEFAULT NULL,
  `smtp_auth` varchar(5) DEFAULT NULL,
  `server_path` varchar(256) DEFAULT NULL,
  `from_email_field` varchar(50) DEFAULT NULL,
  PRIMARY KEY (`id`)
) ENGINE=InnoDB DEFAULT CHARSET=latin1;
/*!40101 SET character_set_client = @saved_cs_client */;

--
-- Dumping data for table `vtiger_systems`
--

LOCK TABLES `vtiger_systems` WRITE;
/*!40000 ALTER TABLE `vtiger_systems` DISABLE KEYS */;
/*!40000 ALTER TABLE `vtiger_systems` ENABLE KEYS */;
UNLOCK TABLES;

--
-- Table structure for table `vtiger_tab`
--

DROP TABLE IF EXISTS `vtiger_tab`;
/*!40101 SET @saved_cs_client     = @@character_set_client */;
/*!40101 SET character_set_client = utf8 */;
CREATE TABLE `vtiger_tab` (
  `tabid` int(19) NOT NULL DEFAULT '0',
  `name` varchar(25) NOT NULL,
  `presence` int(19) NOT NULL DEFAULT '1',
  `tabsequence` int(10) DEFAULT NULL,
  `tablabel` varchar(25) NOT NULL,
  `modifiedby` int(19) DEFAULT NULL,
  `modifiedtime` int(19) DEFAULT NULL,
  `customized` int(19) DEFAULT NULL,
  `ownedby` int(19) DEFAULT NULL,
  `isentitytype` int(11) NOT NULL DEFAULT '1',
  `trial` int(1) NOT NULL DEFAULT '0',
  `version` varchar(10) DEFAULT NULL,
  `parent` varchar(30) DEFAULT NULL,
  PRIMARY KEY (`tabid`),
  UNIQUE KEY `tab_name_idx` (`name`),
  KEY `tab_modifiedby_idx` (`modifiedby`),
  KEY `tab_tabid_idx` (`tabid`)
) ENGINE=InnoDB DEFAULT CHARSET=latin1;
/*!40101 SET character_set_client = @saved_cs_client */;

--
-- Dumping data for table `vtiger_tab`
--

LOCK TABLES `vtiger_tab` WRITE;
/*!40000 ALTER TABLE `vtiger_tab` DISABLE KEYS */;
INSERT INTO `vtiger_tab` VALUES (1,'Dashboard',0,-1,'Dashboards',NULL,NULL,0,1,0,0,NULL,'Analytics'),(2,'Potentials',1,-1,'Potentials',NULL,NULL,0,0,1,0,NULL,'Sales'),(3,'Home',0,-1,'Home',NULL,NULL,0,1,0,0,NULL,NULL),(4,'Contacts',1,-1,'Contacts',NULL,NULL,0,0,1,0,NULL,'Sales'),(6,'Accounts',1,-1,'Accounts',NULL,NULL,0,0,1,0,NULL,'Sales'),(7,'Leads',1,-1,'Leads',NULL,NULL,0,0,1,0,NULL,'Sales'),(8,'Documents',0,-1,'Documents',NULL,NULL,0,0,1,0,NULL,'Tools'),(9,'Calendar',0,-1,'Calendar',NULL,NULL,0,0,1,0,NULL,'Tools'),(10,'Emails',1,-1,'Emails',NULL,NULL,0,1,1,0,NULL,'Tools'),(13,'HelpDesk',1,-1,'HelpDesk',NULL,NULL,0,0,1,0,NULL,'Support'),(14,'Products',1,-1,'Products',NULL,NULL,0,0,1,0,NULL,'Inventory'),(15,'Faq',1,-1,'Faq',NULL,NULL,0,1,1,0,NULL,'Support'),(16,'Events',2,-1,'Events',NULL,NULL,0,0,1,0,NULL,NULL),(18,'Vendors',1,-1,'Vendors',NULL,NULL,0,0,1,0,NULL,'Inventory'),(19,'PriceBooks',1,-1,'PriceBooks',NULL,NULL,0,1,1,0,NULL,'Inventory'),(20,'Quotes',1,-1,'Quotes',NULL,NULL,0,0,1,0,NULL,'Sales'),(21,'PurchaseOrder',1,-1,'PurchaseOrder',NULL,NULL,0,0,1,0,NULL,'Inventory'),(22,'SalesOrder',1,-1,'SalesOrder',NULL,NULL,0,0,1,0,NULL,'Sales'),(23,'Invoice',1,-1,'Invoice',NULL,NULL,0,0,1,0,NULL,'Sales'),(24,'Rss',1,-1,'Rss',NULL,NULL,0,1,0,0,NULL,'Tools'),(25,'Reports',1,-1,'Reports',NULL,NULL,0,1,0,0,NULL,'Analytics'),(26,'Campaigns',1,-1,'Campaigns',NULL,NULL,0,0,1,0,NULL,'Marketing'),(27,'Portal',1,-1,'Portal',NULL,NULL,0,1,0,0,NULL,'Tools'),(28,'Webmails',0,-1,'Webmails',NULL,NULL,0,1,1,0,NULL,NULL),(29,'Users',0,-1,'Users',NULL,NULL,0,1,0,0,NULL,NULL),(30,'Services',1,-1,'Services',NULL,NULL,0,0,1,0,'2.6','Inventory'),(31,'PBXManager',1,-1,'PBXManager',NULL,NULL,1,0,1,0,'2.2','Tools'),(32,'ModTracker',0,-1,'ModTracker',NULL,NULL,0,0,0,0,'1.2',''),(33,'Import',0,-1,'Import',NULL,NULL,1,0,0,0,'1.7',''),(34,'ServiceContracts',1,-1,'Service Contracts',NULL,NULL,0,0,1,0,'2.4','Support'),(35,'Mobile',0,-1,'Mobile',NULL,NULL,1,0,0,0,'2.0',''),(36,'MailManager',1,-1,'MailManager',NULL,NULL,1,0,0,0,'1.9','Tools'),(37,'WSAPP',0,-1,'WSAPP',NULL,NULL,1,0,0,0,'3.4.4',''),(38,'ModComments',1,-1,'Comments',NULL,NULL,0,0,1,0,'2.1','Tools'),(39,'SMSNotifier',1,-1,'SMSNotifier',NULL,NULL,0,0,1,0,'1.9','Tools'),(40,'ProjectMilestone',1,-1,'ProjectMilestone',NULL,NULL,0,0,1,0,'3.0','Support'),(41,'ProjectTask',1,-1,'ProjectTask',NULL,NULL,0,0,1,0,'3.1','Support'),(42,'Project',1,-1,'Project',NULL,NULL,0,0,1,0,'3.3','Support'),(43,'CustomerPortal',0,-1,'CustomerPortal',NULL,NULL,0,0,0,0,'1.4',''),(44,'Assets',1,-1,'Assets',NULL,NULL,0,0,1,0,'2.0','Inventory'),(45,'Google',1,-1,'Google',NULL,NULL,0,0,0,0,'1.5',''),(46,'RecycleBin',1,-1,'Recycle Bin',NULL,NULL,0,0,0,0,'1.5','Tools'),(47,'EmailTemplates',0,-1,'Email Templates',NULL,NULL,1,0,0,0,'1.0','Tools'),(48,'Webforms',1,-1,'Webforms',NULL,NULL,0,0,0,0,'1.6',''),(49,'ExtensionStore',0,-1,'Extension Store',NULL,NULL,1,0,0,0,'1.2','Settings'),(50,'ModuleDesigner',0,-1,'Module Designer',NULL,NULL,1,0,0,0,'1.0b1.1',''),(51,'Blockplan',0,1,'Blockplan',NULL,NULL,1,0,1,0,'1','Support'),(52,'BuildingPlan',0,2,'BuildingPlan',NULL,NULL,1,0,1,0,'1','Support'),(53,'StreetLine',0,3,'StreetLine',NULL,NULL,1,0,1,0,'1','Support'),(54,'Coc',0,4,'Coc',NULL,NULL,1,0,1,0,'1','Support'),(55,'Resubmission',0,-1,'Resubmission',NULL,NULL,1,0,1,0,'1','Support'),(58,'NatureOfChanges',1,6,'NatureOfChanges',NULL,NULL,1,0,1,0,'1.0','Support');
/*!40000 ALTER TABLE `vtiger_tab` ENABLE KEYS */;
UNLOCK TABLES;

--
-- Table structure for table `vtiger_tab_info`
--

DROP TABLE IF EXISTS `vtiger_tab_info`;
/*!40101 SET @saved_cs_client     = @@character_set_client */;
/*!40101 SET character_set_client = utf8 */;
CREATE TABLE `vtiger_tab_info` (
  `tabid` int(19) DEFAULT NULL,
  `prefname` varchar(256) DEFAULT NULL,
  `prefvalue` varchar(256) DEFAULT NULL
) ENGINE=InnoDB DEFAULT CHARSET=latin1;
/*!40101 SET character_set_client = @saved_cs_client */;

--
-- Dumping data for table `vtiger_tab_info`
--

LOCK TABLES `vtiger_tab_info` WRITE;
/*!40000 ALTER TABLE `vtiger_tab_info` DISABLE KEYS */;
INSERT INTO `vtiger_tab_info` VALUES (30,'vtiger_min_version','6.0.0rc'),(30,'vtiger_max_version','6.*'),(31,'vtiger_min_version','6.0.0'),(31,'vtiger_max_version','6.*'),(32,'vtiger_min_version','6.0.0rc'),(33,'vtiger_min_version','6.0.0rc'),(33,'vtiger_max_version','6.*'),(34,'vtiger_min_version','6.0.0rc'),(35,'vtiger_min_version','6.0.0rc'),(36,'vtiger_min_version','6.0.0RC'),(37,'vtiger_min_version','6.0.0rc'),(38,'vtiger_min_version','6.0.0rc'),(38,'vtiger_max_version','6.*'),(39,'vtiger_min_version','6.0.0rc'),(39,'vtiger_max_version','6.*'),(40,'vtiger_min_version','6.0.0rc'),(40,'vtiger_max_version','6.*'),(41,'vtiger_min_version','6.0.0rc'),(42,'vtiger_min_version','6.0.0rc'),(43,'vtiger_min_version','6.0.0rc'),(43,'vtiger_max_version','6.*'),(44,'vtiger_min_version','6.0.0rc'),(44,'vtiger_max_version','6.*'),(45,'vtiger_min_version','6.0.0rc'),(45,'vtiger_max_version','6.*'),(46,'vtiger_min_version','6.0.0rc'),(46,'vtiger_max_version','6.*'),(47,'vtiger_min_version','6.0.0rc'),(47,'vtiger_max_version','6.*'),(48,'vtiger_min_version','6.0.0rc'),(48,'vtiger_max_version','6.*'),(49,'vtiger_min_version','6.0.0'),(49,'vtiger_max_version','6.*'),(50,'vtiger_min_version','6.0.0'),(51,'vtiger_min_version','6.0.0'),(52,'vtiger_min_version','6.0.0'),(53,'vtiger_min_version','6.0.0'),(54,'vtiger_min_version','6.0.0'),(55,'vtiger_min_version','6.0.0'),(56,'vtiger_min_version','6.0.0'),(57,'vtiger_min_version','6.0.0'),(58,'vtiger_min_version','6.0.0'),(59,'vtiger_min_version','6.0.0'),(60,'vtiger_min_version','6.0.0'),(61,'vtiger_min_version','6.0.0'),(62,'vtiger_min_version','6.0.0');
/*!40000 ALTER TABLE `vtiger_tab_info` ENABLE KEYS */;
UNLOCK TABLES;

--
-- Table structure for table `vtiger_taskpriority`
--

DROP TABLE IF EXISTS `vtiger_taskpriority`;
/*!40101 SET @saved_cs_client     = @@character_set_client */;
/*!40101 SET character_set_client = utf8 */;
CREATE TABLE `vtiger_taskpriority` (
  `taskpriorityid` int(19) NOT NULL AUTO_INCREMENT,
  `taskpriority` varchar(200) DEFAULT NULL,
  `presence` int(1) NOT NULL DEFAULT '1',
  `picklist_valueid` int(19) NOT NULL DEFAULT '0',
  `sortorderid` int(11) DEFAULT NULL,
  PRIMARY KEY (`taskpriorityid`)
) ENGINE=InnoDB AUTO_INCREMENT=4 DEFAULT CHARSET=latin1;
/*!40101 SET character_set_client = @saved_cs_client */;

--
-- Dumping data for table `vtiger_taskpriority`
--

LOCK TABLES `vtiger_taskpriority` WRITE;
/*!40000 ALTER TABLE `vtiger_taskpriority` DISABLE KEYS */;
INSERT INTO `vtiger_taskpriority` VALUES (1,'High',1,170,0),(2,'Medium',1,171,1),(3,'Low',1,172,2);
/*!40000 ALTER TABLE `vtiger_taskpriority` ENABLE KEYS */;
UNLOCK TABLES;

--
-- Table structure for table `vtiger_taskpriority_seq`
--

DROP TABLE IF EXISTS `vtiger_taskpriority_seq`;
/*!40101 SET @saved_cs_client     = @@character_set_client */;
/*!40101 SET character_set_client = utf8 */;
CREATE TABLE `vtiger_taskpriority_seq` (
  `id` int(11) NOT NULL
) ENGINE=InnoDB DEFAULT CHARSET=latin1;
/*!40101 SET character_set_client = @saved_cs_client */;

--
-- Dumping data for table `vtiger_taskpriority_seq`
--

LOCK TABLES `vtiger_taskpriority_seq` WRITE;
/*!40000 ALTER TABLE `vtiger_taskpriority_seq` DISABLE KEYS */;
INSERT INTO `vtiger_taskpriority_seq` VALUES (3);
/*!40000 ALTER TABLE `vtiger_taskpriority_seq` ENABLE KEYS */;
UNLOCK TABLES;

--
-- Table structure for table `vtiger_taskstatus`
--

DROP TABLE IF EXISTS `vtiger_taskstatus`;
/*!40101 SET @saved_cs_client     = @@character_set_client */;
/*!40101 SET character_set_client = utf8 */;
CREATE TABLE `vtiger_taskstatus` (
  `taskstatusid` int(19) NOT NULL AUTO_INCREMENT,
  `taskstatus` varchar(200) DEFAULT NULL,
  `presence` int(1) NOT NULL DEFAULT '1',
  `picklist_valueid` int(19) NOT NULL DEFAULT '0',
  `sortorderid` int(11) DEFAULT NULL,
  PRIMARY KEY (`taskstatusid`)
) ENGINE=InnoDB AUTO_INCREMENT=7 DEFAULT CHARSET=latin1;
/*!40101 SET character_set_client = @saved_cs_client */;

--
-- Dumping data for table `vtiger_taskstatus`
--

LOCK TABLES `vtiger_taskstatus` WRITE;
/*!40000 ALTER TABLE `vtiger_taskstatus` DISABLE KEYS */;
INSERT INTO `vtiger_taskstatus` VALUES (1,'Not Started',0,173,0),(2,'In Progress',0,174,1),(3,'Completed',0,175,2),(4,'Pending Input',0,176,3),(5,'Deferred',0,177,4),(6,'Planned',0,178,5);
/*!40000 ALTER TABLE `vtiger_taskstatus` ENABLE KEYS */;
UNLOCK TABLES;

--
-- Table structure for table `vtiger_taskstatus_seq`
--

DROP TABLE IF EXISTS `vtiger_taskstatus_seq`;
/*!40101 SET @saved_cs_client     = @@character_set_client */;
/*!40101 SET character_set_client = utf8 */;
CREATE TABLE `vtiger_taskstatus_seq` (
  `id` int(11) NOT NULL
) ENGINE=InnoDB DEFAULT CHARSET=latin1;
/*!40101 SET character_set_client = @saved_cs_client */;

--
-- Dumping data for table `vtiger_taskstatus_seq`
--

LOCK TABLES `vtiger_taskstatus_seq` WRITE;
/*!40000 ALTER TABLE `vtiger_taskstatus_seq` DISABLE KEYS */;
INSERT INTO `vtiger_taskstatus_seq` VALUES (6);
/*!40000 ALTER TABLE `vtiger_taskstatus_seq` ENABLE KEYS */;
UNLOCK TABLES;

--
-- Table structure for table `vtiger_taxclass`
--

DROP TABLE IF EXISTS `vtiger_taxclass`;
/*!40101 SET @saved_cs_client     = @@character_set_client */;
/*!40101 SET character_set_client = utf8 */;
CREATE TABLE `vtiger_taxclass` (
  `taxclassid` int(19) NOT NULL AUTO_INCREMENT,
  `taxclass` varchar(200) NOT NULL,
  `sortorderid` int(19) NOT NULL DEFAULT '0',
  `presence` int(1) NOT NULL DEFAULT '1',
  PRIMARY KEY (`taxclassid`),
  UNIQUE KEY `taxclass_carrier_idx` (`taxclass`)
) ENGINE=InnoDB AUTO_INCREMENT=3 DEFAULT CHARSET=latin1;
/*!40101 SET character_set_client = @saved_cs_client */;

--
-- Dumping data for table `vtiger_taxclass`
--

LOCK TABLES `vtiger_taxclass` WRITE;
/*!40000 ALTER TABLE `vtiger_taxclass` DISABLE KEYS */;
INSERT INTO `vtiger_taxclass` VALUES (1,'SalesTax',0,1),(2,'Vat',1,1);
/*!40000 ALTER TABLE `vtiger_taxclass` ENABLE KEYS */;
UNLOCK TABLES;

--
-- Table structure for table `vtiger_taxclass_seq`
--

DROP TABLE IF EXISTS `vtiger_taxclass_seq`;
/*!40101 SET @saved_cs_client     = @@character_set_client */;
/*!40101 SET character_set_client = utf8 */;
CREATE TABLE `vtiger_taxclass_seq` (
  `id` int(11) NOT NULL
) ENGINE=InnoDB DEFAULT CHARSET=latin1;
/*!40101 SET character_set_client = @saved_cs_client */;

--
-- Dumping data for table `vtiger_taxclass_seq`
--

LOCK TABLES `vtiger_taxclass_seq` WRITE;
/*!40000 ALTER TABLE `vtiger_taxclass_seq` DISABLE KEYS */;
INSERT INTO `vtiger_taxclass_seq` VALUES (2);
/*!40000 ALTER TABLE `vtiger_taxclass_seq` ENABLE KEYS */;
UNLOCK TABLES;

--
-- Table structure for table `vtiger_ticketcategories`
--

DROP TABLE IF EXISTS `vtiger_ticketcategories`;
/*!40101 SET @saved_cs_client     = @@character_set_client */;
/*!40101 SET character_set_client = utf8 */;
CREATE TABLE `vtiger_ticketcategories` (
  `ticketcategories_id` int(19) NOT NULL AUTO_INCREMENT,
  `ticketcategories` varchar(200) DEFAULT NULL,
  `presence` int(1) NOT NULL DEFAULT '0',
  `picklist_valueid` int(19) NOT NULL DEFAULT '0',
  `sortorderid` int(11) DEFAULT NULL,
  PRIMARY KEY (`ticketcategories_id`)
) ENGINE=InnoDB AUTO_INCREMENT=4 DEFAULT CHARSET=latin1;
/*!40101 SET character_set_client = @saved_cs_client */;

--
-- Dumping data for table `vtiger_ticketcategories`
--

LOCK TABLES `vtiger_ticketcategories` WRITE;
/*!40000 ALTER TABLE `vtiger_ticketcategories` DISABLE KEYS */;
INSERT INTO `vtiger_ticketcategories` VALUES (1,'Big Problem',1,179,0),(2,'Small Problem',1,180,1),(3,'Other Problem',1,181,2);
/*!40000 ALTER TABLE `vtiger_ticketcategories` ENABLE KEYS */;
UNLOCK TABLES;

--
-- Table structure for table `vtiger_ticketcategories_seq`
--

DROP TABLE IF EXISTS `vtiger_ticketcategories_seq`;
/*!40101 SET @saved_cs_client     = @@character_set_client */;
/*!40101 SET character_set_client = utf8 */;
CREATE TABLE `vtiger_ticketcategories_seq` (
  `id` int(11) NOT NULL
) ENGINE=InnoDB DEFAULT CHARSET=latin1;
/*!40101 SET character_set_client = @saved_cs_client */;

--
-- Dumping data for table `vtiger_ticketcategories_seq`
--

LOCK TABLES `vtiger_ticketcategories_seq` WRITE;
/*!40000 ALTER TABLE `vtiger_ticketcategories_seq` DISABLE KEYS */;
INSERT INTO `vtiger_ticketcategories_seq` VALUES (3);
/*!40000 ALTER TABLE `vtiger_ticketcategories_seq` ENABLE KEYS */;
UNLOCK TABLES;

--
-- Table structure for table `vtiger_ticketcf`
--

DROP TABLE IF EXISTS `vtiger_ticketcf`;
/*!40101 SET @saved_cs_client     = @@character_set_client */;
/*!40101 SET character_set_client = utf8 */;
CREATE TABLE `vtiger_ticketcf` (
  `ticketid` int(19) NOT NULL DEFAULT '0',
  `from_portal` varchar(3) DEFAULT NULL,
  PRIMARY KEY (`ticketid`)
) ENGINE=InnoDB DEFAULT CHARSET=latin1;
/*!40101 SET character_set_client = @saved_cs_client */;

--
-- Dumping data for table `vtiger_ticketcf`
--

LOCK TABLES `vtiger_ticketcf` WRITE;
/*!40000 ALTER TABLE `vtiger_ticketcf` DISABLE KEYS */;
/*!40000 ALTER TABLE `vtiger_ticketcf` ENABLE KEYS */;
UNLOCK TABLES;

--
-- Table structure for table `vtiger_ticketcomments`
--

DROP TABLE IF EXISTS `vtiger_ticketcomments`;
/*!40101 SET @saved_cs_client     = @@character_set_client */;
/*!40101 SET character_set_client = utf8 */;
CREATE TABLE `vtiger_ticketcomments` (
  `commentid` int(19) NOT NULL AUTO_INCREMENT,
  `ticketid` int(19) DEFAULT NULL,
  `comments` text,
  `ownerid` int(19) NOT NULL DEFAULT '0',
  `ownertype` varchar(10) DEFAULT NULL,
  `createdtime` datetime NOT NULL,
  PRIMARY KEY (`commentid`),
  KEY `ticketcomments_ticketid_idx` (`ticketid`)
) ENGINE=InnoDB DEFAULT CHARSET=latin1;
/*!40101 SET character_set_client = @saved_cs_client */;

--
-- Dumping data for table `vtiger_ticketcomments`
--

LOCK TABLES `vtiger_ticketcomments` WRITE;
/*!40000 ALTER TABLE `vtiger_ticketcomments` DISABLE KEYS */;
/*!40000 ALTER TABLE `vtiger_ticketcomments` ENABLE KEYS */;
UNLOCK TABLES;

--
-- Table structure for table `vtiger_ticketpriorities`
--

DROP TABLE IF EXISTS `vtiger_ticketpriorities`;
/*!40101 SET @saved_cs_client     = @@character_set_client */;
/*!40101 SET character_set_client = utf8 */;
CREATE TABLE `vtiger_ticketpriorities` (
  `ticketpriorities_id` int(19) NOT NULL AUTO_INCREMENT,
  `ticketpriorities` varchar(200) DEFAULT NULL,
  `presence` int(1) NOT NULL DEFAULT '0',
  `picklist_valueid` int(19) NOT NULL DEFAULT '0',
  `sortorderid` int(11) DEFAULT NULL,
  PRIMARY KEY (`ticketpriorities_id`)
) ENGINE=InnoDB AUTO_INCREMENT=5 DEFAULT CHARSET=latin1;
/*!40101 SET character_set_client = @saved_cs_client */;

--
-- Dumping data for table `vtiger_ticketpriorities`
--

LOCK TABLES `vtiger_ticketpriorities` WRITE;
/*!40000 ALTER TABLE `vtiger_ticketpriorities` DISABLE KEYS */;
INSERT INTO `vtiger_ticketpriorities` VALUES (1,'Low',1,182,0),(2,'Normal',1,183,1),(3,'High',1,184,2),(4,'Urgent',1,185,3);
/*!40000 ALTER TABLE `vtiger_ticketpriorities` ENABLE KEYS */;
UNLOCK TABLES;

--
-- Table structure for table `vtiger_ticketpriorities_seq`
--

DROP TABLE IF EXISTS `vtiger_ticketpriorities_seq`;
/*!40101 SET @saved_cs_client     = @@character_set_client */;
/*!40101 SET character_set_client = utf8 */;
CREATE TABLE `vtiger_ticketpriorities_seq` (
  `id` int(11) NOT NULL
) ENGINE=InnoDB DEFAULT CHARSET=latin1;
/*!40101 SET character_set_client = @saved_cs_client */;

--
-- Dumping data for table `vtiger_ticketpriorities_seq`
--

LOCK TABLES `vtiger_ticketpriorities_seq` WRITE;
/*!40000 ALTER TABLE `vtiger_ticketpriorities_seq` DISABLE KEYS */;
INSERT INTO `vtiger_ticketpriorities_seq` VALUES (4);
/*!40000 ALTER TABLE `vtiger_ticketpriorities_seq` ENABLE KEYS */;
UNLOCK TABLES;

--
-- Table structure for table `vtiger_ticketseverities`
--

DROP TABLE IF EXISTS `vtiger_ticketseverities`;
/*!40101 SET @saved_cs_client     = @@character_set_client */;
/*!40101 SET character_set_client = utf8 */;
CREATE TABLE `vtiger_ticketseverities` (
  `ticketseverities_id` int(19) NOT NULL AUTO_INCREMENT,
  `ticketseverities` varchar(200) DEFAULT NULL,
  `presence` int(1) NOT NULL DEFAULT '0',
  `picklist_valueid` int(19) NOT NULL DEFAULT '0',
  `sortorderid` int(11) DEFAULT NULL,
  PRIMARY KEY (`ticketseverities_id`)
) ENGINE=InnoDB AUTO_INCREMENT=5 DEFAULT CHARSET=latin1;
/*!40101 SET character_set_client = @saved_cs_client */;

--
-- Dumping data for table `vtiger_ticketseverities`
--

LOCK TABLES `vtiger_ticketseverities` WRITE;
/*!40000 ALTER TABLE `vtiger_ticketseverities` DISABLE KEYS */;
INSERT INTO `vtiger_ticketseverities` VALUES (1,'Minor',1,186,0),(2,'Major',1,187,1),(3,'Feature',1,188,2),(4,'Critical',1,189,3);
/*!40000 ALTER TABLE `vtiger_ticketseverities` ENABLE KEYS */;
UNLOCK TABLES;

--
-- Table structure for table `vtiger_ticketseverities_seq`
--

DROP TABLE IF EXISTS `vtiger_ticketseverities_seq`;
/*!40101 SET @saved_cs_client     = @@character_set_client */;
/*!40101 SET character_set_client = utf8 */;
CREATE TABLE `vtiger_ticketseverities_seq` (
  `id` int(11) NOT NULL
) ENGINE=InnoDB DEFAULT CHARSET=latin1;
/*!40101 SET character_set_client = @saved_cs_client */;

--
-- Dumping data for table `vtiger_ticketseverities_seq`
--

LOCK TABLES `vtiger_ticketseverities_seq` WRITE;
/*!40000 ALTER TABLE `vtiger_ticketseverities_seq` DISABLE KEYS */;
INSERT INTO `vtiger_ticketseverities_seq` VALUES (4);
/*!40000 ALTER TABLE `vtiger_ticketseverities_seq` ENABLE KEYS */;
UNLOCK TABLES;

--
-- Table structure for table `vtiger_ticketstatus`
--

DROP TABLE IF EXISTS `vtiger_ticketstatus`;
/*!40101 SET @saved_cs_client     = @@character_set_client */;
/*!40101 SET character_set_client = utf8 */;
CREATE TABLE `vtiger_ticketstatus` (
  `ticketstatus_id` int(19) NOT NULL AUTO_INCREMENT,
  `ticketstatus` varchar(200) DEFAULT NULL,
  `presence` int(1) NOT NULL DEFAULT '0',
  `picklist_valueid` int(19) NOT NULL DEFAULT '0',
  `sortorderid` int(11) DEFAULT NULL,
  PRIMARY KEY (`ticketstatus_id`)
) ENGINE=InnoDB AUTO_INCREMENT=5 DEFAULT CHARSET=latin1;
/*!40101 SET character_set_client = @saved_cs_client */;

--
-- Dumping data for table `vtiger_ticketstatus`
--

LOCK TABLES `vtiger_ticketstatus` WRITE;
/*!40000 ALTER TABLE `vtiger_ticketstatus` DISABLE KEYS */;
INSERT INTO `vtiger_ticketstatus` VALUES (1,'Open',0,190,0),(2,'In Progress',0,191,1),(3,'Wait For Response',0,192,2),(4,'Closed',0,193,3);
/*!40000 ALTER TABLE `vtiger_ticketstatus` ENABLE KEYS */;
UNLOCK TABLES;

--
-- Table structure for table `vtiger_ticketstatus_seq`
--

DROP TABLE IF EXISTS `vtiger_ticketstatus_seq`;
/*!40101 SET @saved_cs_client     = @@character_set_client */;
/*!40101 SET character_set_client = utf8 */;
CREATE TABLE `vtiger_ticketstatus_seq` (
  `id` int(11) NOT NULL
) ENGINE=InnoDB DEFAULT CHARSET=latin1;
/*!40101 SET character_set_client = @saved_cs_client */;

--
-- Dumping data for table `vtiger_ticketstatus_seq`
--

LOCK TABLES `vtiger_ticketstatus_seq` WRITE;
/*!40000 ALTER TABLE `vtiger_ticketstatus_seq` DISABLE KEYS */;
INSERT INTO `vtiger_ticketstatus_seq` VALUES (4);
/*!40000 ALTER TABLE `vtiger_ticketstatus_seq` ENABLE KEYS */;
UNLOCK TABLES;

--
-- Table structure for table `vtiger_time_zone`
--

DROP TABLE IF EXISTS `vtiger_time_zone`;
/*!40101 SET @saved_cs_client     = @@character_set_client */;
/*!40101 SET character_set_client = utf8 */;
CREATE TABLE `vtiger_time_zone` (
  `time_zoneid` int(19) NOT NULL AUTO_INCREMENT,
  `time_zone` varchar(200) NOT NULL,
  `sortorderid` int(19) NOT NULL DEFAULT '0',
  `presence` int(1) NOT NULL DEFAULT '1',
  PRIMARY KEY (`time_zoneid`)
) ENGINE=InnoDB AUTO_INCREMENT=98 DEFAULT CHARSET=latin1;
/*!40101 SET character_set_client = @saved_cs_client */;

--
-- Dumping data for table `vtiger_time_zone`
--

LOCK TABLES `vtiger_time_zone` WRITE;
/*!40000 ALTER TABLE `vtiger_time_zone` DISABLE KEYS */;
INSERT INTO `vtiger_time_zone` VALUES (1,'Pacific/Midway',0,1),(2,'Pacific/Samoa',1,1),(3,'Pacific/Honolulu',2,1),(4,'America/Anchorage',3,1),(5,'America/Los_Angeles',4,1),(6,'America/Tijuana',5,1),(7,'America/Denver',6,1),(8,'America/Chihuahua',7,1),(9,'America/Mazatlan',8,1),(10,'America/Phoenix',9,1),(11,'America/Regina',10,1),(12,'America/Tegucigalpa',11,1),(13,'America/Chicago',12,1),(14,'America/Mexico_City',13,1),(15,'America/Monterrey',14,1),(16,'America/New_York',15,1),(17,'America/Bogota',16,1),(18,'America/Lima',17,1),(19,'America/Rio_Branco',18,1),(20,'America/Indiana/Indianapolis',19,1),(21,'America/Caracas',20,1),(22,'America/Halifax',21,1),(23,'America/Manaus',22,1),(24,'America/Santiago',23,1),(25,'America/La_Paz',24,1),(26,'America/Cuiaba',25,1),(27,'America/Asuncion',26,1),(28,'America/St_Johns',27,1),(29,'America/Argentina/Buenos_Aires',28,1),(30,'America/Sao_Paulo',29,1),(31,'America/Godthab',30,1),(32,'America/Montevideo',31,1),(33,'Atlantic/South_Georgia',32,1),(34,'Atlantic/Azores',33,1),(35,'Atlantic/Cape_Verde',34,1),(36,'Europe/London',35,1),(37,'UTC',36,1),(38,'Africa/Monrovia',37,1),(39,'Africa/Casablanca',38,1),(40,'Europe/Belgrade',39,1),(41,'Europe/Sarajevo',40,1),(42,'Europe/Brussels',41,1),(43,'Africa/Algiers',42,1),(44,'Europe/Amsterdam',43,1),(45,'Europe/Minsk',44,1),(46,'Africa/Cairo',45,1),(47,'Europe/Helsinki',46,1),(48,'Europe/Athens',47,1),(49,'Europe/Istanbul',48,1),(50,'Asia/Jerusalem',49,1),(51,'Asia/Amman',50,1),(52,'Asia/Beirut',51,1),(53,'Africa/Windhoek',52,1),(54,'Africa/Harare',53,1),(55,'Asia/Kuwait',54,1),(56,'Asia/Baghdad',55,1),(57,'Africa/Nairobi',56,1),(58,'Asia/Tehran',57,1),(59,'Asia/Tbilisi',58,1),(60,'Europe/Moscow',59,1),(61,'Asia/Muscat',60,1),(62,'Asia/Baku',61,1),(63,'Asia/Yerevan',62,1),(64,'Asia/Karachi',63,1),(65,'Asia/Tashkent',64,1),(66,'Asia/Kolkata',65,1),(67,'Asia/Colombo',66,1),(68,'Asia/Katmandu',67,1),(69,'Asia/Dhaka',68,1),(70,'Asia/Almaty',69,1),(71,'Asia/Yekaterinburg',70,1),(72,'Asia/Rangoon',71,1),(73,'Asia/Novosibirsk',72,1),(74,'Asia/Bangkok',73,1),(75,'Asia/Brunei',74,1),(76,'Asia/Krasnoyarsk',75,1),(77,'Asia/Ulaanbaatar',76,1),(78,'Asia/Kuala_Lumpur',77,1),(79,'Asia/Taipei',78,1),(80,'Australia/Perth',79,1),(81,'Asia/Irkutsk',80,1),(82,'Asia/Seoul',81,1),(83,'Asia/Tokyo',82,1),(84,'Australia/Darwin',83,1),(85,'Australia/Adelaide',84,1),(86,'Australia/Canberra',85,1),(87,'Australia/Brisbane',86,1),(88,'Australia/Hobart',87,1),(89,'Asia/Vladivostok',88,1),(90,'Pacific/Guam',89,1),(91,'Asia/Yakutsk',90,1),(92,'Pacific/Fiji',92,1),(93,'Asia/Kamchatka',93,1),(94,'Pacific/Auckland',94,1),(95,'Asia/Magadan',95,1),(96,'Pacific/Tongatapu',96,1),(97,'Etc/GMT-11',91,1);
/*!40000 ALTER TABLE `vtiger_time_zone` ENABLE KEYS */;
UNLOCK TABLES;

--
-- Table structure for table `vtiger_time_zone_seq`
--

DROP TABLE IF EXISTS `vtiger_time_zone_seq`;
/*!40101 SET @saved_cs_client     = @@character_set_client */;
/*!40101 SET character_set_client = utf8 */;
CREATE TABLE `vtiger_time_zone_seq` (
  `id` int(11) NOT NULL
) ENGINE=InnoDB DEFAULT CHARSET=latin1;
/*!40101 SET character_set_client = @saved_cs_client */;

--
-- Dumping data for table `vtiger_time_zone_seq`
--

LOCK TABLES `vtiger_time_zone_seq` WRITE;
/*!40000 ALTER TABLE `vtiger_time_zone_seq` DISABLE KEYS */;
INSERT INTO `vtiger_time_zone_seq` VALUES (96);
/*!40000 ALTER TABLE `vtiger_time_zone_seq` ENABLE KEYS */;
UNLOCK TABLES;

--
-- Table structure for table `vtiger_tmp_read_group_rel_sharing_per`
--

DROP TABLE IF EXISTS `vtiger_tmp_read_group_rel_sharing_per`;
/*!40101 SET @saved_cs_client     = @@character_set_client */;
/*!40101 SET character_set_client = utf8 */;
CREATE TABLE `vtiger_tmp_read_group_rel_sharing_per` (
  `userid` int(11) NOT NULL,
  `tabid` int(11) NOT NULL,
  `relatedtabid` int(11) NOT NULL,
  `sharedgroupid` int(11) NOT NULL,
  PRIMARY KEY (`userid`,`tabid`,`relatedtabid`,`sharedgroupid`),
  KEY `tmp_read_group_rel_sharing_per_userid_sharedgroupid_tabid` (`userid`,`sharedgroupid`,`tabid`)
) ENGINE=InnoDB DEFAULT CHARSET=latin1;
/*!40101 SET character_set_client = @saved_cs_client */;

--
-- Dumping data for table `vtiger_tmp_read_group_rel_sharing_per`
--

LOCK TABLES `vtiger_tmp_read_group_rel_sharing_per` WRITE;
/*!40000 ALTER TABLE `vtiger_tmp_read_group_rel_sharing_per` DISABLE KEYS */;
/*!40000 ALTER TABLE `vtiger_tmp_read_group_rel_sharing_per` ENABLE KEYS */;
UNLOCK TABLES;

--
-- Table structure for table `vtiger_tmp_read_group_sharing_per`
--

DROP TABLE IF EXISTS `vtiger_tmp_read_group_sharing_per`;
/*!40101 SET @saved_cs_client     = @@character_set_client */;
/*!40101 SET character_set_client = utf8 */;
CREATE TABLE `vtiger_tmp_read_group_sharing_per` (
  `userid` int(11) NOT NULL,
  `tabid` int(11) NOT NULL,
  `sharedgroupid` int(11) NOT NULL,
  PRIMARY KEY (`userid`,`tabid`,`sharedgroupid`),
  KEY `tmp_read_group_sharing_per_userid_sharedgroupid_idx` (`userid`,`sharedgroupid`)
) ENGINE=InnoDB DEFAULT CHARSET=latin1;
/*!40101 SET character_set_client = @saved_cs_client */;

--
-- Dumping data for table `vtiger_tmp_read_group_sharing_per`
--

LOCK TABLES `vtiger_tmp_read_group_sharing_per` WRITE;
/*!40000 ALTER TABLE `vtiger_tmp_read_group_sharing_per` DISABLE KEYS */;
/*!40000 ALTER TABLE `vtiger_tmp_read_group_sharing_per` ENABLE KEYS */;
UNLOCK TABLES;

--
-- Table structure for table `vtiger_tmp_read_user_rel_sharing_per`
--

DROP TABLE IF EXISTS `vtiger_tmp_read_user_rel_sharing_per`;
/*!40101 SET @saved_cs_client     = @@character_set_client */;
/*!40101 SET character_set_client = utf8 */;
CREATE TABLE `vtiger_tmp_read_user_rel_sharing_per` (
  `userid` int(11) NOT NULL,
  `tabid` int(11) NOT NULL,
  `relatedtabid` int(11) NOT NULL,
  `shareduserid` int(11) NOT NULL,
  PRIMARY KEY (`userid`,`tabid`,`relatedtabid`,`shareduserid`),
  KEY `tmp_read_user_rel_sharing_per_userid_shared_reltabid_idx` (`userid`,`shareduserid`,`relatedtabid`)
) ENGINE=InnoDB DEFAULT CHARSET=latin1;
/*!40101 SET character_set_client = @saved_cs_client */;

--
-- Dumping data for table `vtiger_tmp_read_user_rel_sharing_per`
--

LOCK TABLES `vtiger_tmp_read_user_rel_sharing_per` WRITE;
/*!40000 ALTER TABLE `vtiger_tmp_read_user_rel_sharing_per` DISABLE KEYS */;
/*!40000 ALTER TABLE `vtiger_tmp_read_user_rel_sharing_per` ENABLE KEYS */;
UNLOCK TABLES;

--
-- Table structure for table `vtiger_tmp_read_user_sharing_per`
--

DROP TABLE IF EXISTS `vtiger_tmp_read_user_sharing_per`;
/*!40101 SET @saved_cs_client     = @@character_set_client */;
/*!40101 SET character_set_client = utf8 */;
CREATE TABLE `vtiger_tmp_read_user_sharing_per` (
  `userid` int(11) NOT NULL,
  `tabid` int(11) NOT NULL,
  `shareduserid` int(11) NOT NULL,
  PRIMARY KEY (`userid`,`tabid`,`shareduserid`),
  KEY `tmp_read_user_sharing_per_userid_shareduserid_idx` (`userid`,`shareduserid`)
) ENGINE=InnoDB DEFAULT CHARSET=latin1;
/*!40101 SET character_set_client = @saved_cs_client */;

--
-- Dumping data for table `vtiger_tmp_read_user_sharing_per`
--

LOCK TABLES `vtiger_tmp_read_user_sharing_per` WRITE;
/*!40000 ALTER TABLE `vtiger_tmp_read_user_sharing_per` DISABLE KEYS */;
INSERT INTO `vtiger_tmp_read_user_sharing_per` VALUES (9,51,5),(9,52,5),(9,53,5),(9,54,5),(14,51,5),(14,52,5),(14,53,5),(14,54,5);
/*!40000 ALTER TABLE `vtiger_tmp_read_user_sharing_per` ENABLE KEYS */;
UNLOCK TABLES;

--
-- Table structure for table `vtiger_tmp_write_group_rel_sharing_per`
--

DROP TABLE IF EXISTS `vtiger_tmp_write_group_rel_sharing_per`;
/*!40101 SET @saved_cs_client     = @@character_set_client */;
/*!40101 SET character_set_client = utf8 */;
CREATE TABLE `vtiger_tmp_write_group_rel_sharing_per` (
  `userid` int(11) NOT NULL,
  `tabid` int(11) NOT NULL,
  `relatedtabid` int(11) NOT NULL,
  `sharedgroupid` int(11) NOT NULL,
  PRIMARY KEY (`userid`,`tabid`,`relatedtabid`,`sharedgroupid`),
  KEY `tmp_write_group_rel_sharing_per_userid_sharedgroupid_tabid_idx` (`userid`,`sharedgroupid`,`tabid`)
) ENGINE=InnoDB DEFAULT CHARSET=latin1;
/*!40101 SET character_set_client = @saved_cs_client */;

--
-- Dumping data for table `vtiger_tmp_write_group_rel_sharing_per`
--

LOCK TABLES `vtiger_tmp_write_group_rel_sharing_per` WRITE;
/*!40000 ALTER TABLE `vtiger_tmp_write_group_rel_sharing_per` DISABLE KEYS */;
/*!40000 ALTER TABLE `vtiger_tmp_write_group_rel_sharing_per` ENABLE KEYS */;
UNLOCK TABLES;

--
-- Table structure for table `vtiger_tmp_write_group_sharing_per`
--

DROP TABLE IF EXISTS `vtiger_tmp_write_group_sharing_per`;
/*!40101 SET @saved_cs_client     = @@character_set_client */;
/*!40101 SET character_set_client = utf8 */;
CREATE TABLE `vtiger_tmp_write_group_sharing_per` (
  `userid` int(11) NOT NULL,
  `tabid` int(11) NOT NULL,
  `sharedgroupid` int(11) NOT NULL,
  PRIMARY KEY (`userid`,`tabid`,`sharedgroupid`),
  KEY `tmp_write_group_sharing_per_UK1` (`userid`,`sharedgroupid`)
) ENGINE=InnoDB DEFAULT CHARSET=latin1;
/*!40101 SET character_set_client = @saved_cs_client */;

--
-- Dumping data for table `vtiger_tmp_write_group_sharing_per`
--

LOCK TABLES `vtiger_tmp_write_group_sharing_per` WRITE;
/*!40000 ALTER TABLE `vtiger_tmp_write_group_sharing_per` DISABLE KEYS */;
/*!40000 ALTER TABLE `vtiger_tmp_write_group_sharing_per` ENABLE KEYS */;
UNLOCK TABLES;

--
-- Table structure for table `vtiger_tmp_write_user_rel_sharing_per`
--

DROP TABLE IF EXISTS `vtiger_tmp_write_user_rel_sharing_per`;
/*!40101 SET @saved_cs_client     = @@character_set_client */;
/*!40101 SET character_set_client = utf8 */;
CREATE TABLE `vtiger_tmp_write_user_rel_sharing_per` (
  `userid` int(11) NOT NULL,
  `tabid` int(11) NOT NULL,
  `relatedtabid` int(11) NOT NULL,
  `shareduserid` int(11) NOT NULL,
  PRIMARY KEY (`userid`,`tabid`,`relatedtabid`,`shareduserid`),
  KEY `tmp_write_user_rel_sharing_per_userid_sharduserid_tabid_idx` (`userid`,`shareduserid`,`tabid`)
) ENGINE=InnoDB DEFAULT CHARSET=latin1;
/*!40101 SET character_set_client = @saved_cs_client */;

--
-- Dumping data for table `vtiger_tmp_write_user_rel_sharing_per`
--

LOCK TABLES `vtiger_tmp_write_user_rel_sharing_per` WRITE;
/*!40000 ALTER TABLE `vtiger_tmp_write_user_rel_sharing_per` DISABLE KEYS */;
/*!40000 ALTER TABLE `vtiger_tmp_write_user_rel_sharing_per` ENABLE KEYS */;
UNLOCK TABLES;

--
-- Table structure for table `vtiger_tmp_write_user_sharing_per`
--

DROP TABLE IF EXISTS `vtiger_tmp_write_user_sharing_per`;
/*!40101 SET @saved_cs_client     = @@character_set_client */;
/*!40101 SET character_set_client = utf8 */;
CREATE TABLE `vtiger_tmp_write_user_sharing_per` (
  `userid` int(11) NOT NULL,
  `tabid` int(11) NOT NULL,
  `shareduserid` int(11) NOT NULL,
  PRIMARY KEY (`userid`,`tabid`,`shareduserid`),
  KEY `tmp_write_user_sharing_per_userid_shareduserid_idx` (`userid`,`shareduserid`)
) ENGINE=InnoDB DEFAULT CHARSET=latin1;
/*!40101 SET character_set_client = @saved_cs_client */;

--
-- Dumping data for table `vtiger_tmp_write_user_sharing_per`
--

LOCK TABLES `vtiger_tmp_write_user_sharing_per` WRITE;
/*!40000 ALTER TABLE `vtiger_tmp_write_user_sharing_per` DISABLE KEYS */;
INSERT INTO `vtiger_tmp_write_user_sharing_per` VALUES (6,51,5),(6,52,5),(6,53,5),(6,54,5),(7,51,5),(7,52,5),(7,53,5),(7,54,5),(9,51,5),(9,52,5),(9,54,5),(14,51,5),(14,52,5),(14,54,5),(15,51,5),(15,52,5),(15,54,5),(16,51,5),(16,52,5),(16,54,5);
/*!40000 ALTER TABLE `vtiger_tmp_write_user_sharing_per` ENABLE KEYS */;
UNLOCK TABLES;

--
-- Table structure for table `vtiger_tracker`
--

DROP TABLE IF EXISTS `vtiger_tracker`;
/*!40101 SET @saved_cs_client     = @@character_set_client */;
/*!40101 SET character_set_client = utf8 */;
CREATE TABLE `vtiger_tracker` (
  `id` int(11) NOT NULL AUTO_INCREMENT,
  `user_id` varchar(36) DEFAULT NULL,
  `module_name` varchar(25) DEFAULT NULL,
  `item_id` varchar(36) DEFAULT NULL,
  `item_summary` varchar(255) DEFAULT NULL,
  PRIMARY KEY (`id`)
) ENGINE=InnoDB DEFAULT CHARSET=latin1;
/*!40101 SET character_set_client = @saved_cs_client */;

--
-- Dumping data for table `vtiger_tracker`
--

LOCK TABLES `vtiger_tracker` WRITE;
/*!40000 ALTER TABLE `vtiger_tracker` DISABLE KEYS */;
/*!40000 ALTER TABLE `vtiger_tracker` ENABLE KEYS */;
UNLOCK TABLES;

--
-- Table structure for table `vtiger_tracking_unit`
--

DROP TABLE IF EXISTS `vtiger_tracking_unit`;
/*!40101 SET @saved_cs_client     = @@character_set_client */;
/*!40101 SET character_set_client = utf8 */;
CREATE TABLE `vtiger_tracking_unit` (
  `tracking_unitid` int(11) NOT NULL AUTO_INCREMENT,
  `tracking_unit` varchar(200) NOT NULL,
  `presence` int(1) NOT NULL DEFAULT '1',
  `picklist_valueid` int(11) NOT NULL DEFAULT '0',
  `sortorderid` int(11) DEFAULT '0',
  PRIMARY KEY (`tracking_unitid`)
) ENGINE=InnoDB AUTO_INCREMENT=5 DEFAULT CHARSET=utf8;
/*!40101 SET character_set_client = @saved_cs_client */;

--
-- Dumping data for table `vtiger_tracking_unit`
--

LOCK TABLES `vtiger_tracking_unit` WRITE;
/*!40000 ALTER TABLE `vtiger_tracking_unit` DISABLE KEYS */;
INSERT INTO `vtiger_tracking_unit` VALUES (2,'Hours',1,220,2),(3,'Days',1,221,3),(4,'Incidents',1,222,4);
/*!40000 ALTER TABLE `vtiger_tracking_unit` ENABLE KEYS */;
UNLOCK TABLES;

--
-- Table structure for table `vtiger_tracking_unit_seq`
--

DROP TABLE IF EXISTS `vtiger_tracking_unit_seq`;
/*!40101 SET @saved_cs_client     = @@character_set_client */;
/*!40101 SET character_set_client = utf8 */;
CREATE TABLE `vtiger_tracking_unit_seq` (
  `id` int(11) NOT NULL
) ENGINE=InnoDB DEFAULT CHARSET=latin1;
/*!40101 SET character_set_client = @saved_cs_client */;

--
-- Dumping data for table `vtiger_tracking_unit_seq`
--

LOCK TABLES `vtiger_tracking_unit_seq` WRITE;
/*!40000 ALTER TABLE `vtiger_tracking_unit_seq` DISABLE KEYS */;
INSERT INTO `vtiger_tracking_unit_seq` VALUES (4);
/*!40000 ALTER TABLE `vtiger_tracking_unit_seq` ENABLE KEYS */;
UNLOCK TABLES;

--
-- Table structure for table `vtiger_troubletickets`
--

DROP TABLE IF EXISTS `vtiger_troubletickets`;
/*!40101 SET @saved_cs_client     = @@character_set_client */;
/*!40101 SET character_set_client = utf8 */;
CREATE TABLE `vtiger_troubletickets` (
  `ticketid` int(19) NOT NULL,
  `ticket_no` varchar(100) NOT NULL,
  `groupname` varchar(100) DEFAULT NULL,
  `parent_id` varchar(100) DEFAULT NULL,
  `product_id` varchar(100) DEFAULT NULL,
  `priority` varchar(200) DEFAULT NULL,
  `severity` varchar(200) DEFAULT NULL,
  `status` varchar(200) DEFAULT NULL,
  `category` varchar(200) DEFAULT NULL,
  `title` varchar(255) NOT NULL,
  `solution` text,
  `update_log` text,
  `version_id` int(11) DEFAULT NULL,
  `hours` decimal(25,8) DEFAULT NULL,
  `days` decimal(25,8) DEFAULT NULL,
  `contact_id` int(19) DEFAULT NULL,
  PRIMARY KEY (`ticketid`),
  KEY `troubletickets_ticketid_idx` (`ticketid`),
  KEY `troubletickets_status_idx` (`status`)
) ENGINE=InnoDB DEFAULT CHARSET=latin1;
/*!40101 SET character_set_client = @saved_cs_client */;

--
-- Dumping data for table `vtiger_troubletickets`
--

LOCK TABLES `vtiger_troubletickets` WRITE;
/*!40000 ALTER TABLE `vtiger_troubletickets` DISABLE KEYS */;
/*!40000 ALTER TABLE `vtiger_troubletickets` ENABLE KEYS */;
UNLOCK TABLES;

--
-- Table structure for table `vtiger_usageunit`
--

DROP TABLE IF EXISTS `vtiger_usageunit`;
/*!40101 SET @saved_cs_client     = @@character_set_client */;
/*!40101 SET character_set_client = utf8 */;
CREATE TABLE `vtiger_usageunit` (
  `usageunitid` int(19) NOT NULL AUTO_INCREMENT,
  `usageunit` varchar(200) NOT NULL,
  `presence` int(1) NOT NULL DEFAULT '1',
  `picklist_valueid` int(19) NOT NULL DEFAULT '0',
  `sortorderid` int(11) DEFAULT NULL,
  PRIMARY KEY (`usageunitid`),
  UNIQUE KEY `usageunit_usageunit_idx` (`usageunit`)
) ENGINE=InnoDB AUTO_INCREMENT=17 DEFAULT CHARSET=latin1;
/*!40101 SET character_set_client = @saved_cs_client */;

--
-- Dumping data for table `vtiger_usageunit`
--

LOCK TABLES `vtiger_usageunit` WRITE;
/*!40000 ALTER TABLE `vtiger_usageunit` DISABLE KEYS */;
INSERT INTO `vtiger_usageunit` VALUES (1,'Box',1,194,0),(2,'Carton',1,195,1),(3,'Dozen',1,196,2),(4,'Each',1,197,3),(5,'Hours',1,198,4),(6,'Impressions',1,199,5),(7,'Lb',1,200,6),(8,'M',1,201,7),(9,'Pack',1,202,8),(10,'Pages',1,203,9),(11,'Pieces',1,204,10),(12,'Quantity',1,205,11),(13,'Reams',1,206,12),(14,'Sheet',1,207,13),(15,'Spiral Binder',1,208,14),(16,'Sq Ft',1,209,15);
/*!40000 ALTER TABLE `vtiger_usageunit` ENABLE KEYS */;
UNLOCK TABLES;

--
-- Table structure for table `vtiger_usageunit_seq`
--

DROP TABLE IF EXISTS `vtiger_usageunit_seq`;
/*!40101 SET @saved_cs_client     = @@character_set_client */;
/*!40101 SET character_set_client = utf8 */;
CREATE TABLE `vtiger_usageunit_seq` (
  `id` int(11) NOT NULL
) ENGINE=InnoDB DEFAULT CHARSET=latin1;
/*!40101 SET character_set_client = @saved_cs_client */;

--
-- Dumping data for table `vtiger_usageunit_seq`
--

LOCK TABLES `vtiger_usageunit_seq` WRITE;
/*!40000 ALTER TABLE `vtiger_usageunit_seq` DISABLE KEYS */;
INSERT INTO `vtiger_usageunit_seq` VALUES (16);
/*!40000 ALTER TABLE `vtiger_usageunit_seq` ENABLE KEYS */;
UNLOCK TABLES;

--
-- Table structure for table `vtiger_user2mergefields`
--

DROP TABLE IF EXISTS `vtiger_user2mergefields`;
/*!40101 SET @saved_cs_client     = @@character_set_client */;
/*!40101 SET character_set_client = utf8 */;
CREATE TABLE `vtiger_user2mergefields` (
  `userid` int(11) DEFAULT NULL,
  `tabid` int(19) DEFAULT NULL,
  `fieldid` int(19) DEFAULT NULL,
  `visible` int(2) DEFAULT NULL,
  KEY `userid_tabid_idx` (`userid`,`tabid`)
) ENGINE=InnoDB DEFAULT CHARSET=latin1;
/*!40101 SET character_set_client = @saved_cs_client */;

--
-- Dumping data for table `vtiger_user2mergefields`
--

LOCK TABLES `vtiger_user2mergefields` WRITE;
/*!40000 ALTER TABLE `vtiger_user2mergefields` DISABLE KEYS */;
/*!40000 ALTER TABLE `vtiger_user2mergefields` ENABLE KEYS */;
UNLOCK TABLES;

--
-- Table structure for table `vtiger_user2role`
--

DROP TABLE IF EXISTS `vtiger_user2role`;
/*!40101 SET @saved_cs_client     = @@character_set_client */;
/*!40101 SET character_set_client = utf8 */;
CREATE TABLE `vtiger_user2role` (
  `userid` int(11) NOT NULL,
  `roleid` varchar(255) NOT NULL,
  PRIMARY KEY (`userid`),
  KEY `user2role_roleid_idx` (`roleid`)
) ENGINE=InnoDB DEFAULT CHARSET=latin1;
/*!40101 SET character_set_client = @saved_cs_client */;

--
-- Dumping data for table `vtiger_user2role`
--

LOCK TABLES `vtiger_user2role` WRITE;
/*!40000 ALTER TABLE `vtiger_user2role` DISABLE KEYS */;
INSERT INTO `vtiger_user2role` VALUES (10,'H10'),(11,'H10'),(1,'H11'),(8,'H11'),(9,'H12'),(14,'H12'),(15,'H12'),(16,'H12'),(12,'H15'),(13,'H15'),(7,'H6'),(6,'H7'),(5,'H9');
/*!40000 ALTER TABLE `vtiger_user2role` ENABLE KEYS */;
UNLOCK TABLES;

--
-- Table structure for table `vtiger_user_module_preferences`
--

DROP TABLE IF EXISTS `vtiger_user_module_preferences`;
/*!40101 SET @saved_cs_client     = @@character_set_client */;
/*!40101 SET character_set_client = utf8 */;
CREATE TABLE `vtiger_user_module_preferences` (
  `userid` int(19) NOT NULL,
  `tabid` int(19) NOT NULL,
  `default_cvid` int(19) NOT NULL,
  PRIMARY KEY (`userid`,`tabid`)
) ENGINE=InnoDB DEFAULT CHARSET=latin1;
/*!40101 SET character_set_client = @saved_cs_client */;

--
-- Dumping data for table `vtiger_user_module_preferences`
--

LOCK TABLES `vtiger_user_module_preferences` WRITE;
/*!40000 ALTER TABLE `vtiger_user_module_preferences` DISABLE KEYS */;
INSERT INTO `vtiger_user_module_preferences` VALUES (5,51,76),(5,52,77),(5,53,78),(5,54,79),(6,51,74),(6,52,75),(7,51,83),(9,51,55),(9,52,56),(12,56,63),(12,57,72),(12,58,69),(12,59,70),(12,61,71),(13,56,64),(13,57,68),(13,58,65),(13,59,66),(13,61,67),(16,51,80),(16,52,81),(16,53,82);
/*!40000 ALTER TABLE `vtiger_user_module_preferences` ENABLE KEYS */;
UNLOCK TABLES;

--
-- Table structure for table `vtiger_users`
--

DROP TABLE IF EXISTS `vtiger_users`;
/*!40101 SET @saved_cs_client     = @@character_set_client */;
/*!40101 SET character_set_client = utf8 */;
CREATE TABLE `vtiger_users` (
  `id` int(11) NOT NULL AUTO_INCREMENT,
  `user_name` varchar(255) DEFAULT NULL,
  `user_password` varchar(200) DEFAULT NULL,
  `user_hash` varchar(32) DEFAULT NULL,
  `cal_color` varchar(25) DEFAULT '#E6FAD8',
  `first_name` varchar(30) DEFAULT NULL,
  `last_name` varchar(30) DEFAULT NULL,
  `reports_to_id` varchar(36) DEFAULT NULL,
  `is_admin` varchar(3) DEFAULT '0',
  `currency_id` int(19) NOT NULL DEFAULT '1',
  `description` text,
  `date_entered` timestamp NOT NULL DEFAULT CURRENT_TIMESTAMP ON UPDATE CURRENT_TIMESTAMP,
  `date_modified` datetime DEFAULT NULL,
  `modified_user_id` varchar(36) DEFAULT NULL,
  `title` varchar(50) DEFAULT NULL,
  `department` varchar(50) DEFAULT NULL,
  `phone_home` varchar(50) DEFAULT NULL,
  `phone_mobile` varchar(50) DEFAULT NULL,
  `phone_work` varchar(50) DEFAULT NULL,
  `phone_other` varchar(50) DEFAULT NULL,
  `phone_fax` varchar(50) DEFAULT NULL,
  `email1` varchar(100) DEFAULT NULL,
  `email2` varchar(100) DEFAULT NULL,
  `secondaryemail` varchar(100) DEFAULT NULL,
  `status` varchar(25) DEFAULT NULL,
  `signature` text,
  `address_street` varchar(150) DEFAULT NULL,
  `address_city` varchar(100) DEFAULT NULL,
  `address_state` varchar(100) DEFAULT NULL,
  `address_country` varchar(25) DEFAULT NULL,
  `address_postalcode` varchar(9) DEFAULT NULL,
  `user_preferences` text,
  `tz` varchar(30) DEFAULT NULL,
  `holidays` varchar(60) DEFAULT NULL,
  `namedays` varchar(60) DEFAULT NULL,
  `workdays` varchar(30) DEFAULT NULL,
  `weekstart` int(11) DEFAULT NULL,
  `date_format` varchar(200) DEFAULT NULL,
  `hour_format` varchar(30) DEFAULT 'am/pm',
  `start_hour` varchar(30) DEFAULT '10:00',
  `end_hour` varchar(30) DEFAULT '23:00',
  `activity_view` varchar(200) DEFAULT 'Today',
  `lead_view` varchar(200) DEFAULT 'Today',
  `imagename` varchar(250) DEFAULT NULL,
  `deleted` int(1) NOT NULL DEFAULT '0',
  `confirm_password` varchar(300) DEFAULT NULL,
  `internal_mailer` varchar(3) NOT NULL DEFAULT '1',
  `reminder_interval` varchar(100) DEFAULT NULL,
  `reminder_next_time` varchar(100) DEFAULT NULL,
  `crypt_type` varchar(20) NOT NULL DEFAULT 'MD5',
  `accesskey` varchar(36) DEFAULT NULL,
  `theme` varchar(100) DEFAULT NULL,
  `language` varchar(36) DEFAULT NULL,
  `time_zone` varchar(200) DEFAULT NULL,
  `currency_grouping_pattern` varchar(100) DEFAULT NULL,
  `currency_decimal_separator` varchar(2) DEFAULT NULL,
  `currency_grouping_separator` varchar(2) DEFAULT NULL,
  `currency_symbol_placement` varchar(20) DEFAULT NULL,
  `phone_crm_extension` varchar(100) DEFAULT NULL,
  `no_of_currency_decimals` varchar(2) DEFAULT NULL,
  `truncate_trailing_zeros` varchar(3) DEFAULT NULL,
  `dayoftheweek` varchar(100) DEFAULT NULL,
  `callduration` varchar(100) DEFAULT NULL,
  `othereventduration` varchar(100) DEFAULT NULL,
  `calendarsharedtype` varchar(100) DEFAULT NULL,
  `default_record_view` varchar(10) DEFAULT NULL,
  `leftpanelhide` varchar(3) DEFAULT NULL,
  `rowheight` varchar(10) DEFAULT NULL,
  `defaulteventstatus` varchar(50) DEFAULT NULL,
  `defaultactivitytype` varchar(50) DEFAULT NULL,
  `hidecompletedevents` int(11) DEFAULT NULL,
  `is_owner` varchar(5) DEFAULT NULL,
  PRIMARY KEY (`id`),
  KEY `user_user_name_idx` (`user_name`),
  KEY `user_user_password_idx` (`user_password`)
) ENGINE=InnoDB AUTO_INCREMENT=17 DEFAULT CHARSET=latin1;
/*!40101 SET character_set_client = @saved_cs_client */;

--
-- Dumping data for table `vtiger_users`
--

LOCK TABLES `vtiger_users` WRITE;
/*!40000 ALTER TABLE `vtiger_users` DISABLE KEYS */;
INSERT INTO `vtiger_users` VALUES (1,'admin','$1$ad000000$tb4GrCICZbWP9mYdE0uio.','d41d8cd98f00b204e9800998ecf8427e','#E6FAD8','DMMC','Administrator','','on',2,'','2017-07-11 08:49:22',NULL,NULL,'','','','','','','','sutharsan@radus28.com','','','Active','','','','','','',NULL,NULL,NULL,NULL,NULL,NULL,'dd-mm-yyyy','12','00:00','23:00','This Week','Today','',0,'$1$ad000000$nYTnfhTZRmUP.wQT9y1AE.','1','1 Minute',NULL,'PHP5.3MD5','T3IhfjR82xDvDnRD','alphagrey','en_us','Asia/Colombo','123,456,789','.',',','$1.0','','2','1','Sunday','5','5','public','Detail','0','medium','Select an Option','Select an Option',0,'1'),(5,'ma01','$1$ma000000$w1Yrehoita2GzfEbZd9xC1','9c8787e26ccaeda3acbd86a2f1de36f2','#E6FAD8','Test Management','Assistant 01','','off',2,'','2017-07-11 08:49:22',NULL,NULL,'','','','','','','','developer@radus28.com','','','Active','','','','','','',NULL,NULL,NULL,NULL,NULL,NULL,'dd-mm-yyyy','12','00:00','','Today','Today','',0,'$1$ma000000$w1Yrehoita2GzfEbZd9xC1','0','',NULL,'PHP5.3MD5','vDiZsMXIBv406eiz','alphagrey','en_us','Asia/Colombo','123,456,789','.',',','$1.0','','2','0','Monday','5','5','public','Detail','0','medium','Select an Option','Select an Option',0,'0'),(6,'dman01','$1$dm000000$wVKVMXOi/VxoVlFicoMXs/','8668745248b15ada79f7184306c3fe7c','#E6FAD8','Draughsman','Test','','off',2,'','2017-07-11 08:49:22',NULL,NULL,'','','','','','','','dman01@gmail.com','','','Active','','','','','','',NULL,NULL,NULL,NULL,NULL,NULL,'dd-mm-yyyy','12','00:00','','Today','Today','',0,'$1$dm000000$wVKVMXOi/VxoVlFicoMXs/','0','',NULL,'PHP5.3MD5','K1GnJsWgzRwaE36X','alphagrey','en_us','Asia/Colombo','123,456,789','.',',','$1.0','','2','0','Monday','5','5','public','Detail','0','medium','Select an Option','Select an Option',0,'0'),(7,'enrp01','$1$en000000$EFje1dxwdNqJZP0oDSlV70','a2e85c86af1864bcada59dd1526308b5','#E6FAD8','Engineer Testing','Planning','','off',2,'','2017-07-11 08:49:22',NULL,NULL,'','','','','','','','enrp01@gmail.com','','','Active','','','','','','',NULL,NULL,NULL,NULL,NULL,NULL,'dd-mm-yyyy','12','00:00','','Today','Today','',0,'$1$en000000$EFje1dxwdNqJZP0oDSlV70','0','',NULL,'PHP5.3MD5','qrOHk8Zttz8aNVly','alphagrey','en_us','Asia/Colombo','123,456,789','.',',','$1.0','','2','0','Monday','5','5','public','Detail','0','medium','Select an Option','Select an Option',0,'0'),(8,'superadmin','$1$su000000$UEJEplit1v/BelC1ZhcLh.','ba247e44bcb51afa4be85d6fe6ae0bb8','#E6FAD8','Super Admin','DMMC','','off',2,'','2017-07-11 08:49:22',NULL,NULL,'','','','','','','','superadmin@dmmc.lk','','','Active','','','','','','',NULL,NULL,NULL,NULL,NULL,NULL,'dd-mm-yyyy','12','00:00','','Today','Today','',0,'$1$su000000$UEJEplit1v/BelC1ZhcLh.','0','',NULL,'PHP5.3MD5','7cmH1Ajk9qkPxYTI','alphagrey','en_us','Asia/Colombo','123,456,789','.',',','$1.0','','2','0','Monday','5','5','public','Detail','0','medium','Select an Option','Select an Option',0,'0'),(15,'techofficer','$1$te000000$ia3g1PgzhXW.i/wm36hu3/','ceab2c74e356bec59bed549128881244','#E6FAD8','Technical','Officer','','off',2,'','2017-07-11 08:49:22',NULL,NULL,'','','','','','','','tech@radus28.com','','','Active','','','','','','',NULL,NULL,NULL,NULL,NULL,NULL,'dd-mm-yyyy','12','00:00','','Today','Today','',0,'$1$te000000$ia3g1PgzhXW.i/wm36hu3/','0','',NULL,'PHP5.3MD5','ReF1lrYJJ9Ecyt5','alphagrey','en_us','Asia/Colombo','123,456,789','.',',','$1.0','','2','0','Monday','5','5','public','Detail','0','medium','Select an Option','Select an Option',0,'0'),(16,'to01','$1$to000000$jPZMw54gWEbhG0gFwOk1B1','f2628244411180e88908d6c377bf4bcf','#E6FAD8','Technical Officer','One','','off',1,'','2018-06-01 08:59:16',NULL,NULL,'','','','','','','','to01@radus28.com','','','Active','','','','','','',NULL,NULL,NULL,NULL,NULL,NULL,'dd-mm-yyyy','12','00:00','','Today','Today','',0,'$1$to000000$jPZMw54gWEbhG0gFwOk1B1','0','',NULL,'PHP5.3MD5','UaPrK93bJUwcNxJx','alphagrey','en_us','Asia/Colombo','123,456,789','.',',','$1.0','','2','0','Monday','5','5','public','Detail','1','medium','Select an Option','Select an Option',0,'0');
/*!40000 ALTER TABLE `vtiger_users` ENABLE KEYS */;
UNLOCK TABLES;

--
-- Table structure for table `vtiger_users2group`
--

DROP TABLE IF EXISTS `vtiger_users2group`;
/*!40101 SET @saved_cs_client     = @@character_set_client */;
/*!40101 SET character_set_client = utf8 */;
CREATE TABLE `vtiger_users2group` (
  `groupid` int(19) NOT NULL,
  `userid` int(19) NOT NULL,
  PRIMARY KEY (`groupid`,`userid`),
  KEY `users2group_groupname_uerid_idx` (`groupid`,`userid`)
) ENGINE=InnoDB DEFAULT CHARSET=latin1;
/*!40101 SET character_set_client = @saved_cs_client */;

--
-- Dumping data for table `vtiger_users2group`
--

LOCK TABLES `vtiger_users2group` WRITE;
/*!40000 ALTER TABLE `vtiger_users2group` DISABLE KEYS */;
INSERT INTO `vtiger_users2group` VALUES (3,1);
/*!40000 ALTER TABLE `vtiger_users2group` ENABLE KEYS */;
UNLOCK TABLES;

--
-- Table structure for table `vtiger_users_last_import`
--

DROP TABLE IF EXISTS `vtiger_users_last_import`;
/*!40101 SET @saved_cs_client     = @@character_set_client */;
/*!40101 SET character_set_client = utf8 */;
CREATE TABLE `vtiger_users_last_import` (
  `id` int(36) NOT NULL AUTO_INCREMENT,
  `assigned_user_id` varchar(36) DEFAULT NULL,
  `bean_type` varchar(36) DEFAULT NULL,
  `bean_id` varchar(36) DEFAULT NULL,
  `deleted` int(1) NOT NULL DEFAULT '0',
  PRIMARY KEY (`id`),
  KEY `idx_user_id` (`assigned_user_id`)
) ENGINE=InnoDB DEFAULT CHARSET=latin1;
/*!40101 SET character_set_client = @saved_cs_client */;

--
-- Dumping data for table `vtiger_users_last_import`
--

LOCK TABLES `vtiger_users_last_import` WRITE;
/*!40000 ALTER TABLE `vtiger_users_last_import` DISABLE KEYS */;
/*!40000 ALTER TABLE `vtiger_users_last_import` ENABLE KEYS */;
UNLOCK TABLES;

--
-- Table structure for table `vtiger_users_seq`
--

DROP TABLE IF EXISTS `vtiger_users_seq`;
/*!40101 SET @saved_cs_client     = @@character_set_client */;
/*!40101 SET character_set_client = utf8 */;
CREATE TABLE `vtiger_users_seq` (
  `id` int(11) NOT NULL
) ENGINE=InnoDB DEFAULT CHARSET=latin1;
/*!40101 SET character_set_client = @saved_cs_client */;

--
-- Dumping data for table `vtiger_users_seq`
--

LOCK TABLES `vtiger_users_seq` WRITE;
/*!40000 ALTER TABLE `vtiger_users_seq` DISABLE KEYS */;
INSERT INTO `vtiger_users_seq` VALUES (16);
/*!40000 ALTER TABLE `vtiger_users_seq` ENABLE KEYS */;
UNLOCK TABLES;

--
-- Table structure for table `vtiger_userscf`
--

DROP TABLE IF EXISTS `vtiger_userscf`;
/*!40101 SET @saved_cs_client     = @@character_set_client */;
/*!40101 SET character_set_client = utf8 */;
CREATE TABLE `vtiger_userscf` (
  `usersid` int(11) NOT NULL,
  PRIMARY KEY (`usersid`)
) ENGINE=InnoDB DEFAULT CHARSET=utf8;
/*!40101 SET character_set_client = @saved_cs_client */;

--
-- Dumping data for table `vtiger_userscf`
--

LOCK TABLES `vtiger_userscf` WRITE;
/*!40000 ALTER TABLE `vtiger_userscf` DISABLE KEYS */;
/*!40000 ALTER TABLE `vtiger_userscf` ENABLE KEYS */;
UNLOCK TABLES;

--
-- Table structure for table `vtiger_valuation_inspector_name`
--

DROP TABLE IF EXISTS `vtiger_valuation_inspector_name`;
/*!40101 SET @saved_cs_client     = @@character_set_client */;
/*!40101 SET character_set_client = utf8 */;
CREATE TABLE `vtiger_valuation_inspector_name` (
  `valuation_inspector_nameid` int(11) NOT NULL AUTO_INCREMENT,
  `valuation_inspector_name` varchar(200) NOT NULL,
  `presence` int(1) NOT NULL DEFAULT '1',
  `picklist_valueid` int(11) NOT NULL DEFAULT '0',
  `sortorderid` int(11) DEFAULT '0',
  PRIMARY KEY (`valuation_inspector_nameid`)
) ENGINE=InnoDB AUTO_INCREMENT=4 DEFAULT CHARSET=utf8;
/*!40101 SET character_set_client = @saved_cs_client */;

--
-- Dumping data for table `vtiger_valuation_inspector_name`
--

LOCK TABLES `vtiger_valuation_inspector_name` WRITE;
/*!40000 ALTER TABLE `vtiger_valuation_inspector_name` DISABLE KEYS */;
INSERT INTO `vtiger_valuation_inspector_name` VALUES (1,'Valuation Inspector 01',1,391,1),(2,'Valuation Inspector II',1,431,2),(3,'Valuation Inspector',1,492,1);
/*!40000 ALTER TABLE `vtiger_valuation_inspector_name` ENABLE KEYS */;
UNLOCK TABLES;

--
-- Table structure for table `vtiger_valuation_inspector_name_seq`
--

DROP TABLE IF EXISTS `vtiger_valuation_inspector_name_seq`;
/*!40101 SET @saved_cs_client     = @@character_set_client */;
/*!40101 SET character_set_client = utf8 */;
CREATE TABLE `vtiger_valuation_inspector_name_seq` (
  `id` int(11) NOT NULL
) ENGINE=MyISAM DEFAULT CHARSET=utf8 COLLATE=utf8_unicode_ci;
/*!40101 SET character_set_client = @saved_cs_client */;

--
-- Dumping data for table `vtiger_valuation_inspector_name_seq`
--

LOCK TABLES `vtiger_valuation_inspector_name_seq` WRITE;
/*!40000 ALTER TABLE `vtiger_valuation_inspector_name_seq` DISABLE KEYS */;
INSERT INTO `vtiger_valuation_inspector_name_seq` VALUES (3);
/*!40000 ALTER TABLE `vtiger_valuation_inspector_name_seq` ENABLE KEYS */;
UNLOCK TABLES;

--
-- Table structure for table `vtiger_valuation_officer`
--

DROP TABLE IF EXISTS `vtiger_valuation_officer`;
/*!40101 SET @saved_cs_client     = @@character_set_client */;
/*!40101 SET character_set_client = utf8 */;
CREATE TABLE `vtiger_valuation_officer` (
  `valuation_officerid` int(11) NOT NULL AUTO_INCREMENT,
  `valuation_officer` varchar(200) NOT NULL,
  `presence` int(1) NOT NULL DEFAULT '1',
  `picklist_valueid` int(11) NOT NULL DEFAULT '0',
  `sortorderid` int(11) DEFAULT '0',
  PRIMARY KEY (`valuation_officerid`)
) ENGINE=InnoDB AUTO_INCREMENT=3 DEFAULT CHARSET=utf8;
/*!40101 SET character_set_client = @saved_cs_client */;

--
-- Dumping data for table `vtiger_valuation_officer`
--

LOCK TABLES `vtiger_valuation_officer` WRITE;
/*!40000 ALTER TABLE `vtiger_valuation_officer` DISABLE KEYS */;
INSERT INTO `vtiger_valuation_officer` VALUES (1,'Valuation Inspector 01',1,430,1),(2,'Valuation Inspector II',1,433,2);
/*!40000 ALTER TABLE `vtiger_valuation_officer` ENABLE KEYS */;
UNLOCK TABLES;

--
-- Table structure for table `vtiger_valuation_officer_seq`
--

DROP TABLE IF EXISTS `vtiger_valuation_officer_seq`;
/*!40101 SET @saved_cs_client     = @@character_set_client */;
/*!40101 SET character_set_client = utf8 */;
CREATE TABLE `vtiger_valuation_officer_seq` (
  `id` int(11) NOT NULL
) ENGINE=MyISAM DEFAULT CHARSET=utf8 COLLATE=utf8_unicode_ci;
/*!40101 SET character_set_client = @saved_cs_client */;

--
-- Dumping data for table `vtiger_valuation_officer_seq`
--

LOCK TABLES `vtiger_valuation_officer_seq` WRITE;
/*!40000 ALTER TABLE `vtiger_valuation_officer_seq` DISABLE KEYS */;
INSERT INTO `vtiger_valuation_officer_seq` VALUES (2);
/*!40000 ALTER TABLE `vtiger_valuation_officer_seq` ENABLE KEYS */;
UNLOCK TABLES;

--
-- Table structure for table `vtiger_vendor`
--

DROP TABLE IF EXISTS `vtiger_vendor`;
/*!40101 SET @saved_cs_client     = @@character_set_client */;
/*!40101 SET character_set_client = utf8 */;
CREATE TABLE `vtiger_vendor` (
  `vendorid` int(19) NOT NULL DEFAULT '0',
  `vendor_no` varchar(100) NOT NULL,
  `vendorname` varchar(100) DEFAULT NULL,
  `phone` varchar(100) DEFAULT NULL,
  `email` varchar(100) DEFAULT NULL,
  `website` varchar(100) DEFAULT NULL,
  `glacct` varchar(200) DEFAULT NULL,
  `category` varchar(50) DEFAULT NULL,
  `street` text,
  `city` varchar(30) DEFAULT NULL,
  `state` varchar(30) DEFAULT NULL,
  `pobox` varchar(30) DEFAULT NULL,
  `postalcode` varchar(100) DEFAULT NULL,
  `country` varchar(100) DEFAULT NULL,
  `description` text,
  PRIMARY KEY (`vendorid`)
) ENGINE=InnoDB DEFAULT CHARSET=latin1;
/*!40101 SET character_set_client = @saved_cs_client */;

--
-- Dumping data for table `vtiger_vendor`
--

LOCK TABLES `vtiger_vendor` WRITE;
/*!40000 ALTER TABLE `vtiger_vendor` DISABLE KEYS */;
/*!40000 ALTER TABLE `vtiger_vendor` ENABLE KEYS */;
UNLOCK TABLES;

--
-- Table structure for table `vtiger_vendorcf`
--

DROP TABLE IF EXISTS `vtiger_vendorcf`;
/*!40101 SET @saved_cs_client     = @@character_set_client */;
/*!40101 SET character_set_client = utf8 */;
CREATE TABLE `vtiger_vendorcf` (
  `vendorid` int(19) NOT NULL DEFAULT '0',
  PRIMARY KEY (`vendorid`)
) ENGINE=InnoDB DEFAULT CHARSET=latin1;
/*!40101 SET character_set_client = @saved_cs_client */;

--
-- Dumping data for table `vtiger_vendorcf`
--

LOCK TABLES `vtiger_vendorcf` WRITE;
/*!40000 ALTER TABLE `vtiger_vendorcf` DISABLE KEYS */;
/*!40000 ALTER TABLE `vtiger_vendorcf` ENABLE KEYS */;
UNLOCK TABLES;

--
-- Table structure for table `vtiger_vendorcontactrel`
--

DROP TABLE IF EXISTS `vtiger_vendorcontactrel`;
/*!40101 SET @saved_cs_client     = @@character_set_client */;
/*!40101 SET character_set_client = utf8 */;
CREATE TABLE `vtiger_vendorcontactrel` (
  `vendorid` int(19) NOT NULL DEFAULT '0',
  `contactid` int(19) NOT NULL DEFAULT '0',
  PRIMARY KEY (`vendorid`,`contactid`),
  KEY `vendorcontactrel_vendorid_idx` (`vendorid`),
  KEY `vendorcontactrel_contact_idx` (`contactid`)
) ENGINE=InnoDB DEFAULT CHARSET=latin1;
/*!40101 SET character_set_client = @saved_cs_client */;

--
-- Dumping data for table `vtiger_vendorcontactrel`
--

LOCK TABLES `vtiger_vendorcontactrel` WRITE;
/*!40000 ALTER TABLE `vtiger_vendorcontactrel` DISABLE KEYS */;
/*!40000 ALTER TABLE `vtiger_vendorcontactrel` ENABLE KEYS */;
UNLOCK TABLES;

--
-- Table structure for table `vtiger_version`
--

DROP TABLE IF EXISTS `vtiger_version`;
/*!40101 SET @saved_cs_client     = @@character_set_client */;
/*!40101 SET character_set_client = utf8 */;
CREATE TABLE `vtiger_version` (
  `id` int(11) NOT NULL AUTO_INCREMENT,
  `old_version` varchar(30) DEFAULT NULL,
  `current_version` varchar(30) DEFAULT NULL,
  PRIMARY KEY (`id`)
) ENGINE=InnoDB AUTO_INCREMENT=2 DEFAULT CHARSET=latin1;
/*!40101 SET character_set_client = @saved_cs_client */;

--
-- Dumping data for table `vtiger_version`
--

LOCK TABLES `vtiger_version` WRITE;
/*!40000 ALTER TABLE `vtiger_version` DISABLE KEYS */;
INSERT INTO `vtiger_version` VALUES (1,'6.5.0','6.5.0');
/*!40000 ALTER TABLE `vtiger_version` ENABLE KEYS */;
UNLOCK TABLES;

--
-- Table structure for table `vtiger_version_seq`
--

DROP TABLE IF EXISTS `vtiger_version_seq`;
/*!40101 SET @saved_cs_client     = @@character_set_client */;
/*!40101 SET character_set_client = utf8 */;
CREATE TABLE `vtiger_version_seq` (
  `id` int(11) NOT NULL
) ENGINE=InnoDB DEFAULT CHARSET=latin1;
/*!40101 SET character_set_client = @saved_cs_client */;

--
-- Dumping data for table `vtiger_version_seq`
--

LOCK TABLES `vtiger_version_seq` WRITE;
/*!40000 ALTER TABLE `vtiger_version_seq` DISABLE KEYS */;
INSERT INTO `vtiger_version_seq` VALUES (1);
/*!40000 ALTER TABLE `vtiger_version_seq` ENABLE KEYS */;
UNLOCK TABLES;

--
-- Table structure for table `vtiger_visibility`
--

DROP TABLE IF EXISTS `vtiger_visibility`;
/*!40101 SET @saved_cs_client     = @@character_set_client */;
/*!40101 SET character_set_client = utf8 */;
CREATE TABLE `vtiger_visibility` (
  `visibilityid` int(19) NOT NULL AUTO_INCREMENT,
  `visibility` varchar(200) NOT NULL,
  `sortorderid` int(19) NOT NULL DEFAULT '0',
  `presence` int(1) NOT NULL DEFAULT '1',
  PRIMARY KEY (`visibilityid`),
  UNIQUE KEY `visibility_visibility_idx` (`visibility`)
) ENGINE=InnoDB AUTO_INCREMENT=3 DEFAULT CHARSET=latin1;
/*!40101 SET character_set_client = @saved_cs_client */;

--
-- Dumping data for table `vtiger_visibility`
--

LOCK TABLES `vtiger_visibility` WRITE;
/*!40000 ALTER TABLE `vtiger_visibility` DISABLE KEYS */;
INSERT INTO `vtiger_visibility` VALUES (1,'Private',0,1),(2,'Public',1,1);
/*!40000 ALTER TABLE `vtiger_visibility` ENABLE KEYS */;
UNLOCK TABLES;

--
-- Table structure for table `vtiger_visibility_seq`
--

DROP TABLE IF EXISTS `vtiger_visibility_seq`;
/*!40101 SET @saved_cs_client     = @@character_set_client */;
/*!40101 SET character_set_client = utf8 */;
CREATE TABLE `vtiger_visibility_seq` (
  `id` int(11) NOT NULL
) ENGINE=InnoDB DEFAULT CHARSET=latin1;
/*!40101 SET character_set_client = @saved_cs_client */;

--
-- Dumping data for table `vtiger_visibility_seq`
--

LOCK TABLES `vtiger_visibility_seq` WRITE;
/*!40000 ALTER TABLE `vtiger_visibility_seq` DISABLE KEYS */;
INSERT INTO `vtiger_visibility_seq` VALUES (2);
/*!40000 ALTER TABLE `vtiger_visibility_seq` ENABLE KEYS */;
UNLOCK TABLES;

--
-- Table structure for table `vtiger_webforms`
--

DROP TABLE IF EXISTS `vtiger_webforms`;
/*!40101 SET @saved_cs_client     = @@character_set_client */;
/*!40101 SET character_set_client = utf8 */;
CREATE TABLE `vtiger_webforms` (
  `id` int(19) NOT NULL AUTO_INCREMENT,
  `name` varchar(100) NOT NULL,
  `publicid` varchar(100) NOT NULL,
  `enabled` int(1) NOT NULL DEFAULT '1',
  `targetmodule` varchar(50) NOT NULL,
  `description` text,
  `ownerid` int(19) NOT NULL,
  `returnurl` varchar(250) DEFAULT NULL,
  `captcha` int(1) NOT NULL DEFAULT '0',
  `roundrobin` int(1) NOT NULL DEFAULT '0',
  `roundrobin_userid` varchar(256) DEFAULT NULL,
  `roundrobin_logic` int(11) NOT NULL DEFAULT '0',
  PRIMARY KEY (`id`),
  UNIQUE KEY `webformname` (`name`),
  UNIQUE KEY `publicid` (`id`),
  KEY `webforms_webforms_id_idx` (`id`)
) ENGINE=InnoDB DEFAULT CHARSET=utf8;
/*!40101 SET character_set_client = @saved_cs_client */;

--
-- Dumping data for table `vtiger_webforms`
--

LOCK TABLES `vtiger_webforms` WRITE;
/*!40000 ALTER TABLE `vtiger_webforms` DISABLE KEYS */;
/*!40000 ALTER TABLE `vtiger_webforms` ENABLE KEYS */;
UNLOCK TABLES;

--
-- Table structure for table `vtiger_wordtemplates`
--

DROP TABLE IF EXISTS `vtiger_wordtemplates`;
/*!40101 SET @saved_cs_client     = @@character_set_client */;
/*!40101 SET character_set_client = utf8 */;
CREATE TABLE `vtiger_wordtemplates` (
  `templateid` int(19) NOT NULL,
  `filename` varchar(100) NOT NULL,
  `module` varchar(30) NOT NULL,
  `date_entered` timestamp NOT NULL DEFAULT CURRENT_TIMESTAMP ON UPDATE CURRENT_TIMESTAMP,
  `parent_type` varchar(50) NOT NULL,
  `data` longblob,
  `description` text,
  `filesize` varchar(50) NOT NULL,
  `filetype` varchar(20) NOT NULL,
  `deleted` int(1) NOT NULL DEFAULT '0',
  PRIMARY KEY (`templateid`)
) ENGINE=InnoDB DEFAULT CHARSET=latin1;
/*!40101 SET character_set_client = @saved_cs_client */;

--
-- Dumping data for table `vtiger_wordtemplates`
--

LOCK TABLES `vtiger_wordtemplates` WRITE;
/*!40000 ALTER TABLE `vtiger_wordtemplates` DISABLE KEYS */;
/*!40000 ALTER TABLE `vtiger_wordtemplates` ENABLE KEYS */;
UNLOCK TABLES;

--
-- Table structure for table `vtiger_ws_entity`
--

DROP TABLE IF EXISTS `vtiger_ws_entity`;
/*!40101 SET @saved_cs_client     = @@character_set_client */;
/*!40101 SET character_set_client = utf8 */;
CREATE TABLE `vtiger_ws_entity` (
  `id` int(11) NOT NULL AUTO_INCREMENT,
  `name` varchar(25) NOT NULL,
  `handler_path` varchar(255) NOT NULL,
  `handler_class` varchar(64) NOT NULL,
  `ismodule` int(3) NOT NULL,
  PRIMARY KEY (`id`)
) ENGINE=InnoDB AUTO_INCREMENT=44 DEFAULT CHARSET=latin1;
/*!40101 SET character_set_client = @saved_cs_client */;

--
-- Dumping data for table `vtiger_ws_entity`
--

LOCK TABLES `vtiger_ws_entity` WRITE;
/*!40000 ALTER TABLE `vtiger_ws_entity` DISABLE KEYS */;
INSERT INTO `vtiger_ws_entity` VALUES (1,'Campaigns','include/Webservices/VtigerModuleOperation.php','VtigerModuleOperation',1),(2,'Invoice','include/Webservices/LineItem/VtigerInventoryOperation.php','VtigerInventoryOperation',1),(3,'SalesOrder','include/Webservices/LineItem/VtigerInventoryOperation.php','VtigerInventoryOperation',1),(4,'PurchaseOrder','include/Webservices/LineItem/VtigerInventoryOperation.php','VtigerInventoryOperation',1),(5,'Quotes','include/Webservices/LineItem/VtigerInventoryOperation.php','VtigerInventoryOperation',1),(6,'Faq','include/Webservices/VtigerModuleOperation.php','VtigerModuleOperation',1),(7,'Vendors','include/Webservices/VtigerModuleOperation.php','VtigerModuleOperation',1),(8,'PriceBooks','include/Webservices/VtigerModuleOperation.php','VtigerModuleOperation',1),(9,'Calendar','include/Webservices/VtigerModuleOperation.php','VtigerModuleOperation',1),(10,'Leads','include/Webservices/VtigerModuleOperation.php','VtigerModuleOperation',1),(11,'Accounts','include/Webservices/VtigerModuleOperation.php','VtigerModuleOperation',1),(12,'Contacts','include/Webservices/VtigerModuleOperation.php','VtigerModuleOperation',1),(13,'Potentials','include/Webservices/VtigerModuleOperation.php','VtigerModuleOperation',1),(14,'Products','include/Webservices/VtigerModuleOperation.php','VtigerModuleOperation',1),(15,'Documents','include/Webservices/VtigerModuleOperation.php','VtigerModuleOperation',1),(16,'Emails','include/Webservices/VtigerModuleOperation.php','VtigerModuleOperation',1),(17,'HelpDesk','include/Webservices/VtigerModuleOperation.php','VtigerModuleOperation',1),(18,'Events','include/Webservices/VtigerModuleOperation.php','VtigerModuleOperation',1),(19,'Users','include/Webservices/VtigerModuleOperation.php','VtigerModuleOperation',1),(20,'Groups','include/Webservices/VtigerActorOperation.php','VtigerActorOperation',0),(21,'Currency','include/Webservices/VtigerActorOperation.php','VtigerActorOperation',0),(22,'DocumentFolders','include/Webservices/VtigerActorOperation.php','VtigerActorOperation',0),(23,'CompanyDetails','include/Webservices/VtigerCompanyDetails.php','VtigerCompanyDetails',0),(24,'Services','include/Webservices/VtigerModuleOperation.php','VtigerModuleOperation',1),(25,'PBXManager','include/Webservices/VtigerModuleOperation.php','VtigerModuleOperation',1),(26,'ServiceContracts','include/Webservices/VtigerModuleOperation.php','VtigerModuleOperation',1),(27,'ModComments','include/Webservices/VtigerModuleOperation.php','VtigerModuleOperation',1),(28,'SMSNotifier','include/Webservices/VtigerModuleOperation.php','VtigerModuleOperation',1),(29,'ProjectMilestone','include/Webservices/VtigerModuleOperation.php','VtigerModuleOperation',1),(30,'ProjectTask','include/Webservices/VtigerModuleOperation.php','VtigerModuleOperation',1),(31,'Project','include/Webservices/VtigerModuleOperation.php','VtigerModuleOperation',1),(32,'Assets','include/Webservices/VtigerModuleOperation.php','VtigerModuleOperation',1),(33,'LineItem','include/Webservices/LineItem/VtigerLineItemOperation.php','VtigerLineItemOperation',0),(34,'Tax','include/Webservices/LineItem/VtigerTaxOperation.php','VtigerTaxOperation',0),(35,'ProductTaxes','include/Webservices/LineItem/VtigerProductTaxesOperation.php','VtigerProductTaxesOperation',0),(36,'Blockplan','include/Webservices/VtigerModuleOperation.php','VtigerModuleOperation',1),(37,'BuildingPlan','include/Webservices/VtigerModuleOperation.php','VtigerModuleOperation',1),(38,'StreetLine','include/Webservices/VtigerModuleOperation.php','VtigerModuleOperation',1),(39,'Coc','include/Webservices/VtigerModuleOperation.php','VtigerModuleOperation',1),(40,'Resubmission','include/Webservices/VtigerModuleOperation.php','VtigerModuleOperation',1),(43,'NatureOfChanges','include/Webservices/VtigerModuleOperation.php','VtigerModuleOperation',1);
/*!40000 ALTER TABLE `vtiger_ws_entity` ENABLE KEYS */;
UNLOCK TABLES;

--
-- Table structure for table `vtiger_ws_entity_fieldtype`
--

DROP TABLE IF EXISTS `vtiger_ws_entity_fieldtype`;
/*!40101 SET @saved_cs_client     = @@character_set_client */;
/*!40101 SET character_set_client = utf8 */;
CREATE TABLE `vtiger_ws_entity_fieldtype` (
  `fieldtypeid` int(19) NOT NULL AUTO_INCREMENT,
  `table_name` varchar(50) NOT NULL,
  `field_name` varchar(50) NOT NULL,
  `fieldtype` varchar(200) NOT NULL,
  PRIMARY KEY (`fieldtypeid`),
  UNIQUE KEY `vtiger_idx_1_tablename_fieldname` (`table_name`,`field_name`)
) ENGINE=InnoDB AUTO_INCREMENT=11 DEFAULT CHARSET=latin1;
/*!40101 SET character_set_client = @saved_cs_client */;

--
-- Dumping data for table `vtiger_ws_entity_fieldtype`
--

LOCK TABLES `vtiger_ws_entity_fieldtype` WRITE;
/*!40000 ALTER TABLE `vtiger_ws_entity_fieldtype` DISABLE KEYS */;
INSERT INTO `vtiger_ws_entity_fieldtype` VALUES (1,'vtiger_attachmentsfolder','createdby','reference'),(2,'vtiger_organizationdetails','logoname','file'),(3,'vtiger_organizationdetails','phone','phone'),(4,'vtiger_organizationdetails','fax','phone'),(5,'vtiger_organizationdetails','website','url'),(6,'vtiger_inventoryproductrel','productid','reference'),(7,'vtiger_inventoryproductrel','id','reference'),(8,'vtiger_inventoryproductrel','incrementondel','autogenerated'),(9,'vtiger_producttaxrel','productid','reference'),(10,'vtiger_producttaxrel','taxid','reference');
/*!40000 ALTER TABLE `vtiger_ws_entity_fieldtype` ENABLE KEYS */;
UNLOCK TABLES;

--
-- Table structure for table `vtiger_ws_entity_fieldtype_seq`
--

DROP TABLE IF EXISTS `vtiger_ws_entity_fieldtype_seq`;
/*!40101 SET @saved_cs_client     = @@character_set_client */;
/*!40101 SET character_set_client = utf8 */;
CREATE TABLE `vtiger_ws_entity_fieldtype_seq` (
  `id` int(11) NOT NULL
) ENGINE=InnoDB DEFAULT CHARSET=latin1;
/*!40101 SET character_set_client = @saved_cs_client */;

--
-- Dumping data for table `vtiger_ws_entity_fieldtype_seq`
--

LOCK TABLES `vtiger_ws_entity_fieldtype_seq` WRITE;
/*!40000 ALTER TABLE `vtiger_ws_entity_fieldtype_seq` DISABLE KEYS */;
INSERT INTO `vtiger_ws_entity_fieldtype_seq` VALUES (10);
/*!40000 ALTER TABLE `vtiger_ws_entity_fieldtype_seq` ENABLE KEYS */;
UNLOCK TABLES;

--
-- Table structure for table `vtiger_ws_entity_name`
--

DROP TABLE IF EXISTS `vtiger_ws_entity_name`;
/*!40101 SET @saved_cs_client     = @@character_set_client */;
/*!40101 SET character_set_client = utf8 */;
CREATE TABLE `vtiger_ws_entity_name` (
  `entity_id` int(11) NOT NULL,
  `name_fields` varchar(50) NOT NULL,
  `index_field` varchar(50) NOT NULL,
  `table_name` varchar(50) NOT NULL,
  PRIMARY KEY (`entity_id`)
) ENGINE=InnoDB DEFAULT CHARSET=latin1;
/*!40101 SET character_set_client = @saved_cs_client */;

--
-- Dumping data for table `vtiger_ws_entity_name`
--

LOCK TABLES `vtiger_ws_entity_name` WRITE;
/*!40000 ALTER TABLE `vtiger_ws_entity_name` DISABLE KEYS */;
INSERT INTO `vtiger_ws_entity_name` VALUES (20,'groupname','groupid','vtiger_groups'),(21,'currency_name','id','vtiger_currency_info'),(22,'foldername','folderid','vtiger_attachmentsfolder'),(23,'organizationname','groupid','vtiger_organizationdetails'),(34,'taxlabel','taxid','vtiger_inventorytaxinfo');
/*!40000 ALTER TABLE `vtiger_ws_entity_name` ENABLE KEYS */;
UNLOCK TABLES;

--
-- Table structure for table `vtiger_ws_entity_referencetype`
--

DROP TABLE IF EXISTS `vtiger_ws_entity_referencetype`;
/*!40101 SET @saved_cs_client     = @@character_set_client */;
/*!40101 SET character_set_client = utf8 */;
CREATE TABLE `vtiger_ws_entity_referencetype` (
  `fieldtypeid` int(19) NOT NULL,
  `type` varchar(25) NOT NULL,
  PRIMARY KEY (`fieldtypeid`,`type`)
) ENGINE=InnoDB DEFAULT CHARSET=latin1;
/*!40101 SET character_set_client = @saved_cs_client */;

--
-- Dumping data for table `vtiger_ws_entity_referencetype`
--

LOCK TABLES `vtiger_ws_entity_referencetype` WRITE;
/*!40000 ALTER TABLE `vtiger_ws_entity_referencetype` DISABLE KEYS */;
INSERT INTO `vtiger_ws_entity_referencetype` VALUES (5,'Users'),(6,'Products'),(7,'Invoice'),(7,'PurchaseOrder'),(7,'Quotes'),(7,'SalesOrder'),(9,'Products'),(10,'Tax');
/*!40000 ALTER TABLE `vtiger_ws_entity_referencetype` ENABLE KEYS */;
UNLOCK TABLES;

--
-- Table structure for table `vtiger_ws_entity_seq`
--

DROP TABLE IF EXISTS `vtiger_ws_entity_seq`;
/*!40101 SET @saved_cs_client     = @@character_set_client */;
/*!40101 SET character_set_client = utf8 */;
CREATE TABLE `vtiger_ws_entity_seq` (
  `id` int(11) NOT NULL
) ENGINE=InnoDB DEFAULT CHARSET=latin1;
/*!40101 SET character_set_client = @saved_cs_client */;

--
-- Dumping data for table `vtiger_ws_entity_seq`
--

LOCK TABLES `vtiger_ws_entity_seq` WRITE;
/*!40000 ALTER TABLE `vtiger_ws_entity_seq` DISABLE KEYS */;
INSERT INTO `vtiger_ws_entity_seq` VALUES (47);
/*!40000 ALTER TABLE `vtiger_ws_entity_seq` ENABLE KEYS */;
UNLOCK TABLES;

--
-- Table structure for table `vtiger_ws_entity_tables`
--

DROP TABLE IF EXISTS `vtiger_ws_entity_tables`;
/*!40101 SET @saved_cs_client     = @@character_set_client */;
/*!40101 SET character_set_client = utf8 */;
CREATE TABLE `vtiger_ws_entity_tables` (
  `webservice_entity_id` int(11) NOT NULL,
  `table_name` varchar(50) NOT NULL,
  PRIMARY KEY (`webservice_entity_id`,`table_name`)
) ENGINE=InnoDB DEFAULT CHARSET=latin1;
/*!40101 SET character_set_client = @saved_cs_client */;

--
-- Dumping data for table `vtiger_ws_entity_tables`
--

LOCK TABLES `vtiger_ws_entity_tables` WRITE;
/*!40000 ALTER TABLE `vtiger_ws_entity_tables` DISABLE KEYS */;
INSERT INTO `vtiger_ws_entity_tables` VALUES (20,'vtiger_groups'),(21,'vtiger_currency_info'),(22,'vtiger_attachmentsfolder'),(23,'vtiger_organizationdetails'),(33,'vtiger_inventoryproductrel'),(34,'vtiger_inventorytaxinfo'),(35,'vtiger_producttaxrel');
/*!40000 ALTER TABLE `vtiger_ws_entity_tables` ENABLE KEYS */;
UNLOCK TABLES;

--
-- Table structure for table `vtiger_ws_fieldinfo`
--

DROP TABLE IF EXISTS `vtiger_ws_fieldinfo`;
/*!40101 SET @saved_cs_client     = @@character_set_client */;
/*!40101 SET character_set_client = utf8 */;
CREATE TABLE `vtiger_ws_fieldinfo` (
  `id` varchar(64) NOT NULL,
  `property_name` varchar(32) DEFAULT NULL,
  `property_value` varchar(64) DEFAULT NULL,
  PRIMARY KEY (`id`)
) ENGINE=InnoDB DEFAULT CHARSET=latin1;
/*!40101 SET character_set_client = @saved_cs_client */;

--
-- Dumping data for table `vtiger_ws_fieldinfo`
--

LOCK TABLES `vtiger_ws_fieldinfo` WRITE;
/*!40000 ALTER TABLE `vtiger_ws_fieldinfo` DISABLE KEYS */;
INSERT INTO `vtiger_ws_fieldinfo` VALUES ('vtiger_organizationdetails.organization_id','upload.path','1');
/*!40000 ALTER TABLE `vtiger_ws_fieldinfo` ENABLE KEYS */;
UNLOCK TABLES;

--
-- Table structure for table `vtiger_ws_fieldtype`
--

DROP TABLE IF EXISTS `vtiger_ws_fieldtype`;
/*!40101 SET @saved_cs_client     = @@character_set_client */;
/*!40101 SET character_set_client = utf8 */;
CREATE TABLE `vtiger_ws_fieldtype` (
  `fieldtypeid` int(19) NOT NULL AUTO_INCREMENT,
  `uitype` varchar(30) NOT NULL,
  `fieldtype` varchar(200) NOT NULL,
  PRIMARY KEY (`fieldtypeid`),
  UNIQUE KEY `uitype_idx` (`uitype`)
) ENGINE=InnoDB AUTO_INCREMENT=41 DEFAULT CHARSET=latin1;
/*!40101 SET character_set_client = @saved_cs_client */;

--
-- Dumping data for table `vtiger_ws_fieldtype`
--

LOCK TABLES `vtiger_ws_fieldtype` WRITE;
/*!40000 ALTER TABLE `vtiger_ws_fieldtype` DISABLE KEYS */;
INSERT INTO `vtiger_ws_fieldtype` VALUES (1,'15','picklist'),(2,'16','picklist'),(3,'19','text'),(4,'20','text'),(5,'21','text'),(6,'24','text'),(7,'3','autogenerated'),(8,'11','phone'),(9,'33','multipicklist'),(10,'17','url'),(11,'85','skype'),(12,'56','boolean'),(13,'156','boolean'),(14,'53','owner'),(15,'61','file'),(16,'28','file'),(17,'13','email'),(18,'71','currency'),(19,'72','currency'),(20,'50','reference'),(21,'51','reference'),(22,'57','reference'),(23,'58','reference'),(24,'73','reference'),(25,'75','reference'),(26,'76','reference'),(27,'78','reference'),(28,'80','reference'),(29,'81','reference'),(30,'101','reference'),(31,'52','reference'),(32,'357','reference'),(33,'59','reference'),(34,'66','reference'),(35,'77','reference'),(36,'68','reference'),(37,'117','reference'),(38,'26','reference'),(39,'10','reference'),(40,'999','doublefield');
/*!40000 ALTER TABLE `vtiger_ws_fieldtype` ENABLE KEYS */;
UNLOCK TABLES;

--
-- Table structure for table `vtiger_ws_operation`
--

DROP TABLE IF EXISTS `vtiger_ws_operation`;
/*!40101 SET @saved_cs_client     = @@character_set_client */;
/*!40101 SET character_set_client = utf8 */;
CREATE TABLE `vtiger_ws_operation` (
  `operationid` int(11) NOT NULL AUTO_INCREMENT,
  `name` varchar(128) NOT NULL,
  `handler_path` varchar(255) NOT NULL,
  `handler_method` varchar(64) NOT NULL,
  `type` varchar(8) NOT NULL,
  `prelogin` int(3) NOT NULL,
  PRIMARY KEY (`operationid`)
) ENGINE=InnoDB AUTO_INCREMENT=34 DEFAULT CHARSET=latin1;
/*!40101 SET character_set_client = @saved_cs_client */;

--
-- Dumping data for table `vtiger_ws_operation`
--

LOCK TABLES `vtiger_ws_operation` WRITE;
/*!40000 ALTER TABLE `vtiger_ws_operation` DISABLE KEYS */;
INSERT INTO `vtiger_ws_operation` VALUES (1,'login','include/Webservices/Login.php','vtws_login','POST',1),(2,'retrieve','include/Webservices/Retrieve.php','vtws_retrieve','GET',0),(3,'create','include/Webservices/Create.php','vtws_create','POST',0),(4,'update','include/Webservices/Update.php','vtws_update','POST',0),(5,'delete','include/Webservices/Delete.php','vtws_delete','POST',0),(6,'sync','include/Webservices/GetUpdates.php','vtws_sync','GET',0),(7,'query','include/Webservices/Query.php','vtws_query','GET',0),(8,'logout','include/Webservices/Logout.php','vtws_logout','POST',0),(9,'listtypes','include/Webservices/ModuleTypes.php','vtws_listtypes','GET',0),(10,'getchallenge','include/Webservices/AuthToken.php','vtws_getchallenge','GET',1),(11,'describe','include/Webservices/DescribeObject.php','vtws_describe','GET',0),(12,'extendsession','include/Webservices/ExtendSession.php','vtws_extendSession','POST',1),(13,'convertlead','include/Webservices/ConvertLead.php','vtws_convertlead','POST',0),(14,'revise','include/Webservices/Revise.php','vtws_revise','POST',0),(15,'changePassword','include/Webservices/ChangePassword.php','vtws_changePassword','POST',0),(16,'deleteUser','include/Webservices/DeleteUser.php','vtws_deleteUser','POST',0),(17,'mobile.fetchallalerts','modules/Mobile/api/wsapi.php','mobile_ws_fetchAllAlerts','POST',0),(18,'mobile.alertdetailswithmessage','modules/Mobile/api/wsapi.php','mobile_ws_alertDetailsWithMessage','POST',0),(19,'mobile.fetchmodulefilters','modules/Mobile/api/wsapi.php','mobile_ws_fetchModuleFilters','POST',0),(20,'mobile.fetchrecord','modules/Mobile/api/wsapi.php','mobile_ws_fetchRecord','POST',0),(21,'mobile.fetchrecordwithgrouping','modules/Mobile/api/wsapi.php','mobile_ws_fetchRecordWithGrouping','POST',0),(22,'mobile.filterdetailswithcount','modules/Mobile/api/wsapi.php','mobile_ws_filterDetailsWithCount','POST',0),(23,'mobile.listmodulerecords','modules/Mobile/api/wsapi.php','mobile_ws_listModuleRecords','POST',0),(24,'mobile.saverecord','modules/Mobile/api/wsapi.php','mobile_ws_saveRecord','POST',0),(25,'mobile.syncModuleRecords','modules/Mobile/api/wsapi.php','mobile_ws_syncModuleRecords','POST',0),(26,'mobile.query','modules/Mobile/api/wsapi.php','mobile_ws_query','POST',0),(27,'mobile.querywithgrouping','modules/Mobile/api/wsapi.php','mobile_ws_queryWithGrouping','POST',0),(28,'wsapp_register','modules/WSAPP/api/ws/Register.php','wsapp_register','POST',0),(29,'wsapp_deregister','modules/WSAPP/api/ws/DeRegister.php','wsapp_deregister','POST',0),(30,'wsapp_get','modules/WSAPP/api/ws/Get.php','wsapp_get','POST',0),(31,'wsapp_put','modules/WSAPP/api/ws/Put.php','wsapp_put','POST',0),(32,'wsapp_map','modules/WSAPP/api/ws/Map.php','wsapp_map','POST',0),(33,'retrieve_inventory','include/Webservices/LineItem/RetrieveInventory.php','vtws_retrieve_inventory','GET',0);
/*!40000 ALTER TABLE `vtiger_ws_operation` ENABLE KEYS */;
UNLOCK TABLES;

--
-- Table structure for table `vtiger_ws_operation_parameters`
--

DROP TABLE IF EXISTS `vtiger_ws_operation_parameters`;
/*!40101 SET @saved_cs_client     = @@character_set_client */;
/*!40101 SET character_set_client = utf8 */;
CREATE TABLE `vtiger_ws_operation_parameters` (
  `operationid` int(11) NOT NULL AUTO_INCREMENT,
  `name` varchar(128) NOT NULL,
  `type` varchar(64) NOT NULL,
  `sequence` int(11) NOT NULL,
  PRIMARY KEY (`operationid`,`name`)
) ENGINE=InnoDB AUTO_INCREMENT=34 DEFAULT CHARSET=latin1;
/*!40101 SET character_set_client = @saved_cs_client */;

--
-- Dumping data for table `vtiger_ws_operation_parameters`
--

LOCK TABLES `vtiger_ws_operation_parameters` WRITE;
/*!40000 ALTER TABLE `vtiger_ws_operation_parameters` DISABLE KEYS */;
INSERT INTO `vtiger_ws_operation_parameters` VALUES (1,'accessKey','String',2),(1,'username','String',1),(2,'id','String',1),(3,'element','encoded',2),(3,'elementType','String',1),(4,'element','encoded',1),(5,'id','String',1),(6,'elementType','String',2),(6,'modifiedTime','DateTime',1),(7,'query','String',1),(8,'sessionName','String',1),(9,'fieldTypeList','encoded',1),(10,'username','String',1),(11,'elementType','String',1),(13,'accountName','String',3),(13,'assignedTo','String',2),(13,'avoidPotential','Boolean',4),(13,'leadId','String',1),(13,'potential','Encoded',5),(14,'element','Encoded',1),(15,'confirmPassword','String',4),(15,'id','String',1),(15,'newPassword','String',3),(15,'oldPassword','String',2),(16,'id','String',1),(16,'newOwnerId','String',2),(18,'alertid','string',1),(19,'module','string',1),(20,'record','string',1),(21,'record','string',1),(22,'filterid','string',1),(23,'elements','encoded',1),(24,'module','string',1),(24,'record','string',2),(24,'values','encoded',3),(25,'module','string',1),(25,'page','string',3),(25,'syncToken','string',2),(26,'module','string',1),(26,'page','string',3),(26,'query','string',2),(27,'module','string',1),(27,'page','string',3),(27,'query','string',2),(28,'synctype','string',2),(28,'type','string',1),(29,'key','string',2),(29,'type','string',1),(30,'key','string',1),(30,'module','string',2),(30,'token','string',3),(31,'element','encoded',2),(31,'key','string',1),(32,'element','encoded',2),(32,'key','string',1),(33,'id','String',1);
/*!40000 ALTER TABLE `vtiger_ws_operation_parameters` ENABLE KEYS */;
UNLOCK TABLES;

--
-- Table structure for table `vtiger_ws_operation_seq`
--

DROP TABLE IF EXISTS `vtiger_ws_operation_seq`;
/*!40101 SET @saved_cs_client     = @@character_set_client */;
/*!40101 SET character_set_client = utf8 */;
CREATE TABLE `vtiger_ws_operation_seq` (
  `id` int(11) NOT NULL
) ENGINE=InnoDB DEFAULT CHARSET=latin1;
/*!40101 SET character_set_client = @saved_cs_client */;

--
-- Dumping data for table `vtiger_ws_operation_seq`
--

LOCK TABLES `vtiger_ws_operation_seq` WRITE;
/*!40000 ALTER TABLE `vtiger_ws_operation_seq` DISABLE KEYS */;
INSERT INTO `vtiger_ws_operation_seq` VALUES (33);
/*!40000 ALTER TABLE `vtiger_ws_operation_seq` ENABLE KEYS */;
UNLOCK TABLES;

--
-- Table structure for table `vtiger_ws_referencetype`
--

DROP TABLE IF EXISTS `vtiger_ws_referencetype`;
/*!40101 SET @saved_cs_client     = @@character_set_client */;
/*!40101 SET character_set_client = utf8 */;
CREATE TABLE `vtiger_ws_referencetype` (
  `fieldtypeid` int(19) NOT NULL,
  `type` varchar(25) NOT NULL,
  PRIMARY KEY (`fieldtypeid`,`type`)
) ENGINE=InnoDB DEFAULT CHARSET=latin1;
/*!40101 SET character_set_client = @saved_cs_client */;

--
-- Dumping data for table `vtiger_ws_referencetype`
--

LOCK TABLES `vtiger_ws_referencetype` WRITE;
/*!40000 ALTER TABLE `vtiger_ws_referencetype` DISABLE KEYS */;
INSERT INTO `vtiger_ws_referencetype` VALUES (20,'Accounts'),(21,'Accounts'),(22,'Contacts'),(23,'Campaigns'),(24,'Accounts'),(25,'Vendors'),(26,'Potentials'),(27,'Quotes'),(28,'SalesOrder'),(29,'Vendors'),(30,'Users'),(31,'Campaigns'),(31,'Users'),(32,'Accounts'),(32,'Contacts'),(32,'Leads'),(32,'Users'),(32,'Vendors'),(33,'Products'),(34,'Accounts'),(34,'Campaigns'),(34,'HelpDesk'),(34,'Leads'),(34,'Potentials'),(35,'Users'),(36,'Accounts'),(36,'Contacts'),(37,'Currency'),(38,'DocumentFolders');
/*!40000 ALTER TABLE `vtiger_ws_referencetype` ENABLE KEYS */;
UNLOCK TABLES;

--
-- Table structure for table `vtiger_ws_userauthtoken`
--

DROP TABLE IF EXISTS `vtiger_ws_userauthtoken`;
/*!40101 SET @saved_cs_client     = @@character_set_client */;
/*!40101 SET character_set_client = utf8 */;
CREATE TABLE `vtiger_ws_userauthtoken` (
  `userid` int(19) NOT NULL,
  `token` varchar(36) NOT NULL,
  `expiretime` int(19) NOT NULL,
  PRIMARY KEY (`userid`,`expiretime`),
  UNIQUE KEY `userid_idx` (`userid`)
) ENGINE=InnoDB DEFAULT CHARSET=latin1;
/*!40101 SET character_set_client = @saved_cs_client */;

--
-- Dumping data for table `vtiger_ws_userauthtoken`
--

LOCK TABLES `vtiger_ws_userauthtoken` WRITE;
/*!40000 ALTER TABLE `vtiger_ws_userauthtoken` DISABLE KEYS */;
/*!40000 ALTER TABLE `vtiger_ws_userauthtoken` ENABLE KEYS */;
UNLOCK TABLES;

--
-- Table structure for table `vtiger_wsapp`
--

DROP TABLE IF EXISTS `vtiger_wsapp`;
/*!40101 SET @saved_cs_client     = @@character_set_client */;
/*!40101 SET character_set_client = utf8 */;
CREATE TABLE `vtiger_wsapp` (
  `appid` int(11) NOT NULL AUTO_INCREMENT,
  `name` varchar(200) NOT NULL,
  `appkey` varchar(255) DEFAULT NULL,
  `type` varchar(100) DEFAULT NULL,
  PRIMARY KEY (`appid`)
) ENGINE=InnoDB AUTO_INCREMENT=2 DEFAULT CHARSET=utf8;
/*!40101 SET character_set_client = @saved_cs_client */;

--
-- Dumping data for table `vtiger_wsapp`
--

LOCK TABLES `vtiger_wsapp` WRITE;
/*!40000 ALTER TABLE `vtiger_wsapp` DISABLE KEYS */;
INSERT INTO `vtiger_wsapp` VALUES (1,'vtigerCRM','58aac842b8980','user');
/*!40000 ALTER TABLE `vtiger_wsapp` ENABLE KEYS */;
UNLOCK TABLES;

--
-- Table structure for table `vtiger_wsapp_handlerdetails`
--

DROP TABLE IF EXISTS `vtiger_wsapp_handlerdetails`;
/*!40101 SET @saved_cs_client     = @@character_set_client */;
/*!40101 SET character_set_client = utf8 */;
CREATE TABLE `vtiger_wsapp_handlerdetails` (
  `type` varchar(200) NOT NULL,
  `handlerclass` varchar(100) DEFAULT NULL,
  `handlerpath` varchar(300) DEFAULT NULL
) ENGINE=InnoDB DEFAULT CHARSET=utf8;
/*!40101 SET character_set_client = @saved_cs_client */;

--
-- Dumping data for table `vtiger_wsapp_handlerdetails`
--

LOCK TABLES `vtiger_wsapp_handlerdetails` WRITE;
/*!40000 ALTER TABLE `vtiger_wsapp_handlerdetails` DISABLE KEYS */;
INSERT INTO `vtiger_wsapp_handlerdetails` VALUES ('Outlook','OutlookHandler','modules/WSAPP/Handlers/OutlookHandler.php'),('vtigerCRM','vtigerCRMHandler','modules/WSAPP/Handlers/vtigerCRMHandler.php'),('vtigerSyncLib','WSAPP_VtigerSyncEventHandler','modules/WSAPP/synclib/handlers/VtigerSyncEventHandler.php'),('Google_vtigerHandler','Google_Vtiger_Handler','modules/Google/handlers/Vtiger.php'),('Google_vtigerSyncHandler','Google_VtigerSync_Handler','modules/Google/handlers/VtigerSync.php');
/*!40000 ALTER TABLE `vtiger_wsapp_handlerdetails` ENABLE KEYS */;
UNLOCK TABLES;

--
-- Table structure for table `vtiger_wsapp_queuerecords`
--

DROP TABLE IF EXISTS `vtiger_wsapp_queuerecords`;
/*!40101 SET @saved_cs_client     = @@character_set_client */;
/*!40101 SET character_set_client = utf8 */;
CREATE TABLE `vtiger_wsapp_queuerecords` (
  `syncserverid` int(19) DEFAULT NULL,
  `details` varchar(300) DEFAULT NULL,
  `flag` varchar(100) DEFAULT NULL,
  `appid` int(19) DEFAULT NULL
) ENGINE=InnoDB DEFAULT CHARSET=utf8;
/*!40101 SET character_set_client = @saved_cs_client */;

--
-- Dumping data for table `vtiger_wsapp_queuerecords`
--

LOCK TABLES `vtiger_wsapp_queuerecords` WRITE;
/*!40000 ALTER TABLE `vtiger_wsapp_queuerecords` DISABLE KEYS */;
/*!40000 ALTER TABLE `vtiger_wsapp_queuerecords` ENABLE KEYS */;
UNLOCK TABLES;

--
-- Table structure for table `vtiger_wsapp_recordmapping`
--

DROP TABLE IF EXISTS `vtiger_wsapp_recordmapping`;
/*!40101 SET @saved_cs_client     = @@character_set_client */;
/*!40101 SET character_set_client = utf8 */;
CREATE TABLE `vtiger_wsapp_recordmapping` (
  `id` int(19) NOT NULL AUTO_INCREMENT,
  `serverid` varchar(10) DEFAULT NULL,
  `clientid` varchar(255) DEFAULT NULL,
  `clientmodifiedtime` datetime DEFAULT NULL,
  `appid` int(11) DEFAULT NULL,
  `servermodifiedtime` datetime DEFAULT NULL,
  `serverappid` int(11) DEFAULT NULL,
  PRIMARY KEY (`id`)
) ENGINE=InnoDB DEFAULT CHARSET=utf8;
/*!40101 SET character_set_client = @saved_cs_client */;

--
-- Dumping data for table `vtiger_wsapp_recordmapping`
--

LOCK TABLES `vtiger_wsapp_recordmapping` WRITE;
/*!40000 ALTER TABLE `vtiger_wsapp_recordmapping` DISABLE KEYS */;
/*!40000 ALTER TABLE `vtiger_wsapp_recordmapping` ENABLE KEYS */;
UNLOCK TABLES;

--
-- Table structure for table `vtiger_wsapp_sync_state`
--

DROP TABLE IF EXISTS `vtiger_wsapp_sync_state`;
/*!40101 SET @saved_cs_client     = @@character_set_client */;
/*!40101 SET character_set_client = utf8 */;
CREATE TABLE `vtiger_wsapp_sync_state` (
  `id` int(19) NOT NULL AUTO_INCREMENT,
  `name` varchar(200) DEFAULT NULL,
  `stateencodedvalues` varchar(300) NOT NULL,
  `userid` int(19) DEFAULT NULL,
  PRIMARY KEY (`id`)
) ENGINE=InnoDB DEFAULT CHARSET=utf8;
/*!40101 SET character_set_client = @saved_cs_client */;

--
-- Dumping data for table `vtiger_wsapp_sync_state`
--

LOCK TABLES `vtiger_wsapp_sync_state` WRITE;
/*!40000 ALTER TABLE `vtiger_wsapp_sync_state` DISABLE KEYS */;
/*!40000 ALTER TABLE `vtiger_wsapp_sync_state` ENABLE KEYS */;
UNLOCK TABLES;
/*!40103 SET TIME_ZONE=@OLD_TIME_ZONE */;

/*!40101 SET SQL_MODE=@OLD_SQL_MODE */;
/*!40014 SET FOREIGN_KEY_CHECKS=@OLD_FOREIGN_KEY_CHECKS */;
/*!40014 SET UNIQUE_CHECKS=@OLD_UNIQUE_CHECKS */;
/*!40101 SET CHARACTER_SET_CLIENT=@OLD_CHARACTER_SET_CLIENT */;
/*!40101 SET CHARACTER_SET_RESULTS=@OLD_CHARACTER_SET_RESULTS */;
/*!40101 SET COLLATION_CONNECTION=@OLD_COLLATION_CONNECTION */;
/*!40111 SET SQL_NOTES=@OLD_SQL_NOTES */;

-- Dump completed on 2018-06-01 15:14:17
